path_id,t,sp500,DGS10
0,0,-0.018129990329270124,0.01
0,1,-0.007408251624164899,0.07
0,2,0.009644071197716908,-0.08
0,3,-0.0033006425814989665,-0.01
0,4,0.003040142575653723,0.01
0,5,-0.008424788211069208,-0.07
0,6,0.0085625292537553,-0.01
0,7,0.01026263510093893,-0.03
0,8,-0.015707960227689124,-0.01
0,9,0.007205811773402756,0.06
0,10,0.015253451150683576,-0.04
0,11,-0.0021721028913646028,0.03
0,12,0.0034808300110634165,0.02
0,13,0.008060943923007605,0.03
0,14,0.0018905263782256826,-0.08
0,15,0.009642814757023513,0.09
0,16,0.00032135721611728605,0.07
0,17,-0.010920157025765029,-0.01
0,18,-0.007858629844180563,0.0
0,19,0.009228830144978446,-0.15
0,20,-0.010241994070722125,0.0
0,21,-0.01066212027078709,0.03
0,22,0.006783469150400167,-0.0
0,23,-0.014903617509668957,0.0
0,24,-0.002140311935129982,-0.02
0,25,-0.020475674228391083,0.02
0,26,0.007635927453813595,-0.0
0,27,0.0050282557277490396,-0.04
0,28,0.00042343530958254824,-0.02
0,29,0.009698921701570624,-0.03
0,30,0.007264513421666304,-0.04
0,31,0.01122932234465679,0.06
0,32,0.002264414183582681,-0.04
0,33,-0.006612843546824839,-0.12
0,34,-0.008545224812737116,-0.05
0,35,0.008030969284284437,0.03
0,36,0.01337700769770523,-0.01
0,37,-0.00492624328369021,0.03
0,38,-0.0027869751782665366,0.02
0,39,0.011037156730739002,-0.02
0,40,-0.00297651622867961,-0.03
0,41,0.005204190087270498,0.01
0,42,-0.00097940406403824,-0.01
0,43,0.005236871925727093,-0.05
0,44,0.001495472257956131,0.0
0,45,-0.0012783496072096222,-0.0
0,46,0.004886184860241783,0.05
0,47,-0.002906668775728666,0.03
0,48,-0.0046040820728985195,-0.0
0,49,0.010101170702120348,-0.08
0,50,0.002045230487670719,-0.05
0,51,-0.009067400909487024,0.01
0,52,-0.009348851632554174,0.03
0,53,0.006948577304314803,0.04
0,54,-0.005359025918695592,-0.03
0,55,-0.003348804582216318,0.04
0,56,-0.004621592692794511,0.01
0,57,0.0020034708400116837,-0.04
0,58,-0.002422229472958363,0.05
0,59,-0.0102972865454807,0.05
0,60,-0.014429391171090851,0.04
0,61,0.010575339954756641,-0.02
0,62,-0.005735440426593932,0.05
0,63,-0.0016120674615317924,-0.03
0,64,-0.0004140387070498238,-0.03
0,65,-0.006629797750205669,-0.01
0,66,-0.008119583748202718,-0.03
0,67,-0.0005326270471118312,0.02
0,68,0.021960940640226807,-0.01
0,69,-0.014825901480270702,-0.02
0,70,-0.0003787440129774829,0.03
0,71,-0.006831102023284881,0.04
0,72,0.005513525315203937,0.03
0,73,0.0011810871969741804,-0.03
0,74,-0.018984157572443115,-0.05
0,75,-0.016004437929864845,-0.03
0,76,-0.02545594247233163,-0.04
0,77,0.03333792065517931,0.0
0,78,0.0003762318331182436,0.01
0,79,-0.017856412360481747,-0.06
0,80,-0.0058528269767397076,-0.02
0,81,0.03450764739139558,0.0
0,82,0.005841886653031197,-0.02
0,83,-0.0007816749643563623,-0.05
0,84,0.0016539796767870607,0.04
0,85,-0.023958751041175185,0.04
0,86,-0.0004913595870552895,0.02
0,87,0.011201788324709677,0.03
0,88,0.013837217389589379,0.02
0,89,0.02185464671561652,0.03
0,90,-0.0056544943256083505,-0.03
0,91,0.00486819563920921,-0.0
0,92,-0.0011901794553262862,0.09
0,93,0.003643591531734045,0.04
0,94,-0.001496877948580549,0.09
0,95,0.003933086283281012,0.04
0,96,-0.00010414847471194122,0.0
0,97,-0.015724316701274034,-0.0
0,98,-0.006434110814301894,-0.05
0,99,-0.024323115832407177,-0.0
0,100,-0.010774459640793616,-0.05
0,101,0.02335901005326036,-0.01
0,102,0.004853459803393541,-0.04
0,103,-0.012505480941294111,-0.04
0,104,-0.003468237910261982,0.03
0,105,-0.01847655577714573,-0.03
0,106,0.0037338997964064292,-0.01
0,107,-0.018445724064716,-0.05
0,108,0.014764423454583899,0.01
0,109,0.00534219109355448,0.01
0,110,-0.009196811865258102,-0.05
0,111,0.004321433052166411,-0.04
0,112,-0.01993788868071714,-0.07
0,113,0.00020055438221156752,0.04
0,114,0.0076338949078839004,0.01
0,115,0.03900724023425961,-0.1
0,116,-0.018090128302051256,-0.11
0,117,-0.0060279293645764094,-0.0
0,118,0.01950029502398684,0.03
0,119,0.007557322364039997,0.02
0,120,-0.006646423958330619,-0.01
0,121,-0.00811572691735254,-0.07
0,122,-0.01412972526836224,-0.06
0,123,-0.021399957148035116,-0.03
0,124,0.008048099415929186,-0.03
0,125,-0.012960196444626322,0.02
0,126,-0.03144440492202016,-0.11
0,127,0.007817344116442759,-0.05
0,128,0.024303359734194743,-0.01
0,129,0.007190120121191745,0.02
0,130,0.010410129364154967,0.07
0,131,0.0038862397968079027,0.02
0,132,-0.010315571074633392,-0.01
0,133,-0.027936802043653782,-0.2
0,134,0.05008284611204949,0.22
0,135,-0.010635772617582003,-0.11
0,136,-0.025994961961503023,-0.1
0,137,-0.0018918917332603814,0.01
0,138,0.003794004905058232,0.04
0,139,0.009794865252791555,0.12
0,140,0.010312732182584371,0.04
0,141,-0.005981574234904969,0.11
0,142,0.006094663359747294,-0.01
0,143,0.0020538172294424437,-0.05
0,144,0.014234792076781846,-0.07
0,145,-0.0036782047102136197,0.07
0,146,0.0003271475340561051,0.06
0,147,0.013141876631668228,0.05
0,148,0.0030904170899785097,0.03
0,149,-0.004835735440997591,-0.04
0,150,-0.0018415811213525514,-0.0
0,151,0.0068526549071095295,0.03
0,152,0.007268648502545434,-0.08
0,153,-0.005281672179411288,-0.05
0,154,0.005499117688115667,-0.09
0,155,-0.017433038538798653,0.07
0,156,0.0036879033341168876,0.01
0,157,-0.001540828027954227,0.04
0,158,-0.008403897073073444,-0.12
0,159,-0.006021967159254525,-0.0
0,160,-0.013234038054621382,-0.07
0,161,0.011882795920648188,0.02
0,162,-0.00860167405212796,0.02
0,163,-0.0020518326198555245,0.06
0,164,0.008110701062058264,0.06
0,165,-0.018986654929117282,-0.08
0,166,-0.017407833942129518,-0.0
0,167,-0.018358105363509444,0.03
0,168,-0.0020241741324372583,0.01
0,169,-0.005459824006828262,-0.05
0,170,0.017637083075714342,-0.05
0,171,-0.01405808507828633,-0.04
0,172,0.0011161755881136774,-0.05
0,173,-0.0054811391416533075,0.08
0,174,0.006059174479244377,0.03
0,175,0.010062803382744916,0.01
0,176,0.006441476240775103,-0.07
0,177,0.002238018978323823,-0.03
0,178,-0.024647247147312135,0.06
0,179,-0.043058768502524054,-0.03
0,180,0.01484709796856061,0.03
0,181,-0.025677069324886226,-0.11
0,182,0.005953375825844686,-0.03
0,183,-0.019547386612713817,-0.03
0,184,0.017631279334337693,0.04
0,185,-0.02393768468845176,-0.04
0,186,-0.01805293524376373,-0.01
0,187,-0.00404002650115712,-0.04
0,188,0.019941488019112392,0.07
0,189,0.011257192699581491,0.05
0,190,0.025714486619989863,0.15
0,191,-0.024125810191301274,-0.03
0,192,-0.004539435574384654,0.01
0,193,0.011241337010502426,-0.05
0,194,-0.01226195599121567,0.05
0,195,-0.03428011365787168,-0.04
0,196,-0.002951575471138738,0.0
0,197,0.0436831564443985,0.04
0,198,-0.019836930348782752,-0.09
0,199,0.008192364984526093,0.04
0,200,0.027119308693085105,0.16
0,201,-0.0019489587972203446,0.03
0,202,0.015326335931346627,0.05
0,203,-0.0031306961444250553,0.11
0,204,0.010202488733867456,-0.07
0,205,0.03871116786607172,-0.07
0,206,0.012438867790661433,0.13
0,207,-0.00838982285324652,0.02
0,208,-0.015157381910022503,-0.09
0,209,-0.012286912162270644,0.02
0,210,0.015884214149523793,0.06
0,211,0.004766311884285505,-0.08
0,212,0.015048093366890712,0.14
0,213,-0.0027508506954420447,0.01
0,214,0.013682207864964989,-0.05
0,215,0.0008813276370792665,0.01
0,216,-0.014845409172194773,-0.09
0,217,0.014780046897717187,-0.01
0,218,-0.0023199861403259926,-0.0
0,219,-0.0019031569932622097,0.03
0,220,-0.004314636151787984,-0.04
0,221,-0.00014180452569855092,0.11
0,222,-0.007582810852073414,0.2
0,223,0.0025262113620885132,-0.05
0,224,0.0003801224144164487,0.04
0,225,0.02847273523512808,-0.02
0,226,0.002575717514188686,-0.02
0,227,0.0027231024468712755,-0.05
0,228,0.016287826359258364,-0.0
0,229,-0.0025117160993695185,0.01
0,230,-0.015541146859122789,-0.01
0,231,0.0031573046506514144,0.11
0,232,-0.011664346414899896,-0.0
0,233,-0.0076288189297049145,0.02
0,234,-0.015545246991869429,-0.0
0,235,0.006221969609382823,-0.11
0,236,0.003918033622272111,-0.04
0,237,0.005127520007671054,-0.04
0,238,0.012959357711723737,-0.06
0,239,-0.010628241071567675,-0.02
0,240,0.005507081761601614,0.06
0,241,-0.00949445488405406,0.05
0,242,-0.008250232487994384,-0.06
0,243,0.0012075501884868253,-0.05
0,244,-0.011273670587997097,0.01
0,245,-0.017300742655764326,-0.02
0,246,-0.004546411754806596,0.01
0,247,-0.0045652567858632444,-0.0
0,248,0.0034405865542983813,-0.01
0,249,0.008812139052043592,-0.02
0,250,0.011485316796187155,-0.02
0,251,-0.009393904247484982,-0.08
0,252,-0.0055585896241357085,0.02
0,253,-0.00142552611417605,0.08
0,254,-0.004647502219863638,0.02
0,255,0.012316237757073616,0.09
0,256,-0.0015361189127996095,0.07
0,257,0.010093025649821324,-0.05
0,258,-0.001706709974381137,0.04
0,259,-0.01233570057827608,0.03
0,260,-0.023473721655724984,-0.03
0,261,0.006900969996026721,-0.04
0,262,-0.014303239786565225,-0.05
0,263,-0.0010428953617763249,-0.01
0,264,0.023719499175386894,-0.04
0,265,0.00623615978017545,0.0
0,266,-0.010951754726008801,-0.06
0,267,0.009835686454767302,0.01
0,268,-0.005395703388701138,-0.1
0,269,0.006022586309977831,0.01
0,270,-0.003548734248981284,0.02
0,271,-0.01649832055177047,-0.02
0,272,-0.016488063047762493,0.0
0,273,0.01616583451105714,0.07
0,274,0.010317012962678942,-0.01
0,275,0.002464007665696296,-0.06
0,276,-0.00106094866804653,-0.02
0,277,0.005589436046628488,-0.04
0,278,0.0038644693760347243,0.04
0,279,0.004024676527633087,0.06
0,280,-0.005312749371210168,0.03
0,281,-0.01127939781158604,-0.01
0,282,0.003366301734197224,0.01
0,283,-0.017067863979060047,-0.21
0,284,-0.000143864150767477,0.05
0,285,0.005690912040408778,-0.05
0,286,0.0008743910642227184,-0.02
0,287,-0.003852638407480849,0.0
0,288,-0.007247996163828544,0.03
0,289,0.00306507323250011,-0.05
0,290,-0.01624338998904357,-0.11
0,291,0.008166907844303312,0.07
0,292,-0.012066079327076892,-0.04
0,293,0.0069722367603760665,0.04
0,294,-0.0029068963200703465,-0.02
0,295,0.019538835483207985,0.04
0,296,-0.0046467376038018815,0.01
0,297,-0.015070730384163419,-0.09
0,298,-0.01119786410082336,-0.07
0,299,-0.017035745814265462,0.01
0,300,0.003982893312961144,0.06
0,301,-0.0002481390202507694,0.14
0,302,-0.001045196674255905,-0.02
0,303,-0.022474778903282224,-0.11
0,304,-0.018628522681808826,-0.06
0,305,0.0063991061152841155,0.04
0,306,-0.049075779984368705,-0.21
0,307,-0.0057097146349964845,0.09
0,308,-0.01596378323452852,-0.03
0,309,-0.030962954724651628,0.06
0,310,-0.01888206811193546,-0.05
0,311,0.039131287363569675,0.03
0,312,0.00863524941426372,-0.01
0,313,-0.005200337457579389,-0.07
0,314,0.011503635880736864,-0.07
0,315,0.02192668298066415,0.02
0,316,-0.0021571428594947604,-0.05
0,317,0.012368938420647967,-0.02
0,318,0.019780610244623166,-0.03
0,319,-0.0022586145582377333,0.03
0,320,0.0015841930186119534,-0.01
0,321,0.022971434604126748,-0.01
0,322,0.01544994299727029,0.08
0,323,-0.00513850823873356,-0.01
0,324,-0.0014046692025931724,-0.06
0,325,0.0072036974253966175,-0.03
0,326,-0.018537379541240028,-0.0
0,327,-0.007666869338987796,-0.01
0,328,0.004881591217256923,0.05
0,329,0.015146999161654288,-0.0
0,330,-0.004651015141842725,0.03
0,331,0.0004284857528739155,-0.05
0,332,0.013784255230799508,-0.05
0,333,0.004287003983112315,-0.03
0,334,-0.023654679745763334,-0.03
0,335,-0.017127683358079564,-0.06
0,336,2.4222211572472025e-05,-0.14
0,337,0.02308593114789076,-0.06
0,338,0.0029482136996275003,0.13
0,339,0.014193085994341588,-0.06
0,340,0.014733596092597008,-0.01
0,341,-0.002761512083798346,-0.08
0,342,0.0023096104383347024,0.1
0,343,0.0015214830696335285,0.02
0,344,0.0018025167588384646,0.13
0,345,0.0008858332555119891,0.25
0,346,-0.0031757226951826976,0.12
0,347,0.010814845588194132,-0.11
0,348,-0.007171643077385689,0.08
0,349,-0.004936655034847621,0.1
0,350,0.011635703867602116,0.06
0,351,0.006328973698173415,0.01
0,352,-0.006603615366419215,-0.07
0,353,-0.01826129977779569,-0.0
0,354,0.010224660329582358,-0.19
0,355,-0.0007005393705711375,-0.01
0,356,-0.008330668767225949,-0.03
0,357,0.013272143690556949,-0.05
0,358,0.02236678968998499,0.22
0,359,-0.0025150694775773323,0.12
0,360,-0.007627838108089583,0.16
0,361,-0.016069574626105664,-0.03
0,362,-0.002701295523898753,-0.04
0,363,0.0002031973710822126,-0.11
0,364,-0.015434476602002341,0.11
0,365,0.003237431026877265,0.11
0,366,0.009791355332304007,0.02
0,367,0.00762940650635614,-0.1
0,368,0.0059138804222139615,-0.08
0,369,-0.008324512664475935,-0.0
0,370,0.0043046568951871315,0.04
0,371,-0.0001713273887968687,0.06
0,372,0.004186204676202874,0.04
0,373,0.006869292989371191,-0.09
0,374,0.003256554712439511,0.02
0,375,-0.011060599644226997,-0.08
0,376,0.005692886302742992,0.13
0,377,0.009222540466006427,-0.04
0,378,0.0059837979624159845,0.02
0,379,-0.006703854481738464,-0.09
0,380,-0.003430634281474595,0.01
0,381,-0.0047781732665734015,-0.0
0,382,0.0012840183653878249,-0.1
0,383,-0.00950214635516732,-0.08
0,384,-0.006438913542083729,-0.01
0,385,0.006990608431100288,-0.03
0,386,-0.016187102192562666,-0.0
0,387,0.01007944224715604,0.1
0,388,-0.009922853492116916,-0.04
0,389,-0.007450853935766557,0.02
0,390,0.007804900127449963,0.09
0,391,0.0037018144384162645,0.02
0,392,0.0008368357958414746,0.03
0,393,-0.00011666253098979306,0.02
0,394,-0.028486920309188243,-0.1
0,395,0.011912094419061147,-0.0
0,396,0.015052670568344187,0.05
0,397,-0.00702588774349348,-0.05
0,398,-0.024658371444160936,-0.08
0,399,-0.004061373917869171,-0.02
0,400,-0.005982797632315442,-0.0
0,401,-0.003130156902884599,0.01
0,402,0.01501099692359435,-0.03
0,403,0.014283884378838572,0.01
0,404,-0.003951188980851172,0.06
0,405,0.01005331943575253,0.04
0,406,-0.0018923930091486966,-0.06
0,407,-0.011020695890504846,-0.09
0,408,-0.01873014506227849,0.02
0,409,0.013461221818134582,-0.0
0,410,-0.015630262354627136,0.0
0,411,0.008164231892922546,-0.04
0,412,0.018081012574274864,0.02
0,413,5.872150595309905e-05,0.07
0,414,0.0003239506643810708,-0.09
0,415,-0.0027635411800143476,0.04
0,416,0.022455817182323243,0.1
0,417,0.01944352332498708,0.04
0,418,-0.006763248752936418,-0.0
0,419,0.014717472572835445,0.04
0,420,-0.004568889765209395,0.16
0,421,0.0058494742666686415,0.11
0,422,0.003436715363153495,-0.0
0,423,-0.0023361530426326406,-0.01
0,424,-0.010029378759243753,-0.04
0,425,-0.0009649989712674135,0.12
0,426,0.011176800659007368,-0.05
0,427,-0.00034970300501970143,-0.03
0,428,0.0038548199282001706,0.01
0,429,-0.015591892617826009,0.07
0,430,0.0013365311766686432,-0.01
0,431,-0.0042015632269125315,0.01
0,432,-0.014587793124085997,0.01
0,433,0.005830073478833608,-0.06
0,434,0.005533607505918818,-0.0
0,435,0.002683989900071795,0.07
0,436,-0.0007545460700747287,0.02
0,437,-0.008577799092417215,-0.08
0,438,-0.010022900962662175,-0.06
0,439,0.0010566434798532122,-0.02
0,440,-0.0031535004539311076,-0.06
0,441,0.0022983102571525918,0.03
0,442,-0.00652635817016027,-0.03
0,443,0.011062235477517127,0.02
0,444,-0.023760338661615376,-0.02
0,445,0.006605046606789016,-0.04
0,446,-0.007547089746679368,-0.03
0,447,0.023289459936228774,0.05
0,448,-0.0019711221515394555,0.04
0,449,-0.0014211969809735268,-0.01
0,450,0.0008583390350736382,-0.02
0,451,-0.015159169463688468,-0.02
0,452,-0.00614132952509017,-0.01
0,453,-0.006996670256683081,-0.07
0,454,-0.0014694772430662987,-0.01
0,455,-0.013892916377949422,-0.02
0,456,-0.009995051381557773,0.05
0,457,0.010955533132831543,-0.02
0,458,0.008825428167715229,-0.03
0,459,-0.0016236571987914372,0.05
0,460,-0.010480553641379366,-0.05
0,461,-0.019427910268589456,0.02
0,462,-0.00294539970163575,-0.01
0,463,0.03749720031128846,0.15
0,464,-0.014397358712338888,-0.04
0,465,-0.016790429621862852,-0.05
0,466,0.018661676683732333,0.08
0,467,0.02115987755933337,0.09
0,468,-0.005522447736605035,-0.04
0,469,0.0068503509187687,-0.08
0,470,0.0075272181284335,0.07
0,471,-0.013393229345410504,-0.06
0,472,-0.010993306300772098,-0.03
0,473,0.005628871658811584,-0.05
0,474,0.010171399237924074,0.03
0,475,-0.012047202938015571,-0.0
0,476,-0.00858153949801609,-0.0
0,477,-0.006397280688112048,-0.05
0,478,-0.002327135158947452,-0.05
0,479,0.0020930137463414994,0.02
0,480,-0.0248032204428412,-0.02
0,481,-5.4359469713333135e-05,-0.02
0,482,0.008970763552928735,0.04
0,483,-0.019615101150953433,-0.04
0,484,-0.001509590934793907,0.06
0,485,0.003269012121752118,-0.03
0,486,-0.016566034637433943,-0.05
0,487,0.006945206757094315,-0.04
0,488,-0.01005647582816528,-0.04
0,489,-0.00223707437306705,-0.11
0,490,0.028809208492422852,0.06
0,491,0.0011536465594141863,-0.01
0,492,-0.01670536159437992,-0.12
0,493,-0.013316237427789243,0.09
0,494,-0.01710320897986825,-0.06
0,495,0.0035827680834176943,0.08
0,496,-0.016723555133260157,0.01
0,497,-0.0027385899154664397,-0.13
0,498,0.017599141133654194,0.09
0,499,-0.0007657680130642726,0.02
0,500,-0.021374675801312637,-0.01
0,501,-0.02111442260888403,-0.08
0,502,0.006296299615299555,0.01
0,503,0.03673362914592867,0.12
0,504,-0.012139318846185944,-0.06
0,505,-0.024919562145452438,-0.06
0,506,-0.0338651150069077,-0.12
0,507,0.0075435301782400535,0.0
0,508,-0.006375026801761658,-0.03
0,509,-0.003548304349519752,0.03
0,510,-0.018735208257115565,0.09
0,511,0.005622942035130247,-0.04
0,512,-0.027091353988829565,-0.05
0,513,-0.03836491821082954,-0.05
0,514,-0.03284031142551546,-0.1
0,515,-0.026931889453120098,-0.04
0,516,0.057286530918932495,0.02
0,517,-0.005692929649163681,-0.06
0,518,0.016937349041403274,-0.0
0,519,0.05398212865593641,0.19
0,520,0.004102939009376472,0.03
0,521,0.009888751739091647,-0.14
0,522,-0.029489423121217755,-0.04
0,523,-0.023000145423020278,-0.14
0,524,-0.03435773475669247,-0.04
0,525,0.03019382442727509,0.13
0,526,0.020002419056911507,-0.07
0,527,0.032659534058780554,0.05
0,528,0.003249914377928364,-0.13
0,529,-0.005296208246596604,-0.05
0,530,-0.021831414981192662,-0.1
0,531,0.039926920807230065,-0.06
0,532,0.011545814438166898,0.11
0,533,-0.0015645994632694738,0.15
0,534,0.0237825438564593,-0.03
0,535,-0.013638717330860781,-0.12
0,536,0.012494795520991841,0.03
0,537,0.014223152017234397,0.1
0,538,-0.022724865638709586,-0.05
0,539,0.0074995200426627865,-0.03
0,540,-0.01393903848703673,0.07
0,541,-0.0181275798129429,-0.07
0,542,-8.985669742315945e-05,-0.06
0,543,-0.0017612643289584395,-0.02
0,544,-0.04141838021120285,-0.16
0,545,0.017489708098180044,-0.02
0,546,-0.01578150242643576,-0.05
0,547,0.016936854931665038,0.14
0,548,0.010205204837722779,-0.0
0,549,0.007380538003939146,-0.05
0,550,-2.688831187308258e-05,0.07
0,551,-0.024818677867565853,-0.09
0,552,0.0033457990076880386,-0.06
0,553,0.0014305568512994896,-0.02
0,554,-0.019728153239360568,-0.03
0,555,-0.004593775429806475,-0.01
0,556,-0.030027690469030397,-0.07
0,557,0.002336343911024124,-0.0
0,558,-0.01363423670652761,-0.09
0,559,-0.017261021627054573,-0.01
0,560,0.02488375031309122,0.08
0,561,0.018357063704739583,0.02
0,562,-0.03222094649557493,-0.1
0,563,-0.014552683581092381,-0.06
0,564,0.04011069947252917,0.09
0,565,-0.02320457818635468,-0.01
0,566,-0.010736918129422474,-0.01
0,567,-0.02248772961034803,-0.01
0,568,-0.01900911426356809,-0.05
0,569,0.016990613733505792,0.01
0,570,-0.0271986645170404,-0.04
0,571,0.035002138641905496,0.07
0,572,0.03915606927086855,0.15
0,573,-0.024093773839935745,-0.01
0,574,0.022231625639629896,0.1
0,575,0.0059383043780650326,-0.02
0,576,0.017446954968748513,0.1
0,577,-0.01060137870658853,0.03
0,578,0.0068209637600710705,-0.01
0,579,-0.015355043062630117,-0.1
0,580,0.01709136136323478,-0.04
0,581,-0.008425810255412024,-0.02
0,582,-0.009166179695714361,-0.13
0,583,0.009660191863329764,0.02
0,584,-0.005540017843915164,-0.06
0,585,0.017178279811316623,0.08
0,586,0.008160323930976288,0.06
0,587,0.00772802913803173,0.03
0,588,0.009154629667603623,-0.01
0,589,-0.023187093522771058,-0.21
0,590,-0.008625924252631112,-0.03
0,591,-0.00046798867919493897,-0.0
0,592,0.024671304221838327,0.19
0,593,0.006282283553723163,0.02
0,594,-0.010330686721300652,-0.03
0,595,-0.004062490278524009,-0.03
0,596,0.019461714731843414,0.09
0,597,0.021377367391051068,0.06
0,598,-0.0032845589336846655,0.04
0,599,0.0025212818795041438,0.01
0,600,-0.020961718805946987,-0.11
0,601,0.028053646577670555,0.18
0,602,-0.0027537439379493114,-0.04
0,603,-0.0019341349457128508,0.0
0,604,-0.01481673552819081,0.02
0,605,-0.00351255611544974,-0.06
0,606,-0.011915701839666617,-0.05
0,607,0.006267597110110567,-0.04
0,608,-0.022066478115971715,-0.03
0,609,0.013869153663488221,-0.0
0,610,0.0006050985748941726,-0.05
0,611,-0.0037113674024749073,-0.0
0,612,-0.013435038489225278,0.06
0,613,0.023578547454642773,0.08
0,614,-0.007952973647092958,-0.02
0,615,-0.01319576094725267,-0.07
0,616,-0.007914705661073163,-0.1
0,617,0.01336220816272269,0.01
0,618,0.0018156006409762366,0.01
0,619,-0.005425573045997229,-0.03
0,620,-0.0031666781756456274,-0.02
0,621,-0.016061197778006624,-0.1
0,622,0.00458930003409418,-0.01
0,623,0.0005221710442493181,0.01
0,624,0.03327212990717033,0.24
0,625,-0.00043591340230782314,-0.02
0,626,0.02235987576976527,0.04
0,627,-0.006761219104993236,-0.05
0,628,-0.014118327039010621,-0.04
0,629,0.01940802065075576,0.19
0,630,0.0002776069928600656,-0.03
0,631,-0.0011366647364100613,-0.01
0,632,0.005832156224429576,-0.05
0,633,-0.014487593950602371,-0.0
0,634,-0.00387516042747753,-0.0
0,635,-0.01401953841934986,-0.05
0,636,-0.015665331017640775,-0.04
0,637,-0.01029172190299365,-0.06
0,638,0.010118925955702488,0.03
0,639,-0.029136505136936455,-0.04
0,640,-0.016062828305874306,0.04
0,641,0.01312473926940149,0.02
0,642,0.006740621256914473,0.06
0,643,-0.022769408451281534,-0.06
0,644,0.0053457650561293145,0.01
0,645,-0.01402127927047785,-0.05
0,646,-0.005542048730362463,0.06
0,647,-0.006421306542405941,-0.05
0,648,-0.010043190921117029,-0.01
0,649,0.007602172629914605,0.03
0,650,-0.008081369556088066,-0.01
0,651,-0.012702151490816818,-0.05
0,652,-0.0017103206103956244,-0.04
0,653,0.02135577161144686,0.06
0,654,0.019361280286775265,-0.01
0,655,-0.007358015967137005,-0.06
0,656,-0.009534191966687085,-0.03
0,657,0.013098722955912906,0.05
0,658,-0.01848615369639556,-0.04
0,659,0.00725725014633304,-0.05
0,660,-0.013094358777490638,-0.03
0,661,0.011830721941197971,-0.02
0,662,0.004566672113368629,-0.05
0,663,-0.00748992039235404,-0.03
0,664,-0.015449332594477082,-0.03
0,665,0.00970373705225286,-0.02
0,666,-0.009261615804529078,0.04
0,667,0.008303887937800857,-0.04
0,668,-0.025842077300133333,-0.04
0,669,-0.008488881621377694,0.01
0,670,0.004250843681003771,-0.0
0,671,0.034686471466711,0.14
0,672,0.0017076812390568793,-0.02
0,673,0.0355106029319829,0.1
0,674,0.004331539751168124,0.09
0,675,0.008790495970735775,0.07
0,676,0.002022940694487164,0.03
0,677,0.023108929744448076,0.1
0,678,-0.03517092902769527,-0.13
0,679,0.012107545703763063,-0.01
0,680,-0.005399134922141229,-0.01
0,681,-0.0014921480960790679,-0.01
0,682,-0.005726059230528938,-0.03
0,683,-0.017804170153362883,-0.09
0,684,0.012087498411445538,0.01
0,685,0.026246199478026755,0.1
0,686,-0.005018446960469625,-0.01
0,687,0.002695700017137388,0.03
0,688,0.0013344806534001696,0.07
0,689,-0.0018586285031577435,-0.08
0,690,-0.013893428309775972,-0.02
0,691,0.006468969778535214,0.02
0,692,-0.0037217381849631178,0.05
0,693,0.0192431697469512,0.04
0,694,0.006310686984194288,-0.06
0,695,-0.012162947564985292,-0.02
0,696,0.015560505656314854,0.02
0,697,-0.0017919868349153953,0.02
0,698,0.02177082104927411,0.01
0,699,0.008358580083493524,0.01
0,700,-0.008343255587921476,-0.09
0,701,-0.013716993954611238,-0.02
0,702,0.01775723803806138,0.01
0,703,0.003289726538285328,0.04
0,704,-0.001067704284722548,-0.07
0,705,-0.0007762091131181931,-0.01
0,706,0.015133153438524045,0.06
0,707,-0.003948635020884247,-0.02
0,708,0.008347385006224829,-0.08
0,709,-0.004851408225906808,-0.12
0,710,-0.01044684375468161,-0.02
0,711,0.014060419279076915,-0.01
0,712,0.012598499454251691,-0.05
0,713,-0.003032706558779024,-0.01
0,714,-0.003285549549185042,-0.1
0,715,0.007992165123740012,-0.0
0,716,-0.0025087326206246763,-0.07
0,717,-0.024957103796556974,0.0
0,718,-0.0011476782508666097,-0.08
0,719,0.003931469922041194,0.01
0,720,0.009008787916053375,-0.05
0,721,0.0014220161964774468,0.0
0,722,0.019612276772132946,0.07
0,723,0.0017578423199643323,0.03
0,724,-0.003892894421635377,-0.1
0,725,0.014838821097825127,0.03
0,726,0.00366183925488252,0.06
0,727,0.004622877357289221,-0.09
0,728,0.01522415400261367,-0.04
0,729,0.004113187391036565,0.04
0,730,-0.002334938551763372,0.03
0,731,-0.012041080070350237,-0.08
0,732,0.009242947985936723,-0.09
0,733,0.012699245442996006,0.01
0,734,0.0005668550896631437,-0.03
0,735,-0.009957240163833331,-0.05
0,736,0.02229365970195125,0.05
0,737,0.0008199899342778796,0.09
0,738,-0.0014442902626397728,0.1
0,739,-0.015179857786532074,-0.02
0,740,0.0009813394261047328,0.05
0,741,-0.013939515927611657,-0.08
0,742,0.0019680007288925467,-0.03
0,743,-0.008311279098073143,0.09
0,744,0.010817833355105385,0.17
0,745,-0.009728590923276033,0.03
0,746,-0.0017285000086065194,-0.04
0,747,0.008109425398678165,0.02
0,748,0.011792852963715022,-0.0
0,749,-0.008016946699469354,0.11
0,750,0.018940042288825933,0.07
0,751,0.003340037211917658,0.01
0,752,-0.005512516089303039,-0.02
0,753,-0.01380376596379738,-0.03
0,754,0.00954902914951082,-0.04
0,755,0.005877610245071878,0.08
0,756,-0.0034228306217606156,0.2
0,757,-0.006301925863016595,0.03
0,758,-0.01252567065559434,0.01
0,759,0.012493104746664008,0.02
0,760,-0.014633825773280472,0.19
0,761,0.009621316846835646,-0.02
0,762,0.00011688625699288457,-0.05
0,763,-0.007100295043404156,0.08
0,764,0.017547530378567943,0.02
0,765,-0.0020765929044680343,0.09
0,766,-0.007067407920932182,0.11
0,767,-0.001716177218884049,-0.08
0,768,0.002554487958030221,0.15
0,769,-0.010266778145622999,-0.05
0,770,0.002733115461163146,-0.09
0,771,-0.017788423373041443,0.12
0,772,0.0018416629289744145,-0.15
0,773,0.007297457572370789,-0.02
0,774,0.0037137441043471105,-0.03
0,775,0.0033511608691430285,0.11
0,776,0.010058562000648995,-0.01
0,777,-0.0063273104891767296,0.21
0,778,0.006624404856398692,-0.03
0,779,0.00013547494184089665,-0.0
0,780,0.009208905650112648,-0.06
0,781,0.00249409272514441,-0.11
0,782,-0.002178802359576038,0.07
0,783,0.002986267068412377,0.08
0,784,-0.010280266737496446,-0.05
0,785,0.0008189765673045513,0.05
0,786,0.003128301137047444,-0.03
0,787,0.00011172035316812697,0.04
0,788,0.005679375048721124,-0.12
0,789,0.005187551218699712,0.03
0,790,0.014027005674799213,0.16
0,791,0.004312022398491768,-0.01
0,792,0.0015740525580164903,-0.08
0,793,-0.0065399042537571585,-0.17
0,794,0.009929810955466549,0.06
0,795,-0.00837669863112984,-0.04
0,796,-0.01209549007676637,-0.09
0,797,0.005710563956229787,0.07
0,798,0.002120988280825478,-0.08
0,799,-0.0036761468021677493,0.01
0,800,0.014415978535505037,0.01
0,801,-0.0030064048339127104,-0.09
0,802,0.013259230046892789,-0.01
0,803,-0.003110651581414827,-0.02
0,804,-0.01291161442653349,0.09
0,805,0.006137373119120664,-0.02
0,806,-0.019403575212960735,-0.08
0,807,-0.005916960883672884,-0.04
0,808,-0.006377865401173658,-0.08
0,809,0.009803447913607837,0.05
0,810,-0.010444078256587637,-0.13
0,811,0.02268557969517611,0.0
0,812,0.0019072174153346598,0.07
0,813,0.009403438894657497,0.18
0,814,0.004452884371299643,-0.04
0,815,0.004753999475059097,0.1
0,816,-0.005182449743927758,-0.0
0,817,0.004760122682677888,0.05
0,818,-0.00018871862549936502,-0.03
0,819,-0.0026028040762494475,0.06
0,820,0.0029364091263730497,0.04
0,821,-0.010175836548743404,-0.06
0,822,0.005222820847819186,-0.0
0,823,0.00115739006023929,-0.03
0,824,-0.014993801558856365,-0.09
0,825,0.003258086707006699,0.05
0,826,-0.004764041597275827,-0.1
0,827,0.0021387775484922825,0.06
0,828,0.01505423549172369,-0.07
0,829,0.0013622538130653582,0.08
0,830,-0.0010084121296694728,0.05
0,831,0.0036072269761337136,-0.03
0,832,0.007975121773290015,0.07
0,833,-0.005410719541926259,-0.07
0,834,-0.001341828963160403,0.05
0,835,0.006031970168797302,0.07
0,836,-0.004679187234608339,0.03
0,837,-0.00584163023699243,0.01
0,838,-0.00010462549173426973,-0.14
0,839,-0.007437950684965562,-0.08
0,840,-0.006184030536514816,-0.04
0,841,-0.008960869259527241,-0.01
0,842,0.008073230791343757,0.07
0,843,-0.008367118945061208,-0.08
0,844,0.0015807232336891997,-0.01
0,845,0.016232373566752546,0.08
0,846,0.0017712526562780845,-0.04
0,847,0.004617848464924645,0.06
0,848,0.00010488402517011699,0.09
0,849,0.01128066446344057,0.06
0,850,-0.003254321107662726,-0.02
0,851,-0.0016479315596755152,0.03
0,852,0.004637878574138668,-0.03
0,853,-0.007674185354999345,-0.15
0,854,0.007211993957294256,0.06
0,855,-0.008534861408549681,0.03
0,856,-0.000992655523231989,-0.02
0,857,0.011526429271333018,-0.03
0,858,0.002851112237699105,-0.01
0,859,-0.005539058366289847,0.02
0,860,0.006639003733574773,-0.04
0,861,0.0009895533817237015,-0.05
0,862,0.011759469668780189,-0.03
0,863,-0.0004015528655509567,-0.01
0,864,0.004116239095590807,0.03
0,865,0.0029504177373110524,0.1
0,866,-0.0016516942547669872,-0.08
0,867,0.0014345568009849824,-0.03
0,868,0.012440878675219832,0.07
0,869,8.913679595435831e-05,0.05
0,870,0.002162311087127288,-0.02
0,871,-0.00291952898945415,0.11
0,872,0.01238130132816351,0.03
0,873,0.0009863487254546575,-0.12
0,874,0.0023532193001154734,-0.02
0,875,0.004931687480335732,-0.0
0,876,-0.008548279344250053,-0.16
0,877,0.004929000518043278,-0.0
0,878,-0.00517153725720158,-0.06
0,879,0.008426977984005211,-0.04
0,880,0.0014904378848984844,-0.02
0,881,0.006861528172937296,0.05
0,882,-0.0009744854314238098,0.04
0,883,0.007748379454862473,-0.03
0,884,-0.003323296225954499,-0.06
0,885,-0.002181243387235668,0.1
0,886,0.01200089474458761,0.07
0,887,-0.009708446717024545,-0.05
0,888,-0.01347725330101533,0.11
0,889,0.005014041186789381,0.0
0,890,-0.0026809955734801794,-0.06
0,891,0.0037676589535457277,0.02
0,892,0.000628613353569735,-0.05
0,893,-0.008314939671579888,0.02
0,894,0.0018359155903802835,0.05
0,895,0.012607541856703184,-0.08
0,896,-0.0024634603707878577,-0.03
0,897,0.004954482670890654,0.04
0,898,0.010904321787157592,-0.08
0,899,-0.00498830311014594,0.05
0,900,-0.0055004964742759385,-0.05
0,901,0.009804777218035552,0.0
0,902,-0.0044502323501707285,0.0
0,903,-0.004157377323910868,-0.0
0,904,-0.002599877126933441,0.05
0,905,-0.0027843455146288757,-0.05
0,906,-0.001756628203431202,-0.01
0,907,0.00401205227174289,-0.02
0,908,0.0010990260169537437,0.03
0,909,8.899891778973903e-05,-0.06
0,910,0.009714825781647942,0.01
0,911,-0.005884739443926397,0.05
0,912,0.0018078611770802504,0.02
0,913,0.00342442811466958,-0.03
0,914,0.0016930162287832038,-0.19
0,915,-0.008411832165185497,-0.07
0,916,-0.005765793989852934,-0.05
0,917,-0.014550245671429363,0.01
0,918,-0.01506537823857979,-0.0
0,919,0.012627184735925268,0.04
0,920,-0.014272096939695686,-0.0
0,921,0.005488463818732083,-0.08
0,922,0.011756858247866715,0.01
0,923,-0.001330865152395292,0.05
0,924,-0.011096796239134715,0.04
0,925,-0.013013003878956363,-0.06
0,926,-0.0013233139227633382,-0.01
0,927,-0.002590661265269808,-0.0
0,928,-0.0013499516766445662,-0.01
0,929,-0.002489619307378624,-0.0
0,930,0.016352870830941165,0.02
0,931,-0.0010864037322790834,0.1
0,932,0.01323024271635491,0.06
0,933,0.003935799081742309,0.0
0,934,-0.0007274222474114399,-0.05
0,935,0.005291225444192092,0.05
0,936,0.00842120752844193,0.24
0,937,0.007850668909977633,0.09
0,938,-0.0020086386359423935,-0.05
0,939,-0.006447263002025025,-0.0
0,940,-0.0010889987391429128,0.02
0,941,0.005226026406868026,0.04
0,942,-0.01378020922949779,0.1
0,943,-0.001110169134114712,0.05
0,944,0.0005668982425143731,0.02
0,945,0.005185768268094857,-0.05
0,946,0.0010496555456506063,0.02
0,947,-0.015449485713356135,0.04
0,948,0.0051445816924492885,0.02
0,949,0.01417062971008359,-0.05
0,950,0.0006275966546222789,0.08
0,951,-0.00444251819593016,-0.02
0,952,0.0023522160877508936,-0.03
0,953,-0.013668980537922178,0.07
0,954,-0.0076779605366763684,0.05
0,955,-0.005778854258017184,-0.02
0,956,0.009249354456039648,-0.0
0,957,0.001769916962045711,0.03
0,958,0.0015963652150325755,0.05
0,959,-0.006691651282512875,0.02
0,960,-0.01370440259364415,0.16
0,961,-0.010921501546552349,0.02
0,962,0.007898205811573354,-0.02
0,963,0.0018439808551940868,0.04
0,964,-0.0005851942717727286,0.02
0,965,-0.0007530631632814806,-0.06
0,966,-0.010579568894591782,-0.09
0,967,0.006815114752715489,0.04
0,968,-0.0025672874967469666,0.05
0,969,0.0005425753248630718,-0.07
0,970,0.0039869858909897795,0.04
0,971,0.0016346000030971657,-0.01
0,972,0.016299172964975368,-0.02
0,973,0.0017105295842379368,-0.06
0,974,0.005785872959880845,-0.07
0,975,-0.000424510049742072,0.06
0,976,0.0006103135869461354,0.05
0,977,0.00338869146692638,0.03
0,978,-0.007376231302107253,-0.03
0,979,0.005377556441282168,0.07
0,980,0.0162192961495018,-0.0
0,981,0.0015236440252788222,0.0
0,982,-0.009517294877318708,0.04
0,983,0.004500854812378224,-0.01
0,984,-0.009699798353413398,0.08
0,985,0.006095500307265329,-0.2
0,986,0.0015034332552361356,0.05
0,987,-0.0013013028247447237,-0.03
0,988,0.0027981629602581554,0.01
0,989,-0.0041717873660915145,-0.02
0,990,0.003948584169232528,0.02
0,991,0.008621493912630476,-0.01
0,992,-0.0031532978404272974,-0.05
0,993,-0.005524824883674957,0.0
0,994,-0.0007595862754685286,0.1
0,995,0.0022882721283802214,-0.06
0,996,0.004026490418883887,-0.08
0,997,-0.010538487092946828,-0.05
0,998,-0.002945210297866362,-0.09
0,999,-0.008215339269891833,0.01
0,1000,0.0018380468572287533,0.01
0,1001,-0.008113420520882061,-0.01
0,1002,0.0032129125216746363,-0.0
0,1003,0.001332637314551846,-0.03
0,1004,0.0008199815816076102,0.04
0,1005,-0.0033213871159223727,-0.0
0,1006,-0.004201432491028236,-0.0
0,1007,-0.004698005319239963,-0.12
0,1008,-0.0003940794067175429,-0.0
0,1009,0.0072017977141843915,0.09
0,1010,-0.013231262092681766,0.03
0,1011,0.002530385808505266,-0.02
0,1012,-0.009623764290654894,-0.03
0,1013,-0.0018601011181504602,0.04
0,1014,0.010008745128921172,0.13
0,1015,0.0005717507632715249,-0.01
0,1016,0.004505913608718729,-0.01
0,1017,0.0011501115656182416,-0.1
0,1018,0.004665587472777359,-0.02
0,1019,-0.006337905768526147,-0.03
0,1020,-0.0010748594149053872,-0.0
0,1021,-0.016290614126245755,-0.02
0,1022,-0.015501234441328808,-0.19
0,1023,0.0012611987183171439,0.04
0,1024,0.013118833314195222,0.04
0,1025,-0.003181931434701666,-0.02
0,1026,-0.011628773262952696,-0.03
0,1027,0.001356062702196771,-0.05
0,1028,0.013755958648508785,0.04
0,1029,0.0023103092160893066,-0.05
0,1030,0.012463181766334534,0.02
0,1031,-0.003850199369187356,-0.01
0,1032,0.006679024527977812,0.02
0,1033,-0.002450269193125964,0.04
0,1034,0.0003387862606625239,-0.0
0,1035,0.008170590611287144,-0.02
0,1036,-1.502717191066168e-05,-0.04
0,1037,0.0024771238859166303,0.01
0,1038,-0.007737309310574179,-0.04
0,1039,0.0047079972440695885,-0.06
0,1040,0.0016071097394871176,-0.0
0,1041,0.011242640272536285,0.07
0,1042,-0.004188422330283517,0.1
0,1043,0.006987968929034449,-0.04
0,1044,-0.0044283497579573426,-0.08
0,1045,0.0019470554340443214,0.04
0,1046,0.0048324835748944596,-0.03
0,1047,0.0017281864177523922,-0.03
0,1048,0.0022143323376394566,-0.01
0,1049,-0.0071602003715142,0.03
0,1050,0.00277984479684901,-0.1
0,1051,0.00447371318236055,0.06
0,1052,-0.00552809947306665,-0.07
0,1053,0.006462066698858683,-0.02
0,1054,0.001695047726892876,0.02
0,1055,-0.006033845451065128,-0.03
0,1056,0.005818395108851325,0.01
0,1057,0.004263261439998911,0.08
0,1058,-1.4904149582439552e-05,0.04
0,1059,0.015192476695399058,0.07
0,1060,0.00338194648492689,-0.02
0,1061,-0.0006110698756322962,-0.01
0,1062,0.006576014879328498,0.05
0,1063,-0.009833792312157792,0.03
0,1064,-0.00736363837116512,-0.11
0,1065,-0.0072780896751979225,-0.03
0,1066,-0.008913187447402661,-0.06
0,1067,0.004256286878203551,0.04
0,1068,0.005513104051112376,-0.0
0,1069,-0.009572464018004375,-0.0
0,1070,0.00032665228266482956,-0.06
0,1071,0.002779899840829787,-0.0
0,1072,-0.009760577631992966,-0.01
0,1073,-0.0009931458783876614,-0.01
0,1074,0.015063388426673933,0.02
0,1075,0.012766843618058556,0.1
0,1076,0.0017445987104225274,-0.02
0,1077,0.0025394182922178882,-0.04
0,1078,0.0002810996473750909,0.06
0,1079,0.00010258502900782778,-0.01
0,1080,0.011274017339299005,-0.01
0,1081,0.01640678677425177,0.01
0,1082,0.003902761557092344,0.11
0,1083,-0.0010852558871556235,0.01
0,1084,-0.0007527257535754206,-0.0
0,1085,-0.0010542053601913398,0.03
0,1086,-0.0003721545408702774,-0.0
0,1087,-0.0071460924150887695,0.01
0,1088,0.005543418022846845,-0.07
0,1089,0.0013478123659050388,-0.02
0,1090,-0.010906647076387676,0.08
0,1091,0.006122596524174561,-0.02
0,1092,-0.0003889049156416595,0.01
0,1093,0.004161536824994605,0.01
0,1094,0.0007069718945193295,0.04
0,1095,-0.003432083109267697,0.1
0,1096,-0.004044336026475182,0.02
0,1097,0.014919469841199825,0.02
0,1098,-0.001128981493987962,0.02
0,1099,0.0007656651557522045,-0.13
0,1100,-0.0007626246379353023,-0.03
0,1101,-0.010931900707129301,-0.01
0,1102,0.004999227857948321,-0.09
0,1103,0.005443667400272785,0.05
0,1104,-0.0007559585336081965,-0.03
0,1105,0.00885483229281582,-0.0
0,1106,0.0038407402258237933,-0.02
0,1107,0.0018805386204974498,-0.05
0,1108,-0.002142508446999401,0.1
0,1109,-0.007568621955912902,0.02
0,1110,0.0005150818385448033,-0.0
0,1111,0.009361296030329175,-0.03
0,1112,0.0035450062764906063,0.03
0,1113,0.00030259202022121865,0.02
0,1114,-0.0042700498109518705,0.07
0,1115,0.007191148012767148,0.01
0,1116,-0.0004721584520715692,0.02
0,1117,0.00011020196277007381,-0.06
0,1118,-0.0013177396974433373,-0.03
0,1119,-0.00810150418283156,-0.01
0,1120,-0.011498638198563352,0.06
0,1121,-0.0034764670657677268,-0.0
0,1122,0.0034190736653827007,0.0
0,1123,0.003504099487464397,-0.0
0,1124,-0.0013645259641373885,0.0
0,1125,0.0033763099588853783,-0.0
0,1126,-0.006022186704705177,-0.03
0,1127,0.0039186640507859445,-0.01
0,1128,-0.008479282799685654,-0.05
0,1129,0.0060844518245232035,0.03
0,1130,0.009657617875432413,-0.02
0,1131,-0.00938308916358878,-0.01
0,1132,-0.007833595432231822,-0.03
0,1133,-0.0064420218545792945,-0.01
0,1134,-0.0034474478748004475,-0.02
0,1135,0.00407169340785648,0.06
0,1136,0.004856582769825678,0.01
0,1137,0.0005393424813404809,0.01
0,1138,-0.0025060272764327414,-0.06
0,1139,-0.0027858228436458453,-0.06
0,1140,0.008603207906434608,-0.02
0,1141,0.007311360632866438,0.01
0,1142,0.0030738199064059587,-0.0
0,1143,-0.0026633948633060945,0.03
0,1144,0.011139664634419516,-0.09
0,1145,-0.0011133616440985271,-0.02
0,1146,0.00036306209987582423,-0.02
0,1147,-0.008639350767984395,-0.05
0,1148,0.004353440277078847,0.07
0,1149,0.006974438504164596,0.03
0,1150,0.0006607832830262751,-0.02
0,1151,0.0031743561099636768,0.02
0,1152,0.00019611814984030947,0.06
0,1153,-0.007900693436304273,0.03
0,1154,0.0005002232296748181,0.08
0,1155,-0.014581981152507032,0.02
0,1156,0.005605837734807581,-0.02
0,1157,0.007827384145810648,0.02
0,1158,0.009162567718198256,-0.02
0,1159,-0.006503433065204158,0.09
0,1160,0.005560371872200186,0.02
0,1161,-0.0003126241710469462,-0.0
0,1162,0.00041954321099534156,0.01
0,1163,0.009318130795582746,-0.07
0,1164,0.0027575394725762904,-0.01
0,1165,-0.00465576746979762,0.07
0,1166,-0.010276747585859142,0.14
0,1167,0.0019928989705800516,-0.04
0,1168,-0.007475457188870197,0.08
0,1169,0.005612715069195208,-0.04
0,1170,-0.007493163796713827,0.02
0,1171,-0.008027150311469737,-0.02
0,1172,0.0017745715089170899,-0.05
0,1173,-0.0004902163163156088,0.04
0,1174,-0.004919072906934862,0.02
0,1175,-0.01003749968020424,0.1
0,1176,0.0005988388551363902,-0.02
0,1177,-0.0008742085578331138,-0.01
0,1178,0.002591431365414849,0.04
0,1179,-0.007467962944973852,-0.04
0,1180,0.013580263336161632,-0.04
0,1181,-0.0007635441520629584,-0.06
0,1182,-0.006499027833164662,-0.04
0,1183,0.0026396796703312907,0.01
0,1184,0.004554908071427949,0.01
0,1185,0.002436647214071489,-0.04
0,1186,0.005926773185514278,0.05
0,1187,-0.00808680052271048,0.01
0,1188,0.00014052394323044572,-0.05
0,1189,0.00564291671026407,-0.07
0,1190,-0.011703344399406007,-0.0
0,1191,-0.01000952356482936,-0.01
0,1192,-0.016623669007792774,-0.1
0,1193,0.0029527883545996526,-0.0
0,1194,0.005842329043176582,-0.06
0,1195,-0.013190354248870346,0.01
0,1196,0.019791007047447694,0.1
0,1197,-0.0068630365252126645,-0.06
0,1198,0.008941222494778751,0.0
0,1199,-0.00853819150338324,0.02
0,1200,0.004024915687089636,-0.03
0,1201,-0.01140966057179472,-0.06
0,1202,0.01198064160762762,0.02
0,1203,0.004518897096872356,-0.0
0,1204,-0.0008825409360002246,0.0
0,1205,0.012335150574776736,-0.01
0,1206,-0.002747158956367984,-0.01
0,1207,-0.0010384683503171096,0.09
0,1208,0.006478279466416866,0.01
0,1209,-0.010487664100110948,-0.06
0,1210,0.004206025077909184,-0.02
0,1211,-0.010073887903835456,-0.03
0,1212,-0.004630751795853425,-0.06
0,1213,0.009971955055738724,0.01
0,1214,0.0067834015086500376,-0.01
0,1215,0.009902402871391932,-0.05
0,1216,0.00465050266103738,0.04
0,1217,-0.0016519898307138497,0.02
0,1218,0.003756956999669398,-0.06
0,1219,0.0004036924452659016,-0.03
0,1220,-0.0029692753122486032,0.04
0,1221,0.006455348513538558,0.0
0,1222,0.0010472387416832441,0.0
0,1223,-0.005975847270278448,-0.08
0,1224,0.008861851310467435,-0.09
0,1225,0.0017057964926684816,-0.02
0,1226,-0.00689116954932701,0.09
0,1227,0.0011397026694856252,-0.02
0,1228,-0.00020329292331606834,-0.04
0,1229,-0.0022857203117202696,0.03
0,1230,0.005347298052107586,0.03
0,1231,-0.002219591060345372,0.07
0,1232,0.0022006077247988857,0.04
0,1233,0.002640474557180568,0.04
0,1234,0.0022082191652260464,-0.01
0,1235,0.0037279715405009414,-0.03
0,1236,0.004817308218367835,-0.0
0,1237,-0.013382763340302372,-0.12
0,1238,0.0072886008780339104,-0.03
0,1239,0.004838941504232751,-0.03
0,1240,-0.007399860177071601,-0.1
0,1241,-0.004876363417165143,-0.0
0,1242,0.00938458932247598,0.03
0,1243,0.010033722674372761,-0.07
0,1244,-0.007581216676764031,-0.06
0,1245,-0.0027061706623894193,0.09
0,1246,-0.022229200037777508,0.08
0,1247,-0.018523908087625517,-0.03
0,1248,-0.05822394722577378,-0.09
0,1249,0.03302512187238152,0.16
0,1250,0.0287794785985736,0.04
0,1251,-0.009409331652291589,-0.06
0,1252,0.005078056352191124,-0.0
0,1253,-0.003226760264878392,0.01
0,1254,0.03323788829891027,0.14
0,1255,-0.01112416482996627,-0.0
0,1256,0.0027576400126634497,0.09
0,1257,-0.008519391080779523,-0.0
0,1258,0.010883042084138223,0.06
0,1259,-0.01520130962479886,0.03
1,0,0.000719765086672082,-0.01
1,1,-0.0007783034303563187,-0.0
1,2,-0.004461703218493527,-0.03
1,3,-0.000594315118202231,0.05
1,4,0.003928066607227966,0.05
1,5,0.0032423234563886266,0.01
1,6,0.006440221169895545,-0.03
1,7,-0.0010320380890718787,0.02
1,8,-0.0011534597538272787,0.02
1,9,0.004275091279450228,-0.11
1,10,2.8001498071162295e-06,-0.02
1,11,0.006955279409472438,-0.0
1,12,0.0009750032216540948,-0.0
1,13,-0.000659769999143154,0.02
1,14,-0.0042043139976585585,0.08
1,15,-0.004667610294499367,0.01
1,16,-0.0021657920446089786,0.09
1,17,0.00328239638755484,-0.04
1,18,0.0013197137375081539,0.02
1,19,-0.0008643429043125859,-0.06
1,20,0.005989034896560341,-0.14
1,21,0.011405452312579096,-0.03
1,22,-0.002492248141035207,-0.0
1,23,-0.00013285581492194972,-0.07
1,24,-0.0036624772906223924,0.11
1,25,0.00506092144765989,0.07
1,26,0.00015174792230283635,0.02
1,27,0.0015787205324008552,-0.05
1,28,-0.0005414381992342207,0.02
1,29,-0.005803052740258922,0.01
1,30,-0.0020627993860173875,0.04
1,31,0.0047652243227294085,-0.01
1,32,0.008382254747904343,-0.04
1,33,0.0035005218307960395,-0.05
1,34,0.006147696506981171,0.02
1,35,-0.004174427703620031,0.07
1,36,0.005023991527190946,-0.0
1,37,-0.002700761372860368,0.04
1,38,-0.02269242236647429,0.13
1,39,0.004036483353425794,0.02
1,40,-0.0016577827111344955,0.05
1,41,0.0037064454333404382,-0.09
1,42,-0.008307482142590823,-0.01
1,43,0.0027477666966971613,-0.03
1,44,1.6587590701116868e-05,0.02
1,45,0.004848308730692787,-0.02
1,46,0.0005820527866654289,0.01
1,47,-0.005153631822708593,0.11
1,48,-0.005482295873397774,0.09
1,49,0.007995250532997947,-0.04
1,50,-0.0015637821604168327,0.08
1,51,-0.013565784063841069,0.09
1,52,0.0039380170059755805,-0.01
1,53,0.002301504439214527,-0.06
1,54,-0.005787973725967991,0.13
1,55,0.000689105888122701,0.02
1,56,-0.003818483401171107,0.05
1,57,0.0035083623615104744,0.03
1,58,0.004803985811319648,-0.06
1,59,-0.00217654162871464,0.06
1,60,0.0025632283561856143,-0.0
1,61,-0.006564286178843287,0.1
1,62,0.005594927269857753,-0.02
1,63,0.002201228669508276,0.04
1,64,-0.0006603654082752144,-0.03
1,65,0.005130997065676132,-0.07
1,66,0.0031808396652538862,0.0
1,67,0.00043127606931990677,0.09
1,68,-0.0053707453044414466,0.06
1,69,0.0005102355445518235,-0.11
1,70,-0.00047400764765994806,-0.0
1,71,-0.008809824210605862,0.14
1,72,-0.008057631706027153,0.03
1,73,-0.0011252194911383104,0.02
1,74,-0.016292339997329767,0.08
1,75,-0.015170414095175982,0.07
1,76,0.0005344393810805686,-0.01
1,77,-0.015456087499663528,0.39
1,78,0.021540813437369077,-0.19
1,79,-0.0005182027979794234,-0.04
1,80,0.0062943160315189015,-0.07
1,81,-0.00853845698394201,0.08
1,82,0.006243954555916066,-0.02
1,83,-0.005167517215171177,-0.05
1,84,-0.0030205125441794514,0.06
1,85,0.00034777542260277063,0.04
1,86,-0.00045057625160100213,-0.0
1,87,-0.008277632127697115,0.17
1,88,0.00015416664704459668,-0.04
1,89,-0.0012889054866782822,-0.05
1,90,0.015365911028706006,-0.14
1,91,-0.0022821069726918245,0.02
1,92,0.01121641825638804,-0.07
1,93,-0.0017754441874829124,0.0
1,94,-0.006120220919433912,0.18
1,95,0.0038269563927837277,0.02
1,96,0.004579234746712929,0.03
1,97,3.292624138751945e-05,0.04
1,98,-0.0027978457128927515,0.01
1,99,-0.0006589986926996764,-0.03
1,100,-0.007907120098731695,0.24
1,101,-0.01241621276839159,0.14
1,102,0.008392643840478843,-0.16
1,103,-0.009987460115641883,0.07
1,104,0.004878717089754786,-0.04
1,105,0.0008093117221175698,-0.07
1,106,0.0007991065314166188,-0.05
1,107,0.011209428600993365,-0.21
1,108,0.00969888444215802,-0.0
1,109,0.006384235765471059,-0.07
1,110,-0.00356321027468744,0.06
1,111,-0.003776802464590255,0.17
1,112,0.00351933926151871,-0.02
1,113,0.0032957388761766446,-0.03
1,114,0.0015529472489808878,-0.05
1,115,0.0006050425155280724,0.03
1,116,-0.0017224297768742775,0.05
1,117,0.0024312118271210526,-0.05
1,118,-1.37302870312089e-05,-0.05
1,119,0.005451580577480852,-0.09
1,120,-0.002451668472307467,-0.07
1,121,-0.0016349162511905887,0.04
1,122,-0.002597103262900536,0.01
1,123,0.0017970367137824337,0.02
1,124,0.0016302225111348137,0.05
1,125,0.0009254046392638404,0.04
1,126,0.007119037512531746,-0.07
1,127,-0.0038165067017747046,0.1
1,128,0.002748964950105526,-0.03
1,129,-0.007628592829920462,0.07
1,130,-0.006441344318963978,0.02
1,131,-0.002933585768914658,0.06
1,132,0.0003660149657589969,0.04
1,133,-0.00046850621687932845,-0.0
1,134,-0.008198199721669767,0.17
1,135,0.0002840134260985813,-0.04
1,136,-0.001341431238997838,-0.05
1,137,0.015258213900243562,-0.14
1,138,-0.0026477635735010566,0.02
1,139,0.011494226240677068,-0.07
1,140,-0.0018300925710892028,-0.0
1,141,-0.0061190063121511155,0.18
1,142,0.004016099118071659,0.02
1,143,0.004659731946151654,0.03
1,144,0.00036917738730570356,0.04
1,145,-0.00274137649639842,0.01
1,146,-0.0007733035360288923,-0.03
1,147,-0.0077495277551989684,0.24
1,148,-0.012264315302637116,0.14
1,149,0.00825901758377563,-0.16
1,150,-0.010189603280087781,0.07
1,151,0.005163551804212501,-0.04
1,152,0.0008656501860231121,-0.07
1,153,0.0007581295742520466,-0.05
1,154,0.010808633661113788,-0.21
1,155,0.00950512023287537,-0.0
1,156,0.0060908551391102,-0.07
1,157,-0.003487084846527714,0.06
1,158,-0.003547805738067514,0.17
1,159,0.0036128107581197416,-0.02
1,160,0.0035945102384884364,-0.03
1,161,0.0016075632580220159,-0.05
1,162,0.0009440813371154504,0.03
1,163,-0.0016884915037598228,0.05
1,164,0.0020034851263455262,-0.05
1,165,-6.196216572624464e-07,-0.05
1,166,0.005431042503920797,-0.09
1,167,-0.0027672408931750858,-0.07
1,168,-0.001411900351985555,0.04
1,169,-0.0024983918733536255,0.01
1,170,0.001810696168167217,0.02
1,171,0.0017074670236861896,0.05
1,172,0.0008997985876905647,0.04
1,173,0.006897632356423282,-0.07
1,174,-0.003765064731977014,0.1
1,175,0.0030694262726348926,-0.03
1,176,-0.0075158822063205455,0.07
1,177,-0.0064608073886494154,0.02
1,178,-0.009116011644419582,0.06
1,179,0.003976208887589115,-0.09
1,180,-0.00790787989242797,-0.03
1,181,-0.015227051899185167,0.12
1,182,0.010345398665248726,-0.04
1,183,-0.002726835663225825,0.08
1,184,0.0035747813087163975,-0.02
1,185,-0.007441090687347094,0.1
1,186,0.004449371216589801,0.0
1,187,0.00032632781789723866,-0.03
1,188,-0.0006587639246652935,0.01
1,189,0.005026171291750296,-0.02
1,190,0.0026311215639008524,0.12
1,191,-0.0032606696835383486,0.05
1,192,-0.00020865434052576195,-0.04
1,193,0.0017784285986139324,-0.02
1,194,0.010484833793702814,-0.16
1,195,0.0016156597052621883,0.0
1,196,0.0022971450543304425,-0.05
1,197,-0.0031959566909350087,-0.05
1,198,-0.004945856321842463,0.1
1,199,0.0023066604675197775,0.02
1,200,0.0011735632316943532,0.02
1,201,0.0024787947500367535,-0.02
1,202,-0.0019833876951593785,0.01
1,203,-0.0018036337449170987,0.06
1,204,0.0036803332497357425,-0.05
1,205,0.008749045690506815,-0.17
1,206,0.006198060425366322,0.01
1,207,-0.0007290449056084681,-0.02
1,208,0.002093667543192507,-0.02
1,209,-0.006419880585187463,0.03
1,210,-0.00276111999256167,0.16
1,211,0.0019986809309545197,-0.0
1,212,6.347222816590324e-05,0.05
1,213,0.005038558368423254,-0.03
1,214,-0.0032532700503804996,0.06
1,215,0.006574511058515888,-0.09
1,216,-0.001418538136088966,0.03
1,217,0.008421080444275211,-0.11
1,218,0.0005302971318476349,-0.04
1,219,-0.004351852109381171,0.13
1,220,0.0011383650341919426,-0.01
1,221,-0.003033680246594343,0.04
1,222,0.0046939666942825125,-0.03
1,223,0.009695079836049676,-0.06
1,224,-0.002147089897444115,0.07
1,225,0.012243242979277306,-0.05
1,226,0.0018555324541134149,0.0
1,227,0.003223571009235224,-0.04
1,228,-0.001194692646577479,-0.01
1,229,-0.004909961571549972,0.0
1,230,-0.004610064973748765,0.02
1,231,0.001822760573875447,0.06
1,232,-0.001797235177562188,0.02
1,233,0.004589164732754375,0.01
1,234,-0.010534343109868012,0.14
1,235,-0.004259201472404847,0.02
1,236,0.0028590857479255543,-0.02
1,237,0.002766419923965644,-0.03
1,238,0.012803919555676651,-0.06
1,239,-0.007642278830327882,0.17
1,240,-0.0006869123920877617,-0.03
1,241,-0.015821865731141884,0.04
1,242,-0.004207278802360572,0.03
1,243,-0.00017874599887180722,-0.0
1,244,-0.0033762493304524345,0.01
1,245,0.00266896535570551,0.0
1,246,0.0026188641293554376,0.04
1,247,0.006160366725271584,-0.04
1,248,-0.005641168732248253,0.07
1,249,-0.005669905977080991,0.07
1,250,0.0010016960029128495,-0.02
1,251,-0.001926185612305526,0.04
1,252,-0.015365266804076162,0.04
1,253,-0.002344817578398327,0.07
1,254,-0.00258050890300224,0.01
1,255,0.006047615098823875,-0.08
1,256,-0.0010057251909720876,0.04
1,257,0.004970359672602415,-0.05
1,258,0.002757955644781149,-0.03
1,259,-0.0003590089508726988,0.01
1,260,-0.0028603982658181827,0.02
1,261,0.005778850443195667,0.04
1,262,-0.007286510327337685,0.12
1,263,-0.00407398083971115,0.01
1,264,-0.008658689823306214,0.05
1,265,0.0018049347481833991,0.02
1,266,0.002470766767444149,-0.0
1,267,0.0067871556037676015,0.0
1,268,0.01693038011354052,-0.06
1,269,-0.002939333278895589,-0.01
1,270,-0.00834443224897834,0.1
1,271,-0.004119191883633864,0.05
1,272,0.0029934166101709056,-0.0
1,273,-0.01199665933724479,0.08
1,274,0.0017970408087450635,0.01
1,275,0.005568260998804606,-0.04
1,276,-0.000591228544790102,-0.07
1,277,-0.002065210724735355,0.04
1,278,-0.0020006836820982534,-0.02
1,279,0.00143458055035858,0.05
1,280,-0.0044866287163290285,0.06
1,281,-0.004420653602858142,-0.02
1,282,-0.006950251749732659,0.02
1,283,-0.01792184735839802,-0.03
1,284,-0.0003241708516716277,-0.19
1,285,0.0052762560618271805,-0.01
1,286,0.004180475445889374,0.08
1,287,0.002132545918798873,0.07
1,288,-0.003106305144156291,-0.04
1,289,-0.01058052331407257,0.01
1,290,0.00986954825875495,-0.11
1,291,-6.946419331760589e-05,0.02
1,292,-0.00035717085933010363,-0.1
1,293,-0.004246297619099146,0.08
1,294,-0.012781994218835632,-0.02
1,295,0.003459324915627356,-0.0
1,296,0.005683872502154376,0.06
1,297,0.0014209568851620653,-0.02
1,298,0.010640329827648306,-0.03
1,299,0.0007001760955551526,-0.01
1,300,0.007569407734262035,0.02
1,301,-0.0018538698507480154,-0.0
1,302,-0.0015039511379205967,-0.0
1,303,0.005508929808307771,-0.01
1,304,0.00017744093635184443,0.04
1,305,0.00036861802739544174,0.01
1,306,0.005605624968124079,-0.09
1,307,-0.0034958348560074634,0.04
1,308,0.0007664357772083388,0.02
1,309,-0.004178859941513547,0.02
1,310,-0.00040580822222993483,0.04
1,311,0.0034421223665523906,-0.06
1,312,-0.0008262155631943071,0.06
1,313,0.0007230655785930329,-0.01
1,314,0.0003790950258890465,0.02
1,315,0.0017760170395946016,-0.05
1,316,-6.301305122342299e-05,-0.05
1,317,-8.202017859251751e-05,0.01
1,318,0.009368481470909221,-0.11
1,319,-0.0007284896716485254,0.01
1,320,-0.005831230608344998,0.03
1,321,-0.004746953771570489,0.08
1,322,0.002088730818461143,0.01
1,323,-0.0001590611999992867,0.03
1,324,0.003436793326274785,-0.06
1,325,0.001821288437537007,-0.04
1,326,0.004443547966645178,-0.1
1,327,-0.003972415343926566,-0.01
1,328,0.003876864016001219,-0.05
1,329,-0.0001043350152199049,0.06
1,330,0.005150713929761726,0.02
1,331,0.012181275162213255,-0.19
1,332,0.0051911956169104065,0.04
1,333,-0.0004991631405717935,-0.01
1,334,0.0006508954441900483,0.01
1,335,-0.0021070401459978134,0.05
1,336,0.002733418104495499,0.04
1,337,0.0004990689177803674,-0.01
1,338,0.0018242038799334414,-0.1
1,339,0.0040626125237293795,-0.06
1,340,0.0014214535047471846,-0.05
1,341,-0.006757254437749507,0.03
1,342,0.0015549409953880893,0.01
1,343,0.004850564495754966,-0.1
1,344,0.004008298908660076,-0.0
1,345,0.002503262860377699,-0.01
1,346,-0.008827514475240179,-0.09
1,347,0.007510706095765165,-0.02
1,348,-0.0034347927748481694,0.01
1,349,-0.001030563321516881,0.07
1,350,0.0004379151054120515,0.06
1,351,0.0008719875260011712,0.05
1,352,0.0008295238043415345,0.06
1,353,0.0005174424246015382,0.05
1,354,-0.007195159152743363,0.03
1,355,0.0021277337878744763,-0.08
1,356,-0.00011840229216912002,-0.06
1,357,0.0010329354862526536,-0.04
1,358,0.005782409871633027,-0.1
1,359,-0.0021085428340622213,0.0
1,360,0.007209061390301737,-0.04
1,361,0.00024245310906830962,0.07
1,362,0.0012602631838510635,-0.0
1,363,-0.0021872770092702253,0.04
1,364,0.0012373638015293926,0.05
1,365,0.0006426631043937273,-0.0
1,366,0.01014534934634295,-0.12
1,367,0.0045737491536004815,-0.04
1,368,0.0014900765833227862,0.11
1,369,-0.0014918322073813241,-0.0
1,370,-0.0016926862135201333,0.02
1,371,-0.0030207972141365275,0.02
1,372,0.002148215521274781,-0.06
1,373,0.0071027325704828975,-0.02
1,374,0.0005776035375403824,-0.0
1,375,0.0009275940750702423,-0.03
1,376,0.0006894334512247725,0.02
1,377,0.001127469092029892,0.01
1,378,-0.002786415954095698,-0.03
1,379,0.003312928894803625,-0.03
1,380,0.00405611754319425,-0.03
1,381,-0.006132528511469111,0.01
1,382,-0.0014345873176732718,-0.0
1,383,-0.000845182038897342,0.02
1,384,0.0007614777095626489,-0.04
1,385,0.0064254613837335835,-0.01
1,386,0.008697965182984095,-0.0
1,387,-0.0013653793751256696,-0.0
1,388,0.0010067217529949395,-0.0
1,389,0.001574993040416606,0.03
1,390,0.0022489305181287397,0.03
1,391,-0.0009430042147853961,0.02
1,392,0.0011647219323740194,-0.05
1,393,0.011022002587262748,-0.08
1,394,4.7314467600884284e-05,-0.11
1,395,-0.000698020496442851,-0.16
1,396,0.007323708844860245,0.01
1,397,-0.0006896797524618496,-0.09
1,398,0.0015222614039273332,0.05
1,399,-9.348163078517172e-05,0.02
1,400,0.0020739270208652363,-0.01
1,401,0.00411689122683964,-0.05
1,402,0.0007392468410818865,-0.05
1,403,-0.0022244417201967657,-0.04
1,404,-0.014195272747855162,0.08
1,405,-0.0002305130441141854,-0.0
1,406,0.008463619779385274,0.02
1,407,0.00945425513808713,-0.06
1,408,4.2686419760797326e-05,-0.13
1,409,4.985390900319838e-05,-0.05
1,410,-0.00937289073322875,0.01
1,411,-0.0002264978951328482,-0.1
1,412,0.018854930837387065,-0.0
1,413,0.000228206302472564,-0.1
1,414,-0.0019296272460168436,-0.1
1,415,0.0058942252806959035,-0.02
1,416,6.248752829943854e-05,-0.0
1,417,-0.0045958107133861935,0.12
1,418,-0.0017524664086037574,0.02
1,419,-0.008368613459156394,0.18
1,420,0.0056515665180422855,-0.03
1,421,0.0097427155489488,-0.23
1,422,0.0007745588744819699,0.01
1,423,0.0010229889285922596,0.03
1,424,0.0052101780420963344,0.03
1,425,0.009993207996705923,-0.08
1,426,-0.0003843973814179464,0.03
1,427,-0.0017556746597045532,-0.03
1,428,0.0129679092343414,-0.09
1,429,-0.0025255706965813156,0.02
1,430,-0.009893512177917615,0.05
1,431,-0.003126709612808225,0.04
1,432,0.004302553571018425,-0.05
1,433,-0.0017737282730329825,0.18
1,434,0.0015542724848144473,-0.07
1,435,0.0044515292745429145,-0.0
1,436,0.0003966035498179155,-0.02
1,437,0.012408394705040774,-0.14
1,438,0.004070075603727352,-0.01
1,439,0.0015471881941590319,0.0
1,440,-0.00436582322843581,0.05
1,441,0.01087841492803868,0.01
1,442,-0.0001301737361379149,-0.01
1,443,-0.0020767535829059073,0.06
1,444,0.0049163899331403785,0.07
1,445,-0.0076708275183274225,0.03
1,446,-0.01338541454108271,0.18
1,447,0.0045592737411393625,-0.0
1,448,0.00014528433198894081,0.1
1,449,0.005423465846655804,-0.07
1,450,0.00796435881360638,-0.03
1,451,0.0010095876499484973,0.05
1,452,0.006437924513426712,-0.05
1,453,-0.00420791560506984,0.06
1,454,-0.0016335746032163753,-0.04
1,455,-0.004471679679715302,0.05
1,456,-0.0014350939075884537,-0.06
1,457,-0.0001954661562454526,0.09
1,458,0.0004202362957783107,-0.03
1,459,0.0019863563429827293,-0.02
1,460,0.0005770436889350715,-0.01
1,461,-0.0012705363147330576,-0.0
1,462,-0.0040350327409925425,0.04
1,463,-0.004389506087334274,0.08
1,464,0.008303173454482324,-0.0
1,465,-0.0020632248848210036,-0.02
1,466,0.0025883191519605673,-0.03
1,467,-0.0016426185211350225,0.03
1,468,0.00024023999944804342,-0.0
1,469,-0.0019509596644329231,-0.03
1,470,0.0026368732154721684,0.03
1,471,-0.004284807990638476,0.03
1,472,0.0006237635962100675,-0.1
1,473,-0.004241129069153095,0.03
1,474,0.0004117716744770722,-0.1
1,475,0.004755534603601094,-0.12
1,476,-0.0023038792433335395,-0.04
1,477,0.001483073239313109,0.02
1,478,0.0017131863152244015,-0.03
1,479,0.0016375887982377903,-0.05
1,480,0.003687837646029985,-0.06
1,481,0.009475039059503601,-0.04
1,482,0.0019106039276218885,-0.01
1,483,0.0002116754630161432,0.04
1,484,0.004320531493966548,0.03
1,485,0.002205660892873145,-0.0
1,486,0.004902256956376409,-0.08
1,487,0.0038773064047880976,0.02
1,488,0.008505808122110024,-0.1
1,489,-0.0004120306397729531,0.03
1,490,-0.0010026166494509067,0.06
1,491,0.002570050457027596,-0.03
1,492,0.004332069374544993,-0.04
1,493,-0.006572215373051766,0.11
1,494,-0.0024188367429536484,0.04
1,495,0.00013913938758376427,0.01
1,496,-0.0007180708199637693,0.02
1,497,-0.0007056208431557246,0.02
1,498,0.008428658018604934,-0.02
1,499,-0.0026527102456681793,-0.11
1,500,-0.004453512136297492,-0.02
1,501,0.001111363411020865,-0.02
1,502,-0.001375339582524918,-0.01
1,503,0.0021340669393487173,-0.06
1,504,-0.00013797196754808627,-0.0
1,505,0.003413425289250218,0.02
1,506,0.006420552220206844,-0.02
1,507,0.002359051350374869,-0.1
1,508,-0.0025148522118361638,0.0
1,509,0.006424051491134991,0.0
1,510,0.0010871565425976907,0.02
1,511,0.005639637437088767,-0.01
1,512,-0.005265261682169685,0.06
1,513,-0.004020227182282158,0.03
1,514,0.0024591550055225327,-0.05
1,515,-0.0069213204524203095,-0.02
1,516,-0.009959279730367133,0.06
1,517,0.005083866902587891,-0.01
1,518,0.006101105420353684,-0.01
1,519,-0.0030958393405479804,-0.01
1,520,0.004655690143102268,-0.05
1,521,0.009421418211975443,-0.06
1,522,0.0014666681409685153,0.02
1,523,-0.0036020198105987367,0.02
1,524,-0.003582210191565448,0.03
1,525,0.009154479425893473,-0.07
1,526,0.002702776178557486,0.05
1,527,-0.0007918612397425187,0.03
1,528,-0.0008901473419263427,-0.02
1,529,-0.0050676717142014716,-0.01
1,530,0.007778176803912843,0.03
1,531,0.005728180361961731,-0.07
1,532,0.004433175186117953,-0.01
1,533,-0.00562063104089206,0.01
1,534,0.005742733776700497,-0.01
1,535,-0.0030576596190347682,0.01
1,536,0.002662463178278348,-0.02
1,537,0.002204470461372752,-0.03
1,538,0.008655797117105353,0.0
1,539,0.0018513006535611492,-0.03
1,540,-0.003772930064070075,-0.09
1,541,0.0026288740977611406,-0.05
1,542,0.01087620425880902,-0.08
1,543,0.006558534622379402,0.02
1,544,0.004051459913645289,0.02
1,545,-0.006288737386950758,0.05
1,546,0.002147885198017404,0.01
1,547,0.003003382192098216,-0.02
1,548,-0.0010518993200469317,0.01
1,549,0.00511529541601485,0.02
1,550,-0.0076553541784476885,0.0
1,551,-0.0009879499884984893,0.01
1,552,-0.015674904105163593,0.1
1,553,0.008566633758245134,-0.04
1,554,-0.009680713865690803,-0.05
1,555,0.007516528685232833,0.01
1,556,0.002306909744201222,-0.06
1,557,0.0038495204733263156,-0.02
1,558,0.0007183663902070125,-0.03
1,559,-0.0007625144299317389,-0.03
1,560,0.0030332502744767472,-0.05
1,561,0.00787054813106315,0.02
1,562,0.0008588591488658393,-0.02
1,563,-0.005766773535419472,0.07
1,564,-0.0015278163734810295,0.04
1,565,0.002803946191526677,-0.01
1,566,-0.014574253190064248,0.02
1,567,-0.018033616962020053,0.1
1,568,0.007091319299523589,-0.02
1,569,-0.0015775022330804908,-0.03
1,570,-0.0032767018666559292,-0.08
1,571,0.0032329112885518146,-0.05
1,572,0.005893830630201572,0.01
1,573,0.002713610059436665,0.07
1,574,-0.001202326352560153,0.05
1,575,0.011764366097022031,-0.04
1,576,-0.004720729612779755,0.08
1,577,0.007237421593290535,-0.05
1,578,0.004323855766259365,0.04
1,579,0.009149129052445467,-0.06
1,580,0.009207511467178929,-0.03
1,581,0.003762027819734091,0.03
1,582,-0.004067526485545851,0.03
1,583,0.008557186490030686,0.04
1,584,0.007634541863492814,-0.02
1,585,0.005585980430903185,-0.02
1,586,0.009579175016322798,0.0
1,587,0.00033570702296154237,0.0
1,588,0.007769570340113677,-0.05
1,589,-0.0014446104652938395,-0.03
1,590,-0.007522466991925246,0.04
1,591,-0.006711626746470651,0.08
1,592,-0.005236179993036178,0.06
1,593,-0.011276195995355327,0.25
1,594,0.011702305559781238,-0.03
1,595,0.016683184721738378,-0.06
1,596,0.0003625073094186989,0.05
1,597,-0.013074675732050428,0.04
1,598,-0.004939700288501907,0.05
1,599,-0.004128933501199468,0.05
1,600,-0.006755791087192193,0.02
1,601,0.00628079821672451,-0.14
1,602,0.00996139436601211,-0.07
1,603,0.0077216810840659905,0.04
1,604,-0.005737309090221555,0.09
1,605,0.0026468673314613356,0.02
1,606,-0.030949945894984923,0.34
1,607,0.010300547782927601,-0.08
1,608,-0.004642432480982384,0.03
1,609,0.0022020053043985506,-0.01
1,610,0.0035954864269868558,0.01
1,611,0.0008995901315132799,0.1
1,612,0.01740285159542052,-0.03
1,613,-0.0014138883747208297,-0.02
1,614,-0.0026951999754904255,-0.07
1,615,-0.0011537222800742778,-0.06
1,616,0.0022151301599774896,0.04
1,617,-0.0009588019759715144,-0.06
1,618,0.0044488176490750314,-0.01
1,619,-0.006205251262079986,0.09
1,620,-7.35143839293093e-06,0.07
1,621,-0.005293935433419484,-0.07
1,622,0.012841073880006302,-0.03
1,623,0.002113016055487724,-0.06
1,624,0.0008595418145624103,0.02
1,625,-5.092262002087304e-05,0.06
1,626,-0.01766226937657437,0.3
1,627,-0.0032196408960414842,-0.07
1,628,-0.013511287497086851,0.07
1,629,-0.003516591669530971,0.05
1,630,0.008842346219234682,-0.16
1,631,0.00924371546477827,-0.05
1,632,0.0038669048662961143,0.01
1,633,-0.005350022538658362,0.04
1,634,0.0030169189143626155,0.06
1,635,0.002302092188322355,-0.05
1,636,0.004407921334141107,-0.05
1,637,0.005729331957803975,0.04
1,638,-0.001984317702221341,0.05
1,639,0.004347734354460793,-0.01
1,640,0.0008457352062439137,-0.02
1,641,0.0011439329651050719,0.05
1,642,-6.397575955039076e-05,0.07
1,643,0.0006726261874803524,0.02
1,644,-0.017341250777404796,0.17
1,645,-0.0027293724060364253,0.05
1,646,-0.0011401334813073572,-0.04
1,647,-0.003924563938940362,0.01
1,648,0.010349844983233387,-0.09
1,649,0.0010400608134146336,0.06
1,650,0.010350135938008688,-0.09
1,651,0.014456216888315923,-0.03
1,652,0.006214919473806991,-0.06
1,653,-7.385266769033887e-05,-0.01
1,654,-0.0008731999393717424,0.05
1,655,0.006174932592549739,-0.05
1,656,0.006252012933432854,-0.03
1,657,-0.0005552312034713539,0.03
1,658,0.008705696301110942,-0.02
1,659,-0.0034337993586645733,0.05
1,660,0.0036550570043019487,-0.03
1,661,-0.009231803430552354,0.02
1,662,-0.006341638648552335,0.1
1,663,0.0053666687389248464,0.01
1,664,-0.003946879589285857,0.07
1,665,-0.0019764442702671758,0.02
1,666,0.007201619570126076,-0.01
1,667,0.008722990154065555,-0.04
1,668,-0.007884975880315928,-0.06
1,669,0.00037052793631743173,0.17
1,670,-0.0015299681568976256,0.04
1,671,-0.0018018050737293723,0.02
1,672,-0.0028456809120179084,0.04
1,673,-0.0015898643974624764,-0.02
1,674,-0.0032814360270020833,-0.06
1,675,-0.0011303913904042308,-0.05
1,676,-0.004677998709742204,0.03
1,677,-7.894043479059662e-05,0.03
1,678,0.0003072410529570304,0.02
1,679,0.007225521455776798,-0.02
1,680,0.002942237210990457,-0.02
1,681,-0.0005047393424280527,-0.03
1,682,-0.006280988334373088,-0.0
1,683,0.006356956489340943,-0.08
1,684,0.0031920267884059184,-0.1
1,685,0.007943326070529933,0.01
1,686,-0.003355547566786317,0.06
1,687,-0.0020115359692739186,-0.02
1,688,-0.022145670928789277,0.28
1,689,-0.0076195977756455,-0.01
1,690,0.003392205678945392,-0.05
1,691,0.0019394039979733523,-0.05
1,692,-0.015936936504389196,-0.05
1,693,0.0007865704966953334,-0.05
1,694,-0.025336068159163817,0.04
1,695,-0.0022174601816583902,-0.05
1,696,0.009152908316802485,-0.01
1,697,0.015001285335461488,-0.11
1,698,-0.007699525951204189,0.06
1,699,-0.007714655668875683,0.06
1,700,-0.01120941846734621,-0.04
1,701,-0.00040528851033370315,0.07
1,702,0.007321730265798294,-0.0
1,703,0.007534251214460662,-0.02
1,704,-0.007703538372639078,0.08
1,705,0.006747251566331468,-0.04
1,706,0.007426165120512628,-0.09
1,707,0.015589531136734962,-0.15
1,708,0.01891466500875141,-0.14
1,709,-0.0034655856353982364,0.02
1,710,0.00327119855053956,0.01
1,711,0.0027260059788345226,0.01
1,712,-0.002343721703734857,0.01
1,713,-0.0008654686087474595,-0.06
1,714,0.0055166115737814506,-0.01
1,715,-0.00830031878063316,0.08
1,716,0.0029136558912604828,0.01
1,717,0.00030623429844600327,0.04
1,718,0.004553202245300445,-0.06
1,719,0.002114735540231656,0.03
1,720,-0.0012645032277514066,-0.0
1,721,-0.0010071944752302697,0.02
1,722,0.008379956535252649,0.01
1,723,-0.005543655929644372,0.1
1,724,-0.004736817084063821,0.08
1,725,-0.002440242131719291,0.01
1,726,-0.011195952379287671,0.07
1,727,-0.00813654174594317,0.1
1,728,0.004288692533054321,-0.04
1,729,0.0015106834271179943,0.02
1,730,-0.009358360315491396,0.04
1,731,0.00946031318730983,-0.04
1,732,0.012346178021647787,-0.04
1,733,1.4739164952029848e-05,0.04
1,734,0.0052309188789992165,-0.0
1,735,0.005763607783953012,-0.06
1,736,0.014017096616179536,-0.14
1,737,0.005119688676003213,-0.01
1,738,-0.0016172499952618441,0.08
1,739,-0.0023356411992207925,0.02
1,740,0.0020388413854306726,0.04
1,741,0.005844716707910563,-0.02
1,742,-0.0008195949070896486,-0.02
1,743,-0.0012507569695055021,-0.06
1,744,0.000345645405805286,-0.06
1,745,-1.420174368351673e-05,-0.05
1,746,0.0004138194850268716,0.02
1,747,0.0016505895869298275,0.04
1,748,0.002566975712319431,-0.07
1,749,0.007213890871818079,-0.04
1,750,-0.0017092688685341722,-0.0
1,751,0.012559281037595337,-0.13
1,752,0.0026455068602273014,0.05
1,753,-0.0039843749730523745,-0.0
1,754,-0.005601127729447909,0.02
1,755,-0.003149669237778556,0.06
1,756,0.00877094672877012,-0.06
1,757,0.0027059324359050476,0.01
1,758,0.0033662121886841568,-0.06
1,759,0.005518812341393214,-0.01
1,760,-0.0014452318354002797,0.02
1,761,-0.004705829159057196,0.04
1,762,0.0010360889846559068,-0.0
1,763,-0.006947813428045665,0.01
1,764,-0.0018992776735324277,-0.03
1,765,-0.005226159269969481,0.02
1,766,0.005931459339201868,-0.16
1,767,-0.0008266603716402525,-0.0
1,768,0.006192465468447995,-0.03
1,769,-0.0021339653480617294,0.01
1,770,0.0042451080253925475,-0.02
1,771,0.010475963176175685,-0.08
1,772,0.014657197630257279,0.02
1,773,0.004213647619628466,-0.04
1,774,0.004285609799766666,0.03
1,775,0.001909468593838989,0.01
1,776,0.006530177364102682,-0.05
1,777,0.002386634003291647,0.04
1,778,-0.0009495083321688156,0.01
1,779,0.007219637673449361,-0.03
1,780,0.0020752536804990646,-0.03
1,781,-0.0015117038544950757,0.01
1,782,0.00801625434866477,-0.0
1,783,0.01117885251410782,-0.02
1,784,-0.0015023979131405971,-0.0
1,785,-0.0013387283501805438,0.01
1,786,0.002688381445049291,-0.08
1,787,-0.0007562597439970799,0.02
1,788,-0.0107741130734036,-0.02
1,789,-0.004338521252853512,0.05
1,790,-0.0010862200512065272,0.11
1,791,-0.006455115915670432,0.04
1,792,0.013725390445475714,-0.05
1,793,-0.003045752367209567,0.02
1,794,-0.00919807921379535,0.15
1,795,-0.015408542355034926,0.02
1,796,-0.0010356181775727595,-0.07
1,797,-0.010398835364644407,0.06
1,798,0.007177894444534967,0.03
1,799,0.007558466694115414,0.04
1,800,0.01936800944940414,-0.1
1,801,0.0041822326945422225,-0.01
1,802,-0.002574033354514066,-0.01
1,803,0.00543736907776814,0.02
1,804,0.006168669528604816,-0.01
1,805,0.0013246385046176076,-0.05
1,806,-0.003834165352978859,0.01
1,807,-0.017406436114244885,0.12
1,808,-0.005041851004072406,0.11
1,809,0.015075635351071679,-0.02
1,810,-0.0005686411220067193,0.02
1,811,0.007433503408445445,0.03
1,812,-0.006328915350687927,0.03
1,813,0.008554657397519372,-0.08
1,814,0.006322574820567484,0.11
1,815,6.326850304367097e-05,-0.0
1,816,0.012490014593235836,-0.1
1,817,-0.002229746547831007,0.0
1,818,0.003261605518923776,0.04
1,819,0.00836316462380963,-0.01
1,820,0.004294323484964062,0.04
1,821,-0.01098722530413104,0.04
1,822,-0.009099434272766372,0.04
1,823,-0.0071285609268454215,0.05
1,824,-0.00014573686887722322,-0.05
1,825,0.009891961702611996,-0.01
1,826,0.015150141529082459,-0.02
1,827,0.0025141558049997874,-0.08
1,828,0.0007196344764605475,-0.06
1,829,0.0032272764483846973,-0.02
1,830,-0.014167773114570573,0.02
1,831,0.002389834112419199,0.02
1,832,0.012018268812333364,-0.06
1,833,-0.0053917527289113545,0.0
1,834,0.005153618618718375,-0.0
1,835,0.016816991387035005,-0.04
1,836,0.011355594688063249,-0.07
1,837,-0.004096882347121387,-0.04
1,838,0.009717776293487631,0.0
1,839,-0.004702885898039412,0.02
1,840,-0.012170923077696849,0.08
1,841,-0.001312529784877772,-0.02
1,842,0.01042883332696334,0.03
1,843,0.0022543762629281326,0.01
1,844,-0.007813943698320122,0.16
1,845,-0.013208233891318078,0.02
1,846,-0.005369961780459786,-0.02
1,847,0.005588582467848696,0.02
1,848,-0.005539678058985293,0.02
1,849,0.013915773090317175,-0.0
1,850,-0.004375434022583603,0.02
1,851,0.01377895199625043,0.0
1,852,-0.004084189597056291,0.02
1,853,0.007943162977362549,-0.05
1,854,0.010759084616758672,-0.01
1,855,-0.003008090665965517,0.01
1,856,-0.008788491064289002,0.03
1,857,-0.018310761916638527,0.12
1,858,0.004499749047449993,-0.01
1,859,0.0032213499692168644,0.01
1,860,-0.007400604787081785,-0.0
1,861,-0.0050131543274741334,0.02
1,862,-0.003952003494554748,0.01
1,863,0.0018543278877733705,-0.01
1,864,0.008670268530506169,-0.02
1,865,-0.002150315444721161,0.03
1,866,0.001790481466849762,0.05
1,867,-0.021002459682603582,0.1
1,868,-0.021695869194235898,0.02
1,869,0.0035187567584143912,-0.02
1,870,-0.012865080971795785,-0.02
1,871,0.0005010671173029803,-0.02
1,872,0.010208190596285624,0.06
1,873,0.005625634298741063,-0.05
1,874,0.005175448973341615,0.04
1,875,-0.007198488842194504,-0.0
1,876,-0.002793520695569476,-0.0
1,877,-0.027380638882707028,0.07
1,878,0.008249951617644732,-0.0
1,879,0.014447329800258748,-0.1
1,880,0.011466410119494373,0.02
1,881,-0.002409869535300792,-0.04
1,882,0.005901412158132084,-0.02
1,883,-0.007581569891259398,0.03
1,884,0.01876129566355027,-0.03
1,885,-0.0012401858047351609,0.05
1,886,-0.0031486182264218844,0.04
1,887,-0.007488981661616441,0.01
1,888,0.009797048914657503,-0.02
1,889,0.027240763209639328,-0.15
1,890,0.009342017459145426,-0.05
1,891,-0.003544403517078775,-0.03
1,892,0.018131722812916983,-0.01
1,893,0.021255307867083535,-0.01
1,894,-0.00300282967483739,0.0
1,895,-0.014729969260034228,0.09
1,896,0.00580155076987115,-0.04
1,897,0.005516097161917651,-0.05
1,898,0.015659070239701076,-0.02
1,899,-0.005335943504485531,0.06
1,900,0.003364904400071256,-0.03
1,901,-0.014399487274010721,0.03
1,902,0.0041730880512098915,0.01
1,903,0.010038726642428584,-0.01
1,904,-0.0030022609127731913,0.04
1,905,-0.004499571125622949,0.02
1,906,0.013633808932801347,-0.02
1,907,0.003274740305950441,0.05
1,908,-0.0030425184627997704,0.01
1,909,-0.003740095883034673,-0.05
1,910,0.005000066216823942,-0.08
1,911,-0.0021290751691230183,-0.01
1,912,-0.0010973652648284256,-0.03
1,913,-0.006309268258108406,-0.01
1,914,0.0037565925034382212,-0.0
1,915,0.01716650924876063,-0.11
1,916,0.005737083918715047,0.04
1,917,0.00279003000244639,0.02
1,918,0.005180649672828922,-0.01
1,919,0.01600512882842332,-0.08
1,920,0.011192029245393045,-0.05
1,921,0.0007682856700747306,-0.03
1,922,0.0006196713529077008,0.03
1,923,-0.006004026915599462,-0.03
1,924,0.009986882621318674,0.0
1,925,0.0005523383379524569,-0.03
1,926,-0.022404526313366164,0.03
1,927,0.020302373706629524,0.02
1,928,-0.008419412192311904,0.03
1,929,-0.005796466499617988,0.05
1,930,0.004628102100451594,-0.04
1,931,-0.002349681811663557,0.05
1,932,0.006998006810074031,-0.06
1,933,0.01460323742806926,-0.03
1,934,0.014351769723829259,-0.11
1,935,-0.005244847250834248,-0.04
1,936,0.007208081428871447,-0.0
1,937,-0.012094526570538246,-0.02
1,938,0.006740605131832794,0.01
1,939,0.0031769821743218313,-0.03
1,940,0.001782837109680628,0.03
1,941,0.008047767462296098,0.0
1,942,0.011633331227206556,-0.06
1,943,-0.005477956410222986,-0.01
1,944,-0.01739239695315726,0.05
1,945,-0.0026103458202163432,0.03
1,946,0.023279776484837766,-0.12
1,947,0.0028205396999869286,-0.01
1,948,0.003945289064850217,0.02
1,949,-0.0015418009783064299,0.02
1,950,-0.0023686273196111664,-0.02
1,951,0.00633355524862747,-0.05
1,952,0.010467465709909347,-0.06
1,953,0.0022240432729945673,-0.03
1,954,-0.007678425366412582,0.18
1,955,0.003378101863863984,0.03
1,956,0.0021020803742511983,-0.0
1,957,0.008479520403210402,-0.02
1,958,-0.009596523390820257,0.03
1,959,-0.018627107873206743,0.14
1,960,0.0035784974154576227,-0.02
1,961,-0.01119862321197958,0.03
1,962,-0.00487609703740694,-0.03
1,963,0.0028052026164627963,-0.09
1,964,-0.02590367455240887,0.0
1,965,0.013012596791873412,-0.06
1,966,0.014833887410694262,-0.0
1,967,0.01418234357663775,0.03
1,968,-0.015282142941453152,0.06
1,969,-0.0016376135159896206,0.08
1,970,-0.0035105846055030233,0.01
1,971,-0.007753886811371917,-0.01
1,972,0.0007468251284650065,0.0
1,973,-0.010933314028659583,-0.08
1,974,-0.0045210470371492935,0.04
1,975,0.0312303701655977,-0.03
1,976,0.00022749135519404683,0.02
1,977,0.0033777948501942335,-0.0
1,978,-0.00172371004361386,0.04
1,979,0.002262396337651803,-0.04
1,980,0.002518504233713656,0.01
1,981,-0.01575028269096177,0.03
1,982,-0.006998249863899119,0.02
1,983,0.01248302891831816,-0.1
1,984,-0.004539893361561267,-0.01
1,985,0.028146011008885693,-0.17
1,986,-0.002848795614896034,-0.01
1,987,0.004946748539117134,0.01
1,988,0.0032810299483121003,-0.02
1,989,0.005143970771924698,-0.03
1,990,-0.003673076731241294,0.04
1,991,-0.007736023961733513,-0.06
1,992,-0.0070189263687542745,0.09
1,993,0.007848110629493808,-0.05
1,994,0.008481824949107809,0.02
1,995,-0.0063862123984477805,0.02
1,996,0.008710980832895518,-0.08
1,997,0.005133992887129418,-0.03
1,998,0.005204068048478955,0.0
1,999,0.007943722845632335,-0.05
1,1000,0.010772276824601225,-0.02
1,1001,-0.00964534417853555,0.14
1,1002,-0.003387755260718484,0.01
1,1003,-0.0037599706016930227,0.06
1,1004,-0.004849838729035204,0.03
1,1005,-0.010787501758968157,-0.01
1,1006,-0.011688326107208902,0.08
1,1007,0.012364124522005313,-0.02
1,1008,0.017514484934195697,-0.01
1,1009,-0.00395217022980229,-0.02
1,1010,-0.018485122115448362,-0.08
1,1011,-0.009446035310589525,-0.03
1,1012,-0.06878041830804457,-0.1
1,1013,0.051225909267303936,0.07
1,1014,-0.002939660999360664,-0.07
1,1015,-0.01690240655160552,-0.07
1,1016,0.012144437722607735,-0.0
1,1017,0.026547012273764978,0.07
1,1018,0.0018974189370501108,0.04
1,1019,0.0022510480957611033,0.0
1,1020,-0.005010865573256187,-0.05
1,1021,-0.01156172637107194,-0.0
1,1022,-0.006836012440454161,0.01
1,1023,0.01178122890456995,-0.02
1,1024,0.012762805344376014,-0.01
1,1025,0.019537313664029776,-0.01
1,1026,-0.008455194412019616,0.0
1,1027,0.0069394373092493645,-0.03
1,1028,0.01530403251099562,0.02
1,1029,0.00436334621647506,-0.02
1,1030,-0.017177973420673894,0.04
1,1031,0.00430144364857804,-0.01
1,1032,0.0007918787773925089,0.01
1,1033,0.003807469095356841,0.0
1,1034,0.0205724242553214,0.0
1,1035,-0.00314490580761889,-0.0
1,1036,0.005223494125813548,-0.03
1,1037,-0.0036633610188498084,0.01
1,1038,0.011070620942610463,0.08
1,1039,-0.0014226156894880805,0.04
1,1040,-0.006778686283561197,-0.01
1,1041,-0.006248440514565149,-0.05
1,1042,-0.015223009649670237,-0.08
1,1043,-0.0016677296882972891,-0.08
1,1044,0.010711916075563623,0.04
1,1045,0.004922533638842505,-0.01
1,1046,-0.002533128296041309,0.04
1,1047,-0.010750007294643763,-0.05
1,1048,-0.008933746645641078,-0.04
1,1049,0.007361193227461355,0.0
1,1050,-0.01546507693956334,0.01
1,1051,-0.007023011547957112,0.03
1,1052,0.004122500668104434,-0.01
1,1053,0.01805497119201168,0.01
1,1054,0.01838078440656223,0.04
1,1055,-0.00022131837745163939,-0.05
1,1056,0.004867184643005359,-0.08
1,1057,0.0021243998342625955,-0.15
1,1058,-0.010697603430246224,-0.03
1,1059,-0.0026845343792254186,0.06
1,1060,-0.008149669889803972,-0.06
1,1061,-0.029709186987289537,-0.09
1,1062,0.012616954434032206,-0.01
1,1063,0.013872630755446412,0.02
1,1064,0.006192867658330235,0.04
1,1065,-0.007752227712861967,0.03
1,1066,0.011307285181511457,0.06
1,1067,0.017808580231329564,0.03
1,1068,-0.008280707368175839,-0.03
1,1069,-0.007937379452838116,0.02
1,1070,-0.00570486813005488,0.14
1,1071,-0.0006942807387063905,-0.07
1,1072,0.012687003513428372,0.07
1,1073,0.008706733879762922,-0.01
1,1074,0.008222030732029087,-0.11
1,1075,-0.005259469588322995,-0.05
1,1076,0.021658352657307454,0.04
1,1077,0.004622186954009964,-0.01
1,1078,0.0006288521418047026,0.01
1,1079,-0.0032468395390043464,0.05
1,1080,0.008870592970951408,0.0
1,1081,-0.0018996985670781904,0.03
1,1082,0.008358786627380793,-0.01
1,1083,0.0008141388808030276,-0.11
1,1084,0.004149946010775252,-0.01
1,1085,-0.003925665741611516,-0.03
1,1086,0.0026302413456693475,-0.05
1,1087,0.00921598642948798,0.05
1,1088,-0.0037951782288868914,0.02
1,1089,0.005676309284025643,0.03
1,1090,0.0038362686511219262,0.04
1,1091,-0.007365702272006828,0.11
1,1092,0.012053586098960194,-0.06
1,1093,0.005578356699639622,0.02
1,1094,0.0005003802405686918,-0.03
1,1095,-0.0018207046063787812,0.1
1,1096,0.004427651763421086,0.05
1,1097,-0.004653479628027585,-0.01
1,1098,-0.01172998234033347,0.02
1,1099,0.0200687569496057,-0.05
1,1100,-0.0030860700893539997,-0.06
1,1101,0.011291204723522233,0.0
1,1102,0.003982448582241225,-0.04
1,1103,0.0014805611544529361,-0.07
1,1104,-0.0011184514790153408,0.02
1,1105,0.009992575578657098,-0.04
1,1106,0.0009663044686845457,0.02
1,1107,0.004675921146832012,0.02
1,1108,0.004185477176252543,0.0
1,1109,0.008614367397269262,-0.01
1,1110,-0.0033477960412818817,0.0
1,1111,0.009113288725476839,0.01
1,1112,-0.0034374336301270176,0.06
1,1113,-0.001027495100464798,0.04
1,1114,-0.004737960578183205,-0.0
1,1115,-0.0016954609245545768,0.04
1,1116,0.007382121607704297,-0.05
1,1117,0.005843467133487887,-0.05
1,1118,0.010636192422765476,-0.06
1,1119,0.0025336531816932645,-0.09
1,1120,-0.0012548908909129507,0.04
1,1121,-0.010625981323863876,0.02
1,1122,-0.0071515020719823226,0.05
1,1123,0.008193376794261232,0.01
1,1124,-0.0009279952811915707,0.07
1,1125,0.005535033221337266,-0.03
1,1126,0.0032072981493864823,-0.03
1,1127,-0.00996488864806331,-0.01
1,1128,0.01309243677599533,-0.0
1,1129,0.0009528386454005068,0.06
1,1130,0.002536429920964137,0.03
1,1131,0.00361155133333036,-0.0
1,1132,-0.009926990253740236,0.01
1,1133,-0.0014849735177812206,-0.0
1,1134,0.008797938074103114,0.01
1,1135,0.015592181318137567,-0.13
1,1136,0.008315746321084729,-0.01
1,1137,0.0009381195579706419,-0.0
1,1138,-0.005833936211159261,0.03
1,1139,-0.00947165460298398,-0.03
1,1140,-0.008933282921443995,0.0
1,1141,0.01181647797930309,0.04
1,1142,-0.0013652539340254233,0.08
1,1143,0.008435622263067075,-0.09
1,1144,0.002848027972548057,-0.06
1,1145,-0.0009723268147013013,0.03
1,1146,-0.007852079927804276,0.01
1,1147,-0.002527755570198994,-0.04
1,1148,0.003519733516617059,0.01
1,1149,0.008647534504231443,-0.04
1,1150,-0.0038505284722122374,0.04
1,1151,-0.00358605146934453,-0.01
1,1152,-0.014867473297857259,-0.05
1,1153,-0.0016814864249234745,-0.03
1,1154,0.004388624172577975,0.02
1,1155,-0.006127119900639539,-0.02
1,1156,0.00017462162111690926,-0.03
1,1157,0.00207131288998601,0.03
1,1158,-0.009476155426226006,0.01
1,1159,0.011173080929483045,0.02
1,1160,0.017252918954760433,-0.01
1,1161,0.0016225081776055923,0.0
1,1162,0.00244234551846326,0.01
1,1163,-0.005421422311169292,-0.08
1,1164,-0.016019016378097644,-0.07
1,1165,0.004058494739195917,-0.01
1,1166,-0.020056013826449188,-0.05
1,1167,0.010000198504969136,0.07
1,1168,0.01801022469853154,0.09
1,1169,-0.0006757759919493279,-0.04
1,1170,-0.005305305908420106,-0.03
1,1171,0.00235216288084795,-0.01
1,1172,0.014848023063322857,-0.01
1,1173,0.012216168266674729,0.01
1,1174,-0.0031147891551017584,0.0
1,1175,0.0034955408151054503,0.0
1,1176,0.004932267254519204,0.01
1,1177,-0.004185294873481192,-0.03
1,1178,0.012972036645319674,-0.0
1,1179,-0.0019386867239568348,-0.02
1,1180,0.009498724984093572,-0.03
1,1181,-0.0022742538495306394,0.03
1,1182,0.009996892276983086,0.01
1,1183,-0.0065760749689593384,-0.02
1,1184,0.005144866206778214,0.01
1,1185,0.0006945263316004077,0.04
1,1186,0.010700630464660663,0.03
1,1187,-0.0023667902142302543,-0.01
1,1188,0.007593269060376977,0.02
1,1189,0.002331792419445699,0.01
1,1190,-0.002262309423256135,-0.03
1,1191,-0.0162030075676003,-0.03
1,1192,-0.0008880978511931662,0.01
1,1193,-0.020972113693287574,-0.01
1,1194,0.0008403133967962038,0.0
1,1195,0.005771156056625625,0.02
1,1196,-0.015121338426805759,0.03
1,1197,-0.004509468047790078,0.02
1,1198,0.01598734089300186,-0.02
1,1199,-0.019731021492320113,0.0
1,1200,-0.007466412183324149,-0.04
1,1201,-0.03651070080781379,-0.03
1,1202,0.008835317878507967,-0.0
1,1203,0.0073075682032056645,0.01
1,1204,-0.00018801483412924237,-0.04
1,1205,-0.005860670469129513,0.01
1,1206,-0.01335458512777131,-0.04
1,1207,0.01428218978283285,0.03
1,1208,-0.008606598776680373,0.04
1,1209,-0.011631874353490074,-0.04
1,1210,0.01966394789028746,0.0
1,1211,0.016228642249755156,0.01
1,1212,-0.0028360848254525986,0.01
1,1213,-0.005937797891885242,-0.04
1,1214,-0.009397995663111391,-0.06
1,1215,0.006457971351433765,-0.02
1,1216,0.004155095518570084,-0.05
1,1217,-0.008079875571419896,0.01
1,1218,-0.0384220389813529,-0.14
1,1219,-0.014701874221969157,-0.03
1,1220,-0.06805997969037879,-0.04
1,1221,0.03857819987453564,-0.0
1,1222,-0.003982444067407304,0.05
1,1223,-0.00818191816068164,-0.07
1,1224,-0.00862932181057975,-0.01
1,1225,0.05108081988461932,0.02
1,1226,-0.017170785207838244,-0.09
1,1227,-0.026141810361494603,-0.19
1,1228,0.029488856300836815,0.09
1,1229,0.020937885371573428,0.02
1,1230,0.00802365724358236,0.03
1,1231,0.007518106339037964,-0.02
1,1232,-0.025430679805564474,-0.08
1,1233,0.0010984196685367511,-0.1
1,1234,0.003600229056196153,-0.01
1,1235,0.006101935576277535,0.04
1,1236,0.035612491703804004,-0.04
1,1237,-0.021976544922014944,-0.05
1,1238,0.0020786863437469993,-0.04
1,1239,0.0037239278671849776,0.01
1,1240,0.0003457880881121097,-0.02
1,1241,-0.03062088637422161,-0.15
1,1242,-0.0303822783050112,-0.11
1,1243,0.01658566368821889,-0.02
1,1244,-0.014100818995477814,-0.15
1,1245,-0.0039954304625278575,0.08
1,1246,-0.014248257104087505,0.1
1,1247,-0.01151806835851136,0.22
1,1248,0.026069107181122386,0.21
1,1249,0.0109120313122295,-0.15
1,1250,0.04191325699662687,0.0
1,1251,0.008572764351260056,-0.14
1,1252,0.005724022895637898,0.03
1,1253,0.001484914343526151,0.1
1,1254,0.005443540609646823,0.02
1,1255,0.00819914710334873,0.03
1,1256,-0.007335593302166373,0.08
1,1257,0.001548323666747109,0.03
1,1258,-0.006636928636331288,-0.1
1,1259,0.0024044887382353402,-0.03
2,0,0.005982,0.03
2,1,0.011417,-0.01
2,2,-0.01282,-0.08
2,3,0.022513,0.06
2,4,0.00822,0.06
2,5,0.0112,0.01
2,6,-0.001049,0.05
2,7,-0.006922,-0.05
2,8,-0.004159,0.0
2,9,6.4e-05,-0.09
2,10,0.022023,0.05
2,11,-0.004796,-0.05
2,12,0.006051,0.04
2,13,-0.001269,-0.04
2,14,-0.003704,-0.08
2,15,0.005483,0.0
2,16,-0.005967,-0.07
2,17,-0.028179,-0.07
2,18,-0.005379,0.02
2,19,-0.004024,-0.06
2,20,0.00012,-0.1
2,21,0.012192,0.06
2,22,0.001483,0.0
2,23,-0.016935,-0.06
2,24,-0.003663,0.04
2,25,-0.00404,-0.02
2,26,-0.014512,-0.1
2,27,0.003289,0.04
2,28,-0.007685,-0.04
2,29,0.016587,0.16
2,30,-0.014719,-0.12
2,31,0.000391,-0.07
2,32,0.029505,0.11
2,33,0.009081,0.05
2,34,0.013219,0.09
2,35,-0.011471,-0.11
2,36,0.006439,0.05
2,37,0.004832,0.11
2,38,0.004863,0.04
2,39,0.011131,-0.07
2,40,-0.000713,-0.06
2,41,0.003541,0.06
2,42,-0.000364,0.03
2,43,0.000827,-0.02
2,44,0.01521,-0.03
2,45,-0.002564,-0.11
2,46,-0.004825,-0.05
2,47,-0.008331,0.0
2,48,0.021194,0.06
2,49,-0.005667,-0.08
2,50,0.00485,-0.06
2,51,-0.002588,0.04
2,52,-0.003084,0.01
2,53,0.004416,0.01
2,54,-0.008035,-0.04
2,55,0.020861,0.0
2,56,-0.000672,-0.09
2,57,-0.001647,0.0
2,58,0.006122,0.0
2,59,0.007121,0.02
2,60,-0.003641,0.06
2,61,0.002028,0.07
2,62,0.007244,-0.07
2,63,-0.015877,-0.02
2,64,0.010524,0.01
2,65,0.001774,0.06
2,66,0.002389,0.02
2,67,0.002147,0.0
2,68,1.7e-05,0.08
2,69,-0.002691,0.08
2,70,0.001125,-0.06
2,71,-0.000439,-0.06
2,72,0.000947,0.03
2,73,0.007759,-0.03
2,74,0.003678,0.04
2,75,0.019283,-0.14
2,76,0.003923,0.05
2,77,-0.002121,0.02
2,78,-0.008052,0.12
2,79,0.004376,-0.07
2,80,-0.001217,0.16
2,81,-0.016205,-0.07
2,82,0.000212,0.04
2,83,0.015357,0.01
2,84,0.00254,-0.02
2,85,-0.001575,-0.08
2,86,-0.014284,-0.03
2,87,0.014923,0.16
2,88,-0.007469,-0.06
2,89,-0.001379,-0.03
2,90,-0.00607,-0.03
2,91,0.021617,0.16
2,92,0.012818,0.04
2,93,0.002603,0.02
2,94,-0.001298,-0.08
2,95,0.000515,0.2
2,96,0.003702,0.11
2,97,0.003843,-0.03
2,98,0.006002,0.09
2,99,4.8e-05,-0.03
2,100,0.000911,0.2
2,101,-0.005122,0.04
2,102,0.006185,-0.06
2,103,0.000837,-0.14
2,104,0.002548,0.03
2,105,0.00603,-0.01
2,106,0.00338,0.01
2,107,-0.001644,0.05
2,108,0.000613,-0.05
2,109,0.000771,0.14
2,110,0.001009,-0.15
2,111,-0.001508,0.03
2,112,-0.000191,-0.08
2,113,0.011315,0.06
2,114,-0.001313,0.0
2,115,0.005007,0.14
2,116,-0.002123,-0.06
2,117,-0.001845,-0.1
2,118,-0.001376,-0.02
2,119,0.003725,0.05
2,120,0.009008,0.03
2,121,-0.001711,-0.06
2,122,0.007385,0.01
2,123,0.001376,0.04
2,124,-0.010116,-0.02
2,125,-0.001295,0.1
2,126,0.002414,-0.03
2,127,0.005836,-0.01
2,128,0.000263,-0.08
2,129,0.004221,0.1
2,130,0.002244,-0.03
2,131,-0.017852,-0.06
2,132,0.007663,0.06
2,133,0.016694,0.06
2,134,-0.002723,0.04
2,135,0.002354,0.06
2,136,0.002884,0.1
2,137,0.00624,0.0
2,138,0.004185,0.07
2,139,-0.002786,-0.1
2,140,0.00075,0.05
2,141,0.005507,-0.06
2,142,0.002385,-0.02
2,143,-0.003235,-0.01
2,144,0.006257,0.01
2,145,0.003076,-0.04
2,146,0.001925,0.01
2,147,-0.020529,-0.13
2,148,-0.006112,0.03
2,149,-0.000994,-0.03
2,150,0.01055,-0.04
2,151,0.005561,0.0
2,152,-0.01574,-0.01
2,153,0.001615,0.05
2,154,0.017219,0.12
2,155,-0.007378,-0.09
2,156,-0.008341,0.02
2,157,0.008923,0.05
2,158,-0.001362,-0.08
2,159,-0.018871,-0.11
2,160,0.00708,0.03
2,161,-0.006049,-0.04
2,162,-0.0112,-0.03
2,163,-0.019495,-0.11
2,164,0.013398,0.03
2,165,0.00431,0.03
2,166,0.014986,0.06
2,167,-0.003551,0.0
2,168,0.002914,0.02
2,169,0.009341,0.06
2,170,0.003161,0.04
2,171,-0.002748,0.01
2,172,0.00706,0.03
2,173,0.006685,-0.03
2,174,-0.001829,0.0
2,175,0.004963,-0.01
2,176,0.000345,-0.01
2,177,-0.00018,0.05
2,178,0.002184,0.06
2,179,-0.00152,0.02
2,180,-0.004004,0.01
2,181,-0.002793,0.0
2,182,-0.007777,-0.07
2,183,0.00019,-0.03
2,184,8.4e-05,0.02
2,185,0.003925,-0.08
2,186,-0.011018,-0.03
2,187,0.005731,-0.01
2,188,0.013515,0.04
2,189,0.005277,-0.01
2,190,-0.001593,-0.03
2,191,0.00898,-0.05
2,192,0.00625,0.05
2,193,0.003555,-0.05
2,194,0.002301,-0.02
2,195,-0.001753,-0.01
2,196,-0.003379,-0.03
2,197,-0.006855,-0.03
2,198,-0.00907,-0.07
2,199,0.00382,0.01
2,200,0.004544,-0.02
2,201,0.008074,0.06
2,202,-0.011111,-0.04
2,203,0.004895,0.03
2,204,-0.008067,-0.04
2,205,-0.006204,-0.03
2,206,-0.000369,-0.03
2,207,0.008804,0.06
2,208,0.002178,-0.01
2,209,-0.007688,-0.02
2,210,-0.011926,-0.02
2,211,-0.000827,-0.01
2,212,0.003183,0.01
2,213,0.003953,-0.06
2,214,0.004081,0.0
2,215,0.010593,-0.02
2,216,-0.022785,-0.09
2,217,-0.001225,0.08
2,218,-0.009734,-0.05
2,219,-0.01076,0.02
2,220,-0.000956,0.0
2,221,-0.004187,-0.03
2,222,0.007378,0.03
2,223,-0.01398,-0.02
2,224,0.000669,0.01
2,225,0.012612,0.11
2,226,-0.017432,-0.13
2,227,0.001754,-0.05
2,228,0.003045,0.01
2,229,0.005395,0.03
2,230,0.013423,0.02
2,231,-0.006468,0.02
2,232,-0.002828,-0.08
2,233,-0.011726,-0.05
2,234,0.009184,0.07
2,235,0.012944,0.1
2,236,0.008283,0.09
2,237,0.010119,0.04
2,238,0.01441,0.04
2,239,-0.001336,-0.06
2,240,0.001002,-0.04
2,241,0.010454,0.05
2,242,-0.006961,-0.14
2,243,-0.01809,-0.09
2,244,-0.004434,-0.02
2,245,0.003106,0.0
2,246,-0.006716,0.06
2,247,0.005554,-0.04
2,248,-0.00813,0.0
2,249,0.016309,-0.03
2,250,-0.000671,0.05
2,251,0.013546,0.07
2,252,0.000908,-0.04
2,253,-0.005643,0.04
2,254,-0.004105,-0.04
2,255,-0.020309,0.02
2,256,-0.003234,-0.03
2,257,-0.006451,-0.16
2,258,-0.004132,-0.05
2,259,-0.025557,-0.11
2,260,0.005016,-0.02
2,261,-0.04782,-0.17
2,262,-0.000575,0.11
2,263,-0.066634,-0.18
2,264,0.047407,-0.2
2,265,-0.044152,-0.03
2,266,0.04629,0.17
2,267,0.005262,-0.1
2,268,0.021785,0.05
2,269,-0.009739,-0.06
2,270,0.000947,-0.06
2,271,-0.044594,-0.09
2,272,-0.015009,-0.01
2,273,0.000258,0.03
2,274,0.034285,0.05
2,275,0.01312,0.14
2,276,-0.015566,-0.06
2,277,0.015122,-0.04
2,278,0.02828,0.09
2,279,0.002347,-0.09
2,280,0.004922,0.04
2,281,-0.011871,-0.08
2,282,-0.025282,-0.13
2,283,-0.007436,-0.04
2,284,0.028646,0.07
2,285,-0.010612,-0.05
2,286,-0.026705,-0.07
2,287,0.006966,0.01
2,288,0.00912,0.06
2,289,0.01348,0.03
2,290,0.017187,0.06
2,291,0.005707,-0.01
2,292,-0.009803,-0.11
2,293,-0.001661,-0.02
2,294,-0.02939,-0.07
2,295,-0.031883,-0.16
2,296,0.006082,0.12
2,297,0.023336,0.07
2,298,0.010688,0.09
2,299,-0.020691,0.03
2,300,0.008114,-0.04
2,301,-0.024974,-0.07
2,302,-0.028451,-0.12
2,303,0.022488,0.01
2,304,0.017866,0.11
2,305,0.018304,0.09
2,306,-0.008163,0.09
2,307,0.009795,0.06
2,308,-0.002974,-0.05
2,309,0.01738,0.07
2,310,-0.01937,-0.08
2,311,0.020419,0.01
2,312,-0.012649,-0.01
2,313,0.004554,0.02
2,314,0.018809,0.03
2,315,0.012873,0.02
2,316,-0.020045,-0.11
2,317,0.010537,0.09
2,318,0.034291,0.19
2,319,0.000389,-0.08
2,320,-0.024738,-0.17
2,321,-0.027942,-0.16
2,322,0.016105,0.02
2,323,0.018782,0.06
2,324,-0.00628,-0.03
2,325,0.006296,-0.02
2,326,0.011736,0.06
2,327,-0.036695,-0.1
2,328,0.008624,0.04
2,329,0.004817,0.02
2,330,-0.016616,-0.05
2,331,-0.0168,-0.05
2,332,-0.000395,0.05
2,333,-0.018648,-0.04
2,334,-0.004141,-0.03
2,335,-0.022095,-0.05
2,336,-0.002686,0.08
2,337,0.02924,0.0
2,338,0.002214,0.03
2,339,0.043315,0.08
2,340,-0.001909,0.03
2,341,-0.000241,-0.06
2,342,0.010287,-0.01
2,343,0.001106,0.04
2,344,0.002018,-0.06
2,345,-0.021142,-0.03
2,346,0.016883,0.08
2,347,-0.014914,-0.04
2,348,-0.008686,-0.07
2,349,-0.011348,-0.04
2,350,0.003243,0.0
2,351,0.003216,-0.06
2,352,-0.011733,-0.04
2,353,0.029825,0.12
2,354,0.00195,0.04
2,355,0.008266,-0.01
2,356,0.009035,0.06
2,357,7.9e-05,-0.01
2,358,-0.012478,-0.09
2,359,0.010707,-0.02
2,360,-0.004291,-0.02
2,361,0.015474,0.08
2,362,0.000188,0.03
2,363,0.002944,0.02
2,364,-0.002537,-0.04
2,365,0.002262,0.0
2,366,0.008886,0.02
2,367,0.00031,-0.07
2,368,0.002337,0.01
2,369,-0.004948,-0.05
2,370,0.003553,-0.02
2,371,0.011108,0.05
2,372,0.004939,0.09
2,373,0.000669,0.04
2,374,0.000471,0.04
2,375,-0.001026,-0.01
2,376,0.008679,-0.07
2,377,-0.005754,-0.05
2,378,-0.001593,-0.03
2,379,-0.002522,-0.06
2,380,-0.000457,-0.04
2,381,0.0089,0.04
2,382,0.001095,-0.01
2,383,0.014605,0.11
2,384,-0.000424,-0.04
2,385,0.002023,0.07
2,386,0.00216,0.01
2,387,0.001474,0.03
2,388,-0.006886,-0.08
2,389,0.0068,0.03
2,390,-0.00094,-0.07
2,391,-0.005383,0.01
2,392,0.011026,0.06
2,393,0.002349,0.02
2,394,0.00072,0.04
2,395,-0.00334,-0.04
2,396,0.004272,-0.02
2,397,0.001672,-0.01
2,398,0.001355,-0.06
2,399,0.003356,0.02
2,400,-0.004737,0.04
2,401,0.006158,0.05
2,402,-0.003246,-0.04
2,403,-0.00387,0.01
2,404,-0.01537,-0.04
2,405,0.006901,0.02
2,406,0.009818,0.05
2,407,0.003631,0.01
2,408,0.00016,0.0
2,409,0.018132,0.1
2,410,-0.001196,0.15
2,411,0.005967,0.0
2,412,0.001119,0.02
2,413,0.003974,0.08
2,414,-0.003001,-0.01
2,415,-0.001871,-0.07
2,416,-0.007207,-0.02
2,417,0.003109,-0.04
2,418,0.013886,0.01
2,419,-0.002817,-0.06
2,420,-0.004942,0.01
2,421,-0.001608,-0.03
2,422,0.003698,0.05
2,423,0.007505,-0.01
2,424,-0.003989,0.08
2,425,-0.010202,-0.05
2,426,-0.000629,-0.06
2,427,-0.011358,-0.13
2,428,-0.017081,-0.05
2,429,0.007449,0.04
2,430,0.013779,0.03
2,431,-0.012475,-0.06
2,432,-0.000504,-0.02
2,433,0.015487,0.03
2,434,-0.004055,-0.03
2,435,-0.005934,-0.02
2,436,0.001169,0.01
2,437,-0.008408,-0.03
2,438,0.00368,0.04
2,439,0.013645,0.01
2,440,0.00668,-0.03
2,441,0.002414,-0.02
2,442,-0.003884,-0.01
2,443,0.005658,0.03
2,444,-0.002497,-0.02
2,445,-0.007659,0.0
2,446,-0.016147,-0.05
2,447,0.000351,0.01
2,448,-0.004279,-0.04
2,449,-0.006702,-0.01
2,450,0.002517,0.02
2,451,-0.003387,-0.05
2,452,-0.011113,-0.06
2,453,-0.005746,-0.02
2,454,-0.004404,0.0
2,455,-0.015051,-0.06
2,456,-0.007388,0.01
2,457,0.016036,0.04
2,458,0.000486,0.04
2,459,0.001694,-0.06
2,460,0.00138,0.04
2,461,-0.002166,-0.02
2,462,0.011079,-0.01
2,463,-0.014335,-0.11
2,464,-0.002277,-0.04
2,465,-0.024643,-0.12
2,466,0.00011,0.06
2,467,0.005727,0.04
2,468,0.023049,0.09
2,469,-0.000106,0.0
2,470,0.008114,-0.01
2,471,-0.01262,-0.05
2,472,0.011651,0.07
2,473,-0.007023,-0.06
2,474,0.010815,0.03
2,475,0.010338,-0.04
2,476,0.001445,-0.01
2,477,0.009816,0.05
2,478,-0.001686,0.01
2,479,-0.022262,-0.02
2,480,0.007175,0.06
2,481,-0.015955,-0.06
2,482,0.004773,0.03
2,483,0.008985,-0.01
2,484,-0.00211,-0.05
2,485,0.02492,0.07
2,486,0.002459,-0.06
2,487,0.006232,0.04
2,488,-0.004687,-0.03
2,489,-0.009433,-0.05
2,490,-0.001639,-0.04
2,491,-0.008126,0.0
2,492,-1.5e-05,0.01
2,493,-0.004987,-0.04
2,494,0.016497,0.02
2,495,-0.002314,-0.02
2,496,0.00741,0.03
2,497,0.006681,-0.01
2,498,0.002717,0.02
2,499,-0.010062,-0.05
2,500,-0.008909,-0.02
2,501,-0.009041,-0.03
2,502,-0.000314,-0.01
2,503,0.016541,0.02
2,504,0.019081,0.13
2,505,-0.000483,-0.05
2,506,-0.004317,-0.02
2,507,-0.0029,0.05
2,508,-0.007504,-0.05
2,509,0.01904,0.09
2,510,0.002329,-0.01
2,511,0.005107,0.07
2,512,0.000621,0.02
2,513,0.000414,0.01
2,514,0.002188,-0.04
2,515,-0.001252,0.0
2,516,-0.000128,0.08
2,517,0.00114,0.07
2,518,0.007101,0.03
2,519,0.001872,-0.02
2,520,-2.1e-05,0.01
2,521,-0.003498,-0.02
2,522,0.000226,-0.09
2,523,-0.008072,-0.03
2,524,0.006455,0.0
2,525,-0.000489,-0.03
2,526,-0.000808,-0.01
2,527,0.000844,0.02
2,528,-0.007806,-0.03
2,529,0.005073,-0.06
2,530,-0.001166,0.02
2,531,-0.001068,0.01
2,532,0.020436,0.08
2,533,0.00405,-0.01
2,534,-0.006148,0.01
2,535,0.003135,0.02
2,536,0.002093,0.07
2,537,0.01631,-0.02
2,538,0.003959,0.13
2,539,-0.003125,-0.03
2,540,-0.00128,-0.03
2,541,0.001185,-0.03
2,542,-0.000541,0.01
2,543,-7.5e-05,-0.03
2,544,-0.002233,-0.03
2,545,-0.010502,-0.04
2,546,-0.005737,-0.06
2,547,0.009649,0.02
2,548,-0.004478,-0.01
2,549,0.002652,-0.01
2,550,0.000872,0.0
2,551,0.003624,0.0
2,552,0.007174,0.06
2,553,-0.000322,0.05
2,554,-0.006188,-0.02
2,555,0.000195,-0.02
2,556,-0.002966,-0.01
2,557,0.008078,0.01
2,558,0.01027,0.05
2,559,0.004117,0.08
2,560,-0.002444,0.03
2,561,-0.016571,-0.07
2,562,0.00044,0.04
2,563,-0.014444,-0.04
2,564,-0.003085,0.01
2,565,0.002996,0.06
2,566,-0.000729,-0.08
2,567,0.000156,-0.06
2,568,0.010927,0.03
2,569,-0.009379,0.0
2,570,0.002164,-0.03
2,571,0.007853,0.06
2,572,-0.023705,-0.1
2,573,-0.012205,-0.06
2,574,0.001699,-0.01
2,575,-0.013852,0.0
2,576,-0.001594,-0.01
2,577,0.00484,0.0
2,578,0.019862,0.03
2,579,0.000663,0.05
2,580,0.00232,0.03
2,581,0.013026,0.01
2,582,-0.00203,-0.04
2,583,-0.005227,-0.02
2,584,0.007856,-0.01
2,585,0.00427,-0.01
2,586,0.000162,0.0
2,587,-0.004745,0.01
2,588,-0.00171,-0.01
2,589,0.001585,-0.02
2,590,0.003307,-0.01
2,591,0.002921,0.05
2,592,0.000338,-0.01
2,593,0.006549,0.03
2,594,0.000448,0.06
2,595,-0.006321,0.02
2,596,-0.004135,-0.02
2,597,0.011871,0.06
2,598,0.011487,0.06
2,599,-0.007589,-0.02
2,600,0.005488,-0.01
2,601,-0.009379,-0.04
2,602,-0.00244,0.02
2,603,-0.004787,-0.02
2,604,-0.001218,-0.03
2,605,-0.01105,-0.01
2,606,0.016942,0.05
2,607,0.025403,0.08
2,608,-0.002086,0.06
2,609,0.004865,0.01
2,610,-0.003123,-0.01
2,611,-0.003242,-0.03
2,612,0.002656,-0.01
2,613,0.007597,0.03
2,614,-4.8e-05,-0.02
2,615,-0.000931,0.0
2,616,0.001129,-0.03
2,617,0.000197,-0.02
2,618,0.005643,0.05
2,619,0.003403,-0.02
2,620,0.004428,-0.01
2,621,0.001507,0.0
2,622,7e-06,0.02
2,623,0.005445,0.1
2,624,-0.00185,0.02
2,625,0.005106,0.03
2,626,-0.0039,0.0
2,627,-0.002563,-0.01
2,628,0.010053,0.02
2,629,-0.011539,-0.04
2,630,0.010416,0.04
2,631,0.000549,-0.04
2,632,-0.001805,-0.01
2,633,0.005658,0.0
2,634,-0.000606,0.0
2,635,0.001595,0.03
2,636,0.000592,0.03
2,637,0.000691,-0.05
2,638,-0.001045,0.01
2,639,0.007337,0.02
2,640,-0.012404,-0.01
2,641,-0.006303,-0.03
2,642,0.008773,-0.02
2,643,-0.01831,-0.09
2,644,0.006109,0.0
2,645,0.012726,0.03
2,646,-0.000864,-0.02
2,647,0.002324,-0.03
2,648,0.004611,0.02
2,649,0.009566,0.02
2,650,0.001085,0.05
2,651,0.001816,0.05
2,652,0.004481,0.06
2,653,0.003249,0.01
2,654,-0.002403,-0.04
2,655,0.001314,0.01
2,656,0.005603,0.0
2,657,-0.001618,-0.03
2,658,-0.00551,-0.05
2,659,-0.002423,-0.04
2,660,0.006697,0.04
2,661,-0.008282,-0.01
2,662,0.007174,-0.02
2,663,-0.00334,0.0
2,664,0.007785,-0.01
2,665,-0.000588,-0.05
2,666,0.004057,0.0
2,667,-0.004474,-0.01
2,668,0.005172,0.02
2,669,-0.010546,-0.05
2,670,0.004048,-0.05
2,671,-0.004295,-0.06
2,672,0.006303,0.04
2,673,0.003544,0.02
2,674,0.012189,0.06
2,675,0.003552,-0.02
2,676,-0.002837,-0.07
2,677,-0.022966,-0.03
2,678,0.014307,0.03
2,679,-0.014328,-0.02
2,680,-0.006701,-0.01
2,681,0.008848,0.01
2,682,0.004662,-0.01
2,683,0.010419,0.02
2,684,6e-06,-0.01
2,685,0.004035,0.01
2,686,-0.001842,-0.04
2,687,0.007186,0.0
2,688,0.002485,0.0
2,689,-0.009308,-0.04
2,690,0.009408,0.0
2,691,0.010535,0.12
2,692,0.001908,0.02
2,693,0.00523,0.02
2,694,0.004139,-0.01
2,695,-0.003687,0.0
2,696,0.004322,0.09
2,697,4.3e-05,0.02
2,698,0.010142,0.04
2,699,0.005114,-0.02
2,700,-0.00501,-0.07
2,701,0.0103,0.08
2,702,-0.000708,0.02
2,703,0.001722,-0.03
2,704,-0.008274,0.09
2,705,-0.002924,-0.01
2,706,-0.000551,-0.01
2,707,0.006341,0.14
2,708,-0.007048,-0.02
2,709,0.00367,0.0
2,710,-0.014307,0.03
2,711,0.005936,-0.03
2,712,-0.005511,0.01
2,713,-0.01378,-0.04
2,714,0.00849,-0.02
2,715,0.012832,0.09
2,716,-0.000347,0.05
2,717,-0.010153,-0.02
2,718,-0.00837,0.05
2,719,0.014784,-0.06
2,720,-0.005885,-0.05
2,721,0.007567,0.05
2,722,0.007791,0.01
2,723,-0.013851,0.13
2,724,-0.02501,0.08
2,725,0.00267,0.11
2,726,-0.012145,0.05
2,727,0.009497,0.03
2,728,0.00959,-0.05
2,729,0.0062,-0.06
2,730,-0.00429,0.03
2,731,0.005404,-0.02
2,732,-0.000545,-0.02
2,733,0.000824,0.04
2,734,0.010202,0.21
2,735,0.005252,-0.08
2,736,0.00723,0.0
2,737,0.000182,0.05
2,738,0.013554,-0.1
2,739,0.003087,0.01
2,740,0.001375,-0.04
2,741,-0.003709,-0.02
2,742,0.002774,-0.03
2,743,0.005033,0.04
2,744,0.00161,-0.06
2,745,0.002033,0.0
2,746,-0.001852,0.03
2,747,-0.003811,0.08
2,748,0.002556,0.0
2,749,0.000828,-0.03
2,750,-0.003736,0.03
2,751,0.000374,0.02
2,752,-0.000136,-0.03
2,753,0.012541,0.14
2,754,0.00164,-0.11
2,755,-0.00148,0.04
2,756,-0.005723,0.0
2,757,-0.003806,-0.06
2,758,0.003885,-0.03
2,759,-0.00357,-0.01
2,760,-0.001153,0.04
2,761,0.002776,0.1
2,762,-0.005177,0.0
2,763,-0.014282,0.06
2,764,-0.003305,0.07
2,765,-0.0059,0.04
2,766,0.003821,-0.06
2,767,-0.00578,0.05
2,768,0.008619,0.03
2,769,0.003947,-0.08
2,770,-0.00404,-0.03
2,771,-0.015874,-0.07
2,772,0.002748,0.06
2,773,0.001963,-0.03
2,774,-0.003174,0.03
2,775,0.004164,0.08
2,776,0.008117,0.04
2,777,0.00121,0.08
2,778,5.4e-05,-0.04
2,779,0.009993,-0.04
2,780,0.007346,0.06
2,781,0.003052,-0.03
2,782,-0.00338,-0.01
2,783,0.002715,-0.02
2,784,0.005693,-0.02
2,785,0.004218,-0.02
2,786,0.012178,-0.17
2,787,-0.001843,0.07
2,788,-0.007217,-0.01
2,789,-0.00472,-0.03
2,790,-0.002597,-0.05
2,791,-0.002739,-0.04
2,792,0.003485,0.03
2,793,-0.004074,-0.02
2,794,-0.006029,0.0
2,795,0.007999,0.02
2,796,-0.000667,-0.03
2,797,-0.008979,-0.01
2,798,0.007053,0.04
2,799,-0.008506,-0.01
2,800,-0.012332,0.01
2,801,0.000574,0.02
2,802,0.02183,0.03
2,803,0.006286,-0.01
2,804,0.013828,-0.06
2,805,0.006744,-0.08
2,806,0.006549,-0.01
2,807,9.2e-05,0.03
2,808,0.005738,-0.09
2,809,-0.004725,-0.03
2,810,0.003258,0.02
2,811,0.004395,0.0
2,812,0.00133,0.01
2,813,0.005584,-0.01
2,814,-0.004876,0.02
2,815,-0.003839,0.02
2,816,0.002903,0.08
2,817,0.003571,-0.02
2,818,-0.002806,0.06
2,819,0.004266,-0.02
2,820,-0.013183,-0.04
2,821,0.013428,0.14
2,822,0.008095,-0.05
2,823,0.004837,-0.06
2,824,0.004222,0.02
2,825,-0.003698,-0.04
2,826,-0.002043,0.04
2,827,-0.003636,0.09
2,828,0.008129,-0.01
2,829,0.004961,-0.04
2,830,-0.001263,-0.01
2,831,0.00015,-0.03
2,832,0.002485,0.03
2,833,-0.000786,0.01
2,834,-0.002719,0.06
2,835,-0.003193,-0.02
2,836,-0.001304,0.05
2,837,-0.00434,0.04
2,838,0.011238,0.0
2,839,0.001817,-0.02
2,840,-0.00318,-0.05
2,841,-0.011317,0.05
2,842,-0.003771,0.03
2,843,-0.000101,-0.01
2,844,0.00632,0.01
2,845,-0.003101,-0.04
2,846,0.016648,0.04
2,847,-0.00058,0.05
2,848,0.004819,-0.05
2,849,0.005318,0.05
2,850,0.002916,0.05
2,851,0.004745,0.01
2,852,-0.000337,0.02
2,853,-0.000179,-0.03
2,854,0.00396,0.05
2,855,-0.008862,-0.04
2,856,-0.000333,0.01
2,857,-0.002512,-0.03
2,858,0.006082,-0.02
2,859,-0.000212,0.05
2,860,0.000348,-0.04
2,861,0.002307,-0.09
2,862,-0.012576,-0.04
2,863,0.010818,0.04
2,864,0.005166,0.02
2,865,-0.001347,-0.04
2,866,-0.003895,-0.02
2,867,0.002774,0.01
2,868,0.000575,0.02
2,869,-0.00889,-0.08
2,870,-0.020875,-0.04
2,871,-0.004876,0.03
2,872,0.006141,-0.01
2,873,-0.010209,-0.08
2,874,0.011267,0.03
2,875,-0.006465,-0.05
2,876,-0.022832,-0.06
2,877,0.007641,0.03
2,878,-0.002028,0.06
2,879,0.01244,0.03
2,880,0.013302,-0.02
2,881,0.001569,-0.01
2,882,0.011062,0.05
2,883,-0.000269,0.05
2,884,0.00581,-0.07
2,885,0.004809,0.02
2,886,0.001158,-0.04
2,887,-0.006524,0.02
2,888,0.006031,0.03
2,889,-0.001919,-0.03
2,890,0.006187,0.02
2,891,-0.001348,-0.05
2,892,2.2e-05,-0.03
2,893,0.004948,-0.02
2,894,0.002783,0.01
2,895,-0.007379,-0.06
2,896,0.015268,0.1
2,897,-5.3e-05,0.0
2,898,0.001718,0.04
2,899,0.000538,0.06
2,900,-0.000463,-0.01
2,901,-0.005082,-0.02
2,902,0.000305,-0.04
2,903,-0.011701,-0.07
2,904,-0.002822,-0.01
2,905,0.009614,0.05
2,906,0.00722,-0.02
2,907,-0.006132,0.1
2,908,0.006041,0.01
2,909,-0.002933,-0.04
2,910,-0.004865,-0.01
2,911,0.004404,0.01
2,912,-0.007,-0.04
2,913,-0.0019,-0.02
2,914,0.00464,0.04
2,915,0.007924,0.0
2,916,0.007039,0.04
2,917,0.002853,0.05
2,918,-0.001126,-0.02
2,919,-0.012537,-0.06
2,920,-0.01075,-0.03
2,921,0.003751,-0.02
2,922,0.010918,0.02
2,923,-0.020885,-0.06
2,924,-0.009487,-0.02
2,925,0.008217,0.02
2,926,0.006757,-0.01
2,927,0.010488,0.01
2,928,0.001364,0.08
2,929,0.003775,0.0
2,930,0.004092,0.0
2,931,-0.002213,-0.03
2,932,0.001717,0.0
2,933,-0.008096,-0.02
2,934,0.003236,0.02
2,935,0.004761,0.01
2,936,0.002992,-0.04
2,937,-0.000143,-0.04
2,938,-0.001348,-0.03
2,939,0.001871,0.03
2,940,-0.008988,-0.02
2,941,0.005616,0.01
2,942,-0.001374,-0.01
2,943,0.001519,0.01
2,944,0.009673,0.04
2,945,0.000422,-0.05
2,946,-0.004701,-0.07
2,947,-0.009362,-0.04
2,948,0.003747,0.02
2,949,0.003845,0.02
2,950,-0.006498,-0.02
2,951,0.008116,0.02
2,952,0.002362,0.02
2,953,0.004248,-0.02
2,954,0.005988,-0.02
2,955,-0.001114,-0.08
2,956,0.005367,0.01
2,957,0.001844,0.03
2,958,0.000728,0.06
2,959,-0.000379,0.06
2,960,0.001892,0.01
2,961,0.006525,-0.02
2,962,0.004628,0.01
2,963,0.000939,0.02
2,964,-0.000246,0.02
2,965,-0.003537,0.01
2,966,-0.007089,-0.07
2,967,0.003135,0.02
2,968,0.000837,0.01
2,969,0.002173,0.05
2,970,0.007719,-0.05
2,971,0.001277,0.03
2,972,0.00173,-0.01
2,973,-0.000132,0.0
2,974,-0.006435,-0.04
2,975,0.004897,-0.02
2,976,-0.001179,-0.04
2,977,0.001911,0.01
2,978,-0.000372,-0.01
2,979,0.006678,0.05
2,980,0.000659,0.06
2,981,0.00548,0.01
2,982,-0.003924,-0.02
2,983,-0.007049,-0.05
2,984,0.004644,-0.01
2,985,-0.004131,-0.02
2,986,0.001471,-0.02
2,987,0.004844,0.02
2,988,-0.001932,0.01
2,989,0.004201,-0.01
2,990,-0.011834,-0.08
2,991,0.010265,0.03
2,992,-0.00232,-0.01
2,993,0.005016,-0.01
2,994,0.001754,0.0
2,995,0.000488,0.04
2,996,-0.004849,-0.04
2,997,0.000288,0.02
2,998,-0.004528,-0.03
2,999,6.1e-05,0.1
2,1000,-0.019999,0.01
2,1001,-0.002859,-0.06
2,1002,0.007189,-0.01
2,1003,-0.009685,-0.02
2,1004,1.6e-05,0.0
2,1005,-0.005557,-0.06
2,1006,0.011531,0.01
2,1007,0.002759,0.0
2,1008,-0.001637,0.02
2,1009,0.006707,-0.03
2,1010,0.004346,-0.03
2,1011,-6.1e-05,-0.06
2,1012,0.008532,0.05
2,1013,0.005001,0.01
2,1014,0.002478,0.03
2,1015,0.00295,-0.02
2,1016,-0.001993,-0.01
2,1017,0.004788,-0.01
2,1018,0.001051,0.0
2,1019,5e-05,-0.02
2,1020,-0.00169,-0.03
2,1021,0.00332,0.01
2,1022,-0.000544,0.07
2,1023,-0.000779,-0.01
2,1024,-0.001534,0.04
2,1025,0.005036,0.01
2,1026,-0.003073,0.02
2,1027,-0.006545,0.02
2,1028,0.003646,0.04
2,1029,0.000882,0.0
2,1030,-0.005963,0.08
2,1031,-0.00071,-0.02
2,1032,0.007484,0.0
2,1033,0.001296,0.02
2,1034,0.004891,0.01
2,1035,-0.000477,-0.04
2,1036,-0.008013,-0.02
2,1037,-0.005776,-0.03
2,1038,0.007832,0.03
2,1039,-0.016169,-0.05
2,1040,0.008576,0.02
2,1041,-0.002547,-0.04
2,1042,-0.002786,0.02
2,1043,-0.013249,-0.1
2,1044,5e-06,0.02
2,1045,0.011166,0.01
2,1046,-0.001565,-0.02
2,1047,-0.015126,-0.07
2,1048,0.017462,-0.01
2,1049,-0.020661,-0.01
2,1050,-0.011451,-0.03
2,1051,-0.0081,-0.06
2,1052,0.000145,0.02
2,1053,0.012884,0.05
2,1054,0.009143,-0.02
2,1055,0.019574,0.03
2,1056,-0.007299,0.02
2,1057,0.012303,0.04
2,1058,0.007053,0.0
2,1059,-0.001502,-0.02
2,1060,0.011939,0.03
2,1061,-0.001385,0.04
2,1062,0.00623,-0.02
2,1063,0.011731,0.03
2,1064,-0.000119,0.01
2,1065,-0.00283,-0.01
2,1066,0.005701,0.01
2,1067,0.003776,0.03
2,1068,0.00035,-0.07
2,1069,0.00312,0.06
2,1070,0.00053,-0.02
2,1071,0.00024,-0.03
2,1072,0.000735,0.02
2,1073,0.005134,-0.02
2,1074,-0.001501,0.04
2,1075,0.001967,-0.02
2,1076,0.005237,-0.03
2,1077,0.002864,-0.01
2,1078,-0.00115,-0.03
2,1079,0.002806,-0.03
2,1080,-0.002542,-0.06
2,1081,-0.006829,0.04
2,1082,0.006384,0.06
2,1083,0.003765,0.01
2,1084,-0.001162,-0.04
2,1085,0.001665,0.06
2,1086,-0.007257,-0.05
2,1087,-0.000238,-0.04
2,1088,-0.016351,-0.04
2,1089,0.004536,0.01
2,1090,-0.016214,-0.09
2,1091,-0.006343,0.02
2,1092,-0.008489,-0.05
2,1093,0.020352,0.07
2,1094,0.024015,0.08
2,1095,0.00457,-0.05
2,1096,0.00381,0.0
2,1097,0.001746,0.09
2,1098,-0.000139,0.01
2,1099,0.00331,-0.02
2,1100,0.000862,-0.03
2,1101,-0.004889,-0.02
2,1102,-0.010311,-0.03
2,1103,-0.00034,-0.05
2,1104,-0.018278,-0.08
2,1105,-0.008893,-0.07
2,1106,0.01163,-0.01
2,1107,0.017888,0.07
2,1108,-0.008404,-0.05
2,1109,-0.008094,-0.06
2,1110,-0.002579,-0.01
2,1111,-0.005813,-0.05
2,1112,-0.009248,-0.09
2,1113,0.013424,0.06
2,1114,0.00155,-0.01
2,1115,0.004732,0.05
2,1116,0.01527,0.03
2,1117,-0.005492,-0.09
2,1118,0.002568,0.02
2,1119,-0.013388,0.0
2,1120,-0.013496,-0.1
2,1121,0.009535,0.04
2,1122,-0.012992,-0.09
2,1123,0.012962,0.0
2,1124,0.014439,0.11
2,1125,-0.004156,0.02
2,1126,0.010291,0.02
2,1127,-0.003418,0.12
2,1128,-0.004247,0.01
2,1129,0.010676,0.05
2,1130,-2.9e-05,-0.01
2,1131,0.009645,-0.01
2,1132,0.004075,0.03
2,1133,0.001598,0.12
2,1134,-0.000314,-0.07
2,1135,-0.001062,0.04
2,1136,0.006126,0.02
2,1137,-0.000303,-0.07
2,1138,0.002759,-0.07
2,1139,-0.000766,-0.03
2,1140,-0.001476,0.07
2,1141,-0.002956,-0.03
2,1142,0.006125,0.08
2,1143,-0.004539,0.04
2,1144,-0.004389,0.0
2,1145,0.001196,-0.01
2,1146,-0.014174,0.13
2,1147,0.003944,-0.04
2,1148,-0.016961,-0.06
2,1149,-0.001918,-0.03
2,1150,0.012601,-0.01
2,1151,-0.006075,0.03
2,1152,0.013534,-0.03
2,1153,-0.00332,-0.04
2,1154,0.012158,-0.13
2,1155,-0.004873,0.05
2,1156,0.009013,-0.05
2,1157,-0.001746,-0.01
2,1158,-0.006139,-0.04
2,1159,-0.014559,0.05
2,1160,-0.002377,0.08
2,1161,0.002369,-0.06
2,1162,0.012237,0.01
2,1163,-0.008796,-0.02
2,1164,-0.003965,-0.07
2,1165,0.00353,0.05
2,1166,0.006609,0.0
2,1167,-0.002062,-0.03
2,1168,0.002683,0.03
2,1169,0.004457,0.05
2,1170,0.005203,-0.01
2,1171,-0.004581,-0.02
2,1172,0.00163,-0.04
2,1173,0.005148,0.01
2,1174,-0.000778,-0.01
2,1175,-0.011311,-0.03
2,1176,0.009235,0.03
2,1177,-0.001481,0.02
2,1178,0.005088,0.07
2,1179,0.002358,-0.03
2,1180,0.002253,-0.03
2,1181,-0.004141,0.01
2,1182,0.002769,0.06
2,1183,-0.00374,0.06
2,1184,-0.010129,-0.01
2,1185,0.010923,0.07
2,1186,0.002941,0.04
2,1187,-0.011837,0.03
2,1188,-0.004456,0.06
2,1189,0.003774,-0.07
2,1190,0.013458,-0.02
2,1191,-0.00509,0.12
2,1192,-0.00295,0.0
2,1193,-0.000305,-0.01
2,1194,0.010779,-0.04
2,1195,0.000768,-0.09
2,1196,0.003048,0.09
2,1197,-0.000643,0.04
2,1198,-0.000931,-0.01
2,1199,0.002338,-0.07
2,1200,-0.002234,0.02
2,1201,-0.010282,-0.07
2,1202,0.009163,0.0
2,1203,-0.001267,-0.01
2,1204,-0.006318,-0.01
2,1205,0.002059,0.07
2,1206,-0.001009,0.08
2,1207,0.002119,0.11
2,1208,-0.008623,-0.07
2,1209,-0.001436,0.1
2,1210,-0.006474,-0.02
2,1211,0.000418,0.03
2,1212,0.012042,0.08
2,1213,0.001739,-0.11
2,1214,-0.006994,0.0
2,1215,-0.004622,-0.03
2,1216,0.00569,-0.04
2,1217,0.00198,0.0
2,1218,0.009903,0.03
2,1219,-0.005304,-0.09
2,1220,0.006095,0.11
2,1221,0.000636,0.05
2,1222,-0.007353,-0.04
2,1223,-0.002974,0.02
2,1224,-0.00039,0.09
2,1225,-0.020866,-0.16
2,1226,0.002658,0.02
2,1227,0.006936,0.08
2,1228,-0.000308,-0.03
2,1229,-0.003862,-0.1
2,1230,0.006081,-0.03
2,1231,-0.016653,-0.05
2,1232,0.002262,0.1
2,1233,0.012338,0.1
2,1234,0.011066,0.02
2,1235,0.004453,-0.03
2,1236,-0.000735,-0.05
2,1237,0.008015,0.0
2,1238,0.001106,-0.02
2,1239,0.000771,0.04
2,1240,-0.004262,-0.03
2,1241,-0.002388,-0.02
2,1242,-0.005676,-0.05
2,1243,-0.010703,-0.01
2,1244,-0.005775,-0.04
2,1245,0.012386,0.03
2,1246,0.007319,0.03
2,1247,2.8e-05,-0.01
2,1248,-0.002272,-0.08
2,1249,-0.002757,-0.04
2,1250,-0.00225,0.07
2,1251,0.003115,0.05
2,1252,-0.007753,-0.05
2,1253,-0.002875,-0.05
2,1254,0.012808,0.06
2,1255,-0.009557,-0.09
2,1256,0.00095,-0.01
2,1257,-0.001275,0.05
2,1258,0.003912,0.01
2,1259,0.005211,-0.04
3,0,-0.002914942391484742,0.03
3,1,0.022498708057149396,-0.1
3,2,0.002165858606796301,-0.0
3,3,0.010210000886348882,-0.09
3,4,-0.00839223516462108,-0.01
3,5,-0.006893584862043077,0.02
3,6,0.009791153616878339,-0.02
3,7,0.017699349894787473,0.01
3,8,0.0025010718488351616,-0.04
3,9,0.01335935077796811,-0.12
3,10,-0.01442700351513468,0.02
3,11,-0.017939939183766757,0.1
3,12,-0.0029366729143085,0.03
3,13,0.007920142366558448,0.01
3,14,-0.008968796443068501,0.04
3,15,0.028600895733026266,-0.14
3,16,-0.004909130575879207,0.06
3,17,-0.004688627584086415,-0.02
3,18,0.002647626370943833,0.04
3,19,0.0029581078833814303,-0.08
3,20,-0.005315207166487318,0.03
3,21,-0.005898383440061557,0.04
3,22,-0.013616142648113927,-0.02
3,23,0.0003826409373117933,-0.04
3,24,0.012971157593106958,-0.03
3,25,9.122165195475364e-05,0.04
3,26,-0.02089377617571273,0.03
3,27,0.002131039414050468,-0.02
3,28,-0.022916352067459088,-0.05
3,29,-0.002261328108851528,-0.12
3,30,0.004363319021809011,0.08
3,31,-0.0008844600248810694,0.06
3,32,-0.010890502996518206,0.08
3,33,0.01120719376296368,-0.07
3,34,2.4823909281123184e-05,0.1
3,35,0.016901394483964164,-0.05
3,36,-0.0025840223270891024,0.07
3,37,0.018544485378759412,0.02
3,38,-0.0059505991395345965,0.01
3,39,0.01390969129767755,-0.01
3,40,-0.020921236665359975,0.05
3,41,-0.0018297140407573312,0.05
3,42,-0.027996910547365222,-0.08
3,43,0.005690420799550421,0.03
3,44,0.00574047268943986,0.06
3,45,0.02214658767866798,0.01
3,46,-0.004463929284172255,0.01
3,47,0.014015484181926888,0.01
3,48,-0.006204198700430497,0.01
3,49,-0.008996450430215276,0.02
3,50,0.011305812413297006,-0.05
3,51,0.035040715779352624,-0.07
3,52,0.015499526025405747,-0.1
3,53,-0.006374851065892239,0.04
3,54,-0.004631664275283326,-0.02
3,55,0.005202160669908499,-0.03
3,56,0.0057961167123240405,-0.06
3,57,0.005565300702888779,-0.03
3,58,0.00494272297744381,0.03
3,59,-0.00883024803316419,0.02
3,60,0.0061706992605466224,0.03
3,61,-0.0014332244906112154,0.01
3,62,0.018540037896285673,0.03
3,63,-0.00646903909660179,0.07
3,64,0.00995203234761132,0.02
3,65,-0.001977464917466564,0.01
3,66,-0.0007041941210763215,0.02
3,67,-0.011299982988442689,-0.01
3,68,0.008845761881006825,0.01
3,69,-0.0002535852226486367,0.03
3,70,-0.006210734691182499,0.09
3,71,-0.013220573124496654,-0.03
3,72,0.006227114033928519,0.03
3,73,0.008019237700774328,0.03
3,74,0.01706524866795015,-0.07
3,75,-0.006889807265327915,-0.01
3,76,-0.009806106916987191,-0.05
3,77,-0.003875770371194387,0.04
3,78,0.003147223030979598,-0.01
3,79,0.006376086277644612,-0.06
3,80,-0.0011561310515903573,0.03
3,81,-0.008544004285534108,0.11
3,82,0.007096989223924274,0.03
3,83,0.003829351991130719,0.06
3,84,0.0014866405818800572,-0.01
3,85,-0.002222147528048936,0.06
3,86,0.010759492523588706,0.02
3,87,0.0015827826140674436,0.01
3,88,0.015379781687706389,0.02
3,89,-0.0008127710172950134,-0.01
3,90,0.0004702640200033309,0.03
3,91,0.00435332076092317,-0.03
3,92,0.0005132615116036738,-0.01
3,93,0.0031181735486969036,0.06
3,94,-0.009605095657689649,0.13
3,95,-0.038105463506589055,-0.09
3,96,0.0019005226687568092,0.13
3,97,0.0009642170662250896,-0.05
3,98,0.026872984921746695,-0.05
3,99,0.011051832545064524,0.05
3,100,-0.012926549422938534,0.1
3,101,-0.004311187943930342,0.05
3,102,0.01229005654348827,-0.09
3,103,0.010722467915035021,0.06
3,104,-0.006914364054127287,0.06
3,105,0.0006297677553685068,-0.02
3,106,-0.003058821279037351,-0.0
3,107,-0.027735428793058955,-0.1
3,108,0.006097582918862071,0.01
3,109,-0.004251892831395748,-0.01
3,110,-0.003940684353669245,-0.01
3,111,-0.02764120152867043,-0.02
3,112,0.02537583835828208,0.02
3,113,0.010580782981810989,-0.06
3,114,-0.0002084786656131358,-0.02
3,115,0.011189248977199352,-0.11
3,116,-0.0003828378322429008,0.04
3,117,-3.700855494779407e-05,0.11
3,118,0.012321524561817648,-0.05
3,119,-0.02080263688446314,-0.03
3,120,0.003552072781700432,0.11
3,121,-0.02096772651184365,-0.04
3,122,0.00211729592409075,-0.07
3,123,0.008748089250606508,-0.0
3,124,-0.010293403480002213,-0.0
3,125,0.00047963132798785834,0.02
3,126,-0.030195057199693467,-0.09
3,127,0.004503987615055252,-0.13
3,128,0.006378881102557626,0.08
3,129,-0.005422816051984986,-0.08
3,130,-0.014826383006458065,-0.0
3,131,0.011164242056356037,0.01
3,132,0.013507208148754285,0.05
3,133,0.009401869721204674,-0.03
3,134,0.0019238519069199331,0.01
3,135,0.019794838594360823,-0.01
3,136,-0.012808010227495467,0.03
3,137,-0.025629281251361036,-0.03
3,138,0.008080919253661398,-0.01
3,139,0.025492191979528837,-0.03
3,140,-0.004769019896137386,0.04
3,141,-0.00829779124062207,-0.03
3,142,-0.01774117224158405,-0.05
3,143,0.024199750215616267,-0.02
3,144,0.04746836801379552,-0.03
3,145,0.004244564820330528,-0.06
3,146,-0.005228092279348933,-0.02
3,147,0.025554545325739173,-0.05
3,148,0.004277088968483976,-0.0
3,149,0.017852047746471398,-0.05
3,150,9.697499615223952e-05,0.12
3,151,-0.002578339578773468,0.01
3,152,-0.010884784911365278,-0.04
3,153,0.0004843741589250837,0.01
3,154,-0.01365158713261569,-0.12
3,155,0.0068604736169084225,-0.03
3,156,0.005041591618907807,-0.03
3,157,-0.007376964015872668,-0.1
3,158,-0.004877315845001261,-0.0
3,159,0.009458425079105591,0.03
3,160,0.009953995259709875,-0.07
3,161,-0.007806799021330456,-0.06
3,162,-0.002597395531509992,0.09
3,163,-0.02221412999563264,0.08
3,164,-0.01807436120672957,-0.03
3,165,-0.05819563261628796,-0.09
3,166,0.03310595509754283,0.16
3,167,0.028679866903563108,0.04
3,168,-0.00980046926595434,-0.06
3,169,0.004856319200075434,-0.0
3,170,-0.0033059815472600527,0.01
3,171,0.03331239756457173,0.14
3,172,-0.011039181171487942,-0.0
3,173,0.002661732124134359,0.09
3,174,-0.008536908632915804,-0.0
3,175,0.010624959956097052,0.06
3,176,-0.014925130852570587,0.03
3,177,-0.021491658338516743,0.08
3,178,-0.003951324050891624,0.06
3,179,0.016366305281656137,0.05
3,180,-0.005935143156366481,0.06
3,181,-0.008704000943129637,-0.04
3,182,-0.02056491554164754,-0.06
3,183,0.018005494680673275,-0.04
3,184,0.009374484978997717,0.08
3,185,0.022156485745768652,-0.04
3,186,0.009341429863078966,-0.04
3,187,-0.012478895894137264,0.05
3,188,-0.007138667430151688,0.08
3,189,-0.021107489364002936,-0.05
3,190,-0.004549453272126194,-0.07
3,191,-0.01925170662185324,0.01
3,192,0.0183866930740755,0.02
3,193,-0.012543959879798066,-0.08
3,194,-0.00266220057610402,-0.06
3,195,0.03226803831968193,0.05
3,196,-0.0014247955803564436,-0.09
3,197,0.01973544691071708,-0.09
3,198,0.019563479492937755,-0.05
3,199,-0.006432357757321185,-0.03
3,200,-0.006774898384557112,0.02
3,201,0.00937753967656873,-0.01
3,202,-0.006723960279667379,-0.0
3,203,-0.003300932441734865,-0.0
3,204,-0.007445655634098928,-0.04
3,205,0.01598311430162548,0.02
3,206,0.0007188830238742346,-0.05
3,207,0.0056259126445634255,-0.01
3,208,-0.009671766381191868,-0.06
3,209,0.014424485239130163,0.01
3,210,-0.006697532080394952,0.03
3,211,0.0020503428089622216,0.08
3,212,-0.01824674258456038,0.01
3,213,-0.007427486851489256,0.07
3,214,0.009625736684136538,-0.08
3,215,-0.0030792449621760954,-0.01
3,216,0.003120189028265554,0.01
3,217,-0.008541646268617765,-0.07
3,218,0.008159309702353379,-0.01
3,219,0.010344167950539357,-0.03
3,220,-0.01584172969931221,-0.01
3,221,0.007225208531032425,0.06
3,222,0.01516583847782404,-0.04
3,223,-0.0022126484255048846,0.03
3,224,0.0035154142762946396,0.02
3,225,0.008205014099908417,0.03
3,226,0.0019781957642632047,-0.08
3,227,0.009280507055837078,0.09
3,228,0.0003665222756912079,0.07
3,229,-0.011124622551656959,-0.01
3,230,-0.007888454086920129,-0.0
3,231,0.009095068248524806,-0.15
3,232,-0.010165898137471555,0.0
3,233,-0.01066253323214104,0.03
3,234,0.00695131453148398,-0.0
3,235,-0.015064827751041588,-0.0
3,236,-0.0019136785073947482,-0.02
3,237,-0.02060684108029497,0.02
3,238,0.007502429754801206,-0.0
3,239,0.005034263112423642,-0.04
3,240,0.00042995254547711307,-0.02
3,241,0.009720250644130776,-0.03
3,242,0.007165869408528521,-0.04
3,243,0.011176831037989558,0.06
3,244,0.0022715821790143293,-0.04
3,245,-0.006798776565654731,-0.12
3,246,-0.008444272478080888,-0.05
3,247,0.00794226913989372,0.03
3,248,0.013399474615023551,-0.01
3,249,-0.004665837323658076,0.03
3,250,-0.0031048813936180573,0.02
3,251,0.01092086851464499,-0.02
3,252,-0.003115628566458215,-0.03
3,253,0.005107918872164063,0.01
3,254,-0.0008152474290411453,-0.01
3,255,0.005366236369959002,-0.05
3,256,0.0016878522966095068,-0.0
3,257,-0.001169524728318993,-0.0
3,258,0.0050890160735715265,0.05
3,259,-0.002816960946265291,0.03
3,260,-0.0048373760207313255,-0.0
3,261,0.009832719139405774,-0.08
3,262,0.002006552256630942,-0.05
3,263,-0.009001879549840892,0.01
3,264,-0.00962827453792278,0.03
3,265,0.006776201983522151,0.04
3,266,-0.005285633740089749,-0.03
3,267,-0.003530230138977735,0.04
3,268,-0.0027821919670346236,0.05
3,269,-0.010284517757213557,0.05
3,270,-0.01444870065158798,0.04
3,271,0.010546654141711307,-0.02
3,272,-0.005709199168124111,0.05
3,273,-0.0015284031851100033,-0.03
3,274,-0.00016054227052415162,-0.03
3,275,-0.0068652286815141135,-0.01
3,276,-0.0081938184765375,-0.03
3,277,-0.00038961118658167426,0.02
3,278,0.02223229935062969,-0.01
3,279,-0.015001358380966242,-0.02
3,280,-0.0001684446581521165,0.03
3,281,-0.006848576671074308,0.04
3,282,0.005539876882534752,0.03
3,283,0.0014536585099188771,-0.03
3,284,-0.018967115375725888,-0.05
3,285,-0.01625428247361817,-0.03
3,286,-0.025669951836470827,-0.04
3,287,0.0334292931866287,-0.0
3,288,0.00031649232784280697,0.01
3,289,-0.01810305051472312,-0.06
3,290,-0.005865828052645841,-0.02
3,291,0.034698312307027815,-0.0
3,292,0.0059626477158974565,-0.02
3,293,-0.001103768264144761,-0.05
3,294,0.0016876065410160585,0.04
3,295,-0.023742344192429425,0.04
3,296,-0.0002080861368556709,0.02
3,297,0.011218616813731049,0.03
3,298,0.013866139416823303,0.02
3,299,0.0221756654872504,0.03
3,300,-0.005829897034294791,-0.03
3,301,0.005272442137097429,-0.0
3,302,-0.0011317793362689845,0.09
3,303,0.0037410359102954802,0.04
3,304,-0.0002529894318450019,-0.0
3,305,-0.015679218434449013,-0.0
3,306,-0.006468279862791288,-0.05
3,307,-0.024338476403597674,-0.0
3,308,-0.010829669450285517,-0.05
3,309,0.023312655016371444,-0.01
3,310,0.0048469385082836715,-0.04
3,311,-0.012679742473215091,-0.04
3,312,-0.0033557543511884684,0.03
3,313,-0.018389107912141014,-0.03
3,314,0.0034258885904925873,-0.01
3,315,-0.01851583241478166,-0.05
3,316,0.014836648510523314,0.01
3,317,0.005351137021984626,0.01
3,318,-0.00964859613165482,-0.05
3,319,0.004771129781831724,-0.04
3,320,-0.02003588367029837,-0.07
3,321,0.00041466895012902166,0.04
3,322,0.007557174900573238,0.01
3,323,0.039076403210069596,-0.1
3,324,-0.01816947805910949,-0.11
3,325,-0.005832014339370241,-0.0
3,326,0.019423639624237776,0.03
3,327,0.007588671424959629,0.02
3,328,-0.006206317500436131,-0.01
3,329,-0.008051866590223408,-0.07
3,330,-0.01398716308898382,-0.06
3,331,-0.02132701694101655,-0.03
3,332,0.007961939508673448,-0.03
3,333,-0.012877197467602075,0.02
3,334,-0.03126388312171319,-0.11
3,335,0.008128453177372368,-0.05
3,336,0.02427469714532963,-0.01
3,337,0.006899803626623219,0.02
3,338,0.010369240495805008,0.07
3,339,0.003996587447748204,0.02
3,340,-0.010498542291123944,-0.01
3,341,-0.027838059720270935,-0.2
3,342,0.050050701706088975,0.22
3,343,-0.010515068877565158,-0.11
3,344,-0.02593540358901627,-0.1
3,345,-0.0019007648287532048,0.01
3,346,0.0037751015137266813,0.04
3,347,0.009515218213681197,0.12
3,348,0.010130751879580598,0.04
3,349,-0.006333233496492245,0.11
3,350,0.006081277809234917,-0.01
3,351,0.0021675246956950524,-0.05
3,352,0.01365767939146587,-0.07
3,353,-0.003986850901923434,0.07
3,354,0.00023043568473399569,0.06
3,355,0.01305629242007824,0.05
3,356,0.002743606356938057,0.03
3,357,-0.004917513117055837,-0.04
3,358,-0.0019160202736547367,-0.0
3,359,0.006795108951936062,0.03
3,360,0.006893982709036264,-0.08
3,361,-0.005670653406430992,-0.05
3,362,0.005588466393762514,-0.09
3,363,-0.017214121292939394,0.07
3,364,0.0034502472730292793,0.01
3,365,-0.0013940617866855473,0.04
3,366,-0.008410488921650113,-0.12
3,367,-0.006129840153210701,-0.0
3,368,-0.012960807684242329,-0.07
3,369,0.01186693414537542,0.02
3,370,-0.00861624493860622,0.02
3,371,-0.0019695059291623073,0.06
3,372,0.008199584025300624,0.06
3,373,-0.019059930067620953,-0.08
3,374,-0.017101635141520126,-0.0
3,375,-0.018439390206686286,0.03
3,376,-0.0019503336654775095,0.01
3,377,-0.00552053132055878,-0.05
3,378,0.01743746662485756,-0.05
3,379,-0.00764998009153726,-0.09
3,380,-0.014323519980521879,-0.04
3,381,0.0010977421891877064,-0.05
3,382,-0.005799819703242621,0.08
3,383,0.005865337076246095,0.03
3,384,0.009965584038440027,0.01
3,385,0.006687994622974919,-0.07
3,386,0.002379458208516718,-0.03
3,387,-0.024414842964555143,0.06
3,388,-0.04313696914312994,-0.03
3,389,0.014729971609855548,0.03
3,390,-0.02564362450244968,-0.11
3,391,0.005786179723354568,-0.03
3,392,-0.01950546460729362,-0.03
3,393,0.017785025238261584,0.04
3,394,-0.024084587685193132,-0.04
3,395,-0.017617770752376038,-0.01
3,396,-0.004064237819488406,-0.04
3,397,0.019788514847315856,0.07
3,398,0.011335043106430052,0.05
3,399,0.025146969682217777,0.15
3,400,-0.024376499695860903,-0.03
3,401,-0.004703030402934849,0.01
3,402,0.010754546962464197,-0.05
3,403,-0.012487926228122555,0.05
3,404,-0.034293720895746005,-0.04
3,405,-0.0028326582568523025,-0.0
3,406,0.04349104947404107,0.04
3,407,-0.01982865013227699,-0.09
3,408,0.00811343283224578,0.04
3,409,0.027169409630667697,0.16
3,410,-0.0020261861954682684,0.03
3,411,0.015052266521222874,0.05
3,412,-0.0034675610940336442,0.11
3,413,0.010195389950695436,-0.07
3,414,0.038648459029568046,-0.07
3,415,0.012403787409476943,0.13
3,416,-0.008560623507707681,0.02
3,417,-0.014821720479435396,-0.09
3,418,-0.01216669280221731,0.02
3,419,0.015908681973478358,0.06
3,420,0.004662369760929942,-0.08
3,421,0.014988235500157711,0.14
3,422,-0.0028398254191656013,0.01
3,423,0.013506482117280878,-0.05
3,424,0.0007097139024466502,0.01
3,425,-0.015223535518183715,-0.09
3,426,0.014273014771390043,-0.01
3,427,-0.002349592273530128,-0.0
3,428,-0.001811610570336976,0.03
3,429,-0.0044636195512786645,-0.04
3,430,-0.0003265544948771433,0.11
3,431,-0.007336356465910326,0.2
3,432,0.0024423372368656926,-0.05
3,433,0.00025706658313973634,0.04
3,434,0.028310381879412327,-0.02
3,435,0.0026773723123510083,-0.02
3,436,0.0026942188125661203,-0.05
3,437,0.01624045948190349,-0.0
3,438,-0.0025604803507231033,0.01
3,439,-0.01541419195811757,-0.01
3,440,0.00318263865716188,0.11
3,441,-0.011864422344000196,-0.0
3,442,-0.007831579761581867,0.02
3,443,-0.015688360258708914,-0.0
3,444,0.006090704776970322,-0.11
3,445,0.0037297228354241396,-0.04
3,446,0.004928317166987479,-0.04
3,447,0.012904980822864464,-0.06
3,448,-0.010566914108394323,-0.02
3,449,0.005461448038856672,0.06
3,450,-0.008178116888304136,-0.06
3,451,0.0011901923983597597,-0.05
3,452,-0.01133492932679171,0.01
3,453,-0.017604099298968518,-0.02
3,454,-0.004611942976422851,0.01
3,455,-0.004944089183802961,-0.0
3,456,0.0033995694228006537,-0.01
3,457,0.008818418973903046,-0.02
3,458,0.011448484123140803,-0.02
3,459,-0.009496152157278727,-0.08
3,460,-0.005384546417432934,0.02
3,461,-0.0013983113652823714,0.08
3,462,-0.004357381108962886,0.02
3,463,0.01253127833631559,0.09
3,464,-0.001482449099784896,0.07
3,465,0.010247106530519164,-0.05
3,466,-0.0018328344050443008,0.04
3,467,-0.012302045420661292,0.03
3,468,-0.023417912971124392,-0.03
3,469,0.006875405380509674,-0.04
3,470,-0.014375479337942235,-0.05
3,471,-0.0014049708399618583,-0.01
3,472,0.023720901229990574,-0.04
3,473,0.006119474152429639,-0.0
3,474,-0.01093268533358277,-0.06
3,475,0.00999419465855656,0.01
3,476,-0.005610825401994028,-0.1
3,477,0.006017537602143032,0.01
3,478,-0.003464244437093534,0.02
3,479,-0.016140745735098744,-0.02
3,480,-0.016280690377977056,-0.0
3,481,0.016026665240281186,0.07
3,482,0.010267872022042353,-0.01
3,483,0.0023613248272930445,-0.06
3,484,-0.0010665740945749,-0.02
3,485,0.005753474532310961,-0.04
3,486,0.0040226923255740265,0.04
3,487,0.003990765749861494,0.06
3,488,-0.005065583880175681,0.03
3,489,-0.011392144109948052,-0.01
3,490,0.003262586968839797,0.01
3,491,-0.017404609610304364,-0.21
3,492,-2.5242151213657366e-05,0.05
3,493,0.005562756283535602,-0.05
3,494,0.000977795421554888,-0.02
3,495,-0.0038778225363299925,-0.0
3,496,-0.007304875394872208,0.03
3,497,0.0030520125428657283,-0.05
3,498,-0.016495216561737105,-0.11
3,499,0.008073798480352633,0.07
3,500,-0.012020833311532947,-0.04
3,501,0.006905322919748858,0.04
3,502,-0.0029118184833753693,-0.02
3,503,0.019782220407439256,0.04
3,504,-0.004900374506579135,0.01
3,505,-0.015011231244921453,-0.09
3,506,-0.01086586078287282,-0.07
3,507,-0.017110869145066536,0.01
3,508,0.0039062283719577344,0.06
3,509,-0.0006070161341569446,0.14
3,510,-0.0011278250457149018,-0.02
3,511,-0.022470314409925904,-0.11
3,512,-0.018703863797132885,-0.06
3,513,0.0061440577132841935,0.04
3,514,-0.0493643104468279,-0.21
3,515,-0.005848351302158283,0.09
3,516,-0.01605995904109223,-0.03
3,517,-0.031150385555048447,0.06
3,518,-0.019090557304139735,-0.05
3,519,0.03898498554413622,0.03
3,520,0.008807389599136479,-0.01
3,521,-0.005152812300608784,-0.07
3,522,0.011415024367866363,-0.07
3,523,0.021935287859615876,0.02
3,524,-0.0023173363360063895,-0.05
3,525,0.012317535562230583,-0.02
3,526,0.020012437037416737,-0.03
3,527,-0.0025679896015308977,0.03
3,528,0.0015572282257878454,-0.01
3,529,0.023047642707293713,-0.01
3,530,0.015273764560699543,0.08
3,531,-0.00524527504959827,-0.01
3,532,-0.0015350179458388307,-0.06
3,533,0.006872090032592902,-0.03
3,534,-0.01866426195581027,-0.0
3,535,-0.007788392418007283,-0.01
3,536,0.004534770501479269,0.05
3,537,0.015302431793050617,-0.0
3,538,-0.004537561507024778,0.03
3,539,0.00043126387819892984,-0.05
3,540,0.013730412402428931,-0.05
3,541,0.004132775142514831,-0.03
3,542,0.013764133115033883,-0.05
3,543,0.0039114277359764416,-0.03
3,544,-0.023531173327422883,-0.03
3,545,-0.017387480789400306,-0.06
3,546,-2.810667102368561e-05,-0.14
3,547,0.02275983026187698,-0.06
3,548,0.0029717306888547767,0.13
3,549,0.014360271640950644,-0.06
3,550,0.014471170182785707,-0.01
3,551,-0.002621236071734001,-0.08
3,552,0.0024115516625654305,0.1
3,553,0.001565634466385233,0.02
3,554,0.0019022870570648135,0.13
3,555,0.0008850727635816871,0.25
3,556,-0.0030037303973923127,0.12
3,557,0.010767555153820408,-0.11
3,558,-0.007221454558971491,0.08
3,559,-0.004852616501123394,0.1
3,560,0.01145632820230737,0.06
3,561,0.006070131353880367,0.01
3,562,-0.00706609499074685,-0.07
3,563,-0.018064944658175448,-0.0
3,564,0.010270977476228809,-0.19
3,565,-0.0006872245644429686,-0.01
3,566,-0.008471117830457415,-0.03
3,567,0.013069778111348676,-0.05
3,568,0.022103498145442633,0.22
3,569,-0.0027134314626785405,0.12
3,570,-0.007527268258168059,0.16
3,571,-0.015760097501252526,-0.03
3,572,-0.0028297077143223724,-0.04
3,573,0.00033319989089388525,-0.11
3,574,-0.015439535014374664,0.11
3,575,0.003398425360927226,0.11
3,576,0.009963175609062142,0.02
3,577,0.007477419703680108,-0.1
3,578,0.0058492616591923775,-0.08
3,579,-0.00823864215700864,-0.0
3,580,0.004242150732578896,0.04
3,581,1.2298139787055896e-05,0.06
3,582,0.004040992074749336,0.04
3,583,0.006786181839112066,-0.09
3,584,0.003593339697826606,0.02
3,585,-0.011103607342487836,-0.08
3,586,0.00574163848550466,0.13
3,587,0.009271837386753867,-0.04
3,588,0.006320091174298936,0.02
3,589,-0.006345802719860095,-0.09
3,590,-0.003587312911939958,0.01
3,591,-0.0047049495267532495,-0.0
3,592,0.0011910617869626005,-0.1
3,593,-0.00942167815755661,-0.08
3,594,-0.006026465785499151,-0.01
3,595,0.00690367014994273,-0.03
3,596,-0.016327657932632134,-0.0
3,597,0.009920051256426714,0.1
3,598,-0.009881587407441843,-0.04
3,599,-0.0073037614584948425,0.02
3,600,0.007820585191682843,0.09
3,601,0.003197577973818235,0.02
3,602,0.0011368232681329973,0.03
3,603,-0.0001237452563414818,0.02
3,604,-0.028398373252344112,-0.1
3,605,0.011627089535152417,-0.0
3,606,0.014819550384990094,0.05
3,607,-0.007063103029739727,-0.05
3,608,-0.024900009887222557,-0.08
3,609,-0.004155209284852305,-0.02
3,610,-0.0057444055433107785,-0.0
3,611,-0.003025248048755597,0.01
3,612,0.014725232820273158,-0.03
3,613,0.014234968055840068,0.01
3,614,-0.003908212649890187,0.06
3,615,0.009806124342009523,0.04
3,616,-0.0018003759918099032,-0.06
3,617,-0.010800307311611074,-0.09
3,618,-0.018780238478087078,0.02
3,619,0.013292598963106441,-0.0
3,620,-0.0155133173490151,-0.0
3,621,0.008081393927930695,-0.04
3,622,0.018116835300189815,0.02
3,623,-6.321168779970596e-05,0.07
3,624,0.00043303778875177727,-0.09
3,625,-0.0029025971365790153,0.04
3,626,0.02264295681675681,0.1
3,627,0.019523720313592285,0.04
3,628,-0.006823507221540952,0.0
3,629,0.014698382331181523,0.04
3,630,-0.004421170900988841,0.16
3,631,0.00569317070269928,0.11
3,632,0.003477094930948334,-0.0
3,633,-0.0023643341604839244,-0.01
3,634,-0.009925873623674964,-0.04
3,635,-0.0007853782650331341,0.12
3,636,0.011588936039665229,-0.05
3,637,-0.0003918374878930495,-0.03
3,638,0.0040027363191379416,0.01
3,639,-0.01582431185318459,0.07
3,640,0.0015652352893611755,-0.01
3,641,-0.004299526674077669,0.01
3,642,-0.014942501062770086,0.01
3,643,0.00597155163746228,-0.06
3,644,0.005278377058672462,-0.0
3,645,0.0024556836264867394,0.07
3,646,-0.0007437205460711562,0.02
3,647,-0.008466954461376406,-0.08
3,648,-0.010011174972950123,-0.06
3,649,0.0007632196282825403,-0.02
3,650,-0.003316247682686195,-0.06
3,651,0.00232946089859497,0.03
3,652,-0.0066135440785954035,-0.03
3,653,0.011193560467929391,0.02
3,654,-0.023603270280175625,-0.02
3,655,0.00657350461678903,-0.04
3,656,-0.007736658233281224,-0.03
3,657,0.023342060511554664,0.05
3,658,-0.0020065373136761567,0.04
3,659,-0.0015133267356342468,-0.01
3,660,0.0005336187083338087,-0.02
3,661,-0.015548370411709507,-0.02
3,662,-0.006318764347712164,-0.01
3,663,-0.007082959011274481,-0.07
3,664,-0.001398202832285931,-0.01
3,665,-0.013864019566355976,-0.02
3,666,-0.010118758014216004,0.05
3,667,0.010906958648764559,-0.02
3,668,0.008869660161886188,-0.03
3,669,-0.0017219890508459062,0.05
3,670,-0.010226929590176041,-0.05
3,671,-0.019403375692797726,0.02
3,672,-0.0030525670929916027,-0.01
3,673,0.03761498882120314,0.15
3,674,-0.014505376764919177,-0.04
3,675,-0.01678000523430423,-0.05
3,676,0.01860825015513855,0.08
3,677,0.021179188489282078,0.09
3,678,-0.005654401895174782,-0.04
3,679,0.006386915934676494,-0.08
3,680,0.0076690409448569325,0.07
3,681,-0.013262838259953913,-0.06
3,682,-0.01129567447666303,-0.03
3,683,0.005626549097660463,-0.05
3,684,0.010072807936999807,0.03
3,685,-0.012084701975193167,-0.0
3,686,-0.008726331663710694,-0.0
3,687,-0.006505486773018352,-0.05
3,688,-0.00301312039758687,-0.05
3,689,0.0022932888218197356,0.02
3,690,-0.024968029971622323,-0.02
3,691,-4.23297448270005e-05,-0.02
3,692,0.008768906307169635,0.04
3,693,-0.019749612769179546,-0.04
3,694,-0.0016067083282249955,0.06
3,695,0.0035215787482040703,-0.03
3,696,-0.016839827306622472,-0.05
3,697,0.00658798686845083,-0.04
3,698,-0.010460663745627395,-0.04
3,699,-0.0023283818433245864,-0.11
3,700,0.02889336472117369,0.06
3,701,0.0008806733674199456,-0.01
3,702,-0.016506279513393913,-0.12
3,703,-0.013571287687228449,0.09
3,704,-0.01694375231824279,-0.06
3,705,0.003960099553537981,0.08
3,706,-0.0166495139295764,0.01
3,707,-0.002549002513210969,-0.13
3,708,0.017557912888302014,0.09
3,709,-0.0008115847938211171,0.02
3,710,-0.02132257559227568,-0.01
3,711,-0.02120235464547554,-0.08
3,712,0.0061548597374391206,0.01
3,713,0.036638703448140554,0.12
3,714,-0.012273584729711953,-0.06
3,715,-0.024899240484107372,-0.06
3,716,-0.03433636226762836,-0.12
3,717,0.007470417058339504,-0.0
3,718,-0.006654073494840134,-0.03
3,719,-0.003765213040545886,0.03
3,720,-0.018632033061143582,0.09
3,721,0.005859248699258429,-0.04
3,722,-0.027133788305905862,-0.05
3,723,-0.0383643603648707,-0.05
3,724,-0.03303873085698897,-0.1
3,725,-0.027020670452669628,-0.04
3,726,0.05742352846168722,0.02
3,727,-0.0056422231629891855,-0.06
3,728,0.016962768523193873,-0.0
3,729,0.0541433406702647,0.19
3,730,0.0042977520859232956,0.03
3,731,0.00970976748534061,-0.14
3,732,-0.029711393267199647,-0.04
3,733,-0.02317091228641773,-0.14
3,734,-0.03437583562186014,-0.04
3,735,0.030055484135830476,0.13
3,736,0.020048533460334198,-0.07
3,737,0.032818773303332625,0.05
3,738,0.003553914946106076,-0.13
3,739,-0.005609102837650774,-0.05
3,740,-0.021781579301362885,-0.1
3,741,0.04010359039171259,-0.06
3,742,0.011500485139094031,0.11
3,743,-0.0014129373168952103,0.15
3,744,0.023723342387529735,-0.03
3,745,-0.013864810234202997,-0.12
3,746,0.012856288533737343,0.03
3,747,0.012731191300541065,0.03
3,748,0.014110568088615596,0.1
3,749,-0.02256318963183102,-0.05
3,750,0.007498241793114427,-0.03
3,751,-0.013909224324304947,0.07
3,752,-0.018251023371752557,-0.07
3,753,-0.00017400042686459472,-0.06
3,754,-0.0017578583917880733,-0.02
3,755,-0.041683944000540034,-0.16
3,756,0.01741902984988524,-0.02
3,757,-0.015826846950640485,-0.05
3,758,0.01675664122205032,0.14
3,759,0.00999812853729816,-0.0
3,760,0.007233535082698385,-0.05
3,761,-2.7066431717645317e-05,0.07
3,762,-0.024686206147605062,-0.09
3,763,0.0033919504722415084,-0.06
3,764,0.0014836620987809844,-0.02
3,765,-0.01963936096766994,-0.03
3,766,-0.004817090572341502,-0.01
3,767,-0.02999528833413586,-0.07
3,768,0.002218952251607815,-0.0
3,769,-0.013938672521671342,-0.09
3,770,-0.01712675609785621,-0.01
3,771,0.024775147135788825,0.08
3,772,0.018047834474909444,0.02
3,773,-0.032199579537647974,-0.1
3,774,-0.014346931335162535,-0.06
3,775,0.039949428863992026,0.09
3,776,-0.02362114191538422,-0.01
3,777,-0.010898512950257653,-0.01
3,778,-0.022214794578976762,-0.01
3,779,-0.01933393851758482,-0.05
3,780,0.01693449499684223,0.01
3,781,-0.027194990325405486,-0.04
3,782,0.034868630625302384,0.07
3,783,0.03890059761015327,0.15
3,784,-0.024091692279883923,-0.01
3,785,0.02231681236140576,0.1
3,786,0.0058936982732143185,-0.02
3,787,0.017369505204862735,0.1
3,788,-0.010744609205757864,0.03
3,789,0.00672118147621377,-0.01
3,790,-0.015157073046798707,-0.1
3,791,0.017023400601677896,-0.04
3,792,-0.008255380473074978,-0.02
3,793,-0.009119865638513042,-0.13
3,794,0.009752122510284034,0.02
3,795,-0.005549947163919338,-0.06
3,796,0.01699268198905776,0.08
3,797,0.008329148464275835,0.06
3,798,0.007795501570692743,0.03
3,799,0.009108444420094756,-0.01
3,800,-0.022785494288817723,-0.21
3,801,-0.008765528676715543,-0.03
3,802,-0.0004720157583933559,-0.0
3,803,0.02472362123762105,0.19
3,804,0.006195016885296628,0.02
3,805,-0.010381085648062638,-0.03
3,806,-0.004087658563334216,-0.03
3,807,0.01943052804025005,0.09
3,808,0.02132207363394512,0.06
3,809,-0.003363237838289853,0.04
3,810,0.002512215814317356,0.01
3,811,-0.020848506026635877,-0.11
3,812,0.027962873414616944,0.18
3,813,-0.002795267719044557,-0.04
3,814,-0.0020721886686316084,-0.0
3,815,-0.014733294330720126,0.02
3,816,-0.0035067715340738634,-0.06
3,817,-0.0119691752390829,-0.05
3,818,0.0062852342734663015,-0.04
3,819,-0.021990877059906103,-0.03
3,820,0.013981003144734862,-0.0
3,821,0.0005003647665216187,-0.05
3,822,-0.0035878819224015863,-0.0
3,823,-0.01335076332050363,0.06
3,824,0.023466723991769353,0.08
3,825,-0.008159691181752846,-0.02
3,826,-0.013099562258952821,-0.07
3,827,-0.007515486855348791,-0.1
3,828,0.012748363378126836,0.01
3,829,0.0018974484770710033,0.01
3,830,-0.005469112302571595,-0.03
3,831,0.001852356916361946,0.01
3,832,-0.005428311644872672,-0.03
3,833,-0.0032644864016906855,-0.02
3,834,-0.015964150410957178,-0.1
3,835,0.0042998756688452,-0.01
3,836,0.0004959980407099991,0.01
3,837,0.03311828539768952,0.24
3,838,-0.0006016485928302598,-0.02
3,839,0.022455183440229523,0.04
3,840,-0.0065508681210561925,-0.05
3,841,-0.014217878797925469,-0.04
3,842,0.01928248021745422,0.19
3,843,1.0056721009321398e-05,-0.03
3,844,-0.001614078571489486,-0.01
3,845,0.005929010833090101,-0.05
3,846,-0.014459674436288988,0.0
3,847,-0.003980397915295278,-0.0
3,848,-0.014142426604863732,-0.05
3,849,-0.015695699844910118,-0.04
3,850,-0.010375132972238153,-0.06
3,851,0.009864278806238221,0.03
3,852,-0.029116562864238846,-0.04
3,853,-0.01623633939992658,0.04
3,854,0.013177278834288663,0.02
3,855,0.006769453485931901,0.06
3,856,-0.022673164313750677,-0.06
3,857,0.01317016848046562,-0.0
3,858,0.005380858982785307,0.01
3,859,-0.014219970522608105,-0.05
3,860,-0.005436420733797298,0.06
3,861,-0.006534845510890629,-0.05
3,862,-0.00997228622760814,-0.01
3,863,0.007632638125638965,0.03
3,864,-0.008350474512076113,-0.01
3,865,-0.01263336258039173,-0.05
3,866,-0.0015407270101717469,-0.04
3,867,0.02146437787029514,0.06
3,868,0.019541662342350268,-0.01
3,869,-0.006978732273517462,-0.06
3,870,-0.009510776698917991,-0.03
3,871,0.013124657639358309,0.05
3,872,-0.018316442321298726,-0.04
3,873,0.007309208761600075,-0.05
3,874,-0.013131515530590023,-0.03
3,875,0.011715802705984678,-0.02
3,876,0.0045960171490316065,-0.05
3,877,-0.007335142468651378,-0.03
3,878,-0.015364227409193675,-0.03
3,879,0.009501219113849154,-0.02
3,880,-0.009384152678618906,0.04
3,881,0.008253552025513165,-0.04
3,882,-0.025887389223892127,-0.04
3,883,-0.008463726908239991,0.01
3,884,0.0043811584491120735,-0.0
3,885,0.03437591026558528,0.14
3,886,0.001873788957703624,-0.02
3,887,0.03550590089816145,0.1
3,888,0.004275757446474213,0.09
3,889,0.00877293695755197,0.07
3,890,0.0019418066626438121,0.03
3,891,0.0229627632441308,0.1
3,892,-0.03515509020453474,-0.13
3,893,0.01191254217430343,-0.01
3,894,-0.005379828435284815,-0.01
3,895,-0.0017911283427829558,-0.01
3,896,-0.005676608988557694,-0.03
3,897,-0.01725150394394653,-0.09
3,898,0.012017263167232688,0.01
3,899,0.026187856712168393,0.1
3,900,-0.005033107126939285,-0.01
3,901,0.0026836961213798504,0.03
3,902,0.0011355910806045617,0.07
3,903,-0.0017715023710525228,-0.08
3,904,-0.013766398215492349,-0.02
3,905,0.006340863130058041,0.02
3,906,-0.0038129056391079403,0.05
3,907,0.019404055530827996,0.04
3,908,0.006317840411871556,-0.06
3,909,-0.012254599943748001,-0.02
3,910,0.01536497970874527,0.02
3,911,-0.0016930886033222775,0.02
3,912,0.021725748784644238,0.01
3,913,0.008411033719130089,0.01
3,914,-0.008396565683034306,-0.09
3,915,-0.014001471703163822,-0.02
3,916,0.017763918109275866,0.01
3,917,0.0032679315449836567,0.04
3,918,-0.0007415021197374748,-0.07
3,919,-0.0007534353173268782,-0.01
3,920,0.014891166824624146,0.06
3,921,-0.0037328129197945793,-0.02
3,922,0.008423410091308932,-0.08
3,923,-0.005400301654853898,-0.12
3,924,-0.01004947128435214,-0.02
3,925,0.014236622822697031,-0.01
3,926,0.012589933942193762,-0.05
3,927,-0.003203487927327468,-0.01
3,928,-0.0028801755319070835,-0.1
3,929,0.007877692166378517,-0.0
3,930,-0.0024479639638458907,-0.07
3,931,-0.02478427413439535,-0.0
3,932,-0.0010551499567478218,-0.08
3,933,0.003860707479383429,0.01
3,934,0.009207486663791373,-0.05
3,935,0.0015537751663654506,-0.0
3,936,0.019519834445873765,0.07
3,937,0.0018027278771472748,0.03
3,938,-0.0037128668044014977,-0.1
3,939,0.014487005305445284,0.03
3,940,0.003457358992831091,0.06
3,941,0.00484306319072364,-0.09
3,942,0.014937016598909664,-0.04
3,943,0.003975884657863233,0.04
3,944,-0.002611373657671096,0.03
3,945,-0.012018617650814028,-0.08
3,946,0.009249733852016587,-0.09
3,947,0.012688684293616111,0.01
3,948,0.0010652035594010897,-0.03
3,949,-0.009943545797753597,-0.05
3,950,0.022453615912345022,0.05
3,951,0.0011248998978880364,0.09
3,952,-0.0015463220903591094,0.1
3,953,-0.015279036692465697,-0.02
3,954,0.0011503825624297056,0.05
3,955,-0.014226679114886578,-0.08
3,956,0.0018633778219435395,-0.03
3,957,-0.008158803238182834,0.09
3,958,0.010870772221574277,0.17
3,959,-0.00970965263382219,0.03
3,960,-0.0018016147785114795,-0.04
3,961,0.007985566183929796,0.02
3,962,0.011464328611936064,-0.0
3,963,-0.008130247340351596,0.11
3,964,0.0190028237658003,0.07
3,965,0.003326722101379129,0.01
3,966,-0.005661452247830021,-0.02
3,967,-0.013266898317938721,-0.03
3,968,0.009418278150333855,-0.04
3,969,0.005697125430523823,0.08
3,970,-0.0035296280759139704,0.2
3,971,-0.006370553081729452,0.03
3,972,-0.012387190457040809,0.01
3,973,0.011795110849455278,0.02
3,974,-0.014718389375498847,0.19
3,975,0.00954510500479964,-0.02
3,976,0.0003899726075515662,-0.05
3,977,-0.006967498929803796,0.08
3,978,0.017414938811553624,0.02
3,979,-0.0022061169301591716,0.09
3,980,-0.0071204916025185885,0.11
3,981,-0.0017302121603683638,-0.08
3,982,0.0029890690491068115,0.15
3,983,-0.010332064567244378,-0.05
3,984,0.002863524006051398,-0.09
3,985,-0.01758381143446011,0.12
3,986,0.0018256709807653853,-0.15
3,987,0.007326232071155589,-0.02
3,988,0.0035432340468151318,-0.03
3,989,0.0031262142623506572,0.11
3,990,0.009910173465910605,-0.01
3,991,-0.006387364225777132,0.21
3,992,0.006473905986281075,-0.03
3,993,0.0002536013213426402,-0.0
3,994,0.008931177605597987,-0.06
3,995,0.002614019216517577,-0.11
3,996,-0.0020994345495094994,0.07
3,997,0.002838122450567471,0.08
3,998,-0.010403341369991012,-0.05
3,999,0.0008563845938056269,0.05
3,1000,0.003111366972850916,-0.03
3,1001,5.375884092887903e-06,0.04
3,1002,0.005945947013289881,-0.12
3,1003,0.005413419704637115,0.03
3,1004,0.013788304044810391,0.16
3,1005,0.004210609044847439,-0.01
3,1006,0.0016953552069799765,-0.08
3,1007,-0.0064570198433019565,-0.17
3,1008,0.010095431109889398,0.06
3,1009,-0.008331786385138484,-0.04
3,1010,-0.012064883863899097,-0.09
3,1011,0.005425775527459298,0.07
3,1012,0.0023468460454949508,-0.08
3,1013,-0.0036542483586636328,0.01
3,1014,0.014148435720258562,0.01
3,1015,-0.0031265713564524143,-0.09
3,1016,0.013221113182643102,-0.01
3,1017,-0.003227765281287692,-0.02
3,1018,-0.012899249773039663,0.09
3,1019,0.0061288110516385195,-0.02
3,1020,-0.019004237570298524,-0.08
3,1021,-0.005962983821485572,-0.04
3,1022,-0.006434757182765472,-0.08
3,1023,0.009732003919424905,0.05
3,1024,-0.01054645022004131,-0.13
3,1025,0.02216122453681214,-0.0
3,1026,0.001994623107423237,0.07
3,1027,0.00936588300641937,0.18
3,1028,0.00430589213193642,-0.04
3,1029,0.004707169664576965,0.1
3,1030,-0.0053049014423529215,0.0
3,1031,0.004635641485880781,0.05
3,1032,-0.0006684979269248548,-0.03
3,1033,-0.0026851806184051722,0.06
3,1034,0.0031861856079874865,0.04
3,1035,-0.010001911757925355,-0.06
3,1036,0.0051509169283962385,-0.0
3,1037,0.0012722095063712393,-0.03
3,1038,-0.014963082238674642,-0.09
3,1039,0.003401545926572829,0.05
3,1040,-0.0046916063128646214,-0.1
3,1041,0.0021548039936687686,0.06
3,1042,0.015385390342575184,-0.07
3,1043,0.00122388941673961,0.08
3,1044,-0.0011038272188246664,0.05
3,1045,0.003621782604480176,-0.03
3,1046,0.007981209166866614,0.07
3,1047,-0.005434492910218149,-0.07
3,1048,-0.0014816223582272984,0.05
3,1049,0.005873264269705508,0.07
3,1050,-0.004481312896430317,0.03
3,1051,-0.0058769183462563605,0.01
3,1052,-7.092209049172723e-05,-0.14
3,1053,-0.007572675600531851,-0.08
3,1054,-0.006379869477605345,-0.04
3,1055,-0.00884869286487805,-0.01
3,1056,0.008073293211531288,0.07
3,1057,-0.008425770714851592,-0.08
3,1058,0.0014498075794818451,-0.01
3,1059,0.01624467669752228,0.08
3,1060,0.001891936620113975,-0.04
3,1061,0.004365389348825202,0.06
3,1062,-0.00014481876208370122,0.09
3,1063,0.011187582863751397,0.06
3,1064,-0.0033253219884535083,-0.02
3,1065,-0.0017489779797038515,0.03
3,1066,0.004698439598057411,-0.03
3,1067,-0.0076978858843064196,-0.15
3,1068,0.007302590943517736,0.06
3,1069,-0.008492468746390818,0.03
3,1070,-0.0009817507196343252,-0.02
3,1071,0.011613064862890292,-0.03
3,1072,0.002738201293015736,-0.01
3,1073,-0.005846967610136284,0.02
3,1074,0.006600822337358578,-0.04
3,1075,0.0012031138406707975,-0.05
3,1076,0.01161198604210056,-0.03
3,1077,-0.0005516211087254717,-0.01
3,1078,0.0038252142889758666,0.03
3,1079,0.002891043427064754,0.1
3,1080,-0.001650149787035369,-0.08
3,1081,0.0016582649215436136,-0.03
3,1082,0.012193480576448472,0.07
3,1083,0.00010444004618318992,0.05
3,1084,0.0022355125860742072,-0.02
3,1085,-0.0030335400328465956,0.11
3,1086,0.012390810965866804,0.03
3,1087,0.0013248376333199084,-0.12
3,1088,0.0023953267209878837,-0.02
3,1089,0.004938005956817152,-0.0
3,1090,-0.008814994248385036,-0.16
3,1091,0.00459098207863827,-0.0
3,1092,-0.005458829246236277,-0.06
3,1093,0.008278393457737102,-0.04
3,1094,0.0012511124831806266,-0.02
3,1095,0.007022997047156758,0.05
3,1096,-0.0010091381207543888,0.04
3,1097,0.007764223294433226,-0.03
3,1098,-0.0031942745155964284,-0.06
3,1099,-0.0020772802531699008,0.1
3,1100,0.012091984025616983,0.07
3,1101,-0.009720744186961469,-0.05
3,1102,-0.013652973367022527,0.11
3,1103,0.005050139534537103,-0.0
3,1104,-0.002664734947304988,-0.06
3,1105,0.0036074706783808664,0.02
3,1106,0.00074602291391646,-0.05
3,1107,-0.008395585587132623,0.02
3,1108,0.0018265387374393229,0.05
3,1109,0.012634017287486622,-0.08
3,1110,-0.0025811041148383405,-0.03
3,1111,0.004899612398339706,0.04
3,1112,0.010725065815281175,-0.08
3,1113,-0.004933064333861306,0.05
3,1114,-0.0050796339109780275,-0.05
3,1115,0.009703997703124197,-0.0
3,1116,-0.004519164459454434,0.0
3,1117,-0.0040861271099434495,-0.0
3,1118,-0.002559126930552264,0.05
3,1119,-0.002720864340222884,-0.05
3,1120,-0.0017721185805587684,-0.01
3,1121,0.004018867484476175,-0.02
3,1122,0.0010014263466985025,0.03
3,1123,0.0001928002343543794,-0.06
3,1124,0.009728586483955495,0.01
3,1125,-0.005883139521028246,0.05
3,1126,0.0017967421407697924,0.02
3,1127,0.0032338640678312527,-0.03
3,1128,0.0015790645215213732,-0.19
3,1129,-0.00826475565347837,-0.07
3,1130,-0.00582600452908396,-0.05
3,1131,-0.014815769136607093,0.01
3,1132,-0.015204720101552098,-0.0
3,1133,0.012258808849559814,0.04
3,1134,-0.014376009929199487,-0.0
3,1135,0.005588141452374216,-0.08
3,1136,0.011725682086948956,0.01
3,1137,-0.0013713236881105462,0.05
3,1138,-0.011076865054113393,0.04
3,1139,-0.01303091961747508,-0.06
3,1140,-0.0013021608650809141,-0.01
3,1141,-0.002446411886810177,-0.0
3,1142,0.01618238046568188,0.02
3,1143,-0.0010132141632843217,0.1
3,1144,0.013125307441957015,0.06
3,1145,0.004000228322243963,-0.0
3,1146,-0.000574031370436087,-0.05
3,1147,0.005511345123793815,0.05
3,1148,0.00854415955247345,0.24
3,1149,0.00757568622154406,0.09
3,1150,-0.0020922433125760117,-0.05
3,1151,-0.0065933511443908265,-0.0
3,1152,-0.0010936662115314797,0.02
3,1153,0.005313647382348373,0.04
3,1154,-0.013685308607639427,0.1
3,1155,-0.0013886702050552005,0.05
3,1156,0.0005843203749049229,0.02
3,1157,0.005142994595404624,-0.05
3,1158,0.0010361868448195803,0.02
3,1159,-0.015459636854071831,0.04
3,1160,0.00520721556227141,0.02
3,1161,0.01365520168270792,-0.05
3,1162,0.0006034758525160385,0.08
3,1163,-0.00438914800234919,-0.02
3,1164,0.0020635319874193698,-0.03
3,1165,-0.013870347506611461,0.07
3,1166,-0.007594156090551022,0.05
3,1167,-0.005998827247199619,-0.02
3,1168,0.009189078155933542,-0.0
3,1169,0.0018854618379671897,0.03
3,1170,0.0018676904972086779,0.05
3,1171,-0.006735271653231843,0.02
3,1172,-0.013747938781378696,0.16
3,1173,-0.010396917824679696,0.02
3,1174,0.00767650358185255,-0.02
3,1175,0.001698994027391026,0.04
3,1176,-0.0009000312548990638,0.02
3,1177,-0.0007310139700919345,-0.06
3,1178,-0.010715779565194676,-0.09
3,1179,0.006924840613454563,0.04
3,1180,-0.002596724532699426,0.05
3,1181,0.0039081903100326295,0.04
3,1182,0.0017151307240524725,-0.01
3,1183,0.016044695166692345,-0.02
3,1184,0.0018290844964356813,-0.06
3,1185,0.0056690736057395975,-0.07
3,1186,-0.0006159576117036526,0.06
3,1187,0.00045514439460531575,0.05
3,1188,0.003301847540498288,0.03
3,1189,-0.007656525519747201,-0.03
3,1190,0.00527457093253756,0.07
3,1191,0.015881719876960246,-0.0
3,1192,0.001694471512120978,-0.0
3,1193,-0.009402479385493606,0.04
3,1194,0.00447126405941425,-0.01
3,1195,-0.009698836405256943,0.08
3,1196,0.006058403037096386,-0.2
3,1197,0.001349927924131846,0.05
3,1198,-0.0013217394323377456,-0.03
3,1199,0.0026257636472724988,0.01
3,1200,-0.004143880895432314,-0.02
3,1201,0.0037050616479460687,0.02
3,1202,0.008069600592622971,-0.01
3,1203,-0.003298108446205176,-0.05
3,1204,-0.00551803913104158,-0.0
3,1205,-0.0009663866823938613,0.1
3,1206,0.002565540773491407,-0.06
3,1207,0.004073930050895702,-0.08
3,1208,-0.010448352712163796,-0.05
3,1209,-0.003176841194731579,-0.09
3,1210,-0.008167429389101928,0.01
3,1211,0.0018195734739428733,0.01
3,1212,-0.008286807039907385,-0.01
3,1213,0.0034027736563537045,-0.0
3,1214,0.0014052357485391188,-0.03
3,1215,0.0006920810633995017,0.04
3,1216,-0.0033259424421024954,-0.0
3,1217,-0.004340616746581452,-0.0
3,1218,-0.004766276735250328,-0.12
3,1219,-0.00036097816516215714,-0.0
3,1220,0.007093844078236742,0.09
3,1221,-0.013286340584837424,0.03
3,1222,0.0025306331476260546,-0.02
3,1223,-0.009638421391525237,-0.03
3,1224,-0.0019896416957447273,0.04
3,1225,0.009905901014805872,0.13
3,1226,0.0005717003381749616,-0.01
3,1227,0.004462447032710279,-0.01
3,1228,0.0011072301864816433,-0.1
3,1229,0.004424300653418083,-0.02
3,1230,-0.006087808422642717,-0.03
3,1231,-0.0012151854435301988,-0.0
3,1232,-0.016122117023689018,-0.02
3,1233,-0.015372808742345043,-0.19
3,1234,0.0011677238410735015,0.04
3,1235,0.012992309859737698,0.04
3,1236,-0.0029789232701260115,-0.02
3,1237,-0.011624889048829096,-0.03
3,1238,0.0015568815272538308,-0.05
3,1239,0.013586908534367446,0.04
3,1240,0.0019442858762380917,-0.05
3,1241,0.01245080420756969,0.02
3,1242,-0.0035607157369638934,-0.01
3,1243,0.006305236679557679,0.02
3,1244,-0.0023552015569036186,0.04
3,1245,0.000600633817160859,-0.0
3,1246,0.007983897892259941,-0.02
3,1247,5.886191143258589e-05,-0.04
3,1248,0.0022637500419485437,0.01
3,1249,-0.007884424917051007,-0.04
3,1250,0.004494520335880806,-0.06
3,1251,0.0014374855888084096,-0.0
3,1252,0.011025951092570367,0.07
3,1253,-0.004076905844628982,0.1
3,1254,0.006893418215586998,-0.04
3,1255,-0.004418731307872351,-0.08
3,1256,0.0020204179279242223,0.04
3,1257,0.004902930094293239,-0.03
3,1258,0.001691452654725308,-0.03
3,1259,0.00223821805604029,-0.01
4,0,0.0004,-0.01
4,1,0.002902,-0.05
4,2,-0.001696,0.0
4,3,0.000908,-0.01
4,4,0.001513,0.01
4,5,0.013089,-0.04
4,6,0.006758,-0.05
4,7,0.004837,-0.08
4,8,-0.002947,0.01
4,9,0.004138,0.04
4,10,0.009224,-0.15
4,11,-0.00525,0.04
4,12,-0.001075,0.04
4,13,-0.001076,0.09
4,14,-0.005191,-0.01
4,15,0.000197,0.0
4,16,0.000492,-0.01
4,17,0.004526,-0.01
4,18,0.005387,0.05
4,19,-0.005359,-0.05
4,20,-0.004212,-0.11
4,21,0.006,-0.02
4,22,0.005182,0.0
4,23,0.00107,0.01
4,24,-0.00894,-0.05
4,25,0.00098,0.01
4,26,0.00333,0.03
4,27,0.011618,0.02
4,28,0.008203,0.04
4,29,-0.002584,0.06
4,30,-0.005374,0.05
4,31,-0.009166,-0.02
4,32,-0.003603,-0.01
4,33,0.004105,0.05
4,34,-0.008857,0.02
4,35,-0.001375,0.02
4,36,-0.000787,0.01
4,37,0.002067,-0.06
4,38,-0.002259,0.05
4,39,0.003741,0.03
4,40,0.010886,-0.07
4,41,0.000194,-0.02
4,42,0.0,0.05
4,43,0.000485,0.01
4,44,0.006398,-0.02
4,45,0.003468,-0.02
4,46,-0.000672,-0.08
4,47,-0.000576,0.01
4,48,0.002499,-0.01
4,49,0.012943,0.0
4,50,0.003124,0.02
4,51,-0.004624,0.04
4,52,0.008626,0.03
4,53,0.009586,0.0
4,54,0.000931,-0.02
4,55,0.006789,0.02
4,56,-0.001478,0.0
4,57,0.001943,0.01
4,58,0.004894,0.01
4,59,0.000735,0.02
4,60,0.000735,0.0
4,61,-0.003303,0.01
4,62,-0.000276,0.09
4,63,0.004972,-0.02
4,64,-0.0011,0.03
4,65,0.0,-0.01
4,66,0.0,0.07
4,67,0.002752,0.03
4,68,-0.017197,0.08
4,69,-0.00968,0.0
4,70,0.004229,0.03
4,71,0.007581,-0.01
4,72,0.004737,0.02
4,73,-0.006102,-0.11
4,74,0.002883,0.05
4,75,0.000278,0.04
4,76,0.008438,-0.05
4,77,0.000736,0.08
4,78,-0.007718,-0.01
4,79,0.002593,-0.05
4,80,0.020595,-0.02
4,81,-0.000362,-0.03
4,82,-0.007785,0.08
4,83,0.000639,-0.02
4,84,0.002553,0.04
4,85,0.002274,0.08
4,86,-0.008075,0.0
4,87,-0.006952,0.07
4,88,0.009488,-0.04
4,89,0.0,0.03
4,90,0.005292,0.08
4,91,0.009985,0.02
4,92,-0.012473,0.16
4,93,-0.002374,0.08
4,94,-0.005331,-0.02
4,95,-0.010814,0.16
4,96,-0.001645,-0.04
4,97,0.001938,-0.07
4,98,0.002128,0.21
4,99,-0.0194,0.27
4,100,-0.00876,0.28
4,101,-0.00427,0.06
4,102,0.001596,-0.19
4,103,-0.004381,0.15
4,104,0.0057,-0.31
4,105,0.001392,0.11
4,106,0.019462,-0.03
4,107,-0.008279,-0.03
4,108,0.007366,0.07
4,109,-0.000585,0.05
4,110,-0.006731,0.01
4,111,0.004306,-0.04
4,112,0.012064,-0.28
4,113,0.004371,0.12
4,114,0.007157,-0.13
4,115,-0.003265,0.15
4,116,0.004239,0.03
4,117,-0.005181,-0.02
4,118,0.001929,-0.05
4,119,0.007508,-0.22
4,120,0.02035,-0.14
4,121,-0.003933,-0.13
4,122,0.003666,0.13
4,123,0.000375,-0.03
4,124,-0.006086,0.04
4,125,-0.003109,0.06
4,126,0.009071,-0.12
4,127,0.004308,-0.05
4,128,0.006993,-0.14
4,129,-0.004444,0.17
4,130,0.001395,-0.03
4,131,-0.001672,0.19
4,132,0.000279,0.12
4,133,0.001395,-0.07
4,134,0.01161,-0.06
4,135,0.003764,-0.03
4,136,-0.009421,-0.08
4,137,-0.000923,-0.01
4,138,0.000555,0.05
4,139,-0.006189,0.01
4,140,0.000651,0.06
4,141,0.001115,0.03
4,142,0.00167,-0.02
4,143,-0.001112,-0.05
4,144,0.000927,-0.08
4,145,-0.020196,0.17
4,146,-0.005106,0.1
4,147,0.012355,0.06
4,148,0.002722,-0.03
4,149,0.020036,-0.06
4,150,0.000918,0.01
4,151,0.007703,-0.07
4,152,0.000273,0.17
4,153,0.004185,0.02
4,154,0.006885,-0.05
4,155,-0.00081,0.0
4,156,-0.003152,0.06
4,157,0.003342,0.11
4,158,0.009273,0.14
4,159,-0.005263,-0.11
4,160,0.017308,-0.03
4,161,0.002292,0.19
4,162,-0.000792,0.09
4,163,0.010915,0.05
4,164,-0.006791,0.06
4,165,0.009906,-0.05
4,166,-0.009028,-0.03
4,167,0.008409,0.16
4,168,-0.006515,0.11
4,169,0.002536,0.33
4,170,0.009245,0.19
4,171,0.004839,-0.21
4,172,0.014362,0.09
4,173,-0.007037,0.21
4,174,-0.014522,0.11
4,175,-0.011223,0.23
4,176,-0.007018,0.65
4,177,0.016318,-0.01
4,178,-0.010217,0.38
4,179,-0.002082,-0.16
4,180,-0.014864,0.21
4,181,0.005735,0.38
4,182,-0.014038,-0.19
4,183,-0.000267,-0.54
4,184,0.01166,-0.2
4,185,-0.010206,0.07
4,186,0.002489,0.12
4,187,-0.01463,0.12
4,188,-0.022316,0.1
4,189,-0.016107,-0.27
4,190,-0.003648,-0.23
4,191,0.011924,-0.22
4,192,-0.008443,0.21
4,193,-0.011696,-0.12
4,194,-0.001799,0.02
4,195,-0.030067,0.06
4,196,0.017993,-0.18
4,197,0.002017,-0.05
4,198,-0.011408,0.27
4,199,-0.007855,0.13
4,200,-0.029616,0.42
4,201,-0.000907,-0.07
4,202,-0.005142,-0.07
4,203,-0.004662,-0.06
4,204,0.025046,-0.25
4,205,0.014005,-0.08
4,206,0.000882,0.05
4,207,0.004893,-0.06
4,208,-0.005162,-0.11
4,209,-0.019187,-0.39
4,210,0.010081,0.08
4,211,0.018874,-0.15
4,212,0.009407,0.0
4,213,-0.002786,-0.27
4,214,-0.009153,-0.17
4,215,-0.002042,-0.05
4,216,-0.010621,-0.67
4,217,-0.004826,0.23
4,218,-0.004948,-0.08
4,219,-0.007459,-0.15
4,220,0.036373,-0.08
4,221,0.002901,0.07
4,222,0.006459,0.07
4,223,0.00728,-0.01
4,224,0.004564,-0.32
4,225,0.002083,0.04
4,226,0.004062,0.09
4,227,-0.007809,-0.19
4,228,0.001138,-0.33
4,229,0.007577,-0.06
4,230,-0.001222,-0.38
4,231,0.008753,0.16
4,232,-0.009797,0.22
4,233,-0.013286,0.12
4,234,0.000573,0.0
4,235,0.014507,-0.17
4,236,0.005174,0.01
4,237,0.00131,0.17
4,238,0.003365,0.06
4,239,0.002981,0.16
4,240,-0.000464,-0.31
4,241,0.000929,-0.14
4,242,0.011975,0.02
4,243,0.014769,-0.25
4,244,0.007051,0.11
4,245,0.005925,0.14
4,246,-0.015974,0.14
4,247,0.008797,0.01
4,248,-0.004315,0.06
4,249,-0.002257,-0.15
4,250,0.019003,-0.09
4,251,0.00151,-0.05
4,252,0.003724,-0.21
4,253,0.004505,-0.08
4,254,0.008355,0.1
4,255,0.011861,-0.13
4,256,-0.00431,-0.17
4,257,0.00251,-0.02
4,258,0.002418,-0.04
4,259,-0.000517,0.02
4,260,0.001982,0.07
4,261,-0.013762,0.0
4,262,-0.005233,-0.07
4,263,0.003945,0.14
4,264,0.005502,0.05
4,265,0.013722,0.11
4,266,-0.004541,0.08
4,267,-0.001635,0.17
4,268,-0.015172,0.05
4,269,0.00604,0.04
4,270,0.006526,0.06
4,271,0.015387,-0.18
4,272,0.007066,0.19
4,273,-0.003804,-0.11
4,274,0.001188,0.05
4,275,-0.00873,0.07
4,276,0.00761,0.07
4,277,0.018415,0.05
4,278,-0.005916,-0.16
4,279,0.002766,-0.1
4,280,0.01513,0.14
4,281,0.004941,-0.01
4,282,0.003851,-0.07
4,283,-0.002612,0.05
4,284,-0.002128,-0.06
4,285,-0.001148,0.12
4,286,-0.008293,0.11
4,287,0.005382,0.11
4,288,0.007988,-0.01
4,289,-0.001389,0.08
4,290,-0.004582,0.23
4,291,-0.003781,0.0
4,292,-0.001898,-0.07
4,293,-0.001984,0.01
4,294,0.006709,0.1
4,295,0.014397,-0.09
4,296,0.002514,0.16
4,297,0.009465,0.16
4,298,-0.007934,-0.05
4,299,-0.00412,-0.09
4,300,0.01598,0.01
4,301,0.003752,-0.04
4,302,-0.018533,0.27
4,303,-0.006402,0.11
4,304,0.009543,-0.02
4,305,0.013654,0.08
4,306,0.004464,-0.17
4,307,-0.006824,0.27
4,308,-0.002557,0.02
4,309,-0.010574,0.25
4,310,-0.011658,0.22
4,311,0.002457,-0.34
4,312,0.011113,-0.23
4,313,0.019234,-0.24
4,314,-0.00555,0.08
4,315,-0.004306,0.05
4,316,-0.012572,0.08
4,317,0.006163,-0.1
4,318,0.005964,-0.05
4,319,0.00681,0.18
4,320,-0.000955,0.05
4,321,0.001036,0.25
4,322,0.008514,-0.1
4,323,0.016806,0.05
4,324,-0.003647,-0.04
4,325,0.00662,-0.2
4,326,0.008897,0.36
4,327,-0.007439,0.07
4,328,0.007263,-0.01
4,329,-0.012656,0.16
4,330,-0.018412,0.08
4,331,-0.02224,0.08
4,332,0.015542,-0.21
4,333,0.013311,-0.08
4,334,0.007551,0.05
4,335,0.009681,-0.43
4,336,0.018557,-0.05
4,337,-0.005542,0.08
4,338,0.004962,0.08
4,339,-0.004633,-0.12
4,340,-0.005723,0.05
4,341,0.012725,-0.08
4,342,-0.01107,0.18
4,343,-0.005294,0.15
4,344,0.008288,0.02
4,345,-0.005807,0.06
4,346,0.000607,0.18
4,347,-0.018117,-0.06
4,348,0.00247,-0.08
4,349,-0.015171,0.39
4,350,0.001329,0.19
4,351,-0.001093,0.16
4,352,-0.012665,0.0
4,353,0.009344,-0.02
4,354,0.012317,0.0
4,355,0.017746,0.15
4,356,-0.018427,0.43
4,357,0.002094,-0.38
4,358,0.002322,0.12
4,359,0.014117,0.02
4,360,0.004836,0.3
4,361,0.004375,0.16
4,362,0.014156,-0.33
4,363,-0.004581,-0.11
4,364,0.009636,0.08
4,365,-0.009188,0.21
4,366,-0.005751,-0.04
4,367,0.007375,-0.02
4,368,0.006029,-0.09
4,369,0.002497,0.07
4,370,-0.023555,0.2
4,371,-0.001749,0.03
4,372,-0.001898,-0.03
4,373,-0.001682,-0.01
4,374,-0.017951,-0.06
4,375,-0.025517,0.06
4,376,-0.000995,0.19
4,377,-0.017014,0.05
4,378,-0.007017,0.42
4,379,0.014683,-0.36
4,380,0.001702,0.04
4,381,0.008884,0.26
4,382,0.017534,-0.23
4,383,0.000828,-0.06
4,384,0.005263,-0.58
4,385,0.015557,-0.5
4,386,-0.003535,0.21
4,387,0.004287,0.07
4,388,0.005078,-0.17
4,389,-0.011276,-0.05
4,390,0.002222,0.19
4,391,0.003177,0.04
4,392,0.004272,-0.01
4,393,0.011955,-0.27
4,394,0.001087,-0.04
4,395,-0.02201,0.27
4,396,-0.014954,-0.03
4,397,0.003156,0.22
4,398,0.0003,-0.12
4,399,-0.001723,0.08
4,400,0.00135,0.0
4,401,0.005619,0.09
4,402,0.004098,-0.09
4,403,-0.002968,0.11
4,404,-0.020243,-0.14
4,405,-0.002203,0.27
4,406,-0.008374,0.1
4,407,-0.00023,-0.03
4,408,-0.002995,-0.14
4,409,0.009858,0.03
4,410,-0.005949,0.04
4,411,-0.000767,0.03
4,412,-0.005298,-0.12
4,413,-0.020378,0.18
4,414,0.012213,0.12
4,415,0.001012,-0.12
4,416,0.008088,0.09
4,417,0.007483,0.14
4,418,-0.010184,0.12
4,419,-0.000232,0.06
4,420,-0.007738,0.15
4,421,0.006536,-0.32
4,422,0.005242,-0.03
4,423,-0.014555,-0.21
4,424,-0.000237,-0.19
4,425,0.006083,0.29
4,426,0.000314,0.02
4,427,0.00887,0.08
4,428,0.012294,0.18
4,429,0.008993,-0.04
4,430,0.005637,0.19
4,431,-0.010984,-0.19
4,432,0.002298,0.02
4,433,-0.007107,-0.02
4,434,-0.000616,-0.23
4,435,0.009781,-0.11
4,436,-0.005034,-0.01
4,437,-0.003909,0.04
4,438,0.024933,-0.09
4,439,-0.000601,-0.17
4,440,0.011795,-0.01
4,441,-0.005643,-0.17
4,442,0.00224,-0.1
4,443,-0.005662,0.09
4,444,0.004646,0.1
4,445,0.012008,0.36
4,446,-0.007517,0.17
4,447,0.018118,-0.09
4,448,-0.006126,0.13
4,449,-0.011888,0.02
4,450,-0.002748,-0.14
4,451,0.012809,-0.09
4,452,0.004191,0.01
4,453,-0.001831,0.11
4,454,-0.006089,0.15
4,455,-0.011514,0.34
4,456,-0.000149,-0.33
4,457,0.002987,0.2
4,458,0.00268,-0.16
4,459,-0.001188,0.14
4,460,-0.010111,0.09
4,461,-0.00353,-0.1
4,462,0.01123,0.16
4,463,0.00395,0.05
4,464,0.005568,-0.1
4,465,-0.009007,0.04
4,466,-0.00067,0.05
4,467,-0.001491,0.02
4,468,0.008959,0.08
4,469,0.002516,0.04
4,470,-0.008488,0.01
4,471,-0.009529,0.12
4,472,-0.001804,0.06
4,473,-0.000678,-0.06
4,474,-0.015446,0.42
4,475,-0.002679,0.22
4,476,0.00353,-0.13
4,477,0.006805,-0.23
4,478,-7.6e-05,-0.1
4,479,-0.014811,0.11
4,480,0.007787,0.12
4,481,-0.0013,0.03
4,482,0.005592,-0.25
4,483,0.006779,-0.17
4,484,0.002799,-0.27
4,485,-0.003395,0.15
4,486,-0.000681,0.05
4,487,-0.001894,0.05
4,488,-0.003188,-0.23
4,489,0.010965,-0.15
4,490,0.007532,0.04
4,491,-0.002392,-0.15
4,492,-0.006444,-0.06
4,493,-0.001358,-0.04
4,494,-0.013519,0.12
4,495,0.000689,-0.03
4,496,0.001913,-0.04
4,497,0.009621,0.05
4,498,0.000151,-0.2
4,499,-0.002042,0.01
4,500,0.002652,-0.06
4,501,0.010807,0.01
4,502,-0.001944,0.03
4,503,0.000899,-0.26
4,504,-0.010927,-0.01
4,505,0.008854,0.15
4,506,-0.012601,0.34
4,507,0.004786,-0.11
4,508,-0.002419,-0.02
4,509,0.01061,0.12
4,510,-0.005174,0.1
4,511,0.001131,0.04
4,512,-0.001882,-0.01
4,513,-0.005054,-0.01
4,514,-0.005156,0.18
4,515,-0.010975,0.18
4,516,-0.008708,-0.09
4,517,-0.009873,-0.14
4,518,0.00683,0.23
4,519,0.000624,0.07
4,520,0.007637,0.01
4,521,0.000541,-0.18
4,522,0.002087,0.05
4,523,7.7e-05,0.16
4,524,0.004474,-0.08
4,525,0.000845,0.04
4,526,0.003222,-0.02
4,527,-0.015601,0.5
4,528,-0.002952,0.02
4,529,-0.009428,0.02
4,530,0.002124,-0.06
4,531,0.00832,-0.16
4,532,0.01121,0.02
4,533,-0.005851,0.1
4,534,0.000155,0.08
4,535,0.006581,0.1
4,536,0.006999,-0.04
4,537,-0.003361,0.28
4,538,0.005365,0.0
4,539,0.011358,-0.04
4,540,-0.000226,-0.05
4,541,-0.00671,-0.03
4,542,0.005996,-0.18
4,543,0.009884,-0.25
4,544,-0.003362,0.21
4,545,0.000825,0.04
4,546,-0.00764,0.09
4,547,-0.009586,-0.03
4,548,-0.008459,0.08
4,549,0.002921,-0.02
4,550,0.001533,0.12
4,551,-0.011171,0.08
4,552,-0.028863,0.35
4,553,-0.002948,0.03
4,554,-0.001359,-0.04
4,555,-0.011604,0.05
4,556,0.004615,-0.11
4,557,-0.010397,0.16
4,558,0.001873,0.0
4,559,0.003821,-0.01
4,560,-0.01822,0.08
4,561,-0.00965,0.03
4,562,-0.017407,0.08
4,563,0.00356,-0.06
4,564,0.014696,-0.23
4,565,0.012236,-0.25
4,566,-0.007812,0.15
4,567,-0.007376,-0.12
4,568,-0.007514,0.03
4,569,-0.01447,-0.16
4,570,-0.007597,-0.04
4,571,0.008429,-0.13
4,572,-0.004777,0.25
4,573,-0.008828,0.2
4,574,-0.005534,0.08
4,575,-0.019477,0.37
4,576,0.024475,-0.03
4,577,0.003549,0.11
4,578,0.00207,0.08
4,579,0.007747,-0.09
4,580,0.019474,-0.34
4,581,0.001257,-0.22
4,582,-0.001004,-0.05
4,583,0.016082,-0.1
4,584,0.008243,-0.04
4,585,-0.007031,-0.27
4,586,-0.016393,0.04
4,587,0.00766,0.01
4,588,-0.004344,0.06
4,589,-0.001762,0.01
4,590,0.010926,0.14
4,591,-0.001497,0.25
4,592,-0.00383,0.04
4,593,-0.008693,-0.08
4,594,-0.00371,0.3
4,595,0.009563,-0.06
4,596,0.001341,-0.1
4,597,-0.003265,-0.38
4,598,0.02377,-0.43
4,599,0.018952,-0.06
4,600,-0.00962,0.01
4,601,-0.007042,-0.25
4,602,0.005054,-0.55
4,603,-0.004785,0.01
4,604,-0.012339,-0.01
4,605,-0.011753,-0.11
4,606,0.007568,0.11
4,607,-0.007346,-0.18
4,608,0.003742,0.04
4,609,0.008284,0.1
4,610,-0.000904,0.3
4,611,0.015707,-0.31
4,612,0.004372,-0.15
4,613,0.008384,-0.06
4,614,0.010073,0.21
4,615,-0.001979,0.24
4,616,-0.011182,0.12
4,617,0.003449,-0.04
4,618,0.009111,-0.3
4,619,-0.008475,0.35
4,620,-0.002956,0.0
4,621,0.005288,0.14
4,622,0.001833,0.16
4,623,-0.006205,0.04
4,624,-0.01721,-0.22
4,625,0.00171,-0.07
4,626,-0.004635,-0.02
4,627,0.005718,0.18
4,628,0.007147,-0.2
4,629,-0.005323,0.32
4,630,-0.00373,0.19
4,631,-0.004639,0.12
4,632,0.00188,-0.13
4,633,-0.002203,0.0
4,634,-0.004907,0.11
4,635,0.005178,0.05
4,636,0.002044,-0.19
4,637,0.00155,0.21
4,638,-0.021916,0.25
4,639,-0.007247,0.15
4,640,-0.002098,0.04
4,641,0.005213,-0.15
4,642,-0.02317,0.33
4,643,-0.00411,-0.19
4,644,-0.01221,0.21
4,645,0.005745,-0.13
4,646,0.006837,0.12
4,647,0.007651,-0.07
4,648,-0.010664,0.05
4,649,-0.006036,0.01
4,650,0.004164,-0.19
4,651,-0.003197,0.07
4,652,0.00026,-0.07
4,653,-0.001906,-0.08
4,654,0.004775,-0.03
4,655,0.027475,-0.22
4,656,0.012445,-0.15
4,657,-0.021761,0.44
4,658,0.001953,-0.11
4,659,-0.012965,0.22
4,660,-0.000515,0.07
4,661,0.007215,-0.11
4,662,-0.022429,0.23
4,663,-0.008288,0.07
4,664,0.008621,-0.14
4,665,-0.002006,-0.1
4,666,-0.003244,-0.03
4,667,0.001143,-0.22
4,668,-0.005271,-0.04
4,669,-0.014397,-0.37
4,670,-0.000717,0.06
4,671,0.017577,-0.06
4,672,-0.002291,0.04
4,673,-0.000883,0.12
4,674,0.001768,-0.18
4,675,-0.00556,-0.11
4,676,-0.015619,-0.05
4,677,-0.009376,-0.08
4,678,-0.004914,-0.02
4,679,-0.018292,0.08
4,680,0.013881,0.02
4,681,0.005329,0.04
4,682,-0.000457,0.22
4,683,-0.006858,0.02
4,684,0.007734,-0.01
4,685,-0.001553,-0.05
4,686,-0.00183,-0.03
4,687,0.011184,-0.01
4,688,0.002811,0.02
4,689,0.019528,-0.15
4,690,0.006917,-0.02
4,691,-0.005108,0.19
4,692,0.002124,-0.01
4,693,-0.011218,0.11
4,694,0.003216,0.15
4,695,-0.000267,0.03
4,696,-0.002761,-0.01
4,697,0.016345,-0.08
4,698,0.011688,0.0
4,699,-0.003388,0.06
4,700,0.005491,0.02
4,701,0.000867,0.0
4,702,0.006582,-0.2
4,703,-0.001893,-0.15
4,704,-8.6e-05,0.0
4,705,-0.001379,0.12
4,706,0.004489,-0.04
4,707,0.003954,-0.2
4,708,-0.000942,-0.05
4,709,-0.010797,0.06
4,710,0.002426,-0.03
4,711,0.012703,0.02
4,712,0.012373,-0.02
4,713,0.005226,0.01
4,714,-0.010565,0.0
4,715,-0.006271,0.07
4,716,-0.009551,0.1
4,717,0.002583,0.0
4,718,0.003263,0.08
4,719,0.005479,-0.08
4,720,0.001788,-0.07
4,721,0.008583,-0.26
4,722,0.006657,-0.06
4,723,-0.009124,0.01
4,724,0.008785,-0.03
4,725,-0.002093,0.13
4,726,-0.007972,0.03
4,727,-0.001776,-0.14
4,728,-0.011016,0.09
4,729,-0.007454,0.03
4,730,-0.008201,0.04
4,731,-0.002611,-0.11
4,732,0.002618,-0.01
4,733,-0.00087,0.06
4,734,-0.003398,0.04
4,735,-0.011276,0.06
4,736,-0.003978,0.04
4,737,-0.006923,-0.01
4,738,-0.001788,0.22
4,739,0.003223,-0.07
4,740,-0.001607,0.04
4,741,-0.015823,0.08
4,742,0.000273,-0.04
4,743,-0.00445,0.04
4,744,-0.005838,0.01
4,745,0.005689,0.03
4,746,0.014871,-0.09
4,747,-0.011507,0.28
4,748,-0.002455,0.0
4,749,-0.007476,0.05
4,750,-0.011665,0.22
4,751,-0.002974,0.14
4,752,-0.000746,0.01
4,753,0.010261,0.03
4,754,0.01699,0.08
4,755,-0.002815,-0.03
4,756,-0.006282,0.05
4,757,0.010262,-0.03
4,758,-0.000453,-0.12
4,759,-0.005444,-0.17
4,760,-0.008211,-0.04
4,761,-0.009751,0.1
4,762,-0.003344,-0.02
4,763,-0.000652,0.01
4,764,0.002891,-0.3
4,765,0.01209,-0.16
4,766,0.0068,-0.16
4,767,-0.001095,0.15
4,768,0.009045,0.08
4,769,0.000272,-0.14
4,770,0.005431,-0.26
4,771,-0.003061,-0.02
4,772,0.007315,-0.15
4,773,-0.001076,0.07
4,774,0.000539,-0.09
4,775,-0.002781,0.05
4,776,-0.007286,0.35
4,777,-0.008427,-0.05
4,778,-0.015444,0.11
4,779,-0.000186,-0.14
4,780,-0.005848,-0.15
4,781,0.017649,-0.27
4,782,-0.010552,0.1
4,783,-0.015673,0.17
4,784,-0.009233,0.02
4,785,-0.013789,0.15
4,786,-0.006075,-0.15
4,787,-0.002328,-0.01
4,788,-0.002334,0.02
4,789,-0.001754,-0.16
4,790,0.013962,-0.35
4,791,0.002311,-0.11
4,792,0.047555,-0.44
4,793,-0.004585,-0.08
4,794,0.005712,-0.1
4,795,0.035361,-0.23
4,796,0.02734,0.23
4,797,-0.006546,-0.12
4,798,0.019332,0.08
4,799,0.00825,0.12
4,800,-0.012147,0.22
4,801,0.004696,0.04
4,802,0.015723,0.0
4,803,-0.010543,-0.05
4,804,0.017252,-0.16
4,805,0.019869,-0.13
4,806,-0.010678,0.06
4,807,0.006839,-0.02
4,808,-0.001882,0.02
4,809,-0.008199,0.2
4,810,0.010498,-0.1
4,811,0.007035,-0.07
4,812,0.009667,0.04
4,813,-0.004184,0.0
4,814,-0.009857,-0.09
4,815,-0.000326,-0.04
4,816,0.019345,-0.29
4,817,-0.007127,-0.14
4,818,-0.001452,-0.1
4,819,-0.003958,0.15
4,820,0.002433,-0.1
4,821,-0.003074,-0.14
4,822,-0.013064,-0.05
4,823,-0.009948,-0.07
4,824,0.012872,-0.22
4,825,-0.003771,0.21
4,826,0.003868,-0.03
4,827,0.03271,-0.19
4,828,0.022466,-0.59
4,829,0.017469,-0.08
4,830,0.016885,-0.14
4,831,-0.015654,0.22
4,832,-0.007431,0.14
4,833,0.023658,-0.17
4,834,-0.001097,-0.02
4,835,0.019403,0.13
4,836,-0.001221,0.0
4,837,-0.001654,0.12
4,838,-0.039689,0.3
4,839,0.008701,-0.24
4,840,0.006023,0.03
4,841,-0.012566,-0.13
4,842,0.000973,-0.06
4,843,0.013087,-0.15
4,844,-0.007139,-0.04
4,845,0.002185,0.06
4,846,-0.012099,0.07
4,847,0.018371,-0.04
4,848,-0.013005,-0.03
4,849,-0.017917,0.07
4,850,-0.011749,0.02
4,851,0.018535,-0.08
4,852,0.002973,-0.13
4,853,-0.009542,-0.04
4,854,-0.020435,0.01
4,855,-0.009611,0.1
4,856,0.007147,0.06
4,857,0.007469,-0.08
4,858,-0.005042,0.27
4,859,0.032265,0.01
4,860,0.001372,-0.05
4,861,0.000721,-0.06
4,862,-0.000936,-0.21
4,863,0.022208,-0.01
4,864,0.006701,0.02
4,865,-0.006306,0.14
4,866,-0.012833,-0.04
4,867,-0.003071,0.08
4,868,0.002723,-0.05
4,869,-0.018221,-0.15
4,870,-0.015721,0.04
4,871,0.000444,0.09
4,872,0.016186,0.05
4,873,-0.009019,0.06
4,874,0.017321,-0.16
4,875,0.001587,-0.01
4,876,0.006411,-0.06
4,877,0.017535,-0.03
4,878,-0.009847,0.0
4,879,0.003339,0.03
4,880,-0.006443,-0.03
4,881,0.002209,-0.08
4,882,-0.016354,-0.04
4,883,0.02183,0.05
4,884,0.004244,-0.02
4,885,0.023316,0.04
4,886,-0.00062,-0.03
4,887,0.011021,0.02
4,888,-0.006813,-0.04
4,889,0.006242,-0.02
4,890,-0.006544,-0.05
4,891,0.006313,0.01
4,892,0.000477,0.0
4,893,-0.002181,0.02
4,894,-0.007719,0.11
4,895,0.007021,0.02
4,896,-0.016679,0.18
4,897,-0.026973,0.09
4,898,0.012717,-0.08
4,899,-0.001481,0.07
4,900,0.019288,-0.02
4,901,0.001664,0.04
4,902,0.005467,0.09
4,903,-0.016105,-0.02
4,904,0.001889,0.1
4,905,0.007191,0.05
4,906,0.013032,0.06
4,907,0.005406,-0.03
4,908,-0.008371,0.03
4,909,-0.004804,0.01
4,910,0.017241,-0.17
4,911,0.001017,-0.03
4,912,0.008669,0.0
4,913,-0.00423,0.04
4,914,-0.005866,-0.03
4,915,6.8e-05,-0.1
4,916,0.003798,-0.11
4,917,-0.017027,-0.14
4,918,0.009005,-0.02
4,919,0.019143,-0.02
4,920,0.000936,-0.16
4,921,-0.011219,0.01
4,922,0.019046,-0.05
4,923,0.009411,0.04
4,924,0.007748,-0.03
4,925,0.001238,0.04
4,926,0.0,0.16
4,927,-0.015683,0.09
4,928,0.010644,-0.04
4,929,-0.006999,0.07
4,930,-0.003689,0.04
4,931,-0.002711,-0.11
4,932,0.00358,-0.02
4,933,-0.010306,0.07
4,934,-0.001469,0.03
4,935,0.002072,0.02
4,936,0.008606,0.02
4,937,-0.003506,0.02
4,938,0.014271,-0.04
4,939,0.003665,0.0
4,940,-0.004564,0.06
4,941,-0.005371,0.02
4,942,-0.001712,-0.06
4,943,0.011874,-0.01
4,944,-0.002803,0.03
4,945,0.000392,-0.02
4,946,-0.007319,-0.11
4,947,-0.005662,0.0
4,948,0.004767,0.02
4,949,0.007182,0.0
4,950,0.014982,-0.1
4,951,0.004383,0.01
4,952,0.006097,-0.03
4,953,0.008611,-0.1
4,954,0.003984,0.04
4,955,0.006236,-0.04
4,956,-0.006448,0.1
4,957,0.012602,0.0
4,958,-0.004107,0.04
4,959,0.002312,-0.01
4,960,-0.010036,-0.02
4,961,0.01889,-0.03
4,962,-0.002287,-0.08
4,963,0.009353,0.02
4,964,0.009083,-0.04
4,965,-0.014109,-0.01
4,966,0.001419,0.0
4,967,0.005975,-0.14
4,968,0.00594,0.04
4,969,0.011079,-0.03
4,970,-0.001746,0.12
4,971,0.000844,-0.09
4,972,-0.005966,0.02
4,973,-0.004304,0.05
4,974,0.004018,-0.01
4,975,-0.009157,0.15
4,976,0.001897,0.04
4,977,-0.002688,0.02
4,978,-0.00784,0.06
4,979,0.000926,0.05
4,980,0.007956,0.03
4,981,0.012911,-0.01
4,982,0.004047,0.02
4,983,-0.004392,0.05
4,984,-0.006164,-0.01
4,985,-0.012587,0.19
4,986,0.000985,-0.04
4,987,0.008797,0.01
4,988,0.002683,0.01
4,989,0.002494,0.0
4,990,-0.012498,0.06
4,991,-0.008663,0.07
4,992,0.002913,-0.04
4,993,0.005252,0.01
4,994,0.013278,-0.14
4,995,0.004186,0.02
4,996,0.009606,-0.05
4,997,0.012087,-0.08
4,998,-5.9e-05,0.04
4,999,-0.00065,0.12
4,1000,0.008934,-0.01
4,1001,0.002697,0.04
4,1002,-0.002456,0.07
4,1003,-0.000938,0.12
4,1004,-0.011443,0.09
4,1005,-0.016502,-0.07
4,1006,0.005794,-0.05
4,1007,0.006001,-0.03
4,1008,0.005965,-0.03
4,1009,-0.012097,0.28
4,1010,0.011285,-0.05
4,1011,-0.005461,0.13
4,1012,-0.002865,0.04
4,1013,0.006165,-0.05
4,1014,-0.015347,0.14
4,1015,-0.000423,-0.02
4,1016,0.003324,-0.02
4,1017,-0.010361,0.13
4,1018,-0.00207,-0.1
4,1019,0.005306,-0.05
4,1020,0.02712,-0.08
4,1021,-0.001359,0.04
4,1022,-0.001006,0.11
4,1023,0.003789,-0.02
4,1024,0.005899,0.08
4,1025,-0.01724,0.02
4,1026,-0.015216,0.15
4,1027,-0.015027,0.1
4,1028,-0.003199,0.04
4,1029,-0.000185,0.02
4,1030,0.008827,0.1
4,1031,-0.01291,0.2
4,1032,0.002541,-0.02
4,1033,-0.015828,0.1
4,1034,0.005968,-0.07
4,1035,0.008805,0.04
4,1036,0.0,-0.13
4,1037,0.003838,-0.08
4,1038,0.009497,-0.2
4,1039,-0.001772,-0.05
4,1040,0.011505,-0.06
4,1041,-0.010527,0.05
4,1042,0.002629,0.02
4,1043,0.002195,-0.18
4,1044,-0.009553,0.03
4,1045,-0.009338,-0.03
4,1046,-0.002543,0.08
4,1047,0.008083,0.03
4,1048,0.000678,0.21
4,1049,0.002034,0.04
4,1050,0.011194,0.08
4,1051,-0.001034,-0.01
4,1052,0.004689,0.04
4,1053,0.017515,-0.16
4,1054,0.000417,-0.15
4,1055,-0.001131,0.07
4,1056,-0.005066,-0.04
4,1057,-0.008627,-0.17
4,1058,-0.004109,0.07
4,1059,0.003337,0.13
4,1060,-0.005866,0.06
4,1061,0.011376,-0.14
4,1062,0.008241,-0.02
4,1063,0.009665,-0.09
4,1064,-0.004904,0.07
4,1065,0.008016,-0.04
4,1066,-0.001473,-0.11
4,1067,0.003304,-0.08
4,1068,-0.009643,0.04
4,1069,-0.002553,0.04
4,1070,-0.004583,0.01
4,1071,-0.006937,-0.06
4,1072,-0.001566,0.03
4,1073,0.002774,-0.01
4,1074,0.008841,-0.11
4,1075,0.015142,-0.04
4,1076,0.003054,0.02
4,1077,-0.004227,0.02
4,1078,0.001474,0.06
4,1079,-5.9e-05,-0.07
4,1080,0.003356,-0.11
4,1081,-0.015373,0.02
4,1082,-0.006436,0.0
4,1083,0.001499,-0.02
4,1084,-0.006168,-0.04
4,1085,0.000241,0.23
4,1086,0.002892,0.04
4,1087,-0.006548,0.02
4,1088,-0.003265,-0.06
4,1089,-0.008918,0.02
4,1090,0.001102,0.06
4,1091,0.000673,-0.05
4,1092,0.00721,0.01
4,1093,-0.008432,0.05
4,1094,-0.006179,0.1
4,1095,-0.003263,0.0
4,1096,0.002683,-0.13
4,1097,-0.007324,0.02
4,1098,0.004354,0.0
4,1099,0.000301,0.02
4,1100,-0.00626,0.0
4,1101,0.005815,-0.07
4,1102,0.004758,-0.08
4,1103,0.000719,0.02
4,1104,0.001318,-0.04
4,1105,-0.003828,0.08
4,1106,0.008226,-0.05
4,1107,-0.008993,0.05
4,1108,0.000541,0.0
4,1109,-0.006307,0.12
4,1110,0.001934,0.03
4,1111,-0.00175,-0.02
4,1112,0.002659,0.03
4,1113,-0.004279,0.1
4,1114,-0.000726,0.01
4,1115,0.003271,-0.03
4,1116,-0.004166,0.08
4,1117,-0.009701,0.02
4,1118,-0.010225,-0.01
4,1119,0.004516,-0.08
4,1120,-0.000431,-0.01
4,1121,-0.001971,-0.01
4,1122,0.00963,-0.03
4,1123,-0.000183,-0.06
4,1124,-0.001896,0.02
4,1125,0.009435,-0.04
4,1126,0.00352,0.06
4,1127,-0.002903,-0.02
4,1128,0.000425,0.03
4,1129,-0.005396,0.04
4,1130,0.016703,-0.08
4,1131,0.012172,-0.01
4,1132,0.002784,-0.04
4,1133,-0.002245,0.02
4,1134,-0.005625,-0.04
4,1135,-0.000893,0.05
4,1136,-0.000298,0.0
4,1137,-0.004352,-0.17
4,1138,0.000958,-0.05
4,1139,0.003888,0.03
4,1140,-0.001668,0.04
4,1141,-0.003044,-0.01
4,1142,-0.004969,0.04
4,1143,-0.008062,-0.01
4,1144,0.00649,0.0
4,1145,-0.006629,0.01
4,1146,-0.00364,-0.01
4,1147,-0.001827,0.0
4,1148,-0.006527,0.03
4,1149,0.003316,0.01
4,1150,-0.0041,-0.03
4,1151,0.00381,-0.04
4,1152,-0.014998,0.0
4,1153,-0.017587,0.1
4,1154,0.004175,0.01
4,1155,-0.018206,0.01
4,1156,-0.002759,0.01
4,1157,0.005662,0.1
4,1158,-0.002299,-0.04
4,1159,-0.000768,0.02
4,1160,-0.002498,0.09
4,1161,-0.007063,-0.01
4,1162,-0.002134,0.02
4,1163,-0.00013,0.12
4,1164,0.02087,-0.06
4,1165,0.011364,0.06
4,1166,-0.015568,0.04
4,1167,0.00153,-0.05
4,1168,0.007195,0.03
4,1169,0.006638,-0.08
4,1170,-0.008478,0.08
4,1171,-0.010387,0.02
4,1172,-0.010752,0.13
4,1173,0.004011,0.02
4,1174,-0.005413,0.04
4,1175,0.012893,-0.04
4,1176,0.002814,0.03
4,1177,-6.4e-05,0.04
4,1178,0.004082,0.0
4,1179,0.011816,0.03
4,1180,-0.009355,0.11
4,1181,0.006845,-0.01
4,1182,-0.001259,0.01
4,1183,-0.012416,0.04
4,1184,0.001085,-0.01
4,1185,-0.001211,-0.02
4,1186,0.004021,0.0
4,1187,0.016402,-0.04
4,1188,-0.002252,-0.01
4,1189,-0.002131,0.12
4,1190,-0.007539,0.03
4,1191,-0.002026,0.09
4,1192,-0.000761,0.02
4,1193,-0.015869,-0.02
4,1194,0.002838,-0.14
4,1195,-0.000193,-0.04
4,1196,0.002702,0.05
4,1197,-0.005582,-0.02
4,1198,0.017613,-0.1
4,1199,-0.002663,0.17
4,1200,0.00642,0.04
4,1201,0.004106,-0.04
4,1202,-0.006731,0.13
4,1203,0.00076,0.07
4,1204,-0.007721,0.03
4,1205,0.008099,-0.05
4,1206,0.003669,-0.06
4,1207,0.0104,-0.02
4,1208,-0.002558,0.12
4,1209,0.001001,0.03
4,1210,0.010184,0.0
4,1211,0.001361,0.04
4,1212,-0.004324,0.03
4,1213,-0.012965,0.18
4,1214,0.002263,0.06
4,1215,0.006584,-0.04
4,1216,-0.002554,0.12
4,1217,-0.000687,0.04
4,1218,-0.009437,0.21
4,1219,-0.006246,0.12
4,1220,0.003175,-0.1
4,1221,-6.3e-05,-0.07
4,1222,-0.008988,0.13
4,1223,-0.005046,-0.09
4,1224,-0.00674,-0.02
4,1225,-0.005493,0.09
4,1226,-0.004744,0.02
4,1227,-0.012537,0.18
4,1228,0.002579,0.03
4,1229,-0.008772,0.14
4,1230,0.000399,0.1
4,1231,0.00133,-0.08
4,1232,0.017868,-0.28
4,1233,0.007178,-0.21
4,1234,-0.004471,-0.05
4,1235,0.008851,0.17
4,1236,-0.000581,0.0
4,1237,0.001614,-0.08
4,1238,-0.013598,0.12
4,1239,-0.005684,-0.04
4,1240,-0.000394,-0.1
4,1241,-0.011438,-0.05
4,1242,-0.009043,-0.18
4,1243,0.018117,0.06
4,1244,0.0058,0.11
4,1245,0.014612,0.27
4,1246,-0.002131,0.07
4,1247,-0.000324,0.02
4,1248,-0.003172,0.01
4,1249,-0.008183,0.04
4,1250,-0.007007,-0.03
4,1251,0.007913,0.04
4,1252,0.002225,0.04
4,1253,0.000131,0.03
4,1254,0.003264,-0.07
4,1255,-0.006116,-0.03
4,1256,-0.003404,-0.02
4,1257,0.007357,-0.27
4,1258,-0.003065,0.05
4,1259,-0.01524,0.02
