source_start,path_id,t,sp500,DGS10
6975,0,0,-0.003806,0.1
6975,0,1,0.002866,-0.03
6975,0,2,-0.007534,0.07
6975,0,3,-0.006478,0.02
6975,0,4,-0.009089,0.06
6975,0,5,0.003877,-0.09
6975,0,6,-0.007636,-0.03
6975,0,7,-0.01519,0.12
6975,0,8,0.010185,-0.04
6975,0,9,-0.002772,0.08
6975,0,10,0.003497,-0.02
6975,0,11,-0.007506,0.1
6975,0,12,0.004344,0.0
6975,0,13,0.000381,-0.03
6975,0,14,-0.000538,0.01
6975,0,15,0.005043,-0.02
6975,0,16,0.002609,0.12
6975,0,17,-0.003314,0.05
6975,0,18,-0.000246,-0.04
6975,0,19,0.001741,-0.02
6975,0,20,0.010429,-0.16
6975,0,21,0.001654,0.0
6975,0,22,0.002334,-0.05
6975,0,23,-0.002988,-0.05
6975,0,24,-0.00498,0.1
6975,0,25,0.002236,0.02
6975,0,26,0.001105,0.02
6975,0,27,0.002516,-0.02
6975,0,28,-0.001959,0.01
6975,0,29,-0.001743,0.06
6975,0,30,0.00369,-0.05
6975,0,31,0.00885,-0.17
6975,0,32,0.006001,0.01
6975,0,33,-0.000976,-0.02
6975,0,34,0.001932,-0.02
6975,0,35,-0.00661,0.03
6975,0,36,-0.002858,0.16
6975,0,37,0.00175,0.0
6975,0,38,6.6e-05,0.05
6975,0,39,0.005197,-0.03
6975,0,40,-0.003085,0.06
6975,0,41,0.006668,-0.09
6975,0,42,-0.001537,0.03
6975,0,43,0.008195,-0.11
6975,0,44,0.000344,-0.04
6975,0,45,-0.0043,0.13
6975,0,46,0.001101,-0.01
6975,0,47,-0.002933,0.04
6975,0,48,0.004737,-0.03
6975,0,49,0.009731,-0.06
6975,0,50,-0.002025,0.07
6975,0,51,0.01222,-0.05
6975,0,52,0.001667,0.0
6975,0,53,0.003118,-0.04
6975,0,54,-0.001218,-0.01
6975,0,55,-0.004879,0.0
6975,0,56,-0.004607,0.02
6975,0,57,0.001847,0.06
6975,0,58,-0.001844,0.02
6975,0,59,0.004565,0.01
6975,0,60,-0.010483,0.14
6975,0,61,-0.004208,0.02
6975,0,62,0.002788,-0.02
6975,0,63,0.002759,-0.03
6975,0,64,0.01282,-0.06
6975,0,65,-0.007624,0.17
6975,0,66,-0.000722,-0.03
6975,0,67,-0.015907,0.04
6975,0,68,-0.0041,0.03
6975,0,69,-0.000412,0.0
6975,0,70,-0.003469,0.01
6975,0,71,0.002502,0.0
6975,0,72,0.002669,0.04
6975,0,73,0.006038,-0.04
6975,0,74,-0.005593,0.07
6975,0,75,0.001017,-0.02
6975,0,76,-0.002096,0.04
6975,0,77,-0.015485,0.04
6975,0,78,-0.002354,0.07
6975,0,79,-0.002558,0.01
6975,0,80,0.006057,-0.08
6975,0,81,-0.000687,0.04
6975,0,82,0.004984,-0.05
6975,0,83,0.0028,-0.03
6975,0,84,-0.000298,0.01
6975,0,85,-0.002772,0.02
6975,0,86,0.005602,0.04
6975,0,87,-0.007294,0.12
6975,0,88,-0.004198,0.01
6975,0,89,-0.008733,0.05
6975,0,90,0.001519,0.02
6975,0,91,0.002362,0.0
6975,0,92,0.006982,0.0
6975,0,93,0.017001,-0.06
6975,0,94,-0.002997,-0.01
6975,0,95,-0.00832,0.1
6975,0,96,-0.004078,0.05
6975,0,97,0.003001,0.0
6975,0,98,-0.012032,0.08
6975,0,99,0.001709,0.01
6975,0,100,0.005572,-0.04
6975,0,101,-0.000537,-0.07
6975,0,102,-0.002213,0.04
6975,0,103,-0.002167,-0.02
6975,0,104,0.001269,0.05
6975,0,105,-0.004403,0.06
6975,0,106,-0.00453,-0.02
6975,0,107,-0.006869,0.02
6975,0,108,-0.017914,-0.03
6975,0,109,-0.000355,-0.19
6975,0,110,0.005245,-0.01
6975,0,111,0.004135,0.08
6975,0,112,0.002224,0.07
6975,0,113,-0.003252,-0.04
6975,0,114,-0.010514,0.01
6975,0,115,0.009757,-0.11
6975,0,116,4.4e-05,0.02
6975,0,117,-0.000463,-0.1
6975,0,118,-0.004149,0.08
6975,0,119,-0.012809,-0.02
6975,0,120,0.00339,0.0
6975,0,121,0.005616,0.06
6975,0,122,0.001513,-0.02
6975,0,123,0.010708,-0.03
6975,0,124,0.000813,-0.01
6975,0,125,0.007599,0.02
6975,0,126,-0.00194,0.0
6975,0,127,-0.001769,0.0
6975,0,128,0.005491,-0.01
6975,0,129,0.000152,0.04
6975,0,130,0.000326,0.01
6975,0,131,0.005741,-0.09
6975,0,132,-0.003481,0.04
6975,0,133,0.000673,0.02
6975,0,134,-0.00412,0.02
6975,0,135,-0.000348,0.04
6975,0,136,0.003485,-0.06
6975,0,137,-0.000803,0.06
6975,0,138,0.000739,-0.01
6975,0,139,0.000326,0.02
6975,0,140,0.001844,-0.05
6975,0,141,-4.3e-05,-0.05
6975,0,142,-4.3e-05,0.01
6975,0,143,0.00938,-0.11
6975,0,144,-0.000723,0.01
6975,0,145,-0.005876,0.03
6975,0,146,-0.004647,0.08
6975,0,147,0.002238,0.01
6975,0,148,8.6e-05,0.03
6975,0,149,0.003392,-0.06
6975,0,150,0.001883,-0.04
6975,0,151,0.00442,-0.1
6975,0,152,-0.003997,-0.01
6975,0,153,0.004077,-0.05
6975,0,154,-4.3e-05,0.06
6975,0,155,0.005081,0.02
6975,0,156,0.012395,-0.19
6975,0,157,0.005202,0.04
6975,0,158,-0.000686,-0.01
6975,0,159,0.00079,0.01
6975,0,160,-0.002078,0.05
6975,0,161,0.002645,0.04
6975,0,162,0.000395,-0.01
6975,0,163,0.001869,-0.1
6975,0,164,0.004124,-0.06
6975,0,165,0.001403,-0.05
6975,0,166,-0.006698,0.03
6975,0,167,0.001556,0.01
6975,0,168,0.004868,-0.1
6975,0,169,0.003793,0.0
6975,0,170,0.002465,-0.01
6975,0,171,-0.008809,-0.09
6975,0,172,0.0074,-0.02
6975,0,173,-0.00357,0.01
6975,0,174,-0.001071,0.07
6975,0,175,0.000598,0.06
6975,0,176,0.000433,0.05
6975,0,177,-0.007228,0.03
6975,0,178,0.002116,-0.08
6975,0,179,4.1e-05,-0.06
6975,0,180,0.013267,-0.07
6975,0,181,0.00098,-0.04
6975,0,182,0.005795,-0.1
6975,0,183,-0.002049,0.0
6975,0,184,0.007177,-0.04
6975,0,185,0.000222,0.07
6975,0,186,0.001251,0.0
6975,0,187,-0.002157,0.04
6975,0,188,0.001212,0.05
6975,0,189,0.000565,0.0
6975,0,190,0.010122,-0.12
6975,0,191,0.004451,-0.04
6975,0,192,0.001391,0.11
6975,0,193,-0.001548,0.0
6975,0,194,-0.001789,0.02
6975,0,195,-0.003007,0.02
6975,0,196,0.002277,-0.06
6975,0,197,0.006755,-0.02
6975,0,198,0.000653,0.0
6975,0,199,0.001009,-0.03
6975,0,200,0.000672,0.02
6975,0,201,0.001165,0.01
6975,0,202,-0.002919,-0.03
6975,0,203,0.003244,-0.03
6975,0,204,0.004062,-0.03
6975,0,205,-0.006088,0.01
6975,0,206,-0.001502,0.0
6975,0,207,-0.00089,0.02
6975,0,208,0.000733,-0.04
6975,0,209,0.006333,-0.01
6975,0,210,0.008653,0.0
6975,0,211,-0.00154,0.0
6975,0,212,0.001094,0.0
6975,0,213,0.001736,0.03
6975,0,214,0.002259,0.03
6975,0,215,-0.000874,0.02
6975,0,216,0.001167,-0.05
6975,0,217,0.010916,-0.08
6975,0,218,0.000115,-0.11
6975,0,219,-0.000807,-0.16
6975,0,220,0.007383,0.01
6975,0,221,-0.000763,-0.09
6975,0,222,0.001528,0.05
6975,0,223,1.9e-05,0.02
6975,0,224,0.00225,-0.01
6975,0,225,0.004167,-0.05
6975,0,226,0.000853,-0.05
6975,0,227,-0.00212,-0.04
6975,0,228,-0.014211,0.08
6975,0,229,-0.000751,0.0
6975,0,230,0.00859,0.02
6975,0,231,0.009434,-0.06
6975,0,232,3.8e-05,-0.13
6975,0,233,-3.8e-05,-0.05
6975,0,234,-0.009346,0.01
6975,0,235,-0.000134,-0.1
6975,0,236,0.018755,0.0
6975,0,237,0.000169,-0.1
6975,0,238,-0.001837,-0.1
6975,0,239,0.005803,-0.02
6975,0,240,-9.3e-05,0.0
6975,0,241,-0.004519,0.12
6975,0,242,-0.001463,0.02
6975,0,243,-0.008284,0.18
6975,0,244,0.005569,-0.03
6975,0,245,0.009739,-0.23
6975,0,246,0.000784,0.01
6975,0,247,0.001212,0.03
6975,0,248,0.005045,0.03
6975,0,249,0.009985,-0.08
6975,0,250,-0.00044,0.03
6975,0,251,-0.001835,-0.03
6975,0,252,0.013034,-0.09
6975,0,253,-0.002468,0.02
6975,0,254,-0.010151,0.05
6975,0,255,-0.003124,0.04
6975,0,256,0.00424,-0.05
6975,0,257,-0.001579,0.18
6975,0,258,0.001618,-0.07
6975,0,259,0.004296,0.0
6975,0,260,0.000311,-0.02
6975,0,261,0.012298,-0.14
6975,0,262,0.004296,-0.01
6975,0,263,0.001474,0.0
6975,0,264,-0.004325,0.05
6975,0,265,0.011013,0.01
6975,0,266,0.000196,-0.01
6975,0,267,-0.001979,0.06
6975,0,268,0.005055,0.07
6975,0,269,-0.00757,0.03
6975,0,270,-0.013394,0.18
6975,0,271,0.004646,0.0
6975,0,272,0.000145,0.1
6975,0,273,0.005437,-0.07
6975,0,274,0.00803,-0.03
6975,0,275,0.000909,0.05
6975,0,276,0.006428,-0.05
6975,0,277,-0.004052,0.06
6975,0,278,-0.001545,-0.04
6975,0,279,-0.004306,0.05
6975,0,280,-0.001501,-0.06
6975,0,281,-8.9e-05,0.09
6975,0,282,0.00034,-0.03
6975,0,283,0.00195,-0.02
6975,0,284,0.000643,-0.01
6975,0,285,-0.001213,0.0
6975,0,286,-0.004038,0.04
6975,0,287,-0.004198,0.08
6975,0,288,0.008341,0.0
6975,0,289,-0.00209,-0.02
6975,0,290,0.002506,-0.03
6975,0,291,-0.001661,0.03
6975,0,292,0.000304,0.0
6975,0,293,-0.001967,-0.03
6975,0,294,0.002526,0.03
6975,0,295,-0.004254,0.03
6975,0,296,0.000574,-0.1
6975,0,297,0.004736,-0.12
6975,0,298,-0.001875,-0.04
6975,0,299,0.001699,0.02
6975,0,300,0.001643,-0.03
6975,0,301,0.001711,-0.05
6975,0,302,0.003488,-0.06
6975,0,303,0.009453,-0.04
6975,0,304,0.001757,-0.01
6975,0,305,0.00021,0.04
6975,0,306,0.004191,0.03
6975,0,307,0.002148,0.0
6975,0,308,0.00453,-0.08
6975,0,309,0.00392,0.02
6975,0,310,0.008363,-0.1
6975,0,311,-0.000446,0.03
6975,0,312,-0.000994,0.06
6975,0,313,0.002454,-0.03
6975,0,314,0.004399,-0.04
6975,0,315,-0.006425,0.11
6975,0,316,-0.002178,0.04
6975,0,317,0.000138,0.01
6975,0,318,-0.000688,0.02
6975,0,319,-0.000636,0.02
6975,0,320,0.008313,-0.02
6975,0,321,-0.002492,-0.11
6975,0,322,-0.004603,-0.02
6975,0,323,0.001066,-0.02
6975,0,324,-0.001494,-0.01
6975,0,325,0.001995,-0.06
6975,0,326,-0.00024,0.0
6975,0,327,0.003359,0.02
6975,0,328,0.006282,-0.02
6975,0,329,0.002401,-0.1
6975,0,330,-0.002515,0.0
6975,0,331,0.006432,0.0
6975,0,332,0.001125,0.02
6975,0,333,0.005464,-0.01
6975,0,334,-0.005401,0.06
6975,0,335,-0.004085,0.03
6975,0,336,0.00253,-0.05
6975,0,337,-0.006939,-0.02
6975,0,338,-0.009872,0.06
6975,0,339,0.005167,-0.01
6975,0,340,0.006124,-0.01
6975,0,341,-0.003,-0.01
6975,0,342,0.004678,-0.05
6975,0,343,0.009414,-0.06
6975,0,344,0.001441,0.02
6975,0,345,-0.003573,0.02
6975,0,346,-0.003637,0.03
6975,0,347,0.009193,-0.07
6975,0,348,0.00262,0.05
6975,0,349,-0.00091,0.03
6975,0,350,-0.000709,-0.02
6975,0,351,-0.005082,-0.01
6975,0,352,0.007925,0.03
6975,0,353,0.005691,-0.07
6975,0,354,0.00457,-0.01
6975,0,355,-0.005366,0.01
6975,0,356,0.00568,-0.01
6975,0,357,-0.003065,0.01
6975,0,358,0.002624,-0.02
6975,0,359,0.00225,-0.03
6975,0,360,0.008531,0.0
6975,0,361,0.001962,-0.03
6975,0,362,-0.003736,-0.09
6975,0,363,0.00266,-0.05
6975,0,364,0.011038,-0.08
6975,0,365,0.006518,0.02
6975,0,366,0.004047,0.02
6975,0,367,-0.006466,0.05
6975,0,368,0.002126,0.01
6975,0,369,0.003304,-0.02
6975,0,370,-0.001194,0.01
6975,0,371,0.004703,0.02
6975,0,372,-0.007673,0.0
6975,0,373,-0.00094,0.01
6975,0,374,-0.015462,0.1
6975,0,375,0.008438,-0.04
6975,0,376,-0.009789,-0.05
6975,0,377,0.007509,0.01
6975,0,378,0.002392,-0.06
6975,0,379,0.00384,-0.02
6975,0,380,0.000374,-0.03
6975,0,381,-0.000667,-0.03
6975,0,382,0.002947,-0.05
6975,0,383,0.007793,0.02
6975,0,384,0.00095,-0.02
6975,0,385,-0.005826,0.07
6975,0,386,-0.001603,0.04
6975,0,387,0.002838,-0.01
6975,0,388,-0.014568,0.02
6975,0,389,-0.018,0.1
6975,0,390,0.007034,-0.02
6975,0,391,-0.00146,-0.03
6975,0,392,-0.003402,-0.08
6975,0,393,0.003084,-0.05
6975,0,394,0.005902,0.01
6975,0,395,0.002566,0.07
6975,0,396,-0.000994,0.05
6975,0,397,0.011701,-0.04
6975,0,398,-0.004726,0.08
6975,0,399,0.007439,-0.05
6975,0,400,0.004183,0.04
6975,0,401,0.0095,-0.06
6975,0,402,0.009315,-0.03
6975,0,403,0.003836,0.03
6975,0,404,-0.004104,0.03
6975,0,405,0.008792,0.04
6975,0,406,0.007639,-0.02
6975,0,407,0.00557,-0.02
6975,0,408,0.009447,0.0
6975,0,409,0.000457,0.0
6975,0,410,0.00774,-0.05
6975,0,411,-0.001421,-0.03
6975,0,412,-0.007464,0.04
6975,0,413,-0.006498,0.08
6975,0,414,-0.005128,0.06
6975,0,415,-0.011312,0.25
6975,0,416,0.011629,-0.03
6975,0,417,0.016602,-0.06
6975,0,418,0.000334,0.05
6975,0,419,-0.013079,0.04
6975,0,420,-0.00495,0.05
6975,0,421,-0.003847,0.05
6975,0,422,-0.0067,0.02
6975,0,423,0.006152,-0.14
6975,0,424,0.009994,-0.07
6975,0,425,0.007652,0.04
6975,0,426,-0.005779,0.09
6975,0,427,0.002531,0.02
6975,0,428,-0.030827,0.34
6975,0,429,0.010292,-0.08
6975,0,430,-0.004578,0.03
6975,0,431,0.002292,-0.01
6975,0,432,0.003633,0.01
6975,0,433,0.000874,0.1
6975,0,434,0.017492,-0.03
6975,0,435,-0.001471,-0.02
6975,0,436,-0.002624,-0.07
6975,0,437,-0.001215,-0.06
6975,0,438,0.002203,0.04
6975,0,439,-0.000891,-0.06
6975,0,440,0.004507,-0.01
6975,0,441,-0.006218,0.09
6975,0,442,4.6e-05,0.07
6975,0,443,-0.005301,-0.07
6975,0,444,0.01275,-0.03
6975,0,445,0.00234,-0.06
6975,0,446,0.000946,0.02
6975,0,447,-3e-05,0.06
6975,0,448,-0.017717,0.3
6975,0,449,-0.003182,-0.07
6975,0,450,-0.013532,0.07
6975,0,451,-0.003662,0.05
6975,0,452,0.008761,-0.16
6975,0,453,0.009078,-0.05
6975,0,454,0.003907,0.01
6975,0,455,-0.005256,0.04
6975,0,456,0.003117,0.06
6975,0,457,0.002268,-0.05
6975,0,458,0.004372,-0.05
6975,0,459,0.005695,0.04
6975,0,460,-0.002164,0.05
6975,0,461,0.004153,-0.01
6975,0,462,0.000904,-0.02
6975,0,463,0.001071,0.05
6975,0,464,1.5e-05,0.07
6975,0,465,0.000627,0.02
6975,0,466,-0.01711,0.17
6975,0,467,-0.00272,0.05
6975,0,468,-0.001278,-0.04
6975,0,469,-0.003979,0.01
6975,0,470,0.0102,-0.09
6975,0,471,0.001039,0.06
6975,0,472,0.010303,-0.09
6975,0,473,0.014446,-0.03
6975,0,474,0.006183,-0.06
6975,0,475,-0.00027,-0.01
6975,0,476,-0.000857,0.05
6975,0,477,0.006107,-0.05
6975,0,478,0.006339,-0.03
6975,0,479,-0.000579,0.03
6975,0,480,0.008413,-0.02
6975,0,481,-0.003567,0.05
6975,0,482,0.003713,-0.03
6975,0,483,-0.009256,0.02
6975,0,484,-0.006397,0.1
6975,0,485,0.005644,0.01
6975,0,486,-0.003841,0.07
6975,0,487,-0.002152,0.02
6975,0,488,0.007309,-0.01
6975,0,489,0.008743,-0.04
6975,0,490,-0.007974,-0.06
6975,0,491,0.000416,0.17
6975,0,492,-0.001708,0.04
6975,0,493,-0.00177,0.02
6975,0,494,-0.002876,0.04
6975,0,495,-0.001674,-0.02
6975,0,496,-0.003099,-0.06
6975,0,497,-0.001036,-0.05
6975,0,498,-0.004661,0.03
6975,0,499,-0.000151,0.03
6975,0,500,0.000211,0.02
6975,0,501,0.007159,-0.02
6975,0,502,0.003014,-0.02
6975,0,503,-0.000553,-0.03
6975,0,504,-0.006118,0.0
6975,0,505,0.006261,-0.08
6975,0,506,0.003111,-0.1
6975,0,507,0.007828,0.01
6975,0,508,-0.003359,0.06
6975,0,509,-0.001796,-0.02
6975,0,510,-0.022249,0.28
6975,0,511,-0.007453,-0.01
6975,0,512,0.003387,-0.05
6975,0,513,0.002001,-0.05
6975,0,514,-0.015837,-0.05
6975,0,515,0.000805,-0.05
6975,0,516,-0.025364,0.04
6975,0,517,-0.002271,-0.05
6975,0,518,0.009071,-0.01
6975,0,519,0.014967,-0.11
6975,0,520,-0.007505,0.06
6975,0,521,-0.007765,0.06
6975,0,522,-0.010887,-0.04
6975,0,523,-0.000351,0.07
6975,0,524,0.007213,0.0
6975,0,525,0.007494,-0.02
6975,0,526,-0.007847,0.08
6975,0,527,0.006895,-0.04
6975,0,528,0.007383,-0.09
6975,0,529,0.015736,-0.15
6975,0,530,0.019184,-0.14
6975,0,531,-0.003411,0.02
6975,0,532,0.003256,0.01
6975,0,533,0.002687,0.01
6975,0,534,-0.002364,0.01
6975,0,535,-0.00074,-0.06
6975,0,536,0.005543,-0.01
6975,0,537,-0.008366,0.08
6975,0,538,0.002802,0.01
6975,0,539,0.000347,0.04
6975,0,540,0.004424,-0.06
6975,0,541,0.00206,0.03
6975,0,542,-0.001335,0.0
6975,0,543,-0.000931,0.02
6975,0,544,0.008435,0.01
6975,0,545,-0.005442,0.1
6975,0,546,-0.004722,0.08
6975,0,547,0.003796,-0.02
6975,0,548,-0.002386,0.01
6975,0,549,-0.011146,0.07
6975,0,550,-0.008229,0.1
6975,0,551,0.004187,-0.04
6975,0,552,0.001359,0.02
6975,0,553,-0.009411,0.04
6975,0,554,0.009608,-0.04
6975,0,555,0.012323,-0.04
6975,0,556,7.5e-05,0.04
6975,0,557,0.005227,0.0
6975,0,558,0.0058,-0.06
6975,0,559,0.013991,-0.14
6975,0,560,0.005055,-0.01
6975,0,561,-0.001521,0.08
6975,0,562,-0.002152,0.02
6975,0,563,0.002245,0.04
6975,0,564,0.0059,-0.02
6975,0,565,-0.000801,-0.02
6975,0,566,-0.001267,-0.06
6975,0,567,0.000321,-0.06
6975,0,568,4.4e-05,-0.05
6975,0,569,0.000481,0.02
6975,0,570,0.001661,0.04
6975,0,571,0.002546,-0.07
6975,0,572,0.007154,-0.04
6975,0,573,-0.001772,0.0
6975,0,574,0.012529,-0.13
6975,0,575,0.00268,0.05
6975,0,576,-0.003839,0.0
6975,0,577,-0.005566,0.02
6975,0,578,-0.003057,0.06
6975,0,579,0.00871,-0.06
6975,0,580,0.002619,0.01
6975,0,581,0.003663,-0.06
6975,0,582,0.005417,-0.01
6975,0,583,-0.001365,0.02
6975,0,584,-0.004621,0.04
6975,0,585,0.000991,0.0
6975,0,586,-0.007041,0.01
6975,0,587,-0.001951,-0.03
6975,0,588,-0.005222,0.02
6975,0,589,0.006081,-0.16
6975,0,590,-0.000855,0.0
6975,0,591,0.006235,-0.03
6975,0,592,-0.002127,0.01
6975,0,593,0.004206,-0.02
6975,0,594,0.010485,-0.08
6975,0,595,0.014633,0.02
6975,0,596,0.004223,-0.04
6975,0,597,0.004356,0.03
6975,0,598,0.002152,0.01
6975,0,599,0.006497,-0.05
6975,0,600,0.002365,0.04
6975,0,601,-0.000813,0.01
6975,0,602,0.006974,-0.03
6975,0,603,0.002412,-0.03
6975,0,604,-0.001613,0.01
6975,0,605,0.008051,0.0
6975,0,606,0.011085,-0.02
6975,0,607,-0.001413,0.0
6975,0,608,-0.00127,0.01
6975,0,609,0.002675,-0.08
6975,0,610,-0.000608,0.02
6975,0,611,-0.010944,-0.02
6975,0,612,-0.00425,0.05
6975,0,613,-0.000966,0.11
6975,0,614,-0.006421,0.04
6975,0,615,0.013737,-0.05
6975,0,616,-0.002961,0.02
6975,0,617,-0.00911,0.15
6975,0,618,-0.015431,0.02
6975,0,619,-0.000905,-0.07
6975,0,620,-0.010513,0.06
6975,0,621,0.007018,0.03
6975,0,622,0.007575,0.04
6975,0,623,0.019438,-0.1
6975,0,624,0.00417,-0.01
6975,0,625,-0.002604,-0.01
6975,0,626,0.005503,0.02
6975,0,627,0.006378,-0.01
6975,0,628,0.001283,-0.05
6975,0,629,-0.003885,0.01
6975,0,630,-0.017391,0.12
6975,0,631,-0.005036,0.11
6975,0,632,0.014952,-0.02
6975,0,633,-0.000508,0.02
6975,0,634,0.007463,0.03
6975,0,635,-0.006399,0.03
6975,0,636,0.008605,-0.08
6975,0,637,0.00616,0.11
6975,0,638,1.3e-05,0.0
6975,0,639,0.012311,-0.1
6975,0,640,-0.002159,0.0
6975,0,641,0.003324,0.04
6975,0,642,0.00834,-0.01
6975,0,643,0.004484,0.04
6975,0,644,-0.011027,0.04
6975,0,645,-0.009054,0.04
6975,0,646,-0.007138,0.05
6975,0,647,0.0,-0.05
6975,0,648,0.009778,-0.01
6975,0,649,0.015107,-0.02
6975,0,650,0.002538,-0.08
6975,0,651,0.000725,-0.06
6975,0,652,0.003216,-0.02
6975,0,653,-0.013912,0.02
6975,0,654,0.002403,0.02
6975,0,655,0.012062,-0.06
6975,0,656,-0.005231,0.0
6975,0,657,0.005296,0.0
6975,0,658,0.016692,-0.04
6975,0,659,0.011273,-0.07
6975,0,660,-0.004114,-0.04
6975,0,661,0.00966,0.0
6975,0,662,-0.004655,0.02
6975,0,663,-0.011926,0.08
6975,0,664,-0.001283,-0.02
6975,0,665,0.010614,0.03
6975,0,666,0.00216,0.01
6975,0,667,-0.00782,0.16
6975,0,668,-0.013169,0.02
6975,0,669,-0.005345,-0.02
6975,0,670,0.005678,0.02
6975,0,671,-0.005482,0.02
6975,0,672,0.013958,0.0
6975,0,673,-0.004277,0.02
6975,0,674,0.008027,-0.05
6975,0,675,0.010783,-0.01
6975,0,676,-0.002839,0.01
6975,0,677,-0.008726,0.03
6975,0,678,-0.018278,0.12
6975,0,679,0.004572,-0.01
6975,0,680,0.003202,0.01
6975,0,681,-0.007603,0.0
6975,0,682,-0.004926,0.02
6975,0,683,-0.003971,0.01
6975,0,684,0.001853,-0.01
6975,0,685,0.00866,-0.02
6975,0,686,-0.002301,0.03
6975,0,687,0.001812,0.05
6975,0,688,-0.021025,0.1
6975,0,689,-0.021657,0.02
6975,0,690,0.003328,-0.02
6975,0,691,-0.012545,-0.02
6975,0,692,0.00028,-0.02
6975,0,693,0.010102,0.06
6975,0,694,0.005581,-0.05
6975,0,695,0.005235,0.04
6975,0,696,-0.007205,0.0
6975,0,697,-0.002971,0.0
6975,0,698,-0.027283,0.07
6975,0,699,0.008242,0.0
6975,0,700,0.014777,-0.1
6975,0,701,0.011673,0.02
6975,0,702,-0.002305,-0.04
6975,0,703,0.005999,-0.02
6975,0,704,-0.00779,0.03
6975,0,705,0.018728,-0.03
6975,0,706,-0.001252,0.05
6975,0,707,-0.00318,0.04
6975,0,708,-0.007534,0.01
6975,0,709,0.009917,-0.02
6975,0,710,0.027285,-0.15
6975,0,711,0.009181,-0.05
6975,0,712,-0.003507,-0.03
6975,0,713,0.018083,-0.01
6975,0,714,0.021305,-0.01
6975,0,715,-0.003047,0.0
6975,0,716,-0.014666,0.09
6975,0,717,0.005689,-0.04
6975,0,718,0.00551,-0.05
6975,0,719,0.015616,-0.02
6975,0,720,-0.005408,0.06
6975,0,721,0.003493,-0.03
6975,0,722,0.006985,-0.01
6975,0,723,-0.014408,0.03
6975,0,724,0.004242,0.01
6975,0,725,0.010069,-0.01
6975,0,726,-0.002745,0.04
6975,0,727,-0.004396,0.02
6975,0,728,0.013606,-0.02
6975,0,729,0.003164,0.05
6975,0,730,-0.002942,0.01
6975,0,731,-0.003694,-0.05
6975,0,732,0.004976,-0.08
6975,0,733,-0.002263,-0.01
6975,0,734,-0.00104,-0.03
6975,0,735,-0.006351,-0.01
6975,0,736,0.003952,0.0
6975,0,737,0.017287,-0.11
6975,0,738,0.005711,0.04
6975,0,739,0.002735,0.02
6975,0,740,0.00497,-0.01
6975,0,741,0.015973,-0.08
6975,0,742,0.011104,-0.05
6975,0,743,0.000705,-0.03
6975,0,744,0.000582,0.03
6975,0,745,-0.005993,-0.03
6975,0,746,0.010044,0.0
6975,0,747,0.000791,-0.03
6975,0,748,-0.022343,0.03
6975,0,749,0.020168,0.02
6975,0,750,-0.0082,0.03
6975,0,751,-0.005973,0.05
6975,0,752,0.004097,-0.04
6975,0,753,-0.002434,0.05
6975,0,754,0.006654,-0.06
6975,0,755,0.01459,-0.03
6975,0,756,0.014258,-0.11
6975,0,757,-0.005148,-0.04
6975,0,758,0.00718,0.0
6975,0,759,-0.012201,-0.02
6975,0,760,0.006876,0.01
6975,0,761,0.003174,-0.03
6975,0,762,0.001855,0.03
6975,0,763,0.008036,0.0
6975,0,764,0.011698,-0.06
6975,0,765,-0.005317,-0.01
6975,0,766,-0.017507,0.05
6975,0,767,-0.002578,0.03
6975,0,768,0.023046,-0.12
6975,0,769,0.002762,-0.01
6975,0,770,0.003993,0.02
6975,0,771,-0.001606,0.02
6975,0,772,-0.002493,-0.02
6975,0,773,0.006236,-0.05
6975,0,774,0.010612,-0.06
6975,0,775,0.002121,-0.03
6975,0,776,-0.007513,0.18
6975,0,777,0.003336,0.03
6975,0,778,0.002178,0.0
6975,0,779,0.008348,-0.02
6975,0,780,-0.009507,0.03
6975,0,781,-0.018556,0.14
6975,0,782,0.003706,-0.02
6975,0,783,-0.011174,0.03
6975,0,784,-0.004868,-0.03
6975,0,785,0.002983,-0.09
6975,0,786,-0.025909,0.0
6975,0,787,0.012966,-0.06
6975,0,788,0.014817,0.0
6975,0,789,0.014406,0.03
6975,0,790,-0.015223,0.06
6975,0,791,-0.001632,0.08
6975,0,792,-0.00366,0.01
6975,0,793,-0.00776,-0.01
6975,0,794,0.000745,0.0
6975,0,795,-0.010977,-0.08
6975,0,796,-0.004648,0.04
6975,0,797,0.031252,-0.03
6975,0,798,0.000302,0.02
6975,0,799,0.003244,0.0
6975,0,800,-0.001955,0.04
6975,0,801,0.002314,-0.04
6975,0,802,0.002599,0.01
6975,0,803,-0.015627,0.03
6975,0,804,-0.007007,0.02
6975,0,805,0.012404,-0.1
6975,0,806,-0.004481,-0.01
6975,0,807,0.028127,-0.17
6975,0,808,-0.002792,-0.01
6975,0,809,0.004549,0.01
6975,0,810,0.003399,-0.02
6975,0,811,0.005176,-0.03
6975,0,812,-0.003663,0.04
6975,0,813,-0.007826,-0.06
6975,0,814,-0.006956,0.09
6975,0,815,0.007794,-0.05
6975,0,816,0.008591,0.02
6975,0,817,-0.006357,0.02
6975,0,818,0.008582,-0.08
6975,0,819,0.005286,-0.03
6975,0,820,0.004758,0.0
6975,0,821,0.007938,-0.05
6975,0,822,0.010723,-0.02
6975,0,823,-0.009439,0.14
6975,0,824,-0.003306,0.01
6975,0,825,-0.00375,0.06
6975,0,826,-0.0047,0.03
6975,0,827,-0.010842,-0.01
6975,0,828,-0.01161,0.08
6975,0,829,0.012127,-0.02
6975,0,830,0.017444,-0.01
6975,0,831,-0.003898,-0.02
6975,0,832,-0.018379,-0.08
6975,0,833,-0.009519,-0.03
6975,0,834,-0.068657,-0.1
6975,0,835,0.051152,0.07
6975,0,836,-0.002918,-0.07
6975,0,837,-0.016841,-0.07
6975,0,838,0.012106,0.0
6975,0,839,0.026645,0.07
6975,0,840,0.001885,0.04
6975,0,841,0.002126,0.0
6975,0,842,-0.005017,-0.05
6975,0,843,-0.011215,0.0
6975,0,844,-0.006879,0.01
6975,0,845,0.011811,-0.02
6975,0,846,0.012753,-0.01
6975,0,847,0.019228,-0.01
6975,0,848,-0.008423,0.0
6975,0,849,0.006779,-0.03
6975,0,850,0.015234,0.02
6975,0,851,0.004286,-0.02
6975,0,852,-0.017049,0.04
6975,0,853,0.004384,-0.01
6975,0,854,0.000862,0.01
6975,0,855,0.003951,0.0
6975,0,856,0.020274,0.0
6975,0,857,-0.00317,0.0
6975,0,858,0.005238,-0.03
6975,0,859,-0.003757,0.01
6975,0,860,0.010986,0.08
6975,0,861,-0.001443,0.04
6975,0,862,-0.006708,-0.01
6975,0,863,-0.006139,-0.05
6975,0,864,-0.015313,-0.08
6975,0,865,-0.001623,-0.08
6975,0,866,0.010489,0.04
6975,0,867,0.004827,-0.01
6975,0,868,-0.002583,0.04
6975,0,869,-0.010605,-0.05
6975,0,870,-0.008919,-0.04
6975,0,871,0.007309,0.0
6975,0,872,-0.015277,0.01
6975,0,873,-0.006847,0.03
6975,0,874,0.004031,-0.01
6975,0,875,0.018036,0.01
6975,0,876,0.018346,0.04
6975,0,877,-0.000422,-0.05
6975,0,878,0.00475,-0.08
6975,0,879,0.002082,-0.15
6975,0,880,-0.010736,-0.03
6975,0,881,-0.002669,0.06
6975,0,882,-0.008247,-0.06
6975,0,883,-0.029664,-0.09
6975,0,884,0.012418,-0.01
6975,0,885,0.013746,0.02
6975,0,886,0.006113,0.04
6975,0,887,-0.007527,0.03
6975,0,888,0.011339,0.06
6975,0,889,0.017774,0.03
6975,0,890,-0.00796,-0.03
6975,0,891,-0.008004,0.02
6975,0,892,-0.005659,0.14
6975,0,893,-0.000668,-0.07
6975,0,894,0.012613,0.07
6975,0,895,0.00871,-0.01
6975,0,896,0.008215,-0.11
6975,0,897,-0.005287,-0.05
6975,0,898,0.021412,0.04
6975,0,899,0.004724,-0.01
6975,0,900,0.000895,0.01
6975,0,901,-0.003337,0.05
6975,0,902,0.008889,0.0
6975,0,903,-0.001699,0.03
6975,0,904,0.008182,-0.01
6975,0,905,0.000981,-0.11
6975,0,906,0.004049,-0.01
6975,0,907,-0.003955,-0.03
6975,0,908,0.002617,-0.05
6975,0,909,0.009113,0.05
6975,0,910,-0.003682,0.02
6975,0,911,0.005767,0.03
6975,0,912,0.0038,0.04
6975,0,913,-0.007302,0.11
6975,0,914,0.011974,-0.06
6975,0,915,0.005533,0.02
6975,0,916,0.000639,-0.03
6975,0,917,-0.001563,0.1
6975,0,918,0.004123,0.05
6975,0,919,-0.004458,-0.01
6975,0,920,-0.011725,0.02
6975,0,921,0.019941,-0.05
6975,0,922,-0.003202,-0.06
6975,0,923,0.011346,0.0
6975,0,924,0.003965,-0.04
6975,0,925,0.001357,-0.07
6975,0,926,-0.001224,0.02
6975,0,927,0.009976,-0.04
6975,0,928,0.001093,0.02
6975,0,929,0.004692,0.02
6975,0,930,0.003888,0.0
6975,0,931,0.008644,-0.01
6975,0,932,-0.003284,0.0
6975,0,933,0.009219,0.01
6975,0,934,-0.003365,0.06
6975,0,935,-0.001025,0.04
6975,0,936,-0.004869,0.0
6975,0,937,-0.00168,0.04
6975,0,938,0.007452,-0.05
6975,0,939,0.005809,-0.05
6975,0,940,0.010703,-0.06
6975,0,941,0.002402,-0.09
6975,0,942,-0.001176,0.04
6975,0,943,-0.01055,0.02
6975,0,944,-0.00712,0.05
6975,0,945,0.008188,0.01
6975,0,946,-0.000882,0.07
6975,0,947,0.005461,-0.03
6975,0,948,0.0032,-0.03
6975,0,949,-0.009961,-0.01
6975,0,950,0.01313,0.0
6975,0,951,0.000828,0.06
6975,0,952,0.002688,0.03
6975,0,953,0.003435,0.0
6975,0,954,-0.009694,0.01
6975,0,955,-0.010432,-0.02
6975,0,956,-0.01928,0.13
6975,0,957,-0.001316,0.0
6975,0,958,0.008764,0.01
6975,0,959,0.015649,-0.13
6975,0,960,0.00832,-0.01
6975,0,961,0.000955,0.0
6975,0,962,-0.005855,0.03
6975,0,963,-0.009485,-0.03
6975,0,964,-0.008851,0.0
6975,0,965,0.011871,0.04
6975,0,966,-0.001354,0.08
6975,0,967,0.008268,-0.09
6975,0,968,0.002751,-0.06
6975,0,969,-0.001332,0.03
6975,0,970,-0.007732,0.01
6975,0,971,-0.002625,-0.04
6975,0,972,0.003346,0.01
6975,0,973,0.008598,-0.04
6975,0,974,-0.00395,0.04
6975,0,975,-0.003741,-0.01
6975,0,976,-0.014814,-0.05
6975,0,977,-0.001636,-0.03
6975,0,978,0.004917,0.02
6975,0,979,-0.006177,-0.02
6975,0,980,0.000147,-0.03
6975,0,981,0.002053,0.03
6975,0,982,-0.009596,0.01
6975,0,983,0.011175,0.02
6975,0,984,0.017382,-0.01
6975,0,985,0.00167,0.0
6975,0,986,0.002411,0.01
6975,0,987,-0.005481,-0.08
6975,0,988,-0.015913,-0.07
6975,0,989,0.003892,-0.01
6975,0,990,-0.019866,-0.05
6975,0,991,0.009823,0.07
6975,0,992,0.017948,0.09
6975,0,993,-0.000668,-0.04
6975,0,994,-0.00517,-0.03
6975,0,995,0.002326,-0.01
6975,0,996,0.014757,-0.01
6975,0,997,0.011961,0.01
6975,0,998,-0.003178,0.0
6975,0,999,0.003471,0.0
6975,0,1000,0.004668,0.01
6975,0,1001,-0.004084,-0.03
6975,0,1002,0.012982,0.0
6975,0,1003,-0.001863,-0.02
6975,0,1004,0.009517,-0.03
6975,0,1005,-0.002307,0.03
6975,0,1006,0.01015,0.01
6975,0,1007,-0.006705,-0.02
6975,0,1008,0.00498,0.01
6975,0,1009,0.000739,0.04
6975,0,1010,0.010633,0.03
6975,0,1011,-0.002352,-0.01
6975,0,1012,0.007814,0.02
6975,0,1013,0.002331,0.01
6975,0,1014,-0.002233,-0.03
6975,0,1015,-0.016071,-0.03
6975,0,1016,-0.00085,0.01
6975,0,1017,-0.020901,-0.01
6975,0,1018,0.000921,0.0
6975,0,1019,0.005671,0.02
6975,0,1020,-0.014844,0.03
6975,0,1021,-0.00445,0.02
6975,0,1022,0.015766,-0.02
6975,0,1023,-0.019493,0.0
6975,0,1024,-0.007344,-0.04
6975,0,1025,-0.036245,-0.03
6975,0,1026,0.008684,0.0
6975,0,1027,0.007583,0.01
6975,0,1028,-0.000165,-0.04
6975,0,1029,-0.005792,0.01
6975,0,1030,-0.013073,-0.04
6975,0,1031,0.014257,0.03
6975,0,1032,-0.008587,0.04
6975,0,1033,-0.011313,-0.04
6975,0,1034,0.019685,0.0
6975,0,1035,0.016177,0.01
6975,0,1036,-0.002851,0.01
6975,0,1037,-0.005883,-0.04
6975,0,1038,-0.009491,-0.06
6975,0,1039,0.006382,-0.02
6975,0,1040,0.004328,-0.05
6975,0,1041,-0.007924,0.01
6975,0,1042,-0.03837,-0.14
6975,0,1043,-0.014819,-0.03
6975,0,1044,-0.068014,-0.04
6975,0,1045,0.03863,0.0
6975,0,1046,-0.003802,0.05
6975,0,1047,-0.008299,-0.07
6975,0,1048,-0.008521,-0.01
6975,0,1049,0.050899,0.02
6975,0,1050,-0.016864,-0.09
6975,0,1051,-0.02585,-0.19
6975,0,1052,0.029453,0.09
6975,0,1053,0.020475,0.02
6975,0,1054,0.00773,0.03
6975,0,1055,0.007517,-0.02
6975,0,1056,-0.025452,-0.08
6975,0,1057,0.001197,-0.1
6975,0,1058,0.003725,-0.01
6975,0,1059,0.005606,0.04
6975,0,1060,0.035411,-0.04
6975,0,1061,-0.021921,-0.05
6975,0,1062,0.001947,-0.04
6975,0,1063,0.003771,0.01
6975,0,1064,0.000315,-0.02
6975,0,1065,-0.030514,-0.15
6975,0,1066,-0.030108,-0.11
6975,0,1067,0.016434,-0.02
6975,0,1068,-0.014004,-0.15
6975,0,1069,-0.004016,0.08
6975,0,1070,-0.014128,0.1
6975,0,1071,-0.01158,0.22
6975,0,1072,0.026005,0.21
6975,0,1073,0.010786,-0.15
6975,0,1074,0.041729,0.0
6975,0,1075,0.008525,-0.14
6975,0,1076,0.005651,0.03
6975,0,1077,0.00145,0.1
6975,0,1078,0.00563,0.02
6975,0,1079,0.008001,0.03
6975,0,1080,-0.007242,0.08
6975,0,1081,0.001541,0.03
6975,0,1082,-0.006509,-0.1
6975,0,1083,0.002581,-0.03
6975,0,1084,0.016703,-0.06
6975,0,1085,0.011732,0.1
6975,0,1086,0.011769,0.13
6975,0,1087,-0.000684,0.01
6975,0,1088,0.007049,0.05
6975,0,1089,0.01357,-0.01
6975,0,1090,0.006315,0.11
6975,0,1091,-0.009474,-0.05
6975,0,1092,-0.001717,-0.07
6975,0,1093,0.007184,0.05
6975,0,1094,0.009016,0.03
6975,0,1095,0.003037,0.02
6975,0,1096,0.004529,-0.02
6975,0,1097,0.007104,0.0
6975,0,1098,0.009492,-0.03
6975,0,1099,0.021194,0.02
6975,0,1100,-0.004393,0.01
6975,0,1101,0.00328,-0.02
6975,0,1102,0.0046,-0.02
6975,0,1103,-0.024071,-0.07
6975,0,1104,0.010012,-0.07
6975,0,1105,-0.003429,-0.08
6975,0,1106,-0.018023,-0.01
6975,0,1107,0.023128,0.04
6975,0,1108,0.009314,0.07
6975,0,1109,-0.005321,-0.09
6975,0,1110,0.001786,-0.04
6975,0,1111,-0.015606,-0.03
6975,0,1112,0.001236,0.08
6975,0,1113,-0.021655,-0.03
6975,0,1114,0.018954,0.04
6975,0,1115,-0.000765,-0.04
6975,0,1116,0.015526,0.0
6975,0,1117,0.006822,0.0
6975,0,1118,0.012466,0.06
6975,0,1119,0.000607,0.06
6975,0,1120,0.020747,0.11
6975,0,1121,-0.001848,0.05
6975,0,1122,-0.000636,-0.08
6975,0,1123,0.013317,-0.07
6975,0,1124,-0.007956,-0.06
6975,0,1125,-0.002192,0.0
6975,0,1126,-0.000919,0.04
6975,0,1127,0.013582,0.05
6975,0,1128,0.02214,-0.01
6975,0,1129,-0.002051,0.04
6975,0,1130,0.004221,0.09
6975,0,1131,-0.008792,0.04
6975,0,1132,-0.019282,-0.08
6975,0,1133,-0.004123,-0.08
6975,0,1134,-0.017993,-0.11
6975,0,1135,0.025631,0.03
6975,0,1136,0.00703,0.05
6975,0,1137,0.00369,0.05
6975,0,1138,-0.017078,-0.06
6975,0,1139,-0.008072,-0.06
6975,0,1140,0.007174,0.03
6975,0,1141,0.014854,0.02
6975,0,1142,-0.007299,-0.01
6975,0,1143,0.017858,-0.01
6975,0,1144,0.011277,-0.01
6975,0,1145,-0.005189,0.09
6975,0,1146,-0.008649,0.04
6975,0,1147,0.007987,0.04
6975,0,1148,-0.018537,0.06
6975,0,1149,-0.007281,0.05
6975,0,1150,0.003526,0.0
6975,0,1151,-0.022215,-0.03
6975,0,1152,0.006093,-0.01
6975,0,1153,0.024919,0.03
6975,0,1154,-0.019066,0.13
6975,0,1155,0.009544,-0.03
6975,0,1156,-0.014365,-0.05
6975,0,1157,0.010825,0.06
6975,0,1158,0.001568,0.03
6975,0,1159,0.026565,-0.04
6975,0,1160,-0.000755,0.07
6975,0,1161,-0.013979,0.08
6975,0,1162,-0.006694,0.14
6975,0,1163,-0.005373,-0.03
6975,0,1164,-0.001752,0.11
6975,0,1165,-0.008623,-0.05
6975,0,1166,0.001795,0.04
6975,0,1167,0.015427,0.02
6975,0,1168,0.023126,-0.07
6975,0,1169,0.005692,-0.05
6975,0,1170,-0.002253,-0.11
6975,0,1171,0.005469,0.02
6975,0,1172,0.008424,0.01
6975,0,1173,-0.002381,-0.05
6975,0,1174,0.009787,-0.01
6975,0,1175,-0.000673,-0.04
6975,0,1176,-0.006552,0.03
6975,0,1177,0.014432,-0.03
6975,0,1178,-0.01311,0.06
6975,0,1179,-0.001755,0.04
6975,0,1180,-0.026885,-0.01
6975,0,1181,0.00511,-0.03
6975,0,1182,0.016869,0.04
6975,0,1183,-0.005574,0.0
6975,0,1184,0.021336,0.07
6975,0,1185,-0.00719,-0.07
6975,0,1186,-0.011055,0.04
6975,0,1187,0.005714,0.02
6975,0,1188,0.021179,-0.07
6975,0,1189,-0.002445,-0.07
6975,0,1190,0.006829,0.01
6975,0,1191,0.01288,-0.11
6975,0,1192,0.003252,0.02
6975,0,1193,0.007624,0.01
6975,0,1194,-0.006484,0.06
6975,0,1195,-0.015839,0.01
6975,0,1196,-0.004208,0.05
6975,0,1197,-0.00291,0.05
6975,0,1198,-0.022381,-0.05
6975,0,1199,0.012943,-0.02
6975,0,1200,0.02293,0.01
6975,0,1201,0.016989,0.08
6975,0,1202,-0.00145,0.01
6975,0,1203,0.002351,-0.03
6975,0,1204,0.002029,-0.01
6975,0,1205,-0.008725,0.05
6975,0,1206,-0.005981,-0.05
6975,0,1207,-0.005697,0.14
6975,0,1208,0.014567,0.02
6975,0,1209,-0.016706,0.04
6975,0,1210,0.011494,-0.02
6975,0,1211,-0.011326,0.12
6975,0,1212,0.009722,0.02
6975,0,1213,-0.003494,0.0
6975,0,1214,0.011423,0.05
6975,0,1215,0.006189,-0.08
6975,0,1216,0.00261,-0.1
6975,0,1217,-0.021761,0.21
6975,0,1218,0.001263,0.04
6975,0,1219,-0.004606,0.02
6975,0,1220,0.008183,-0.08
6975,0,1221,-0.004017,0.0
6975,0,1222,-0.006379,-0.08
6975,0,1223,-0.017771,-0.02
6975,0,1224,-0.017028,-0.01
6975,0,1225,0.015852,0.06
6975,0,1226,-0.017896,0.07
6975,0,1227,0.015943,0.02
6975,0,1228,-0.005823,0.14
6975,0,1229,0.000425,0.02
6975,0,1230,0.003653,0.0
6975,0,1231,0.021708,0.02
6975,0,1232,0.005099,-0.01
6975,0,1233,-0.012881,0.02
6975,0,1234,0.000994,0.04
6975,0,1235,-0.011997,0.05
6975,0,1236,-0.007046,0.1
6975,0,1237,0.000278,-0.04
6975,0,1238,0.005533,0.0
6975,0,1239,0.02248,-0.04
6975,0,1240,0.007133,-0.15
6975,0,1241,0.002194,0.05
6975,0,1242,0.004587,0.06
6975,0,1243,-0.009726,0.04
6975,0,1244,-0.002111,0.06
6975,0,1245,-0.012963,0.05
6975,0,1246,-0.000357,-0.03
6975,0,1247,0.012195,-0.06
6975,0,1248,0.015097,-0.03
6975,0,1249,0.015731,-0.12
6975,0,1250,0.00601,0.04
6975,0,1251,0.00743,-0.03
6975,0,1252,-0.002228,0.06
6975,0,1253,0.005576,0.04
6975,0,1254,-0.001032,-0.07
6975,0,1255,0.006354,-0.01
6975,0,1256,-0.002979,-0.1
6975,0,1257,-0.00396,-0.03
6975,0,1258,0.003308,0.03
6975,0,1259,0.008189,-0.02
8034,1,0,0.005606,0.04
8034,1,1,0.035411,-0.04
8034,1,2,-0.021921,-0.05
8034,1,3,0.001947,-0.04
8034,1,4,0.003771,0.01
8034,1,5,0.000315,-0.02
8034,1,6,-0.030514,-0.15
8034,1,7,-0.030108,-0.11
8034,1,8,0.016434,-0.02
8034,1,9,-0.014004,-0.15
8034,1,10,-0.004016,0.08
8034,1,11,-0.014128,0.1
8034,1,12,-0.01158,0.22
8034,1,13,0.026005,0.21
8034,1,14,0.010786,-0.15
8034,1,15,0.041729,0.0
8034,1,16,0.008525,-0.14
8034,1,17,0.005651,0.03
8034,1,18,0.00145,0.1
8034,1,19,0.00563,0.02
8034,1,20,0.008001,0.03
8034,1,21,-0.007242,0.08
8034,1,22,0.001541,0.03
8034,1,23,-0.006509,-0.1
8034,1,24,0.002581,-0.03
8034,1,25,0.016703,-0.06
8034,1,26,0.011732,0.1
8034,1,27,0.011769,0.13
8034,1,28,-0.000684,0.01
8034,1,29,0.007049,0.05
8034,1,30,0.01357,-0.01
8034,1,31,0.006315,0.11
8034,1,32,-0.009474,-0.05
8034,1,33,-0.001717,-0.07
8034,1,34,0.007184,0.05
8034,1,35,0.009016,0.03
8034,1,36,0.003037,0.02
8034,1,37,0.004529,-0.02
8034,1,38,0.007104,0.0
8034,1,39,0.009492,-0.03
8034,1,40,0.021194,0.02
8034,1,41,-0.004393,0.01
8034,1,42,0.00328,-0.02
8034,1,43,0.0046,-0.02
8034,1,44,-0.024071,-0.07
8034,1,45,0.010012,-0.07
8034,1,46,-0.003429,-0.08
8034,1,47,-0.018023,-0.01
8034,1,48,0.023128,0.04
8034,1,49,0.009314,0.07
8034,1,50,-0.005321,-0.09
8034,1,51,0.001786,-0.04
8034,1,52,-0.015606,-0.03
8034,1,53,0.001236,0.08
8034,1,54,-0.021655,-0.03
8034,1,55,0.018954,0.04
8034,1,56,-0.000765,-0.04
8034,1,57,0.015526,0.0
8034,1,58,0.006822,0.0
8034,1,59,0.012466,0.06
8034,1,60,0.000607,0.06
8034,1,61,0.020747,0.11
8034,1,62,-0.001848,0.05
8034,1,63,-0.000636,-0.08
8034,1,64,0.013317,-0.07
8034,1,65,-0.007956,-0.06
8034,1,66,-0.002192,0.0
8034,1,67,-0.000919,0.04
8034,1,68,0.013582,0.05
8034,1,69,0.02214,-0.01
8034,1,70,-0.002051,0.04
8034,1,71,0.004221,0.09
8034,1,72,-0.008792,0.04
8034,1,73,-0.019282,-0.08
8034,1,74,-0.004123,-0.08
8034,1,75,-0.017993,-0.11
8034,1,76,0.025631,0.03
8034,1,77,0.00703,0.05
8034,1,78,0.00369,0.05
8034,1,79,-0.017078,-0.06
8034,1,80,-0.008072,-0.06
8034,1,81,0.007174,0.03
8034,1,82,0.014854,0.02
8034,1,83,-0.007299,-0.01
8034,1,84,0.017858,-0.01
8034,1,85,0.011277,-0.01
8034,1,86,-0.005189,0.09
8034,1,87,-0.008649,0.04
8034,1,88,0.007987,0.04
8034,1,89,-0.018537,0.06
8034,1,90,-0.007281,0.05
8034,1,91,0.003526,0.0
8034,1,92,-0.022215,-0.03
8034,1,93,0.006093,-0.01
8034,1,94,0.024919,0.03
8034,1,95,-0.019066,0.13
8034,1,96,0.009544,-0.03
8034,1,97,-0.014365,-0.05
8034,1,98,0.010825,0.06
8034,1,99,0.001568,0.03
8034,1,100,0.026565,-0.04
8034,1,101,-0.000755,0.07
8034,1,102,-0.013979,0.08
8034,1,103,-0.006694,0.14
8034,1,104,-0.005373,-0.03
8034,1,105,-0.001752,0.11
8034,1,106,-0.008623,-0.05
8034,1,107,0.001795,0.04
8034,1,108,0.015427,0.02
8034,1,109,0.023126,-0.07
8034,1,110,0.005692,-0.05
8034,1,111,-0.002253,-0.11
8034,1,112,0.005469,0.02
8034,1,113,0.008424,0.01
8034,1,114,-0.002381,-0.05
8034,1,115,0.009787,-0.01
8034,1,116,-0.000673,-0.04
8034,1,117,-0.006552,0.03
8034,1,118,0.014432,-0.03
8034,1,119,-0.01311,0.06
8034,1,120,-0.001755,0.04
8034,1,121,-0.026885,-0.01
8034,1,122,0.00511,-0.03
8034,1,123,0.016869,0.04
8034,1,124,-0.005574,0.0
8034,1,125,0.021336,0.07
8034,1,126,-0.00719,-0.07
8034,1,127,-0.011055,0.04
8034,1,128,0.005714,0.02
8034,1,129,0.021179,-0.07
8034,1,130,-0.002445,-0.07
8034,1,131,0.006829,0.01
8034,1,132,0.01288,-0.11
8034,1,133,0.003252,0.02
8034,1,134,0.007624,0.01
8034,1,135,-0.006484,0.06
8034,1,136,-0.015839,0.01
8034,1,137,-0.004208,0.05
8034,1,138,-0.00291,0.05
8034,1,139,-0.022381,-0.05
8034,1,140,0.012943,-0.02
8034,1,141,0.02293,0.01
8034,1,142,0.016989,0.08
8034,1,143,-0.00145,0.01
8034,1,144,0.002351,-0.03
8034,1,145,0.002029,-0.01
8034,1,146,-0.008725,0.05
8034,1,147,-0.005981,-0.05
8034,1,148,-0.005697,0.14
8034,1,149,0.014567,0.02
8034,1,150,-0.016706,0.04
8034,1,151,0.011494,-0.02
8034,1,152,-0.011326,0.12
8034,1,153,0.009722,0.02
8034,1,154,-0.003494,0.0
8034,1,155,0.011423,0.05
8034,1,156,0.006189,-0.08
8034,1,157,0.00261,-0.1
8034,1,158,-0.021761,0.21
8034,1,159,0.001263,0.04
8034,1,160,-0.004606,0.02
8034,1,161,0.008183,-0.08
8034,1,162,-0.004017,0.0
8034,1,163,-0.006379,-0.08
8034,1,164,-0.017771,-0.02
8034,1,165,-0.017028,-0.01
8034,1,166,0.015852,0.06
8034,1,167,-0.017896,0.07
8034,1,168,0.015943,0.02
8034,1,169,-0.005823,0.14
8034,1,170,0.000425,0.02
8034,1,171,0.003653,0.0
8034,1,172,0.021708,0.02
8034,1,173,0.005099,-0.01
8034,1,174,-0.012881,0.02
8034,1,175,0.000994,0.04
8034,1,176,-0.011997,0.05
8034,1,177,-0.007046,0.1
8034,1,178,0.000278,-0.04
8034,1,179,0.005533,0.0
8034,1,180,0.02248,-0.04
8034,1,181,0.007133,-0.15
8034,1,182,0.002194,0.05
8034,1,183,0.004587,0.06
8034,1,184,-0.009726,0.04
8034,1,185,-0.002111,0.06
8034,1,186,-0.012963,0.05
8034,1,187,-0.000357,-0.03
8034,1,188,0.012195,-0.06
8034,1,189,0.015097,-0.03
8034,1,190,0.015731,-0.12
8034,1,191,0.00601,0.04
8034,1,192,0.00743,-0.03
8034,1,193,-0.002228,0.06
8034,1,194,0.005576,0.04
8034,1,195,-0.001032,-0.07
8034,1,196,0.006354,-0.01
8034,1,197,-0.002979,-0.1
8034,1,198,-0.00396,-0.03
8034,1,199,0.003308,0.03
8034,1,200,0.008189,-0.02
8034,1,201,0.006498,-0.04
8034,1,202,-0.007845,-0.02
8034,1,203,-0.021703,-0.01
8034,1,204,0.00159,0.01
8034,1,205,-0.013282,0.12
8034,1,206,-0.002961,0.06
8034,1,207,-0.006765,0.02
8034,1,208,0.011189,-0.04
8034,1,209,0.001878,-0.01
8034,1,210,-0.017848,0.07
8034,1,211,-0.00918,0.04
8034,1,212,-0.000504,0.0
8034,1,213,-0.00442,0.03
8034,1,214,-0.012744,0.01
8034,1,215,0.00642,-0.08
8034,1,216,-0.010215,0.14
8034,1,217,-0.001915,0.11
8034,1,218,-0.012614,0.03
8034,1,219,0.015998,-0.11
8034,1,220,-0.002896,0.03
8034,1,221,0.02274,-0.1
8034,1,222,0.002327,0.0
8034,1,223,0.010062,-0.09
8034,1,224,-0.008422,-0.01
8034,1,225,-0.00694,0.02
8034,1,226,0.009837,-0.02
8034,1,227,0.017664,0.01
8034,1,228,0.002411,-0.04
8034,1,229,0.013414,-0.12
8034,1,230,-0.014315,0.02
8034,1,231,-0.010088,0.1
8034,1,232,-0.017986,0.1
8034,1,233,-0.002727,0.03
8034,1,234,0.008073,0.01
8034,1,235,-0.008985,0.04
8034,1,236,0.028906,-0.14
8034,1,237,-0.005003,0.06
8034,1,238,-0.004665,-0.02
8034,1,239,0.002611,0.04
8034,1,240,0.002968,-0.08
8034,1,241,-0.005571,0.03
8034,1,242,-0.005833,0.04
8034,1,243,-0.01371,-0.02
8034,1,244,0.000387,-0.04
8034,1,245,0.012848,-0.03
8034,1,246,8.2e-05,0.04
8034,1,247,-0.020928,0.03
8034,1,248,0.002241,-0.02
8034,1,249,-0.022968,-0.05
8034,1,250,-0.002382,-0.12
8034,1,251,0.004658,0.08
8034,1,252,-0.000865,0.06
8034,1,253,-0.010786,0.08
8034,1,254,0.011306,-0.07
8034,1,255,7.8e-05,0.1
8034,1,256,0.016986,-0.05
8034,1,257,-0.002491,0.07
8034,1,258,0.018481,0.02
8034,1,259,-0.005855,0.01
8034,1,260,0.013949,-0.01
8034,1,261,-0.020936,0.05
8034,1,262,-0.001657,0.05
8034,1,263,-0.028058,-0.08
8034,1,264,0.005387,0.03
8034,1,265,0.005733,0.06
8034,1,266,0.022286,0.01
8034,1,267,-0.004514,0.01
8034,1,268,0.014054,0.01
8034,1,269,-0.006161,0.01
8034,1,270,-0.00906,0.02
8034,1,271,0.011545,-0.05
8034,1,272,0.035266,-0.07
8034,1,273,0.015263,-0.1
8034,1,274,-0.006464,0.04
8034,1,275,-0.004712,-0.02
8034,1,276,0.005335,-0.03
8034,1,277,0.00569,-0.06
8034,1,278,0.00557,-0.03
8034,1,279,0.004948,0.03
8034,1,280,-0.008518,0.02
8034,1,281,0.005991,0.03
8034,1,282,-0.001196,0.01
8034,1,283,0.018417,0.03
8034,1,284,-0.006591,0.07
8034,1,285,0.010087,0.02
8034,1,286,-0.002063,0.01
8034,1,287,-0.000745,0.02
8034,1,288,-0.011471,-0.01
8034,1,289,0.008856,0.01
8034,1,290,-0.000325,0.03
8034,1,291,-0.006205,0.09
8034,1,292,-0.013325,-0.03
8034,1,293,0.006227,0.03
8034,1,294,0.008099,0.03
8034,1,295,0.017217,-0.07
8034,1,296,-0.006956,-0.01
8034,1,297,-0.009949,-0.05
8034,1,298,-0.003754,0.04
8034,1,299,0.003013,-0.01
8034,1,300,0.006342,-0.06
8034,1,301,-0.001284,0.03
8034,1,302,-0.008515,0.11
8034,1,303,0.007241,0.03
8034,1,304,0.003856,0.06
8034,1,305,0.001586,-0.01
8034,1,306,-0.002069,0.06
8034,1,307,0.010817,0.02
8034,1,308,0.001786,0.01
8034,1,309,0.015564,0.02
8034,1,310,-0.00085,-0.01
8034,1,311,0.000384,0.03
8034,1,312,0.003979,-0.03
8034,1,313,0.00069,-0.01
8034,1,314,0.003264,0.06
8034,1,315,-0.009549,0.13
8034,1,316,-0.038345,-0.09
8034,1,317,0.001922,0.13
8034,1,318,0.000956,-0.05
8034,1,319,0.02709,-0.05
8034,1,320,0.01119,0.05
8034,1,321,-0.013063,0.1
8034,1,322,-0.004386,0.05
8034,1,323,0.01217,-0.09
8034,1,324,0.010671,0.06
8034,1,325,-0.006832,0.06
8034,1,326,0.000522,-0.02
8034,1,327,-0.007095,0.06
8034,1,328,-0.002912,0.0
8034,1,329,-0.027634,-0.1
8034,1,330,0.006065,0.01
8034,1,331,-0.004213,-0.01
8034,1,332,-0.003938,-0.01
8034,1,333,-0.027457,-0.02
8034,1,334,0.025218,0.02
8034,1,335,0.010628,-0.06
8034,1,336,-0.000114,-0.02
8034,1,337,0.011248,-0.11
8034,1,338,-0.000421,0.04
8034,1,339,-9.1e-05,0.11
8034,1,340,0.012273,-0.05
8034,1,341,-0.020815,-0.03
8034,1,342,0.003627,0.11
8034,1,343,-0.020969,-0.04
8034,1,344,0.002033,-0.07
8034,1,345,0.008713,0.0
8034,1,346,-0.010256,0.0
8034,1,347,0.000425,0.02
8034,1,348,-0.030376,-0.09
8034,1,349,0.004517,-0.13
8034,1,350,0.006301,0.08
8034,1,351,-0.005336,-0.08
8034,1,352,-0.014829,0.0
8034,1,353,0.011017,0.01
8034,1,354,0.013627,0.05
8034,1,355,0.009346,-0.03
8034,1,356,0.001863,0.01
8034,1,357,0.019837,-0.01
8034,1,358,-0.012695,0.03
8034,1,359,-0.025631,-0.03
8034,1,360,0.008173,-0.01
8034,1,361,0.025602,-0.03
8034,1,362,-0.004723,0.04
8034,1,363,-0.008207,-0.03
8034,1,364,-0.017685,-0.05
8034,1,365,0.024273,-0.02
8034,1,366,0.047646,-0.03
8034,1,367,0.004114,-0.06
8034,1,368,-0.005353,-0.02
8034,1,369,0.025566,-0.05
8034,1,370,0.004532,0.0
8034,1,371,0.017799,-0.05
8034,1,372,7.2e-05,0.12
8034,1,373,-0.002357,0.01
8034,1,374,-0.010585,-0.04
8034,1,375,0.000524,0.01
8034,1,376,-0.013656,-0.12
8034,1,377,0.007164,-0.03
8034,1,378,0.004931,-0.03
8034,1,379,-0.007464,-0.1
8034,1,380,-0.004924,0.0
8034,1,381,0.009392,0.03
8034,1,382,0.009998,-0.07
8034,1,383,-0.007841,-0.06
8034,1,384,-0.002572,0.09
8034,1,385,-0.022271,0.08
8034,1,386,-0.018171,-0.03
8034,1,387,-0.058278,-0.09
8034,1,388,0.033084,0.16
8034,1,389,0.028663,0.04
8034,1,390,-0.009808,-0.06
8034,1,391,0.004953,0.0
8034,1,392,-0.003262,0.01
8034,1,393,0.033276,0.14
8034,1,394,-0.011134,0.0
8034,1,395,0.00269,0.09
8034,1,396,-0.008526,0.0
8034,1,397,0.010892,0.06
8034,1,398,-0.014957,0.03
8034,1,399,-0.021566,0.08
8034,1,400,-0.003908,0.06
8034,1,401,0.01636,0.05
8034,1,402,-0.005905,0.06
8034,1,403,-0.008447,-0.04
8034,1,404,-0.0206,-0.06
8034,1,405,0.017902,-0.04
8034,1,406,0.009341,0.08
8034,1,407,0.022098,-0.04
8034,1,408,0.009419,-0.04
8034,1,409,-0.012442,0.05
8034,1,410,-0.007315,0.08
8034,1,411,-0.021055,-0.05
8034,1,412,-0.004428,-0.07
8034,1,413,-0.019176,0.01
8034,1,414,0.018335,0.02
8034,1,415,-0.01253,-0.08
8034,1,416,-0.002533,-0.06
8034,1,417,0.032242,0.05
8034,1,418,-0.001301,-0.09
8034,1,419,0.019858,-0.09
8034,1,420,0.019637,-0.05
8034,1,421,-0.006519,-0.03
8034,1,422,-0.006671,0.02
8034,1,423,0.009274,-0.01
8034,1,424,-0.006586,0.0
8034,1,425,-0.003229,0.0
8034,1,426,-0.007516,-0.04
8034,1,427,0.01621,0.02
8034,1,428,0.000749,-0.05
8034,1,429,0.005569,-0.01
8034,1,430,-0.00965,-0.06
8034,1,431,0.014708,0.01
8034,1,432,-0.006763,0.03
8034,1,433,0.002155,0.08
8034,1,434,-0.01822,0.01
8034,1,435,-0.007368,0.07
8034,1,436,0.009594,-0.08
8034,1,437,-0.003271,-0.01
8034,1,438,0.002944,0.01
8034,1,439,-0.008544,-0.07
8034,1,440,0.008465,-0.01
8034,1,441,0.010271,-0.03
8034,1,442,-0.015862,-0.01
8034,1,443,0.007219,0.06
8034,1,444,0.015261,-0.04
8034,1,445,-0.002218,0.03
8034,1,446,0.003565,0.02
8034,1,447,0.00813,0.03
8034,1,448,0.001956,-0.08
8034,1,449,0.009453,0.09
8034,1,450,0.000338,0.07
8034,1,451,-0.011089,-0.01
8034,1,452,-0.007886,0.0
8034,1,453,0.009184,-0.15
8034,1,454,-0.010284,0.0
8034,1,455,-0.010742,0.03
8034,1,456,0.006952,0.0
8034,1,457,-0.014955,0.0
8034,1,458,-0.001928,-0.02
8034,1,459,-0.020509,0.02
8034,1,460,0.007705,0.0
8034,1,461,0.005081,-0.04
8034,1,462,0.000417,-0.02
8034,1,463,0.009634,-0.03
8034,1,464,0.007139,-0.04
8034,1,465,0.011204,0.06
8034,1,466,0.002352,-0.04
8034,1,467,-0.006697,-0.12
8034,1,468,-0.008568,-0.05
8034,1,469,0.007937,0.03
8034,1,470,0.013398,-0.01
8034,1,471,-0.00478,0.03
8034,1,472,-0.003085,0.02
8034,1,473,0.010961,-0.02
8034,1,474,-0.002908,-0.03
8034,1,475,0.005202,0.01
8034,1,476,-0.0009,-0.01
8034,1,477,0.005233,-0.05
8034,1,478,0.001554,0.0
8034,1,479,-0.001233,0.0
8034,1,480,0.005072,0.05
8034,1,481,-0.002807,0.03
8034,1,482,-0.004802,0.0
8034,1,483,0.010043,-0.08
8034,1,484,0.002036,-0.05
8034,1,485,-0.009002,0.01
8034,1,486,-0.00984,0.03
8034,1,487,0.006876,0.04
8034,1,488,-0.005331,-0.03
8034,1,489,-0.003506,0.04
8034,1,490,-0.004882,0.01
8034,1,491,0.00197,-0.04
8034,1,492,-0.002721,0.05
8034,1,493,-0.01017,0.05
8034,1,494,-0.014531,0.04
8034,1,495,0.010654,-0.02
8034,1,496,-0.005863,0.05
8034,1,497,-0.001578,-0.03
8034,1,498,-0.000228,-0.03
8034,1,499,-0.006689,-0.01
8034,1,500,-0.008214,-0.03
8034,1,501,-0.000448,0.02
8034,1,502,0.022235,-0.01
8034,1,503,-0.014935,-0.02
8034,1,504,-0.000195,0.03
8034,1,505,-0.006803,0.04
8034,1,506,0.00551,0.03
8034,1,507,0.001367,-0.03
8034,1,508,-0.019,-0.05
8034,1,509,-0.016171,-0.03
8034,1,510,-0.025509,-0.04
8034,1,511,0.033381,0.0
8034,1,512,0.000327,0.01
8034,1,513,-0.017932,-0.06
8034,1,514,-0.005808,-0.02
8034,1,515,0.034743,0.0
8034,1,516,0.005883,-0.02
8034,1,517,-0.000823,-0.05
8034,1,518,0.001684,0.04
8034,1,519,-0.023767,0.04
8034,1,520,-0.000337,0.02
8034,1,521,0.011096,0.03
8034,1,522,0.01383,0.02
8034,1,523,0.021978,0.03
8034,1,524,-0.005723,-0.03
8034,1,525,0.004996,0.0
8034,1,526,-0.001141,0.09
8034,1,527,0.003855,0.04
8034,1,528,-0.000223,0.0
8034,1,529,-0.015777,0.0
8034,1,530,-0.006486,-0.05
8034,1,531,-0.024398,0.0
8034,1,532,-0.010776,-0.05
8034,1,533,0.023452,-0.01
8034,1,534,0.00496,-0.04
8034,1,535,-0.012584,-0.04
8034,1,536,-0.003352,0.03
8034,1,537,-0.018352,-0.03
8034,1,538,0.003523,-0.01
8034,1,539,-0.018548,-0.05
8034,1,540,0.014678,0.01
8034,1,541,0.005366,0.01
8034,1,542,-0.009548,-0.05
8034,1,543,0.004371,-0.04
8034,1,544,-0.020105,-0.07
8034,1,545,0.000213,0.04
8034,1,546,0.007406,0.01
8034,1,547,0.038922,-0.1
8034,1,548,-0.01822,-0.11
8034,1,549,-0.005853,0.0
8034,1,550,0.019605,0.03
8034,1,551,0.007526,0.02
8034,1,552,-0.006535,-0.01
8034,1,553,-0.008161,-0.07
8034,1,554,-0.014015,-0.06
8034,1,555,-0.021463,-0.03
8034,1,556,0.008071,-0.03
8034,1,557,-0.012958,0.02
8034,1,558,-0.031296,-0.11
8034,1,559,0.008002,-0.05
8034,1,560,0.024387,-0.01
8034,1,561,0.007075,0.02
8034,1,562,0.01044,0.07
8034,1,563,0.003988,0.02
8034,1,564,-0.010448,-0.01
8034,1,565,-0.028032,-0.2
8034,1,566,0.050099,0.22
8034,1,567,-0.010552,-0.11
8034,1,568,-0.026242,-0.1
8034,1,569,-0.001918,0.01
8034,1,570,0.003812,0.04
8034,1,571,0.009586,0.12
8034,1,572,0.010318,0.04
8034,1,573,-0.006233,0.11
8034,1,574,0.006143,-0.01
8034,1,575,0.002126,-0.05
8034,1,576,0.013915,-0.07
8034,1,577,-0.004028,0.07
8034,1,578,0.000268,0.06
8034,1,579,0.013031,0.05
8034,1,580,0.002867,0.03
8034,1,581,-0.004977,-0.04
8034,1,582,-0.001886,0.0
8034,1,583,0.006805,0.03
8034,1,584,0.007008,-0.08
8034,1,585,-0.00562,-0.05
8034,1,586,0.005461,-0.09
8034,1,587,-0.017474,0.07
8034,1,588,0.003587,0.01
8034,1,589,-0.001514,0.04
8034,1,590,-0.008408,-0.12
8034,1,591,-0.006235,0.0
8034,1,592,-0.013336,-0.07
8034,1,593,0.011827,0.02
8034,1,594,-0.008652,0.02
8034,1,595,-0.002184,0.06
8034,1,596,0.008124,0.06
8034,1,597,-0.018905,-0.08
8034,1,598,-0.017356,0.0
8034,1,599,-0.018508,0.03
8034,1,600,-0.001952,0.01
8034,1,601,-0.005555,-0.05
8034,1,602,0.01749,-0.05
8034,1,603,-0.00766,-0.09
8034,1,604,-0.014309,-0.04
8034,1,605,0.00104,-0.05
8034,1,606,-0.00568,0.08
8034,1,607,0.005858,0.03
8034,1,608,0.009981,0.01
8034,1,609,0.006452,-0.07
8034,1,610,0.002259,-0.03
8034,1,611,-0.024764,0.06
8034,1,612,-0.043181,-0.03
8034,1,613,0.014828,0.03
8034,1,614,-0.025842,-0.11
8034,1,615,0.005871,-0.03
8034,1,616,-0.019624,-0.03
8034,1,617,0.017627,0.04
8034,1,618,-0.024077,-0.04
8034,1,619,-0.017924,-0.01
8034,1,620,-0.004064,-0.04
8034,1,621,0.019909,0.07
8034,1,622,0.011282,0.05
8034,1,623,0.025575,0.15
8034,1,624,-0.02443,-0.03
8034,1,625,-0.00463,0.01
8034,1,626,0.010784,-0.05
8034,1,627,-0.012462,0.05
8034,1,628,-0.034393,-0.04
8034,1,629,-0.002901,0.0
8034,1,630,0.04368,0.04
8034,1,631,-0.019984,-0.09
8034,1,632,0.008117,0.04
8034,1,633,0.027066,0.16
8034,1,634,-0.002131,0.03
8034,1,635,0.015104,0.05
8034,1,636,-0.003228,0.11
8034,1,637,0.010282,-0.07
8034,1,638,0.03889,-0.07
8034,1,639,0.012543,0.13
8034,1,640,-0.008543,0.02
8034,1,641,-0.01498,-0.09
8034,1,642,-0.012161,0.02
8034,1,643,0.015941,0.06
8034,1,644,0.004696,-0.08
8034,1,645,0.01501,0.14
8034,1,646,-0.002865,0.01
8034,1,647,0.01359,-0.05
8034,1,648,0.000782,0.01
8034,1,649,-0.014873,-0.09
8034,1,650,0.01444,-0.01
8034,1,651,-0.002447,0.0
8034,1,652,-0.001828,0.03
8034,1,653,-0.004488,-0.04
8034,1,654,-0.000287,0.11
8034,1,655,-0.007577,0.2
8034,1,656,0.002609,-0.05
8034,1,657,0.000416,0.04
8034,1,658,0.028453,-0.02
8034,1,659,0.002724,-0.02
8034,1,660,0.002693,-0.05
8034,1,661,0.016154,0.0
8034,1,662,-0.002628,0.01
8034,1,663,-0.015526,-0.01
8034,1,664,0.003196,0.11
8034,1,665,-0.011816,0.0
8034,1,666,-0.007794,0.02
8034,1,667,-0.015655,0.0
8034,1,668,0.006202,-0.11
8034,1,669,0.003862,-0.04
8034,1,670,0.005108,-0.04
8034,1,671,0.01299,-0.06
8034,1,672,-0.010549,-0.02
8034,1,673,0.005457,0.06
8034,1,674,-0.009397,0.05
8034,1,675,-0.008356,-0.06
8034,1,676,0.001164,-0.05
8034,1,677,-0.011347,0.01
8034,1,678,-0.017502,-0.02
8034,1,679,-0.004517,0.01
8034,1,680,-0.004883,0.0
8034,1,681,0.003434,-0.01
8034,1,682,0.008709,-0.02
8034,1,683,0.011364,-0.02
8034,1,684,-0.00945,-0.08
8034,1,685,-0.005509,0.02
8034,1,686,-0.00151,0.08
8034,1,687,-0.004676,0.02
8034,1,688,0.012493,0.09
8034,1,689,-0.001484,0.07
8034,1,690,0.010079,-0.05
8034,1,691,-0.001836,0.04
8034,1,692,-0.012321,0.03
8034,1,693,-0.023498,-0.03
8034,1,694,0.006879,-0.04
8034,1,695,-0.014398,-0.05
8034,1,696,-0.001134,-0.01
8034,1,697,0.023691,-0.04
8034,1,698,0.006241,0.0
8034,1,699,-0.010883,-0.06
8034,1,700,0.009971,0.01
8034,1,701,-0.005542,-0.1
8034,1,702,0.006053,0.01
8034,1,703,-0.003432,0.02
8034,1,704,-0.016369,-0.02
8034,1,705,-0.016272,0.0
8034,1,706,0.01608,0.07
8034,1,707,0.010449,-0.01
8034,1,708,0.002402,-0.06
8034,1,709,-0.001078,-0.02
8034,1,710,0.005571,-0.04
8034,1,711,0.00388,0.04
8034,1,712,0.003964,0.06
8034,1,713,-0.005243,0.03
8034,1,714,-0.011422,-0.01
8034,1,715,0.003265,0.01
8034,1,716,-0.017328,-0.21
8034,1,717,-8.4e-05,0.05
8034,1,718,0.005687,-0.05
8034,1,719,0.000949,-0.02
8034,1,720,-0.003828,0.0
8034,1,721,-0.007339,0.03
8034,1,722,0.00309,-0.05
8034,1,723,-0.016663,-0.11
8034,1,724,0.008124,0.07
8034,1,725,-0.012079,-0.04
8034,1,726,0.006956,0.04
8034,1,727,-0.002763,-0.02
8034,1,728,0.019654,0.04
8034,1,729,-0.004827,0.01
8034,1,730,-0.01501,-0.09
8034,1,731,-0.011149,-0.07
8034,1,732,-0.017004,0.01
8034,1,733,0.00403,0.06
8034,1,734,-0.000565,0.14
8034,1,735,-0.001059,-0.02
8034,1,736,-0.02239,-0.11
8034,1,737,-0.018637,-0.06
8034,1,738,0.006226,0.04
8034,1,739,-0.049216,-0.21
8034,1,740,-0.005805,0.09
8034,1,741,-0.016112,-0.03
8034,1,742,-0.03106,0.06
8034,1,743,-0.019034,-0.05
8034,1,744,0.038983,0.03
8034,1,745,0.00879,-0.01
8034,1,746,-0.005167,-0.07
8034,1,747,0.011489,-0.07
8034,1,748,0.021922,0.02
8034,1,749,-0.002296,-0.05
8034,1,750,0.012306,-0.02
8034,1,751,0.019927,-0.03
8034,1,752,-0.002471,0.03
8034,1,753,0.001636,-0.01
8034,1,754,0.022938,-0.01
8034,1,755,0.015208,0.08
8034,1,756,-0.005267,-0.01
8034,1,757,-0.00153,-0.06
8034,1,758,0.006936,-0.03
8034,1,759,-0.018633,0.0
8034,1,760,-0.007873,-0.01
8034,1,761,0.004557,0.05
8034,1,762,0.015296,0.0
8034,1,763,-0.004698,0.03
8034,1,764,0.000387,-0.05
8034,1,765,0.013721,-0.05
8034,1,766,0.004109,-0.03
8034,1,767,-0.023818,-0.03
8034,1,768,-0.017166,-0.06
8034,1,769,-9e-06,-0.14
8034,1,770,0.022948,-0.06
8034,1,771,0.00286,0.13
8034,1,772,0.014386,-0.06
8034,1,773,0.014526,-0.01
8034,1,774,-0.002735,-0.08
8034,1,775,0.002456,0.1
8034,1,776,0.001582,0.02
8034,1,777,0.001861,0.13
8034,1,778,0.000903,0.25
8034,1,779,-0.003143,0.12
8034,1,780,0.010899,-0.11
8034,1,781,-0.007298,0.08
8034,1,782,-0.004927,0.1
8034,1,783,0.011706,0.06
8034,1,784,0.006155,0.01
8034,1,785,-0.006843,-0.07
8034,1,786,-0.018251,0.0
8034,1,787,0.01035,-0.19
8034,1,788,-0.000658,-0.01
8034,1,789,-0.008381,-0.03
8034,1,790,0.013187,-0.05
8034,1,791,0.022318,0.22
8034,1,792,-0.002777,0.12
8034,1,793,-0.007531,0.16
8034,1,794,-0.015868,-0.03
8034,1,795,-0.002781,-0.04
8034,1,796,0.000273,-0.11
8034,1,797,-0.015558,0.11
8034,1,798,0.003314,0.11
8034,1,799,0.010035,0.02
8034,1,800,0.007546,-0.1
8034,1,801,0.00581,-0.08
8034,1,802,-0.008377,0.0
8034,1,803,0.004351,0.04
8034,1,804,-0.00021,0.06
8034,1,805,0.004124,0.04
8034,1,806,0.006752,-0.09
8034,1,807,0.003362,0.02
8034,1,808,-0.011145,-0.08
8034,1,809,0.00574,0.13
8034,1,810,0.00918,-0.04
8034,1,811,0.006213,0.02
8034,1,812,-0.006499,-0.09
8034,1,813,-0.003588,0.01
8034,1,814,-0.004799,0.0
8034,1,815,0.001221,-0.1
8034,1,816,-0.009468,-0.08
8034,1,817,-0.006276,-0.01
8034,1,818,0.006834,-0.03
8034,1,819,-0.016245,0.0
8034,1,820,0.01003,0.1
8034,1,821,-0.009922,-0.04
8034,1,822,-0.007334,0.02
8034,1,823,0.007925,0.09
8034,1,824,0.003519,0.02
8034,1,825,0.000998,0.03
8034,1,826,-0.000194,0.02
8034,1,827,-0.028613,-0.1
8034,1,828,0.011748,0.0
8034,1,829,0.014934,0.05
8034,1,830,-0.007078,-0.05
8034,1,831,-0.024737,-0.08
8034,1,832,-0.004039,-0.02
8034,1,833,-0.005972,0.0
8034,1,834,-0.003083,0.01
8034,1,835,0.014859,-0.03
8034,1,836,0.01434,0.01
8034,1,837,-0.003993,0.06
8034,1,838,0.009941,0.04
8034,1,839,-0.001815,-0.06
8034,1,840,-0.011017,-0.09
8034,1,841,-0.018874,0.02
8034,1,842,0.013514,0.0
8034,1,843,-0.01551,0.0
8034,1,844,0.008224,-0.04
8034,1,845,0.017975,0.02
8034,1,846,-4.5e-05,0.07
8034,1,847,0.00046,-0.09
8034,1,848,-0.002847,0.04
8034,1,849,0.022634,0.1
8034,1,850,0.019491,0.04
8034,1,851,-0.006673,0.0
8034,1,852,0.01451,0.04
8034,1,853,-0.004498,0.16
8034,1,854,0.005849,0.11
8034,1,855,0.003393,0.0
8034,1,856,-0.002294,-0.01
8034,1,857,-0.009858,-0.04
8034,1,858,-0.00091,0.12
8034,1,859,0.011379,-0.05
8034,1,860,-0.000523,-0.03
8034,1,861,0.004067,0.01
8034,1,862,-0.015757,0.07
8034,1,863,0.001511,-0.01
8034,1,864,-0.004239,0.01
8034,1,865,-0.014651,0.01
8034,1,866,0.005849,-0.06
8034,1,867,0.005349,0.0
8034,1,868,0.002455,0.07
8034,1,869,-0.000741,0.02
8034,1,870,-0.00853,-0.08
8034,1,871,-0.009993,-0.06
8034,1,872,0.000835,-0.02
8034,1,873,-0.003205,-0.06
8034,1,874,0.00228,0.03
8034,1,875,-0.006656,-0.03
8034,1,876,0.011335,0.02
8034,1,877,-0.023689,-0.02
8034,1,878,0.006632,-0.04
8034,1,879,-0.007615,-0.03
8034,1,880,0.023418,0.05
8034,1,881,-0.002038,0.04
8034,1,882,-0.001421,-0.01
8034,1,883,0.000623,-0.02
8034,1,884,-0.015411,-0.02
8034,1,885,-0.006201,-0.01
8034,1,886,-0.007103,-0.07
8034,1,887,-0.001519,-0.01
8034,1,888,-0.013889,-0.02
8034,1,889,-0.010099,0.05
8034,1,890,0.010765,-0.02
8034,1,891,0.008859,-0.03
8034,1,892,-0.001749,0.05
8034,1,893,-0.010262,-0.05
8034,1,894,-0.01934,0.02
8034,1,895,-0.003021,-0.01
8034,1,896,0.037504,0.15
8034,1,897,-0.014547,-0.04
8034,1,898,-0.016794,-0.05
8034,1,899,0.01855,0.08
8034,1,900,0.021144,0.09
8034,1,901,-0.005659,-0.04
8034,1,902,0.006562,-0.08
8034,1,903,0.007612,0.07
8034,1,904,-0.013293,-0.06
8034,1,905,-0.01099,-0.03
8034,1,906,0.005686,-0.05
8034,1,907,0.010184,0.03
8034,1,908,-0.012087,0.0
8034,1,909,-0.008553,0.0
8034,1,910,-0.006412,-0.05
8034,1,911,-0.00281,-0.05
8034,1,912,0.002329,0.02
8034,1,913,-0.024795,-0.02
8034,1,914,1e-05,-0.02
8034,1,915,0.00885,0.04
8034,1,916,-0.019764,-0.04
8034,1,917,-0.001574,0.06
8034,1,918,0.003124,-0.03
8034,1,919,-0.016629,-0.05
8034,1,920,0.006571,-0.04
8034,1,921,-0.010488,-0.04
8034,1,922,-0.002268,-0.11
8034,1,923,0.028691,0.06
8034,1,924,0.000936,-0.01
8034,1,925,-0.016536,-0.12
8034,1,926,-0.013432,0.09
8034,1,927,-0.017043,-0.06
8034,1,928,0.003619,0.08
8034,1,929,-0.016702,0.01
8034,1,930,-0.002674,-0.13
8034,1,931,0.017575,0.09
8034,1,932,-0.000828,0.02
8034,1,933,-0.021388,-0.01
8034,1,934,-0.021225,-0.08
8034,1,935,0.006223,0.01
8034,1,936,0.03673,0.12
8034,1,937,-0.012184,-0.06
8034,1,938,-0.024719,-0.06
8034,1,939,-0.033962,-0.12
8034,1,940,0.007496,0.0
8034,1,941,-0.006448,-0.03
8034,1,942,-0.003755,0.03
8034,1,943,-0.018509,0.09
8034,1,944,0.005661,-0.04
8034,1,945,-0.027019,-0.05
8034,1,946,-0.038352,-0.05
8034,1,947,-0.032911,-0.1
8034,1,948,-0.027017,-0.04
8034,1,949,0.057327,0.02
8034,1,950,-0.005632,-0.06
8034,1,951,0.016884,0.0
8034,1,952,0.054078,0.19
8034,1,953,0.004249,0.03
8034,1,954,0.009792,-0.14
8034,1,955,-0.029574,-0.04
8034,1,956,-0.023082,-0.14
8034,1,957,-0.034296,-0.04
8034,1,958,0.029919,0.13
8034,1,959,0.02001,-0.07
8034,1,960,0.032722,0.05
8034,1,961,0.003512,-0.13
8034,1,962,-0.005327,-0.05
8034,1,963,-0.021675,-0.1
8034,1,964,0.040047,-0.06
8034,1,965,0.011559,0.11
8034,1,966,-0.001591,0.15
8034,1,967,0.023612,-0.03
8034,1,968,-0.013958,-0.12
8034,1,969,0.012726,0.03
8034,1,970,0.014052,0.1
8034,1,971,-0.022686,-0.05
8034,1,972,0.007536,-0.03
8034,1,973,-0.013851,0.07
8034,1,974,-0.018132,-0.07
8034,1,975,-7.6e-05,-0.06
8034,1,976,-0.001885,-0.02
8034,1,977,-0.041536,-0.16
8034,1,978,0.017517,-0.02
8034,1,979,-0.01595,-0.05
8034,1,980,0.0168,0.14
8034,1,981,0.010113,0.0
8034,1,982,0.007331,-0.05
8034,1,983,-0.000143,0.07
8034,1,984,-0.024784,-0.09
8034,1,985,0.00327,-0.06
8034,1,986,0.00145,-0.02
8034,1,987,-0.019728,-0.03
8034,1,988,-0.004648,-0.01
8034,1,989,-0.030065,-0.07
8034,1,990,0.002455,0.0
8034,1,991,-0.013828,-0.09
8034,1,992,-0.017284,-0.01
8034,1,993,0.024863,0.08
8034,1,994,0.01821,0.02
8034,1,995,-0.032259,-0.1
8034,1,996,-0.014613,-0.06
8034,1,997,0.040023,0.09
8034,1,998,-0.023587,-0.01
8034,1,999,-0.010822,-0.01
8034,1,1000,-0.022431,-0.01
8034,1,1001,-0.019111,-0.05
8034,1,1002,0.016898,0.01
8034,1,1003,-0.027287,-0.04
8034,1,1004,0.034966,0.07
8034,1,1005,0.039059,0.15
8034,1,1006,-0.024113,-0.01
8034,1,1007,0.022302,0.1
8034,1,1008,0.005903,-0.02
8034,1,1009,0.017334,0.1
8034,1,1010,-0.010626,0.03
8034,1,1011,0.006718,-0.01
8034,1,1012,-0.015221,-0.1
8034,1,1013,0.017167,-0.04
8034,1,1014,-0.008266,-0.02
8034,1,1015,-0.009076,-0.13
8034,1,1016,0.009704,0.02
8034,1,1017,-0.005557,-0.06
8034,1,1018,0.01716,0.08
8034,1,1019,0.008202,0.06
8034,1,1020,0.00775,0.03
8034,1,1021,0.009144,-0.01
8034,1,1022,-0.022852,-0.21
8034,1,1023,-0.008763,-0.03
8034,1,1024,-0.000476,0.0
8034,1,1025,0.024634,0.19
8034,1,1026,0.006149,0.02
8034,1,1027,-0.010409,-0.03
8034,1,1028,-0.004021,-0.03
8034,1,1029,0.019415,0.09
8034,1,1030,0.021452,0.06
8034,1,1031,-0.003438,0.04
8034,1,1032,0.002493,0.01
8034,1,1033,-0.020968,-0.11
8034,1,1034,0.027986,0.18
8034,1,1035,-0.002727,-0.04
8034,1,1036,-0.001901,0.0
8034,1,1037,-0.014745,0.02
8034,1,1038,-0.003443,-0.06
8034,1,1039,-0.012021,-0.05
8034,1,1040,0.006266,-0.04
8034,1,1041,-0.022176,-0.03
8034,1,1042,0.013957,0.0
8034,1,1043,0.000564,-0.05
8034,1,1044,-0.003735,0.0
8034,1,1045,-0.013421,0.06
8034,1,1046,0.023519,0.08
8034,1,1047,-0.008139,-0.02
8034,1,1048,-0.013145,-0.07
8034,1,1049,-0.007709,-0.1
8034,1,1050,0.013017,0.01
8034,1,1051,0.001809,0.01
8034,1,1052,-0.005471,-0.03
8034,1,1053,-0.003149,-0.02
8034,1,1054,-0.016029,-0.1
8034,1,1055,0.004558,-0.01
8034,1,1056,0.000489,0.01
8034,1,1057,0.0332,0.24
8034,1,1058,-0.000484,-0.02
8034,1,1059,0.022474,0.04
8034,1,1060,-0.006545,-0.05
8034,1,1061,-0.014086,-0.04
8034,1,1062,0.019386,0.19
8034,1,1063,0.0,-0.03
8034,1,1064,-0.001412,-0.01
8034,1,1065,0.00583,-0.05
8034,1,1066,-0.014426,0.0
8034,1,1067,-0.003942,0.0
8034,1,1068,-0.014017,-0.05
8034,1,1069,-0.015702,-0.04
8034,1,1070,-0.010432,-0.06
8034,1,1071,0.010224,0.03
8034,1,1072,-0.029233,-0.04
8034,1,1073,-0.01616,0.04
8034,1,1074,0.01305,0.02
8034,1,1075,0.006779,0.06
8034,1,1076,-0.022849,-0.06
8034,1,1077,0.01313,0.0
8034,1,1078,0.005399,0.01
8034,1,1079,-0.014088,-0.05
8034,1,1080,-0.005435,0.06
8034,1,1081,-0.006449,-0.05
8034,1,1082,-0.010094,-0.01
8034,1,1083,0.007569,0.03
8034,1,1084,-0.008098,-0.01
8034,1,1085,-0.012687,-0.05
8034,1,1086,-0.0016,-0.04
8034,1,1087,0.021435,0.06
8034,1,1088,0.0195,-0.01
8034,1,1089,-0.007096,-0.06
8034,1,1090,-0.009501,-0.03
8034,1,1091,0.013224,0.05
8034,1,1092,-0.018381,-0.04
8034,1,1093,0.007195,-0.05
8034,1,1094,-0.013141,-0.03
8034,1,1095,0.011758,-0.02
8034,1,1096,0.004622,-0.05
8034,1,1097,-0.007537,-0.03
8034,1,1098,-0.015357,-0.03
8034,1,1099,0.009562,-0.02
8034,1,1100,-0.009339,0.04
8034,1,1101,0.008259,-0.04
8034,1,1102,-0.02583,-0.04
8034,1,1103,-0.008359,0.01
8034,1,1104,0.004321,0.0
8034,1,1105,0.034457,0.14
8034,1,1106,0.001647,-0.02
8034,1,1107,0.035427,0.1
8034,1,1108,0.004242,0.09
8034,1,1109,0.008737,0.07
8034,1,1110,0.001888,0.03
8034,1,1111,0.022977,0.1
8034,1,1112,-0.035231,-0.13
8034,1,1113,0.012161,-0.01
8034,1,1114,-0.005476,-0.01
8034,1,1115,-0.001644,-0.01
8034,1,1116,-0.00578,-0.03
8034,1,1117,-0.017742,-0.09
8034,1,1118,0.012144,0.01
8034,1,1119,0.026116,0.1
8034,1,1120,-0.005052,-0.01
8034,1,1121,0.002738,0.03
8034,1,1122,0.001229,0.07
8034,1,1123,-0.001864,-0.08
8034,1,1124,-0.014004,-0.02
8034,1,1125,0.006455,0.02
8034,1,1126,-0.003763,0.05
8034,1,1127,0.019498,0.04
8034,1,1128,0.006303,-0.06
8034,1,1129,-0.012236,-0.02
8034,1,1130,0.015536,0.02
8034,1,1131,-0.001757,0.02
8034,1,1132,0.021704,0.01
8034,1,1133,0.008394,0.01
8034,1,1134,-0.008259,-0.09
8034,1,1135,-0.013846,-0.02
8034,1,1136,0.017835,0.01
8034,1,1137,0.003279,0.04
8034,1,1138,-0.001002,-0.07
8034,1,1139,-0.000676,-0.01
8034,1,1140,0.015039,0.06
8034,1,1141,-0.003795,-0.02
8034,1,1142,0.008461,-0.08
8034,1,1143,-0.005105,-0.12
8034,1,1144,-0.010058,-0.02
8034,1,1145,0.014278,-0.01
8034,1,1146,0.012535,-0.05
8034,1,1147,-0.002973,-0.01
8034,1,1148,-0.003205,-0.1
8034,1,1149,0.007868,0.0
8034,1,1150,-0.002504,-0.07
8034,1,1151,-0.024918,0.0
8034,1,1152,-0.001129,-0.08
8034,1,1153,0.004012,0.01
8034,1,1154,0.009151,-0.05
8034,1,1155,0.001449,0.0
8034,1,1156,0.019567,0.07
8034,1,1157,0.001829,0.03
8034,1,1158,-0.003756,-0.1
8034,1,1159,0.01469,0.03
8034,1,1160,0.003539,0.06
8034,1,1161,0.004716,-0.09
8034,1,1162,0.01511,-0.04
8034,1,1163,0.003954,0.04
8034,1,1164,-0.002404,0.03
8034,1,1165,-0.011977,-0.08
8034,1,1166,0.00913,-0.09
8034,1,1167,0.012835,0.01
8034,1,1168,0.001033,-0.03
8034,1,1169,-0.009915,-0.05
8034,1,1170,0.022385,0.05
8034,1,1171,0.00091,0.09
8034,1,1172,-0.001552,0.1
8034,1,1173,-0.015236,-0.02
8034,1,1174,0.000995,0.05
8034,1,1175,-0.014111,-0.08
8034,1,1176,0.001844,-0.03
8034,1,1177,-0.008267,0.09
8034,1,1178,0.010766,0.17
8034,1,1179,-0.009738,0.03
8034,1,1180,-0.001762,-0.04
8034,1,1181,0.008025,0.02
8034,1,1182,0.011636,0.0
8034,1,1183,-0.008101,0.11
8034,1,1184,0.018992,0.07
8034,1,1185,0.003405,0.01
8034,1,1186,-0.005586,-0.02
8034,1,1187,-0.01348,-0.03
8034,1,1188,0.009548,-0.04
8034,1,1189,0.005731,0.08
8034,1,1190,-0.003427,0.2
8034,1,1191,-0.006327,0.03
8034,1,1192,-0.012433,0.01
8034,1,1193,0.011806,0.02
8034,1,1194,-0.014618,0.19
8034,1,1195,0.009512,-0.02
8034,1,1196,0.000506,-0.05
8034,1,1197,-0.007091,0.08
8034,1,1198,0.0174,0.02
8034,1,1199,-0.002163,0.09
8034,1,1200,-0.007265,0.11
8034,1,1201,-0.001809,-0.08
8034,1,1202,0.002856,0.15
8034,1,1203,-0.010259,-0.05
8034,1,1204,0.002724,-0.09
8034,1,1205,-0.017663,0.12
8034,1,1206,0.001678,-0.15
8034,1,1207,0.00728,-0.02
8034,1,1208,0.003562,-0.03
8034,1,1209,0.003069,0.11
8034,1,1210,0.009953,-0.01
8034,1,1211,-0.006382,0.21
8034,1,1212,0.006585,-0.03
8034,1,1213,0.000162,0.0
8034,1,1214,0.009155,-0.06
8034,1,1215,0.002611,-0.11
8034,1,1216,-0.002045,0.07
8034,1,1217,0.002969,0.08
8034,1,1218,-0.010177,-0.05
8034,1,1219,0.000655,0.05
8034,1,1220,0.003039,-0.03
8034,1,1221,6e-05,0.04
8034,1,1222,0.006069,-0.12
8034,1,1223,0.005155,0.03
8034,1,1224,0.013869,0.16
8034,1,1225,0.004188,-0.01
8034,1,1226,0.001656,-0.08
8034,1,1227,-0.006401,-0.17
8034,1,1228,0.010035,0.06
8034,1,1229,-0.00821,-0.04
8034,1,1230,-0.011973,-0.09
8034,1,1231,0.005441,0.07
8034,1,1232,0.002174,-0.08
8034,1,1233,-0.00375,0.01
8034,1,1234,0.014298,0.01
8034,1,1235,-0.003255,-0.09
8034,1,1236,0.013265,-0.01
8034,1,1237,-0.003155,-0.02
8034,1,1238,-0.013008,0.09
8034,1,1239,0.006071,-0.02
8034,1,1240,-0.019096,-0.08
8034,1,1241,-0.006053,-0.04
8034,1,1242,-0.006399,-0.08
8034,1,1243,0.009761,0.05
8034,1,1244,-0.010541,-0.13
8034,1,1245,0.02234,0.0
8034,1,1246,0.001984,0.07
8034,1,1247,0.009419,0.18
8034,1,1248,0.00437,-0.04
8034,1,1249,0.004737,0.1
8034,1,1250,-0.005263,0.0
8034,1,1251,0.004788,0.05
8034,1,1252,-0.000645,-0.03
8034,1,1253,-0.002592,0.06
8034,1,1254,0.003162,0.04
8034,1,1255,-0.010237,-0.06
8034,1,1256,0.005157,0.0
8034,1,1257,0.001292,-0.03
8034,1,1258,-0.01498,-0.09
8034,1,1259,0.00331,0.05
9224,2,0,-0.003427,0.2
9224,2,1,-0.006327,0.03
9224,2,2,-0.012433,0.01
9224,2,3,0.011806,0.02
9224,2,4,-0.014618,0.19
9224,2,5,0.009512,-0.02
9224,2,6,0.000506,-0.05
9224,2,7,-0.007091,0.08
9224,2,8,0.0174,0.02
9224,2,9,-0.002163,0.09
9224,2,10,-0.007265,0.11
9224,2,11,-0.001809,-0.08
9224,2,12,0.002856,0.15
9224,2,13,-0.010259,-0.05
9224,2,14,0.002724,-0.09
9224,2,15,-0.017663,0.12
9224,2,16,0.001678,-0.15
9224,2,17,0.00728,-0.02
9224,2,18,0.003562,-0.03
9224,2,19,0.003069,0.11
9224,2,20,0.009953,-0.01
9224,2,21,-0.006382,0.21
9224,2,22,0.006585,-0.03
9224,2,23,0.000162,0.0
9224,2,24,0.009155,-0.06
9224,2,25,0.002611,-0.11
9224,2,26,-0.002045,0.07
9224,2,27,0.002969,0.08
9224,2,28,-0.010177,-0.05
9224,2,29,0.000655,0.05
9224,2,30,0.003039,-0.03
9224,2,31,6e-05,0.04
9224,2,32,0.006069,-0.12
9224,2,33,0.005155,0.03
9224,2,34,0.013869,0.16
9224,2,35,0.004188,-0.01
9224,2,36,0.001656,-0.08
9224,2,37,-0.006401,-0.17
9224,2,38,0.010035,0.06
9224,2,39,-0.00821,-0.04
9224,2,40,-0.011973,-0.09
9224,2,41,0.005441,0.07
9224,2,42,0.002174,-0.08
9224,2,43,-0.00375,0.01
9224,2,44,0.014298,0.01
9224,2,45,-0.003255,-0.09
9224,2,46,0.013265,-0.01
9224,2,47,-0.003155,-0.02
9224,2,48,-0.013008,0.09
9224,2,49,0.006071,-0.02
9224,2,50,-0.019096,-0.08
9224,2,51,-0.006053,-0.04
9224,2,52,-0.006399,-0.08
9224,2,53,0.009761,0.05
9224,2,54,-0.010541,-0.13
9224,2,55,0.02234,0.0
9224,2,56,0.001984,0.07
9224,2,57,0.009419,0.18
9224,2,58,0.00437,-0.04
9224,2,59,0.004737,0.1
9224,2,60,-0.005263,0.0
9224,2,61,0.004788,0.05
9224,2,62,-0.000645,-0.03
9224,2,63,-0.002592,0.06
9224,2,64,0.003162,0.04
9224,2,65,-0.010237,-0.06
9224,2,66,0.005157,0.0
9224,2,67,0.001292,-0.03
9224,2,68,-0.01498,-0.09
9224,2,69,0.00331,0.05
9224,2,70,-0.004701,-0.1
9224,2,71,0.002158,0.06
9224,2,72,0.015187,-0.07
9224,2,73,0.001261,0.08
9224,2,74,-0.001116,0.05
9224,2,75,0.003601,-0.03
9224,2,76,0.007909,0.07
9224,2,77,-0.005448,-0.07
9224,2,78,-0.001367,0.05
9224,2,79,0.005933,0.07
9224,2,80,-0.004574,0.03
9224,2,81,-0.005792,0.01
9224,2,82,-0.000113,-0.14
9224,2,83,-0.007615,-0.08
9224,2,84,-0.006398,-0.04
9224,2,85,-0.009084,-0.01
9224,2,86,0.008016,0.07
9224,2,87,-0.008432,-0.08
9224,2,88,0.001577,-0.01
9224,2,89,0.016227,0.08
9224,2,90,0.00172,-0.04
9224,2,91,0.004327,0.06
9224,2,92,-0.000236,0.09
9224,2,93,0.011264,0.06
9224,2,94,-0.003271,-0.02
9224,2,95,-0.001772,0.03
9224,2,96,0.004687,-0.03
9224,2,97,-0.007684,-0.15
9224,2,98,0.007348,0.06
9224,2,99,-0.008529,0.03
9224,2,100,-0.001066,-0.02
9224,2,101,0.011482,-0.03
9224,2,102,0.002735,-0.01
9224,2,103,-0.005679,0.02
9224,2,104,0.006638,-0.04
9224,2,105,0.001256,-0.05
9224,2,106,0.011798,-0.03
9224,2,107,-0.000477,-0.01
9224,2,108,0.003931,0.03
9224,2,109,0.002818,0.1
9224,2,110,-0.001807,-0.08
9224,2,111,0.001691,-0.03
9224,2,112,0.012401,0.07
9224,2,113,0.000144,0.05
9224,2,114,0.002055,-0.02
9224,2,115,-0.003094,0.11
9224,2,116,0.012395,0.03
9224,2,117,0.001292,-0.12
9224,2,118,0.002367,-0.02
9224,2,119,0.004963,0.0
9224,2,120,-0.008888,-0.16
9224,2,121,0.004787,0.0
9224,2,122,-0.005332,-0.06
9224,2,123,0.008295,-0.04
9224,2,124,0.001353,-0.02
9224,2,125,0.006872,0.05
9224,2,126,-0.00093,0.04
9224,2,127,0.007772,-0.03
9224,2,128,-0.003207,-0.06
9224,2,129,-0.002089,0.1
9224,2,130,0.012106,0.07
9224,2,131,-0.009798,-0.05
9224,2,132,-0.01361,0.11
9224,2,133,0.004989,0.0
9224,2,134,-0.002628,-0.06
9224,2,135,0.003651,0.02
9224,2,136,0.000678,-0.05
9224,2,137,-0.008371,0.02
9224,2,138,0.001838,0.05
9224,2,139,0.012555,-0.08
9224,2,140,-0.002581,-0.03
9224,2,141,0.005027,0.04
9224,2,142,0.010667,-0.08
9224,2,143,-0.00488,0.05
9224,2,144,-0.005468,-0.05
9224,2,145,0.009757,0.0
9224,2,146,-0.004468,0.0
9224,2,147,-0.004133,0.0
9224,2,148,-0.002572,0.05
9224,2,149,-0.002727,-0.05
9224,2,150,-0.001665,-0.01
9224,2,151,0.004021,-0.02
9224,2,152,0.001084,0.03
9224,2,153,2.6e-05,-0.06
9224,2,154,0.009634,0.01
9224,2,155,-0.005943,0.05
9224,2,156,0.00168,0.02
9224,2,157,0.003336,-0.03
9224,2,158,0.001723,-0.19
9224,2,159,-0.00835,-0.07
9224,2,160,-0.005771,-0.05
9224,2,161,-0.014633,0.01
9224,2,162,-0.015224,0.0
9224,2,163,0.01246,0.04
9224,2,164,-0.01435,0.0
9224,2,165,0.005623,-0.08
9224,2,166,0.011749,0.01
9224,2,167,-0.001273,0.05
9224,2,168,-0.011173,0.04
9224,2,169,-0.012958,-0.06
9224,2,170,-0.001324,-0.01
9224,2,171,-0.002395,0.0
9224,2,172,0.016365,0.02
9224,2,173,-0.001019,0.1
9224,2,174,0.013005,0.06
9224,2,175,0.004036,0.0
9224,2,176,-0.000701,-0.05
9224,2,177,0.005292,0.05
9224,2,178,0.008515,0.24
9224,2,179,0.007672,0.09
9224,2,180,-0.002095,-0.05
9224,2,181,-0.006645,0.0
9224,2,182,-0.001061,0.02
9224,2,183,0.005161,0.04
9224,2,184,-0.013762,0.1
9224,2,185,-0.001124,0.05
9224,2,186,0.000594,0.02
9224,2,187,0.005111,-0.05
9224,2,188,0.001066,0.02
9224,2,189,-0.015557,0.04
9224,2,190,0.005312,0.02
9224,2,191,0.014091,-0.05
9224,2,192,0.000588,0.08
9224,2,193,-0.004445,-0.02
9224,2,194,0.002272,-0.03
9224,2,195,-0.013795,0.07
9224,2,196,-0.007591,0.05
9224,2,197,-0.005916,-0.02
9224,2,198,0.009203,0.0
9224,2,199,0.001843,0.03
9224,2,200,0.001769,0.05
9224,2,201,-0.006723,0.02
9224,2,202,-0.013725,0.16
9224,2,203,-0.01054,0.02
9224,2,204,0.007662,-0.02
9224,2,205,0.001671,0.04
9224,2,206,-0.000766,0.02
9224,2,207,-0.000675,-0.06
9224,2,208,-0.010587,-0.09
9224,2,209,0.006817,0.04
9224,2,210,-0.002574,0.05
9224,2,211,0.000468,-0.07
9224,2,212,0.004012,0.04
9224,2,213,0.001692,-0.01
9224,2,214,0.016104,-0.02
9224,2,215,0.001698,-0.06
9224,2,216,0.005686,-0.07
9224,2,217,-0.000535,0.06
9224,2,218,0.000464,0.05
9224,2,219,0.00338,0.03
9224,2,220,-0.007422,-0.03
9224,2,221,0.005248,0.07
9224,2,222,0.015964,0.0
9224,2,223,0.001543,0.0
9224,2,224,-0.009499,0.04
9224,2,225,0.004543,-0.01
9224,2,226,-0.009837,0.08
9224,2,227,0.005972,-0.2
9224,2,228,0.001369,0.05
9224,2,229,-0.001332,-0.03
9224,2,230,0.002624,0.01
9224,2,231,-0.004159,-0.02
9224,2,232,0.003636,0.02
9224,2,233,0.008507,-0.01
9224,2,234,-0.002981,-0.05
9224,2,235,-0.005453,0.0
9224,2,236,-0.000952,0.1
9224,2,237,0.002515,-0.06
9224,2,238,0.004084,-0.08
9224,2,239,-0.010431,-0.05
9224,2,240,-0.003153,-0.09
9224,2,241,-0.008148,0.01
9224,2,242,0.001899,0.01
9224,2,243,-0.008244,-0.01
9224,2,244,0.003336,0.0
9224,2,245,0.001384,-0.03
9224,2,246,0.000709,0.04
9224,2,247,-0.003291,0.0
9224,2,248,-0.004301,0.0
9224,2,249,-0.004789,-0.12
9224,2,250,-0.000445,0.0
9224,2,251,0.007058,0.09
9224,2,252,-0.01334,0.03
9224,2,253,0.002706,-0.02
9224,2,254,-0.009701,-0.03
9224,2,255,-0.001961,0.04
9224,2,256,0.009926,0.13
9224,2,257,0.000539,-0.01
9224,2,258,0.004574,-0.01
9224,2,259,0.001172,-0.1
9224,2,260,0.004448,-0.02
9224,2,261,-0.006262,-0.03
9224,2,262,-0.000964,0.0
9224,2,263,-0.01632,-0.02
9224,2,264,-0.015481,-0.19
9224,2,265,0.001175,0.04
9224,2,266,0.012974,0.04
9224,2,267,-0.003012,-0.02
9224,2,268,-0.011675,-0.03
9224,2,269,0.001477,-0.05
9224,2,270,0.013655,0.04
9224,2,271,0.002196,-0.05
9224,2,272,0.012443,0.02
9224,2,273,-0.003598,-0.01
9224,2,274,0.006525,0.02
9224,2,275,-0.002431,0.04
9224,2,276,0.000465,0.0
9224,2,277,0.008,-0.02
9224,2,278,0.000118,-0.04
9224,2,279,0.002425,0.01
9224,2,280,-0.007781,-0.04
9224,2,281,0.004631,-0.06
9224,2,282,0.001512,0.0
9224,2,283,0.011212,0.07
9224,2,284,-0.004185,0.1
9224,2,285,0.006887,-0.04
9224,2,286,-0.004486,-0.08
9224,2,287,0.00189,0.04
9224,2,288,0.004954,-0.03
9224,2,289,0.001691,-0.03
9224,2,290,0.002229,-0.01
9224,2,291,-0.007055,0.03
9224,2,292,0.002794,-0.1
9224,2,293,0.004495,0.06
9224,2,294,-0.005627,-0.07
9224,2,295,0.006327,-0.02
9224,2,296,-0.013938,-0.05
9224,2,297,-0.00467,0.02
9224,2,298,0.001579,0.02
9224,2,299,-0.005936,-0.03
9224,2,300,0.005926,0.01
9224,2,301,0.00427,0.08
9224,2,302,-0.000197,0.04
9224,2,303,0.015181,0.07
9224,2,304,0.003243,-0.02
9224,2,305,-0.000608,-0.01
9224,2,306,0.006673,0.05
9224,2,307,-0.009982,0.03
9224,2,308,-0.007527,-0.11
9224,2,309,-0.007301,-0.03
9224,2,310,-0.009303,-0.06
9224,2,311,0.00445,0.04
9224,2,312,0.005252,0.0
9224,2,313,-0.009686,0.0
9224,2,314,0.00039,-0.06
9224,2,315,0.002564,0.0
9224,2,316,-0.009715,-0.01
9224,2,317,-0.000858,-0.01
9224,2,318,0.014879,0.02
9224,2,319,0.012879,0.1
9224,2,320,0.001813,-0.02
9224,2,321,0.002448,-0.04
9224,2,322,0.000274,0.06
9224,2,323,4.4e-05,-0.01
9224,2,324,0.01118,-0.01
9224,2,325,0.016156,0.01
9224,2,326,0.003874,0.11
9224,2,327,-0.001098,0.01
9224,2,328,-0.000695,0.0
9224,2,329,-0.001005,0.03
9224,2,330,-0.000304,0.0
9224,2,331,-0.007079,0.01
9224,2,332,0.005538,-0.07
9224,2,333,0.001362,-0.02
9224,2,334,-0.011161,0.08
9224,2,335,0.005896,-0.02
9224,2,336,-0.000255,0.01
9224,2,337,0.004095,0.01
9224,2,338,0.000753,0.04
9224,2,339,-0.00345,0.1
9224,2,340,-0.00403,0.02
9224,2,341,0.014951,0.02
9224,2,342,-0.000873,0.02
9224,2,343,0.000706,-0.13
9224,2,344,-0.000772,-0.03
9224,2,345,-0.011073,-0.01
9224,2,346,0.004877,-0.09
9224,2,347,0.005436,0.05
9224,2,348,-0.001043,-0.03
9224,2,349,0.00899,0.0
9224,2,350,0.003921,-0.02
9224,2,351,0.001945,-0.05
9224,2,352,-0.002082,0.1
9224,2,353,-0.007488,0.02
9224,2,354,0.000377,0.0
9224,2,355,0.00904,-0.03
9224,2,356,0.003418,0.03
9224,2,357,0.000463,0.02
9224,2,358,-0.004305,0.07
9224,2,359,0.007154,0.01
9224,2,360,-7.4e-05,0.02
9224,2,361,8.2e-05,-0.06
9224,2,362,-0.001343,-0.03
9224,2,363,-0.008119,-0.01
9224,2,364,-0.011671,0.06
9224,2,365,-0.003628,0.0
9224,2,366,0.003506,0.0
9224,2,367,-0.001431,0.0
9224,2,368,0.003423,0.0
9224,2,369,-0.0061,-0.03
9224,2,370,0.003981,-0.01
9224,2,371,-0.00863,-0.05
9224,2,372,0.006005,0.03
9224,2,373,0.009675,-0.02
9224,2,374,-0.00949,-0.01
9224,2,375,-0.007783,-0.03
9224,2,376,-0.006415,-0.01
9224,2,377,-0.003528,-0.02
9224,2,378,0.004004,0.06
9224,2,379,0.004844,0.01
9224,2,380,0.000409,0.01
9224,2,381,-0.002716,-0.06
9224,2,382,0.00846,-0.02
9224,2,383,0.006891,0.01
9224,2,384,0.003178,0.0
9224,2,385,-0.002766,0.03
9224,2,386,0.011043,-0.09
9224,2,387,-0.001089,-0.02
9224,2,388,0.000483,-0.02
9224,2,389,-0.008575,-0.05
9224,2,390,0.004211,0.07
9224,2,391,0.006926,0.03
9224,2,392,0.000697,-0.02
9224,2,393,0.0033,0.02
9224,2,394,0.000182,0.06
9224,2,395,-0.007923,0.03
9224,2,396,0.0007,0.08
9224,2,397,-0.014506,0.02
9224,2,398,0.005607,-0.02
9224,2,399,0.007894,0.02
9224,2,400,0.009307,-0.02
9224,2,401,-0.006414,0.09
9224,2,402,0.005658,0.02
9224,2,403,-0.000273,0.0
9224,2,404,0.000322,0.01
9224,2,405,0.009624,-0.07
9224,2,406,0.00261,-0.01
9224,2,407,-0.004799,0.07
9224,2,408,-0.010185,0.14
9224,2,409,0.001856,-0.04
9224,2,410,-0.007583,0.08
9224,2,411,0.005625,-0.04
9224,2,412,-0.007524,0.02
9224,2,413,-0.008082,-0.02
9224,2,414,0.001801,-0.05
9224,2,415,-0.000471,0.04
9224,2,416,-0.004934,0.02
9224,2,417,-0.010196,0.1
9224,2,418,0.0007,-0.02
9224,2,419,-0.000947,-0.01
9224,2,420,0.002441,0.04
9224,2,421,-0.007596,-0.04
9224,2,422,0.013773,-0.04
9224,2,423,-0.000694,-0.06
9224,2,424,-0.006497,-0.04
9224,2,425,0.002728,0.01
9224,2,426,0.004481,0.01
9224,2,427,0.002269,-0.04
9224,2,428,0.005971,0.05
9224,2,429,-0.008345,0.01
9224,2,430,8e-06,-0.05
9224,2,431,0.005545,-0.07
9224,2,432,-0.011762,0.0
9224,2,433,-0.010002,-0.01
9224,2,434,-0.01672,-0.1
9224,2,435,0.002941,0.0
9224,2,436,0.005934,-0.06
9224,2,437,-0.013255,0.01
9224,2,438,0.019736,0.1
9224,2,439,-0.00675,-0.06
9224,2,440,0.008662,0.0
9224,2,441,-0.008837,0.02
9224,2,442,0.00395,-0.03
9224,2,443,-0.01138,-0.06
9224,2,444,0.011922,0.02
9224,2,445,0.00459,0.0
9224,2,446,-0.000852,0.0
9224,2,447,0.01247,-0.01
9224,2,448,-0.002569,-0.01
9224,2,449,-0.001092,0.09
9224,2,450,0.006394,0.01
9224,2,451,-0.010705,-0.06
9224,2,452,0.004193,-0.02
9224,2,453,-0.010033,-0.03
9224,2,454,-0.00458,-0.06
9224,2,455,0.010086,0.01
9224,2,456,0.006957,-0.01
9224,2,457,0.010019,-0.05
9224,2,458,0.004656,0.04
9224,2,459,-0.001511,0.02
9224,2,460,0.003851,-0.06
9224,2,461,0.000176,-0.03
9224,2,462,-0.0034,0.04
9224,2,463,0.006395,0.0
9224,2,464,0.000969,0.0
9224,2,465,-0.006073,-0.08
9224,2,466,0.008997,-0.09
9224,2,467,0.001722,-0.02
9224,2,468,-0.006867,0.09
9224,2,469,0.001246,-0.02
9224,2,470,-0.000209,-0.04
9224,2,471,-0.002163,0.03
9224,2,472,0.00524,0.03
9224,2,473,-0.002348,0.07
9224,2,474,0.002262,0.04
9224,2,475,0.002573,0.04
9224,2,476,0.002218,-0.01
9224,2,477,0.00363,-0.03
9224,2,478,0.004955,0.0
9224,2,479,-0.000707,0.02
9224,2,480,-0.002048,-0.05
9224,2,481,0.000222,-0.11
9224,2,482,-0.010833,0.01
9224,2,483,-0.007629,-0.04
9224,2,484,-0.000739,-0.02
9224,2,485,0.009138,0.07
9224,2,486,-0.001431,0.02
9224,2,487,-0.007101,-0.05
9224,2,488,0.002611,0.12
9224,2,489,0.008833,0.05
9224,2,490,-0.00834,-0.03
9224,2,491,0.002452,-0.03
9224,2,492,0.011679,0.06
9224,2,493,0.006255,0.0
9224,2,494,0.002272,0.04
9224,2,495,0.000884,0.02
9224,2,496,0.002624,0.02
9224,2,497,0.001158,-0.01
9224,2,498,-0.00553,0.04
9224,2,499,0.006731,-0.02
9224,2,500,0.004759,-0.03
9224,2,501,-0.006606,0.11
9224,2,502,0.005411,-0.05
9224,2,503,-0.003769,0.02
9224,2,504,0.001733,-0.01
9224,2,505,0.004573,0.03
9224,2,506,0.005603,-0.07
9224,2,507,-0.007671,0.08
9224,2,508,0.000948,0.04
9224,2,509,0.007099,0.02
9224,2,510,0.000739,-0.04
9224,2,511,-0.007373,0.02
9224,2,512,-0.007638,0.08
9224,2,513,-0.002683,0.02
9224,2,514,0.006745,-0.01
9224,2,515,-0.001827,-0.01
9224,2,516,0.007062,-0.08
9224,2,517,-0.005994,-0.08
9224,2,518,0.002828,0.03
9224,2,519,-0.011776,-0.04
9224,2,520,0.000738,0.05
9224,2,521,-0.001,-0.07
9224,2,522,0.000566,0.0
9224,2,523,0.001656,0.01
9224,2,524,-0.003389,-0.02
9224,2,525,-0.00657,-0.01
9224,2,526,0.002298,-0.01
9224,2,527,-0.005997,0.02
9224,2,528,0.005958,0.0
9224,2,529,-0.003192,-0.04
9224,2,530,0.009864,-0.14
9224,2,531,0.001033,0.0
9224,2,532,-0.002922,0.01
9224,2,533,0.012619,0.06
9224,2,534,0.002408,0.06
9224,2,535,-0.003793,0.0
9224,2,536,0.007965,-0.01
9224,2,537,-0.000741,0.04
9224,2,538,-0.007545,-0.04
9224,2,539,-0.003281,0.03
9224,2,540,0.000464,0.05
9224,2,541,0.008292,0.04
9224,2,542,-0.005566,-0.01
9224,2,543,-0.007863,0.01
9224,2,544,-0.009121,-0.07
9224,2,545,0.003652,0.0
9224,2,546,0.000552,0.06
9224,2,547,0.00028,0.05
9224,2,548,2.5e-05,0.0
9224,2,549,0.001012,-0.04
9224,2,550,0.008867,0.03
9224,2,551,0.00092,0.05
9224,2,552,-0.001717,0.05
9224,2,553,-0.00997,-0.01
9224,2,554,-0.014887,-0.02
9224,2,555,-0.004096,0.01
9224,2,556,0.003701,-0.02
9224,2,557,-0.006068,0.06
9224,2,558,-0.000713,0.03
9224,2,559,0.008268,0.0
9224,2,560,0.002975,0.02
9224,2,561,-0.01005,-0.01
9224,2,562,0.014956,-0.02
9224,2,563,-0.01502,-0.01
9224,2,564,0.00152,-0.07
9224,2,565,0.016777,0.06
9224,2,566,-0.002368,0.09
9224,2,567,-0.004312,0.06
9224,2,568,-0.010475,-0.03
9224,2,569,0.016549,0.01
9224,2,570,0.007176,-0.01
9224,2,571,-0.003521,0.01
9224,2,572,0.009977,0.03
9224,2,573,0.004264,0.04
9224,2,574,0.000164,0.01
9224,2,575,0.002188,-0.01
9224,2,576,-0.003451,-0.08
9224,2,577,0.00169,0.07
9224,2,578,0.008446,-0.09
9224,2,579,-0.00385,-0.05
9224,2,580,0.00179,-0.07
9224,2,581,0.009414,-0.03
9224,2,582,0.004401,0.04
9224,2,583,0.005271,-0.04
9224,2,584,0.005084,-0.03
9224,2,585,0.003473,0.04
9224,2,586,0.002086,-0.04
9224,2,587,-0.008508,-0.02
9224,2,588,1.6e-05,0.07
9224,2,589,-0.006362,0.01
9224,2,590,0.012157,0.03
9224,2,591,0.000324,0.0
9224,2,592,-0.002363,0.05
9224,2,593,0.001276,-0.08
9224,2,594,-0.005009,0.03
9224,2,595,-0.001217,-0.05
9224,2,596,0.002811,0.07
9224,2,597,0.000842,0.02
9224,2,598,0.005554,-0.02
9224,2,599,0.00419,-0.09
9224,2,600,-0.001414,0.02
9224,2,601,-0.002848,-0.02
9224,2,602,-0.005839,0.0
9224,2,603,-0.000238,0.02
9224,2,604,0.002517,0.02
9224,2,605,0.004221,-0.05
9224,2,606,0.000426,-0.06
9224,2,607,-0.009553,-0.04
9224,2,608,0.001297,0.04
9224,2,609,-0.002981,-0.01
9224,2,610,-0.004887,0.02
9224,2,611,0.01643,-0.02
9224,2,612,0.003673,-0.01
9224,2,613,1.6e-05,0.0
9224,2,614,0.009399,0.02
9224,2,615,0.003656,0.0
9224,2,616,-0.000357,0.05
9224,2,617,0.003481,0.03
9224,2,618,-0.006274,-0.04
9224,2,619,0.001205,-0.06
9224,2,620,-0.003635,-0.02
9224,2,621,-0.003897,0.0
9224,2,622,0.005564,0.04
9224,2,623,-0.018326,-0.01
9224,2,624,0.001847,-0.01
9224,2,625,0.002405,0.04
9224,2,626,-0.001721,0.09
9224,2,627,0.007235,0.04
9224,2,628,0.007764,-0.01
9224,2,629,0.001145,0.02
9224,2,630,-0.003976,-0.01
9224,2,631,0.001859,0.04
9224,2,632,-0.009061,0.0
9224,2,633,-0.005359,-0.03
9224,2,634,0.000783,0.01
9224,2,635,-0.008095,0.02
9224,2,636,0.008663,-0.01
9224,2,637,-0.001478,-0.02
9224,2,638,0.00254,0.05
9224,2,639,-0.00326,-0.01
9224,2,640,0.010033,0.04
9224,2,641,0.003504,-0.01
9224,2,642,0.007328,-0.02
9224,2,643,-0.00166,-0.05
9224,2,644,-0.003271,0.03
9224,2,645,0.007513,-0.04
9224,2,646,-0.003775,0.03
9224,2,647,0.001273,0.02
9224,2,648,0.003637,0.01
9224,2,649,-0.010401,-0.04
9224,2,650,0.008261,0.04
9224,2,651,-0.001626,0.05
9224,2,652,-0.001482,0.04
9224,2,653,-0.006968,0.06
9224,2,654,-0.001862,0.0
9224,2,655,0.00203,-0.01
9224,2,656,-0.004881,0.01
9224,2,657,0.007224,0.02
9224,2,658,0.002115,0.01
9224,2,659,0.010396,-0.06
9224,2,660,0.00427,0.02
9224,2,661,0.001773,-0.08
9224,2,662,0.001471,0.03
9224,2,663,-0.00166,-0.02
9224,2,664,-0.006015,0.05
9224,2,665,0.006021,-0.01
9224,2,666,-0.002582,0.03
9224,2,667,0.000983,-0.06
9224,2,668,-0.001028,0.03
9224,2,669,-0.006438,0.09
9224,2,670,0.00747,0.02
9224,2,671,-0.002026,0.05
9224,2,672,-0.004138,0.0
9224,2,673,0.00227,0.02
9224,2,674,0.006257,-0.01
9224,2,675,0.004311,-0.03
9224,2,676,-0.001921,0.06
9224,2,677,-0.010343,0.07
9224,2,678,0.000865,0.0
9224,2,679,-0.007751,-0.04
9224,2,680,0.001205,0.05
9224,2,681,0.000776,0.07
9224,2,682,-0.00294,-0.04
9224,2,683,0.017077,-0.02
9224,2,684,0.002027,0.05
9224,2,685,0.001168,0.0
9224,2,686,-0.000137,-0.03
9224,2,687,-0.002417,-0.02
9224,2,688,-0.00487,0.08
9224,2,689,0.002819,0.05
9224,2,690,0.003302,-0.03
9224,2,691,0.00068,-0.02
9224,2,692,-0.004135,0.07
9224,2,693,0.006145,-0.02
9224,2,694,-0.003876,0.03
9224,2,695,0.003157,0.01
9224,2,696,0.010295,-0.04
9224,2,697,-0.00083,0.0
9224,2,698,0.000362,0.01
9224,2,699,-0.001728,0.0
9224,2,700,-0.012798,0.01
9224,2,701,-0.011241,0.05
9224,2,702,0.002525,-0.04
9224,2,703,-0.001869,-0.05
9224,2,704,-0.016841,0.06
9224,2,705,-0.006699,-0.08
9224,2,706,0.004137,-0.03
9224,2,707,-0.003915,-0.01
9224,2,708,-0.00435,0.03
9224,2,709,0.001584,-0.04
9224,2,710,0.01137,0.04
9224,2,711,0.005719,-0.01
9224,2,712,-0.01585,0.03
9224,2,713,0.008112,0.03
9224,2,714,0.012298,-0.01
9224,2,715,0.001952,-0.11
9224,2,716,-0.0178,0.02
9224,2,717,-0.001138,-0.01
9224,2,718,-0.006092,0.01
9224,2,719,0.001417,-0.02
9224,2,720,-0.004476,-0.02
9224,2,721,-0.011866,0.01
9224,2,722,-0.011112,-0.02
9224,2,723,0.005189,0.08
9224,2,724,0.021235,0.05
9224,2,725,-0.003678,0.03
9224,2,726,-0.009117,0.01
9224,2,727,-8e-06,0.01
9224,2,728,0.009741,0.01
9224,2,729,-0.005271,0.04
9224,2,730,-0.000883,0.03
9224,2,731,0.004869,0.02
9224,2,732,-0.009084,-0.04
9224,2,733,0.005487,0.04
9224,2,734,0.021565,-0.03
9224,2,735,-0.002098,-0.07
9224,2,736,0.007865,0.0
9224,2,737,-0.007249,0.08
9224,2,738,0.002494,-0.04
9224,2,739,-0.00675,-0.05
9224,2,740,0.00147,-0.01
9224,2,741,0.004016,-0.03
9224,2,742,-0.010869,0.0
9224,2,743,-0.012967,-0.02
9224,2,744,-0.004894,-0.01
9224,2,745,-0.001383,0.0
9224,2,746,0.00192,0.06
9224,2,747,0.018555,-0.07
9224,2,748,-0.008477,-0.03
9224,2,749,-0.007077,0.02
9224,2,750,0.016625,0.0
9224,2,751,0.006321,0.02
9224,2,752,-0.000378,-0.03
9224,2,753,-0.0041,0.03
9224,2,754,0.012152,-0.07
9224,2,755,-0.001478,-0.01
9224,2,756,-0.004496,0.0
9224,2,757,0.005107,-0.03
9224,2,758,0.002239,0.0
9224,2,759,-0.000711,-0.05
9224,2,760,-0.002806,0.02
9224,2,761,-0.003363,0.0
9224,2,762,-0.004349,-0.01
9224,2,763,0.004629,0.01
9224,2,764,-0.003986,0.04
9224,2,765,0.00116,0.03
9224,2,766,0.013696,-0.07
9224,2,767,0.007662,-0.06
9224,2,768,0.001582,0.0
9224,2,769,0.003715,-0.03
9224,2,770,-0.00367,-0.02
9224,2,771,0.001002,0.0
9224,2,772,-0.004489,0.0
9224,2,773,0.002374,-0.01
9224,2,774,-0.000748,-0.02
9224,2,775,0.005166,0.01
9224,2,776,0.00192,-0.01
9224,2,777,0.000836,-0.03
9224,2,778,-0.001187,-0.02
9224,2,779,0.005515,-0.01
9224,2,780,0.001709,0.05
9224,2,781,-0.009891,0.02
9224,2,782,-0.004799,0.0
9224,2,783,0.003787,-0.02
9224,2,784,0.000477,0.02
9224,2,785,0.010358,-0.02
9224,2,786,0.003861,-0.01
9224,2,787,-0.001358,0.02
9224,2,788,0.002568,0.01
9224,2,789,0.001152,0.01
9224,2,790,-0.002679,-0.07
9224,2,791,0.005722,-0.01
9224,2,792,-0.005395,-0.08
9224,2,793,-0.002466,-0.05
9224,2,794,0.008815,-0.04
9224,2,795,0.007524,0.03
9224,2,796,0.00018,0.01
9224,2,797,0.001713,0.03
9224,2,798,-0.002263,0.01
9224,2,799,-0.003391,-0.02
9224,2,800,0.002096,0.0
9224,2,801,0.01206,-0.05
9224,2,802,0.002237,0.04
9224,2,803,-0.002682,0.09
9224,2,804,-0.002564,0.03
9224,2,805,0.009541,0.01
9224,2,806,0.002047,0.02
9224,2,807,0.002519,-0.02
9224,2,808,-0.003659,-0.01
9224,2,809,0.001283,-0.01
9224,2,810,0.000849,0.02
9224,2,811,0.0012,0.0
9224,2,812,0.006152,0.04
9224,2,813,0.000261,0.0
9224,2,814,0.003514,-0.05
9224,2,815,0.004963,-0.05
9224,2,816,-0.008452,-0.05
9224,2,817,0.000428,0.0
9224,2,818,7e-06,-0.07
9224,2,819,-0.007352,-0.04
9224,2,820,-0.000344,0.03
9224,2,821,-0.002223,0.12
9224,2,822,0.011346,-0.01
9224,2,823,0.002218,-0.05
9224,2,824,0.002083,-0.02
9224,2,825,-0.005333,-0.02
9224,2,826,0.001865,-0.03
9224,2,827,0.002549,0.02
9224,2,828,0.006356,-0.04
9224,2,829,0.002405,0.04
9224,2,830,0.002284,0.05
9224,2,831,0.001029,-0.05
9224,2,832,-0.0005,-0.01
9224,2,833,0.001649,-0.02
9224,2,834,0.002338,-0.01
9224,2,835,-0.003656,-0.02
9224,2,836,-0.013555,-0.01
9224,2,837,0.003444,-0.03
9224,2,838,0.009202,0.01
9224,2,839,0.000822,-0.06
9224,2,840,-0.002799,-0.03
9224,2,841,0.008885,0.0
9224,2,842,0.004002,0.02
9224,2,843,-0.001315,0.03
9224,2,844,-0.003971,0.01
9224,2,845,0.001812,0.07
9224,2,846,0.00227,-0.04
9224,2,847,-0.001047,-0.03
9224,2,848,0.001169,0.09
9224,2,849,0.008689,0.02
9224,2,850,0.001122,0.0
9224,2,851,-0.00323,0.0
9224,2,852,0.002158,0.0
9224,2,853,-0.001417,0.0
9224,2,854,-0.003674,-0.05
9224,2,855,-0.005316,0.08
9224,2,856,0.004352,-0.02
9224,2,857,0.007015,0.05
9224,2,858,-0.001479,0.04
9224,2,859,-0.004513,0.01
9224,2,860,-0.001199,-0.04
9224,2,861,0.001228,-0.05
9224,2,862,-0.006085,0.03
9224,2,863,0.00222,0.01
9224,2,864,-0.000517,0.0
9224,2,865,0.00194,0.03
9224,2,866,0.00634,0.05
9224,2,867,0.004853,0.03
9224,2,868,0.000818,-0.02
9224,2,869,-0.000894,0.04
9224,2,870,-0.002971,-0.04
9224,2,871,0.002895,0.03
9224,2,872,-0.005278,-0.02
9224,2,873,0.003542,0.05
9224,2,874,0.008501,0.0
9224,2,875,-0.01127,0.06
9224,2,876,-0.001208,0.01
9224,2,877,-0.001097,0.02
9224,2,878,0.005772,-0.02
9224,2,879,0.006593,-0.05
9224,2,880,0.005354,0.01
9224,2,881,0.001694,-0.01
9224,2,882,-0.000967,-0.02
9224,2,883,0.000698,-0.04
9224,2,884,0.001395,-0.03
9224,2,885,-0.001179,-0.01
9224,2,886,-0.007077,0.06
9224,2,887,-0.003261,0.01
9224,2,888,0.007597,0.02
9224,2,889,0.007644,-0.08
9224,2,890,0.001038,-0.04
9224,2,891,-0.000872,-0.01
9224,2,892,0.002844,-0.01
9224,2,893,-0.001404,0.01
9224,2,894,-0.000858,0.04
9224,2,895,-0.003564,-0.05
9224,2,896,-0.001254,-0.05
9224,2,897,-0.034725,-0.13
9224,2,898,0.005561,0.06
9224,2,899,-0.002595,0.0
9224,2,900,-0.011403,-0.04
9224,2,901,-0.009408,-0.01
9224,2,902,0.015494,0.02
9224,2,903,-0.002465,-0.03
9224,2,904,0.007127,0.01
9224,2,905,0.000678,0.08
9224,2,906,0.00268,-0.03
9224,2,907,-0.020368,-0.06
9224,2,908,0.006691,0.03
9224,2,909,0.003684,0.01
9224,2,910,-0.003828,0.01
9224,2,911,0.010894,0.03
9224,2,912,0.006334,-0.02
9224,2,913,0.017081,-0.03
9224,2,914,-0.000348,0.07
9224,2,915,0.001094,0.02
9224,2,916,0.000968,-0.02
9224,2,917,-0.006184,0.02
9224,2,918,-0.007966,0.0
9224,2,919,0.00374,0.02
9224,2,920,-0.001174,0.01
9224,2,921,0.002597,0.0
9224,2,922,0.00928,0.02
9224,2,923,0.001113,-0.01
9224,2,924,0.00305,0.02
9224,2,925,0.000589,0.07
9224,2,926,0.002617,-0.02
9224,2,927,-0.006573,0.01
9224,2,928,0.006206,0.0
9224,2,929,0.003488,0.02
9224,2,930,0.010655,-0.02
9224,2,931,0.002145,-0.05
9224,2,932,0.000693,-0.03
9224,2,933,-0.001202,0.02
9224,2,934,0.009261,0.0
9224,2,935,-0.002304,-0.02
9224,2,936,-0.000351,-0.03
9224,2,937,0.010139,0.03
9224,2,938,-0.000782,0.03
9224,2,939,-0.00012,0.02
9224,2,940,-0.007831,-0.08
9224,2,941,0.002651,0.01
9224,2,942,0.006472,0.01
9224,2,943,0.004325,0.03
9224,2,944,0.00215,-0.03
9224,2,945,0.002564,-0.01
9224,2,946,-0.001166,-0.01
9224,2,947,0.003223,0.04
9224,2,948,-0.013956,-0.02
9224,2,949,0.009641,0.02
9224,2,950,-0.001793,0.02
9224,2,951,-0.001304,0.02
9224,2,952,0.008626,0.0
9224,2,953,-0.000918,0.05
9224,2,954,0.00661,0.05
9224,2,955,0.001543,-0.02
9224,2,956,-0.000643,0.04
9224,2,957,-0.001207,0.03
9224,2,958,-0.009703,0.0
9224,2,959,0.005453,0.0
9224,2,960,0.00157,0.02
9224,2,961,0.007984,0.0
9224,2,962,0.000255,0.02
9224,2,963,0.003737,0.05
9224,2,964,0.001849,-0.02
9224,2,965,-0.005347,0.05
9224,2,966,-0.008864,-0.01
9224,2,967,-0.01757,0.14
9224,2,968,0.01137,0.01
9224,2,969,0.000962,0.02
9224,2,970,-0.010682,0.12
9224,2,971,0.015184,-0.06
9224,2,972,0.004816,0.03
9224,2,973,0.006527,-0.07
9224,2,974,-0.001213,-0.01
9224,2,975,0.001731,-0.06
9224,2,976,-0.013601,0.05
9224,2,977,0.00618,0.02
9224,2,978,-0.012896,-0.02
9224,2,979,-0.003208,-0.05
9224,2,980,-0.003238,0.01
9224,2,981,0.009009,-0.01
9224,2,982,-0.000418,0.03
9224,2,983,-0.001567,-0.09
9224,2,984,0.010696,-0.03
9224,2,985,0.00358,0.05
9224,2,986,0.000348,0.11
9224,2,987,0.003304,0.03
9224,2,988,0.000921,-0.03
9224,2,989,-0.014185,-0.13
9224,2,990,0.005721,0.06
9224,2,991,0.019055,0.04
9224,2,992,0.003101,-0.02
9224,2,993,-0.001919,-0.06
9224,2,994,-9.7e-05,0.03
9224,2,995,-0.002065,-0.06
9224,2,996,0.004469,0.02
9224,2,997,-0.012221,-0.08
9224,2,998,0.004869,0.01
9224,2,999,-0.019804,-0.03
9224,2,1000,0.004666,-0.02
9224,2,1001,-0.023339,-0.13
9224,2,1002,-0.015992,0.01
9224,2,1003,0.010254,0.02
9224,2,1004,-0.012647,-0.04
9224,2,1005,0.007243,-0.02
9224,2,1006,0.004359,0.01
9224,2,1007,-0.026586,-0.06
9224,2,1008,0.024151,0.01
9224,2,1009,0.006159,0.05
9224,2,1010,0.014072,0.07
9224,2,1011,-0.02965,-0.05
9224,2,1012,0.000379,0.02
9224,2,1013,-0.000495,-0.03
9224,2,1014,-0.018157,-0.05
9224,2,1015,-0.013908,-0.04
9224,2,1016,0.003249,-0.09
9224,2,1017,0.024567,0.08
9224,2,1018,-0.00027,-0.04
9224,2,1019,0.001086,-0.04
9224,2,1020,0.011713,0.03
9224,2,1021,-0.001072,-0.01
9224,2,1022,0.011535,0.01
9224,2,1023,-0.008504,-0.03
9224,2,1024,-0.023473,-0.07
9224,2,1025,0.021922,0.04
9224,2,1026,-0.004181,-0.06
9224,2,1027,0.011217,0.03
9224,2,1028,0.010468,0.02
9224,2,1029,-0.011501,-0.08
9224,2,1030,0.004252,0.03
9224,2,1031,-0.016908,-0.13
9224,2,1032,-0.001273,-0.04
9224,2,1033,0.013632,0.03
9224,2,1034,4.8e-05,0.04
9224,2,1035,0.00842,0.08
9224,2,1036,0.000202,-0.02
9224,2,1037,-0.00512,0.01
9224,2,1038,0.029208,0.02
9224,2,1039,0.006086,0.03
9224,2,1040,-0.006723,0.16
9224,2,1041,0.004609,-0.05
9224,2,1042,-0.005256,-0.01
9224,2,1043,-0.000343,0.0
9224,2,1044,0.005411,0.0
9224,2,1045,0.003907,-0.05
9224,2,1046,-0.003023,0.01
9224,2,1047,0.01329,-0.03
9224,2,1048,-0.000265,-0.02
9224,2,1049,-0.004552,0.01
9224,2,1050,0.002111,-0.01
9224,2,1051,0.00956,0.11
9224,2,1052,-0.001712,-0.02
9224,2,1053,-0.005158,0.01
9224,2,1054,0.004754,0.04
9224,2,1055,-0.008381,-0.01
9224,2,1056,-0.006573,-0.03
9224,2,1057,0.001761,-0.09
9224,2,1058,-0.000753,-0.05
9224,2,1059,-0.025616,-0.11
9224,2,1060,0.003798,0.01
9224,2,1061,0.008803,-0.01
9224,2,1062,-0.002441,-0.05
9224,2,1063,-0.000976,0.01
9224,2,1064,0.013788,0.04
9224,2,1065,0.003713,-0.02
9224,2,1066,-0.006463,0.01
9224,2,1067,0.011992,0.08
9224,2,1068,-0.026423,-0.12
9224,2,1069,0.000802,-0.05
9224,2,1070,-0.004955,0.04
9224,2,1071,0.012049,0.03
9224,2,1072,-0.02937,-0.04
9224,2,1073,-0.000576,-0.06
9224,2,1074,-0.014287,-0.05
9224,2,1075,-0.007069,0.02
9224,2,1076,-0.013212,-0.11
9224,2,1077,0.00523,-0.02
9224,2,1078,-0.01746,-0.08
9224,2,1079,0.004486,-0.01
9224,2,1080,-0.015927,-0.06
9224,2,1081,0.016891,0.01
9224,2,1082,-0.023239,-0.18
9224,2,1083,0.01493,0.12
9224,2,1084,0.02856,0.08
9224,2,1085,0.000477,-0.09
9224,2,1086,0.00777,0.03
9224,2,1087,-0.005887,-0.08
9224,2,1088,-0.00654,0.0
9224,2,1089,0.01519,0.03
9224,2,1090,0.015037,0.1
9224,2,1091,-0.001778,0.1
9224,2,1092,0.00751,0.03
9224,2,1093,-0.025271,-0.17
9224,2,1094,0.00605,0.07
9224,2,1095,0.001224,0.13
9224,2,1096,-0.013746,0.06
9224,2,1097,-0.015021,-0.04
9224,2,1098,0.00628,-0.06
9224,2,1099,-0.001361,-0.08
9224,2,1100,0.0049,-0.02
9224,2,1101,0.01667,0.14
9224,2,1102,0.008077,0.05
9224,2,1103,0.000809,0.07
9224,2,1104,-0.014282,-0.09
9224,2,1105,0.001504,-0.1
9224,2,1106,-0.006852,-0.07
9224,2,1107,-0.014438,-0.13
9224,2,1108,0.0,0.0
9224,2,1109,-0.024552,-0.03
9224,2,1110,0.003223,-0.02
9224,2,1111,-0.018352,0.0
9224,2,1112,0.013624,-0.04
9224,2,1113,0.007948,0.09
9224,2,1114,-0.013595,-0.09
9224,2,1115,0.010871,-0.01
9224,2,1116,-0.024925,-0.09
9224,2,1117,-0.005612,0.02
9224,2,1118,-0.029093,-0.08
9224,2,1119,-0.006045,0.0
9224,2,1120,-0.011085,-0.14
9224,2,1121,0.021442,-0.01
9224,2,1122,0.010063,0.17
9224,2,1123,-0.015872,-0.07
9224,2,1124,0.017548,0.0
9224,2,1125,0.00616,0.08
9224,2,1126,-0.004764,0.09
9224,2,1127,0.016772,-0.11
9224,2,1128,0.012237,-0.05
9224,2,1129,-0.010463,0.06
9224,2,1130,-0.031995,-0.07
9224,2,1131,-0.007624,0.0
9224,2,1132,0.007886,0.13
9224,2,1133,-0.004204,-0.1
9224,2,1134,0.005889,-0.02
9224,2,1135,0.007266,0.04
9224,2,1136,0.013604,0.04
9224,2,1137,-0.013421,0.15
9224,2,1138,0.000838,-0.09
9224,2,1139,-0.000896,0.13
9224,2,1140,0.008341,0.04
9224,2,1141,-0.012867,-0.16
9224,2,1142,0.007881,0.02
9224,2,1143,0.013813,0.12
9224,2,1144,0.006918,-0.03
9224,2,1145,-0.000919,-0.03
9224,2,1146,-0.008942,-0.14
9224,2,1147,-0.02709,-0.18
9224,2,1148,0.000534,0.01
9224,2,1149,-0.003448,0.09
9224,2,1150,0.005238,0.07
9224,2,1151,-0.022014,-0.08
9224,2,1152,-0.00841,-0.06
9224,2,1153,-0.015463,-0.1
9224,2,1154,0.03713,0.14
9224,2,1155,-0.008996,-0.11
9224,2,1156,0.005127,0.07
9224,2,1157,-0.020783,-0.12
9224,2,1158,-0.008959,-0.1
9224,2,1159,0.04241,0.14
9224,2,1160,-0.024287,-0.1
9224,2,1161,0.023944,-0.04
9224,2,1162,0.015321,0.22
9224,2,1163,0.002304,-0.05
9224,2,1164,-0.008766,0.0
9224,2,1165,-0.01146,0.05
9224,2,1166,-0.00795,-0.09
9224,2,1167,0.005687,-0.02
9224,2,1168,0.035896,0.12
9224,2,1169,-0.001934,0.03
9224,2,1170,0.001302,0.01
9224,2,1171,0.000796,-0.11
9224,2,1172,0.001562,0.07
9224,2,1173,-0.0051,0.01
9224,2,1174,-0.008092,-0.09
9224,2,1175,0.004474,0.06
9224,2,1176,-0.020374,-0.06
9224,2,1177,-0.003384,0.04
9224,2,1178,0.0046,0.07
9224,2,1179,0.022691,0.12
9224,2,1180,0.000623,0.03
9224,2,1181,0.018139,0.02
9224,2,1182,-0.001554,-0.02
9224,2,1183,-0.00881,-0.01
9224,2,1184,0.0029,0.03
9224,2,1185,0.006442,0.1
9224,2,1186,0.006495,0.04
9224,2,1187,-0.001052,-0.05
9224,2,1188,-0.003889,-0.01
9224,2,1189,-0.003846,-0.08
9224,2,1190,0.017141,0.01
9224,2,1191,0.003236,0.11
9224,2,1192,-0.004534,-0.01
9224,2,1193,0.007652,0.05
9224,2,1194,-0.018114,-0.06
9224,2,1195,0.003669,-0.08
9224,2,1196,-0.006725,-0.02
9224,2,1197,0.011021,0.01
9224,2,1198,-0.000385,0.12
9224,2,1199,0.004006,0.02
9224,2,1200,0.010585,-0.09
9224,2,1201,0.00125,0.02
9224,2,1202,0.000898,-0.02
9224,2,1203,-0.009274,-0.05
9224,2,1204,-0.016053,0.03
9224,2,1205,0.002617,0.11
9224,2,1206,-0.01321,-0.07
9224,2,1207,0.006846,0.08
9224,2,1208,0.003963,0.1
9224,2,1209,0.005335,0.05
9224,2,1210,0.001516,-0.02
9224,2,1211,-0.010504,-0.08
9224,2,1212,-0.005788,-0.06
9224,2,1213,-0.000327,0.06
9224,2,1214,0.019496,0.08
9224,2,1215,-0.030889,-0.12
9224,2,1216,0.000794,0.08
9224,2,1217,-0.002438,0.09
9224,2,1218,-0.016894,-0.01
9224,2,1219,0.00328,0.13
9224,2,1220,0.015046,0.04
9224,2,1221,8.1e-05,-0.02
9224,2,1222,-0.006771,-0.02
9224,2,1223,-0.009712,-0.07
9224,2,1224,0.003752,0.06
9224,2,1225,-0.018543,-0.06
9224,2,1226,5.3e-05,0.03
9224,2,1227,-0.002815,-0.09
9224,2,1228,0.005843,0.02
9224,2,1229,-0.029365,-0.05
9224,2,1230,-0.003717,-0.08
9224,2,1231,0.001267,0.0
9224,2,1232,0.003836,0.02
9224,2,1233,-0.018204,-0.02
9224,2,1234,0.001094,0.0
9224,2,1235,-0.008385,-0.04
9224,2,1236,0.01708,-0.04
9224,2,1237,-0.022776,-0.06
9224,2,1238,0.00699,-0.02
9224,2,1239,-0.01109,0.13
9224,2,1240,-0.009028,-0.06
9224,2,1241,-0.010901,-0.03
9224,2,1242,0.025064,0.1
9224,2,1243,0.012013,0.1
9224,2,1244,0.000286,0.04
9224,2,1245,-0.000539,-0.02
9224,2,1246,0.013492,0.05
9224,2,1247,0.004064,0.02
9224,2,1248,-0.023124,-0.13
9224,2,1249,0.004168,0.1
9224,2,1250,-0.018597,-0.07
9224,2,1251,0.023356,0.03
9224,2,1252,0.016672,-0.02
9224,2,1253,-0.013144,-0.08
9224,2,1254,-0.005578,-0.02
9224,2,1255,-0.008966,0.01
9224,2,1256,0.028719,0.06
9224,2,1257,0.003354,0.02
9224,2,1258,-0.017934,-0.14
9224,2,1259,0.023893,0.02
10494,3,0,-0.019625,-0.08
10494,3,1,0.003686,0.0
10494,3,2,0.007983,-0.02
10494,3,3,0.01484,0.02
10494,3,4,-0.013724,0.04
10494,3,5,-0.004093,-0.09
10494,3,6,-0.002035,-0.03
10494,3,7,-0.029922,-0.07
10494,3,8,0.004431,0.02
10494,3,9,0.02051,0.0
10494,3,10,-0.034138,-0.04
10494,3,11,0.006149,0.03
10494,3,12,0.013806,-0.01
10494,3,13,0.002122,0.1
10494,3,14,-0.047136,-0.27
10494,3,15,0.017523,0.01
10494,3,16,-0.047141,-0.07
10494,3,17,0.043342,0.13
10494,3,18,0.040257,0.24
10494,3,19,-0.038237,0.05
10494,3,20,-0.015633,0.02
10494,3,21,-0.001978,-0.05
10494,3,22,0.019656,0.08
10494,3,23,0.003382,-0.03
10494,3,24,-0.088068,-0.24
10494,3,25,0.054175,0.24
10494,3,26,-0.004544,-0.08
10494,3,27,-0.040291,-0.11
10494,3,28,-0.013506,-0.03
10494,3,29,-0.038518,-0.15
10494,3,30,-0.057395,0.02
10494,3,31,-0.011333,0.22
10494,3,32,-0.076167,0.12
10494,3,33,-0.011759,0.05
10494,3,34,-0.09035,-0.04
10494,3,35,0.042507,-0.05
10494,3,36,-0.006213,-0.01
10494,3,37,0.047685,-0.07
10494,3,38,-0.0308,-0.15
10494,3,39,-0.061013,-0.11
10494,3,40,0.012634,-0.02
10494,3,41,-0.034511,0.13
10494,3,42,-0.031764,0.03
10494,3,43,0.10789,0.1
10494,3,44,-0.011079,0.04
10494,3,45,0.025804,0.07
10494,3,46,0.015365,0.01
10494,3,47,-0.002529,-0.05
10494,3,48,0.040826,-0.15
10494,3,49,-0.052677,-0.08
10494,3,50,-0.050264,0.02
10494,3,51,0.028855,0.08
10494,3,52,-0.012653,-0.01
10494,3,53,0.069213,0.09
10494,3,54,-0.041699,-0.12
10494,3,55,-0.02581,-0.04
10494,3,56,0.009838,-0.15
10494,3,57,-0.061156,-0.15
10494,3,58,-0.067123,-0.28
10494,3,59,0.063248,0.1
10494,3,60,0.064723,0.15
10494,3,61,0.006551,-0.24
10494,3,62,0.035328,-0.12
10494,3,63,0.009643,-0.06
10494,3,64,-0.089295,-0.21
10494,3,65,0.039941,-0.04
10494,3,66,0.025836,-0.01
10494,3,67,-0.029308,-0.12
10494,3,68,0.036499,0.12
10494,3,69,0.038387,0.1
10494,3,70,-0.023118,-0.1
10494,3,71,0.011894,0.02
10494,3,72,-0.028524,-0.05
10494,3,73,0.007028,-0.04
10494,3,74,-0.012686,-0.07
10494,3,75,0.05136,-0.16
10494,3,76,-0.009593,-0.17
10494,3,77,-0.021163,-0.12
10494,3,78,0.002937,0.05
10494,3,79,-0.018302,0.03
10494,3,80,-0.009717,0.02
10494,3,81,0.005781,0.02
10494,3,82,0.005356,-0.04
10494,3,83,-0.003873,-0.03
10494,3,84,0.024407,-0.02
10494,3,85,0.014158,0.14
10494,3,86,0.031608,0.21
10494,3,87,-0.004668,0.03
10494,3,88,0.007817,0.02
10494,3,89,-0.03001,0.01
10494,3,90,0.003397,-0.05
10494,3,91,-0.021303,-0.04
10494,3,92,-0.022564,-0.09
10494,3,93,0.001758,-0.01
10494,3,94,-0.03346,-0.09
10494,3,95,0.001329,-0.01
10494,3,96,0.007562,0.13
10494,3,97,-0.052816,0.04
10494,3,98,0.043491,0.16
10494,3,99,-0.015162,0.06
10494,3,100,0.005378,0.03
10494,3,101,0.005553,0.05
10494,3,102,0.010926,-0.11
10494,3,103,0.033558,0.12
10494,3,104,-0.03312,0.16
10494,3,105,-0.022789,0.0
10494,3,106,-0.000533,-0.11
10494,3,107,0.015834,0.13
10494,3,108,-0.007489,0.06
10494,3,109,0.016366,0.0
10494,3,110,0.026896,0.1
10494,3,111,0.001485,0.02
10494,3,112,-0.049121,-0.17
10494,3,113,0.007955,-0.12
10494,3,114,0.001739,-0.03
10494,3,115,-0.009998,0.14
10494,3,116,-0.045559,-0.25
10494,3,117,-0.00095,0.1
10494,3,118,-0.012024,0.11
10494,3,119,-0.011413,-0.07
10494,3,120,-0.034699,0.0
10494,3,121,0.040103,0.02
10494,3,122,-0.010658,0.15
10494,3,123,-0.01578,0.03
10494,3,124,-0.023564,0.04
10494,3,125,-0.04662,-0.11
10494,3,126,-0.006407,0.02
10494,3,127,0.023753,0.08
10494,3,128,-0.042532,-0.18
10494,3,129,0.001216,0.0
10494,3,130,-0.010024,0.06
10494,3,131,0.063663,0.1
10494,3,132,0.002446,-0.04
10494,3,133,0.040729,-0.06
10494,3,134,0.007739,0.0
10494,3,135,-0.003516,0.08
10494,3,136,0.03214,0.05
10494,3,137,0.020858,-0.51
10494,3,138,-0.012979,0.1
10494,3,139,-0.019769,0.04
10494,3,140,0.070758,0.03
10494,3,141,-0.020415,0.0
10494,3,142,0.009626,0.13
10494,3,143,0.02332,-0.05
10494,3,144,-0.020316,0.02
10494,3,145,-0.034819,-0.05
10494,3,146,0.01313,-0.02
10494,3,147,0.016557,-0.03
10494,3,148,0.028727,0.09
10494,3,149,0.009732,0.14
10494,3,150,-0.008332,0.04
10494,3,151,-0.023855,-0.02
10494,3,152,0.011783,-0.07
10494,3,153,0.038053,0.1
10494,3,154,0.002533,-0.08
10494,3,155,-0.020065,-0.08
10494,3,156,0.012549,0.02
10494,3,157,0.015539,0.04
10494,3,158,0.004969,0.12
10494,3,159,-0.04279,-0.1
10494,3,160,0.021252,0.06
10494,3,161,-0.007682,0.04
10494,3,162,0.009922,-0.02
10494,3,163,0.016797,0.07
10494,3,164,-0.010067,-0.08
10494,3,165,-0.00274,0.1
10494,3,166,0.02161,0.07
10494,3,167,-0.00095,0.04
10494,3,168,0.005396,0.05
10494,3,169,0.033868,-0.02
10494,3,170,-0.003792,0.01
10494,3,171,0.017404,-0.02
10494,3,172,-0.013202,0.11
10494,3,173,0.024069,0.0
10494,3,174,-0.021512,-0.12
10494,3,175,-0.000979,0.0
10494,3,176,-0.026895,-0.06
10494,3,177,0.010352,-0.01
10494,3,178,-0.01141,0.04
10494,3,179,0.030389,0.08
10494,3,180,-0.001737,0.03
10494,3,181,-0.005131,-0.06
10494,3,182,-0.016758,0.16
10494,3,183,-0.001497,0.1
10494,3,184,0.026302,0.05
10494,3,185,-0.018971,0.21
10494,3,186,0.015419,-0.04
10494,3,187,0.013575,-0.2
10494,3,188,0.025818,0.24
10494,3,189,0.001983,-0.06
10494,3,190,-0.013739,-0.09
10494,3,191,0.011484,0.16
10494,3,192,-0.002515,0.12
10494,3,193,-0.001011,0.07
10494,3,194,0.003503,-0.05
10494,3,195,-0.00348,0.12
10494,3,196,0.006112,-0.1
10494,3,197,0.001397,-0.07
10494,3,198,-0.023769,-0.05
10494,3,199,-0.01272,-0.09
10494,3,200,-0.001382,0.01
10494,3,201,0.008411,0.18
10494,3,202,0.003114,-0.07
10494,3,203,-0.0306,-0.07
10494,3,204,0.002307,-0.07
10494,3,205,0.006524,0.07
10494,3,206,0.021444,-0.17
10494,3,207,-0.001478,-0.03
10494,3,208,0.009065,-0.01
10494,3,209,-0.008531,0.02
10494,3,210,0.004362,0.02
10494,3,211,-0.029145,-0.04
10494,3,212,0.002566,0.01
10494,3,213,-0.019684,-0.05
10494,3,214,-0.001669,-0.14
10494,3,215,0.003547,0.11
10494,3,216,-0.004022,-0.12
10494,3,217,0.024934,0.06
10494,3,218,0.005316,0.12
10494,3,219,0.02963,0.13
10494,3,220,0.008642,-0.04
10494,3,221,-0.000383,0.08
10494,3,222,0.011432,-0.06
10494,3,223,0.003627,-0.11
10494,3,224,-0.000534,0.08
10494,3,225,0.02329,0.14
10494,3,226,0.003042,-0.02
10494,3,227,0.002982,0.05
10494,3,228,-0.002606,-0.03
10494,3,229,-0.004563,-0.03
10494,3,230,0.011896,-0.02
10494,3,231,0.00074,-0.15
10494,3,232,0.015342,0.14
10494,3,233,0.003012,0.04
10494,3,234,-0.002914,0.1
10494,3,235,-0.005625,-0.01
10494,3,236,0.013439,0.1
10494,3,237,-0.003345,-0.09
10494,3,238,-0.01266,-0.09
10494,3,239,0.011525,0.01
10494,3,240,0.00688,-0.13
10494,3,241,-0.008531,-0.04
10494,3,242,-0.024261,-0.07
10494,3,243,0.010146,0.03
10494,3,244,0.006861,-0.06
10494,3,245,0.010949,-0.03
10494,3,246,0.018623,0.14
10494,3,247,-0.000546,-0.08
10494,3,248,0.002369,-0.03
10494,3,249,0.000117,-0.01
10494,3,250,0.002782,0.03
10494,3,251,-0.001988,-0.01
10494,3,252,-0.008076,-0.06
10494,3,253,-0.022124,-0.02
10494,3,254,-0.003296,-0.09
10494,3,255,0.008535,0.04
10494,3,256,0.013117,0.12
10494,3,257,0.008845,0.02
10494,3,258,0.007782,0.01
10494,3,259,0.010422,-0.12
10494,3,260,-0.00135,-0.02
10494,3,261,0.006339,0.08
10494,3,262,0.003135,0.05
10494,3,263,0.015324,0.01
10494,3,264,-0.00306,-0.06
10494,3,265,0.002637,0.07
10494,3,266,-0.003407,0.0
10494,3,267,0.006575,-0.03
10494,3,268,-0.010068,-0.02
10494,3,269,-0.009511,-0.04
10494,3,270,-0.006091,-0.06
10494,3,271,0.01781,-0.03
10494,3,272,-0.00223,0.0
10494,3,273,-0.003328,0.0
10494,3,274,-0.02576,-0.1
10494,3,275,-0.004506,0.03
10494,3,276,0.014875,0.0
10494,3,277,0.013705,0.03
10494,3,278,0.002712,-0.06
10494,3,279,0.00747,0.06
10494,3,280,0.005641,0.13
10494,3,281,0.017546,0.11
10494,3,282,0.004157,0.04
10494,3,283,-0.008098,-0.06
10494,3,284,0.009405,-0.02
10494,3,285,-0.006239,-0.06
10494,3,286,-0.008854,0.07
10494,3,287,0.010644,0.02
10494,3,288,-0.012178,0.07
10494,3,289,-0.011717,0.08
10494,3,290,-0.003318,-0.1
10494,3,291,-0.019541,-0.05
10494,3,292,0.02252,0.09
10494,3,293,-0.028065,-0.12
10494,3,294,0.006456,0.04
10494,3,295,0.002426,0.05
10494,3,296,0.001043,0.07
10494,3,297,0.019236,0.0
10494,3,298,0.002503,-0.03
10494,3,299,0.022239,-0.02
10494,3,300,-6.4e-05,-0.02
10494,3,301,0.005739,-0.02
10494,3,302,0.014468,-0.1
10494,3,303,0.000919,0.0
10494,3,304,-0.000468,0.03
10494,3,305,-0.013426,-0.01
10494,3,306,-0.003215,0.01
10494,3,307,0.013616,0.01
10494,3,308,-0.000533,-0.05
10494,3,309,0.004504,-0.04
10494,3,310,-0.017233,-0.07
10494,3,311,0.003793,0.0
10494,3,312,0.012075,0.07
10494,3,313,0.000343,0.04
10494,3,314,-0.008402,0.07
10494,3,315,0.005509,0.09
10494,3,316,-0.002468,-0.04
10494,3,317,-0.010252,-0.04
10494,3,318,0.003672,0.05
10494,3,319,0.00584,0.04
10494,3,320,0.003683,0.06
10494,3,321,0.006959,0.01
10494,3,322,-0.005547,0.04
10494,3,323,0.001128,0.01
10494,3,324,-0.011811,-0.11
10494,3,325,0.00583,0.05
10494,3,326,0.010504,0.14
10494,3,327,0.003564,0.07
10494,3,328,0.002299,0.01
10494,3,329,0.005256,0.05
10494,3,330,0.001154,0.03
10494,3,331,-0.001401,-0.03
10494,3,332,0.000195,-0.02
10494,3,333,-0.01005,0.05
10494,3,334,0.016043,0.0
10494,3,335,0.003116,-0.08
10494,3,336,0.000546,0.08
10494,3,337,0.004001,0.0
10494,3,338,0.002882,-0.02
10494,3,339,0.001747,0.02
10494,3,340,-0.009381,-0.11
10494,3,341,0.008326,0.06
10494,3,342,0.002427,-0.04
10494,3,343,-0.010823,-0.06
10494,3,344,0.0125,0.03
10494,3,345,-0.010598,-0.05
10494,3,346,-0.018945,-0.06
10494,3,347,-0.022141,0.0
10494,3,348,0.004598,0.04
10494,3,349,-0.004203,-0.01
10494,3,350,0.00488,0.01
10494,3,351,-0.011818,0.02
10494,3,352,-0.009829,-0.05
10494,3,353,0.014266,0.05
10494,3,354,0.012973,-0.01
10494,3,355,-0.005474,0.06
10494,3,356,-0.031141,-0.11
10494,3,357,0.002897,-0.03
10494,3,358,-0.008863,0.03
10494,3,359,0.01304,0.05
10494,3,360,-0.002233,0.05
10494,3,361,0.00968,0.01
10494,3,362,-0.002745,-0.04
10494,3,363,0.018001,-0.03
10494,3,364,0.004238,0.08
10494,3,365,0.006585,0.05
10494,3,366,0.002187,-0.01
10494,3,367,-0.001046,0.02
10494,3,368,-0.012103,-0.11
10494,3,369,0.00972,0.01
10494,3,370,-0.002081,-0.06
10494,3,371,0.001405,-0.03
10494,3,372,0.010159,0.0
10494,3,373,0.00233,0.01
10494,3,374,0.000429,0.01
10494,3,375,0.003736,-0.02
10494,3,376,0.014007,0.08
10494,3,377,-0.000176,0.03
10494,3,378,0.001713,-0.01
10494,3,379,0.004525,0.02
10494,3,380,0.004042,0.0
10494,3,381,-0.000217,-0.02
10494,3,382,0.000452,0.0
10494,3,383,0.007779,-0.05
10494,3,384,0.005822,-0.01
10494,3,385,-0.000326,0.03
10494,3,386,-0.005087,0.02
10494,3,387,0.005095,-0.03
10494,3,388,0.007171,0.02
10494,3,389,-0.005493,0.15
10494,3,390,-0.001704,0.07
10494,3,391,0.000738,-0.05
10494,3,392,0.005683,0.02
10494,3,393,4.3e-05,0.0
10494,3,394,-0.003273,-0.04
10494,3,395,0.007414,0.05
10494,3,396,0.007928,0.12
10494,3,397,0.001684,-0.03
10494,3,398,-0.005877,-0.09
10494,3,399,0.003374,0.02
10494,3,400,0.006684,-0.01
10494,3,401,0.001767,-0.03
10494,3,402,0.000685,-0.03
10494,3,403,0.01115,0.04
10494,3,404,0.000843,-0.02
10494,3,405,-0.016127,-0.07
10494,3,406,0.004521,0.04
10494,3,407,0.008058,-0.01
10494,3,408,-0.001019,-0.05
10494,3,409,0.002264,0.03
10494,3,410,0.007124,0.04
10494,3,411,-0.004296,-0.01
10494,3,412,-0.023382,-0.12
10494,3,413,0.006463,0.09
10494,3,414,0.012943,-0.04
10494,3,415,-0.016648,-0.07
10494,3,416,0.013121,0.03
10494,3,417,-0.023838,-0.09
10494,3,418,-0.006587,-0.05
10494,3,419,-0.032354,-0.17
10494,3,420,-0.015308,0.04
10494,3,421,0.043974,0.12
10494,3,422,-0.003397,-0.01
10494,3,423,0.01374,0.0
10494,3,424,-0.012145,-0.01
10494,3,425,-0.0188,-0.11
10494,3,426,0.001109,0.03
10494,3,427,-0.014196,-0.09
10494,3,428,-0.00513,-0.02
10494,3,429,-0.038976,-0.11
10494,3,430,0.015024,-0.05
10494,3,431,-0.012908,0.03
10494,3,432,0.000354,-0.05
10494,3,433,-0.005661,0.03
10494,3,434,0.032876,0.13
10494,3,435,-0.012375,-0.03
10494,3,436,-0.017165,-0.02
10494,3,437,0.025843,0.06
10494,3,438,0.004051,0.04
10494,3,439,-0.034411,-0.19
10494,3,440,-0.013532,-0.03
10494,3,441,0.010976,0.01
10494,3,442,-0.005942,0.02
10494,3,443,0.029507,0.13
10494,3,444,0.00438,-0.09
10494,3,445,-0.001805,0.04
10494,3,446,0.023494,0.04
10494,3,447,-0.000556,-0.05
10494,3,448,0.001283,-0.06
10494,3,449,0.001317,0.03
10494,3,450,-0.003857,0.02
10494,3,451,-0.016071,-0.08
10494,3,452,-0.002985,-0.05
10494,3,453,-0.016803,0.01
10494,3,454,0.002859,-0.02
10494,3,455,-0.002034,-0.07
10494,3,456,-0.031017,-0.08
10494,3,457,-0.010113,0.0
10494,3,458,-0.00324,-0.01
10494,3,459,-0.004662,0.04
10494,3,460,0.005359,-0.05
10494,3,461,0.031331,0.05
10494,3,462,0.009413,0.04
10494,3,463,0.007204,0.03
10494,3,464,0.000733,0.01
10494,3,465,0.015379,0.07
10494,3,466,-0.000155,-0.08
10494,3,467,0.001196,-0.07
10494,3,468,-0.028819,-0.04
10494,3,469,0.005982,0.03
10494,3,470,0.011417,-0.01
10494,3,471,-0.01282,-0.08
10494,3,472,0.022513,0.06
10494,3,473,0.00822,0.06
10494,3,474,0.0112,0.01
10494,3,475,-0.001049,0.05
10494,3,476,-0.006922,-0.05
10494,3,477,-0.004159,0.0
10494,3,478,6.4e-05,-0.09
10494,3,479,0.022023,0.05
10494,3,480,-0.004796,-0.05
10494,3,481,0.006051,0.04
10494,3,482,-0.001269,-0.04
10494,3,483,-0.003704,-0.08
10494,3,484,0.005483,0.0
10494,3,485,-0.005967,-0.07
10494,3,486,-0.028179,-0.07
10494,3,487,-0.005379,0.02
10494,3,488,-0.004024,-0.06
10494,3,489,0.00012,-0.1
10494,3,490,0.012192,0.06
10494,3,491,0.001483,0.0
10494,3,492,-0.016935,-0.06
10494,3,493,-0.003663,0.04
10494,3,494,-0.00404,-0.02
10494,3,495,-0.014512,-0.1
10494,3,496,0.003289,0.04
10494,3,497,-0.007685,-0.04
10494,3,498,0.016587,0.16
10494,3,499,-0.014719,-0.12
10494,3,500,0.000391,-0.07
10494,3,501,0.029505,0.11
10494,3,502,0.009081,0.05
10494,3,503,0.013219,0.09
10494,3,504,-0.011471,-0.11
10494,3,505,0.006439,0.05
10494,3,506,0.004832,0.11
10494,3,507,0.004863,0.04
10494,3,508,0.011131,-0.07
10494,3,509,-0.000713,-0.06
10494,3,510,0.003541,0.06
10494,3,511,-0.000364,0.03
10494,3,512,0.000827,-0.02
10494,3,513,0.01521,-0.03
10494,3,514,-0.002564,-0.11
10494,3,515,-0.004825,-0.05
10494,3,516,-0.008331,0.0
10494,3,517,0.021194,0.06
10494,3,518,-0.005667,-0.08
10494,3,519,0.00485,-0.06
10494,3,520,-0.002588,0.04
10494,3,521,-0.003084,0.01
10494,3,522,0.004416,0.01
10494,3,523,-0.008035,-0.04
10494,3,524,0.020861,0.0
10494,3,525,-0.000672,-0.09
10494,3,526,-0.001647,0.0
10494,3,527,0.006122,0.0
10494,3,528,0.007121,0.02
10494,3,529,-0.003641,0.06
10494,3,530,0.002028,0.07
10494,3,531,0.007244,-0.07
10494,3,532,-0.015877,-0.02
10494,3,533,0.010524,0.01
10494,3,534,0.001774,0.06
10494,3,535,0.002389,0.02
10494,3,536,0.002147,0.0
10494,3,537,1.7e-05,0.08
10494,3,538,-0.002691,0.08
10494,3,539,0.001125,-0.06
10494,3,540,-0.000439,-0.06
10494,3,541,0.000947,0.03
10494,3,542,0.007759,-0.03
10494,3,543,0.003678,0.04
10494,3,544,0.019283,-0.14
10494,3,545,0.003923,0.05
10494,3,546,-0.002121,0.02
10494,3,547,-0.008052,0.12
10494,3,548,0.004376,-0.07
10494,3,549,-0.001217,0.16
10494,3,550,-0.016205,-0.07
10494,3,551,0.000212,0.04
10494,3,552,0.015357,0.01
10494,3,553,0.00254,-0.02
10494,3,554,-0.001575,-0.08
10494,3,555,-0.014284,-0.03
10494,3,556,0.014923,0.16
10494,3,557,-0.007469,-0.06
10494,3,558,-0.001379,-0.03
10494,3,559,-0.00607,-0.03
10494,3,560,0.021617,0.16
10494,3,561,0.012818,0.04
10494,3,562,0.002603,0.02
10494,3,563,-0.001298,-0.08
10494,3,564,0.000515,0.2
10494,3,565,0.003702,0.11
10494,3,566,0.003843,-0.03
10494,3,567,0.006002,0.09
10494,3,568,4.8e-05,-0.03
10494,3,569,0.000911,0.2
10494,3,570,-0.005122,0.04
10494,3,571,0.006185,-0.06
10494,3,572,0.000837,-0.14
10494,3,573,0.002548,0.03
10494,3,574,0.00603,-0.01
10494,3,575,0.00338,0.01
10494,3,576,-0.001644,0.05
10494,3,577,0.000613,-0.05
10494,3,578,0.000771,0.14
10494,3,579,0.001009,-0.15
10494,3,580,-0.001508,0.03
10494,3,581,-0.000191,-0.08
10494,3,582,0.011315,0.06
10494,3,583,-0.001313,0.0
10494,3,584,0.005007,0.14
10494,3,585,-0.002123,-0.06
10494,3,586,-0.001845,-0.1
10494,3,587,-0.001376,-0.02
10494,3,588,0.003725,0.05
10494,3,589,0.009008,0.03
10494,3,590,-0.001711,-0.06
10494,3,591,0.007385,0.01
10494,3,592,0.001376,0.04
10494,3,593,-0.010116,-0.02
10494,3,594,-0.001295,0.1
10494,3,595,0.002414,-0.03
10494,3,596,0.005836,-0.01
10494,3,597,0.000263,-0.08
10494,3,598,0.004221,0.1
10494,3,599,0.002244,-0.03
10494,3,600,-0.017852,-0.06
10494,3,601,0.007663,0.06
10494,3,602,0.016694,0.06
10494,3,603,-0.002723,0.04
10494,3,604,0.002354,0.06
10494,3,605,0.002884,0.1
10494,3,606,0.00624,0.0
10494,3,607,0.004185,0.07
10494,3,608,-0.002786,-0.1
10494,3,609,0.00075,0.05
10494,3,610,0.005507,-0.06
10494,3,611,0.002385,-0.02
10494,3,612,-0.003235,-0.01
10494,3,613,0.006257,0.01
10494,3,614,0.003076,-0.04
10494,3,615,0.001925,0.01
10494,3,616,-0.020529,-0.13
10494,3,617,-0.006112,0.03
10494,3,618,-0.000994,-0.03
10494,3,619,0.01055,-0.04
10494,3,620,0.005561,0.0
10494,3,621,-0.01574,-0.01
10494,3,622,0.001615,0.05
10494,3,623,0.017219,0.12
10494,3,624,-0.007378,-0.09
10494,3,625,-0.008341,0.02
10494,3,626,0.008923,0.05
10494,3,627,-0.001362,-0.08
10494,3,628,-0.018871,-0.11
10494,3,629,0.00708,0.03
10494,3,630,-0.006049,-0.04
10494,3,631,-0.0112,-0.03
10494,3,632,-0.019495,-0.11
10494,3,633,0.013398,0.03
10494,3,634,0.00431,0.03
10494,3,635,0.014986,0.06
10494,3,636,-0.003551,0.0
10494,3,637,0.002914,0.02
10494,3,638,0.009341,0.06
10494,3,639,0.003161,0.04
10494,3,640,-0.002748,0.01
10494,3,641,0.00706,0.03
10494,3,642,0.006685,-0.03
10494,3,643,-0.001829,0.0
10494,3,644,0.004963,-0.01
10494,3,645,0.000345,-0.01
10494,3,646,-0.00018,0.05
10494,3,647,0.002184,0.06
10494,3,648,-0.00152,0.02
10494,3,649,-0.004004,0.01
10494,3,650,-0.002793,0.0
10494,3,651,-0.007777,-0.07
10494,3,652,0.00019,-0.03
10494,3,653,8.4e-05,0.02
10494,3,654,0.003925,-0.08
10494,3,655,-0.011018,-0.03
10494,3,656,0.005731,-0.01
10494,3,657,0.013515,0.04
10494,3,658,0.005277,-0.01
10494,3,659,-0.001593,-0.03
10494,3,660,0.00898,-0.05
10494,3,661,0.00625,0.05
10494,3,662,0.003555,-0.05
10494,3,663,0.002301,-0.02
10494,3,664,-0.001753,-0.01
10494,3,665,-0.003379,-0.03
10494,3,666,-0.006855,-0.03
10494,3,667,-0.00907,-0.07
10494,3,668,0.00382,0.01
10494,3,669,0.004544,-0.02
10494,3,670,0.008074,0.06
10494,3,671,-0.011111,-0.04
10494,3,672,0.004895,0.03
10494,3,673,-0.008067,-0.04
10494,3,674,-0.006204,-0.03
10494,3,675,-0.000369,-0.03
10494,3,676,0.008804,0.06
10494,3,677,0.002178,-0.01
10494,3,678,-0.007688,-0.02
10494,3,679,-0.011926,-0.02
10494,3,680,-0.000827,-0.01
10494,3,681,0.003183,0.01
10494,3,682,0.003953,-0.06
10494,3,683,0.004081,0.0
10494,3,684,0.010593,-0.02
10494,3,685,-0.022785,-0.09
10494,3,686,-0.001225,0.08
10494,3,687,-0.009734,-0.05
10494,3,688,-0.01076,0.02
10494,3,689,-0.000956,0.0
10494,3,690,-0.004187,-0.03
10494,3,691,0.007378,0.03
10494,3,692,-0.01398,-0.02
10494,3,693,0.000669,0.01
10494,3,694,0.012612,0.11
10494,3,695,-0.017432,-0.13
10494,3,696,0.001754,-0.05
10494,3,697,0.003045,0.01
10494,3,698,0.005395,0.03
10494,3,699,0.013423,0.02
10494,3,700,-0.006468,0.02
10494,3,701,-0.002828,-0.08
10494,3,702,-0.011726,-0.05
10494,3,703,0.009184,0.07
10494,3,704,0.012944,0.1
10494,3,705,0.008283,0.09
10494,3,706,0.010119,0.04
10494,3,707,0.01441,0.04
10494,3,708,-0.001336,-0.06
10494,3,709,0.001002,-0.04
10494,3,710,0.010454,0.05
10494,3,711,-0.006961,-0.14
10494,3,712,-0.01809,-0.09
10494,3,713,-0.004434,-0.02
10494,3,714,0.003106,0.0
10494,3,715,-0.006716,0.06
10494,3,716,0.005554,-0.04
10494,3,717,-0.00813,0.0
10494,3,718,0.016309,-0.03
10494,3,719,-0.000671,0.05
10494,3,720,0.013546,0.07
10494,3,721,0.000908,-0.04
10494,3,722,-0.005643,0.04
10494,3,723,-0.004105,-0.04
10494,3,724,-0.020309,0.02
10494,3,725,-0.003234,-0.03
10494,3,726,-0.006451,-0.16
10494,3,727,-0.004132,-0.05
10494,3,728,-0.025557,-0.11
10494,3,729,0.005016,-0.02
10494,3,730,-0.04782,-0.17
10494,3,731,-0.000575,0.11
10494,3,732,-0.066634,-0.18
10494,3,733,0.047407,-0.2
10494,3,734,-0.044152,-0.03
10494,3,735,0.04629,0.17
10494,3,736,0.005262,-0.1
10494,3,737,0.021785,0.05
10494,3,738,-0.009739,-0.06
10494,3,739,0.000947,-0.06
10494,3,740,-0.044594,-0.09
10494,3,741,-0.015009,-0.01
10494,3,742,0.000258,0.03
10494,3,743,0.034285,0.05
10494,3,744,0.01312,0.14
10494,3,745,-0.015566,-0.06
10494,3,746,0.015122,-0.04
10494,3,747,0.02828,0.09
10494,3,748,0.002347,-0.09
10494,3,749,0.004922,0.04
10494,3,750,-0.011871,-0.08
10494,3,751,-0.025282,-0.13
10494,3,752,-0.007436,-0.04
10494,3,753,0.028646,0.07
10494,3,754,-0.010612,-0.05
10494,3,755,-0.026705,-0.07
10494,3,756,0.006966,0.01
10494,3,757,0.00912,0.06
10494,3,758,0.01348,0.03
10494,3,759,0.017187,0.06
10494,3,760,0.005707,-0.01
10494,3,761,-0.009803,-0.11
10494,3,762,-0.001661,-0.02
10494,3,763,-0.02939,-0.07
10494,3,764,-0.031883,-0.16
10494,3,765,0.006082,0.12
10494,3,766,0.023336,0.07
10494,3,767,0.010688,0.09
10494,3,768,-0.020691,0.03
10494,3,769,0.008114,-0.04
10494,3,770,-0.024974,-0.07
10494,3,771,-0.028451,-0.12
10494,3,772,0.022488,0.01
10494,3,773,0.017866,0.11
10494,3,774,0.018304,0.09
10494,3,775,-0.008163,0.09
10494,3,776,0.009795,0.06
10494,3,777,-0.002974,-0.05
10494,3,778,0.01738,0.07
10494,3,779,-0.01937,-0.08
10494,3,780,0.020419,0.01
10494,3,781,-0.012649,-0.01
10494,3,782,0.004554,0.02
10494,3,783,0.018809,0.03
10494,3,784,0.012873,0.02
10494,3,785,-0.020045,-0.11
10494,3,786,0.010537,0.09
10494,3,787,0.034291,0.19
10494,3,788,0.000389,-0.08
10494,3,789,-0.024738,-0.17
10494,3,790,-0.027942,-0.16
10494,3,791,0.016105,0.02
10494,3,792,0.018782,0.06
10494,3,793,-0.00628,-0.03
10494,3,794,0.006296,-0.02
10494,3,795,0.011736,0.06
10494,3,796,-0.036695,-0.1
10494,3,797,0.008624,0.04
10494,3,798,0.004817,0.02
10494,3,799,-0.016616,-0.05
10494,3,800,-0.0168,-0.05
10494,3,801,-0.000395,0.05
10494,3,802,-0.018648,-0.04
10494,3,803,-0.004141,-0.03
10494,3,804,-0.022095,-0.05
10494,3,805,-0.002686,0.08
10494,3,806,0.02924,0.0
10494,3,807,0.002214,0.03
10494,3,808,0.043315,0.08
10494,3,809,-0.001909,0.03
10494,3,810,-0.000241,-0.06
10494,3,811,0.010287,-0.01
10494,3,812,0.001106,0.04
10494,3,813,0.002018,-0.06
10494,3,814,-0.021142,-0.03
10494,3,815,0.016883,0.08
10494,3,816,-0.014914,-0.04
10494,3,817,-0.008686,-0.07
10494,3,818,-0.011348,-0.04
10494,3,819,0.003243,0.0
10494,3,820,0.003216,-0.06
10494,3,821,-0.011733,-0.04
10494,3,822,0.029825,0.12
10494,3,823,0.00195,0.04
10494,3,824,0.008266,-0.01
10494,3,825,0.009035,0.06
10494,3,826,7.9e-05,-0.01
10494,3,827,-0.012478,-0.09
10494,3,828,0.010707,-0.02
10494,3,829,-0.004291,-0.02
10494,3,830,0.015474,0.08
10494,3,831,0.000188,0.03
10494,3,832,0.002944,0.02
10494,3,833,-0.002537,-0.04
10494,3,834,0.002262,0.0
10494,3,835,0.008886,0.02
10494,3,836,0.00031,-0.07
10494,3,837,0.002337,0.01
10494,3,838,-0.004948,-0.05
10494,3,839,0.003553,-0.02
10494,3,840,0.011108,0.05
10494,3,841,0.004939,0.09
10494,3,842,0.000669,0.04
10494,3,843,0.000471,0.04
10494,3,844,-0.001026,-0.01
10494,3,845,0.008679,-0.07
10494,3,846,-0.005754,-0.05
10494,3,847,-0.001593,-0.03
10494,3,848,-0.002522,-0.06
10494,3,849,-0.000457,-0.04
10494,3,850,0.0089,0.04
10494,3,851,0.001095,-0.01
10494,3,852,0.014605,0.11
10494,3,853,-0.000424,-0.04
10494,3,854,0.002023,0.07
10494,3,855,0.00216,0.01
10494,3,856,0.001474,0.03
10494,3,857,-0.006886,-0.08
10494,3,858,0.0068,0.03
10494,3,859,-0.00094,-0.07
10494,3,860,-0.005383,0.01
10494,3,861,0.011026,0.06
10494,3,862,0.002349,0.02
10494,3,863,0.00072,0.04
10494,3,864,-0.00334,-0.04
10494,3,865,0.004272,-0.02
10494,3,866,0.001672,-0.01
10494,3,867,0.001355,-0.06
10494,3,868,0.003356,0.02
10494,3,869,-0.004737,0.04
10494,3,870,0.006158,0.05
10494,3,871,-0.003246,-0.04
10494,3,872,-0.00387,0.01
10494,3,873,-0.01537,-0.04
10494,3,874,0.006901,0.02
10494,3,875,0.009818,0.05
10494,3,876,0.003631,0.01
10494,3,877,0.00016,0.0
10494,3,878,0.018132,0.1
10494,3,879,-0.001196,0.15
10494,3,880,0.005967,0.0
10494,3,881,0.001119,0.02
10494,3,882,0.003974,0.08
10494,3,883,-0.003001,-0.01
10494,3,884,-0.001871,-0.07
10494,3,885,-0.007207,-0.02
10494,3,886,0.003109,-0.04
10494,3,887,0.013886,0.01
10494,3,888,-0.002817,-0.06
10494,3,889,-0.004942,0.01
10494,3,890,-0.001608,-0.03
10494,3,891,0.003698,0.05
10494,3,892,0.007505,-0.01
10494,3,893,-0.003989,0.08
10494,3,894,-0.010202,-0.05
10494,3,895,-0.000629,-0.06
10494,3,896,-0.011358,-0.13
10494,3,897,-0.017081,-0.05
10494,3,898,0.007449,0.04
10494,3,899,0.013779,0.03
10494,3,900,-0.012475,-0.06
10494,3,901,-0.000504,-0.02
10494,3,902,0.015487,0.03
10494,3,903,-0.004055,-0.03
10494,3,904,-0.005934,-0.02
10494,3,905,0.001169,0.01
10494,3,906,-0.008408,-0.03
10494,3,907,0.00368,0.04
10494,3,908,0.013645,0.01
10494,3,909,0.00668,-0.03
10494,3,910,0.002414,-0.02
10494,3,911,-0.003884,-0.01
10494,3,912,0.005658,0.03
10494,3,913,-0.002497,-0.02
10494,3,914,-0.007659,0.0
10494,3,915,-0.016147,-0.05
10494,3,916,0.000351,0.01
10494,3,917,-0.004279,-0.04
10494,3,918,-0.006702,-0.01
10494,3,919,0.002517,0.02
10494,3,920,-0.003387,-0.05
10494,3,921,-0.011113,-0.06
10494,3,922,-0.005746,-0.02
10494,3,923,-0.004404,0.0
10494,3,924,-0.015051,-0.06
10494,3,925,-0.007388,0.01
10494,3,926,0.016036,0.04
10494,3,927,0.000486,0.04
10494,3,928,0.001694,-0.06
10494,3,929,0.00138,0.04
10494,3,930,-0.002166,-0.02
10494,3,931,0.011079,-0.01
10494,3,932,-0.014335,-0.11
10494,3,933,-0.002277,-0.04
10494,3,934,-0.024643,-0.12
10494,3,935,0.00011,0.06
10494,3,936,0.005727,0.04
10494,3,937,0.023049,0.09
10494,3,938,-0.000106,0.0
10494,3,939,0.008114,-0.01
10494,3,940,-0.01262,-0.05
10494,3,941,0.011651,0.07
10494,3,942,-0.007023,-0.06
10494,3,943,0.010815,0.03
10494,3,944,0.010338,-0.04
10494,3,945,0.001445,-0.01
10494,3,946,0.009816,0.05
10494,3,947,-0.001686,0.01
10494,3,948,-0.022262,-0.02
10494,3,949,0.007175,0.06
10494,3,950,-0.015955,-0.06
10494,3,951,0.004773,0.03
10494,3,952,0.008985,-0.01
10494,3,953,-0.00211,-0.05
10494,3,954,0.02492,0.07
10494,3,955,0.002459,-0.06
10494,3,956,0.006232,0.04
10494,3,957,-0.004687,-0.03
10494,3,958,-0.009433,-0.05
10494,3,959,-0.001639,-0.04
10494,3,960,-0.008126,0.0
10494,3,961,-1.5e-05,0.01
10494,3,962,-0.004987,-0.04
10494,3,963,0.016497,0.02
10494,3,964,-0.002314,-0.02
10494,3,965,0.00741,0.03
10494,3,966,0.006681,-0.01
10494,3,967,0.002717,0.02
10494,3,968,-0.010062,-0.05
10494,3,969,-0.008909,-0.02
10494,3,970,-0.009041,-0.03
10494,3,971,-0.000314,-0.01
10494,3,972,0.016541,0.02
10494,3,973,0.019081,0.13
10494,3,974,-0.000483,-0.05
10494,3,975,-0.004317,-0.02
10494,3,976,-0.0029,0.05
10494,3,977,-0.007504,-0.05
10494,3,978,0.01904,0.09
10494,3,979,0.002329,-0.01
10494,3,980,0.005107,0.07
10494,3,981,0.000621,0.02
10494,3,982,0.000414,0.01
10494,3,983,0.002188,-0.04
10494,3,984,-0.001252,0.0
10494,3,985,-0.000128,0.08
10494,3,986,0.00114,0.07
10494,3,987,0.007101,0.03
10494,3,988,0.001872,-0.02
10494,3,989,-2.1e-05,0.01
10494,3,990,-0.003498,-0.02
10494,3,991,0.000226,-0.09
10494,3,992,-0.008072,-0.03
10494,3,993,0.006455,0.0
10494,3,994,-0.000489,-0.03
10494,3,995,-0.000808,-0.01
10494,3,996,0.000844,0.02
10494,3,997,-0.007806,-0.03
10494,3,998,0.005073,-0.06
10494,3,999,-0.001166,0.02
10494,3,1000,-0.001068,0.01
10494,3,1001,0.020436,0.08
10494,3,1002,0.00405,-0.01
10494,3,1003,-0.006148,0.01
10494,3,1004,0.003135,0.02
10494,3,1005,0.002093,0.07
10494,3,1006,0.01631,-0.02
10494,3,1007,0.003959,0.13
10494,3,1008,-0.003125,-0.03
10494,3,1009,-0.00128,-0.03
10494,3,1010,0.001185,-0.03
10494,3,1011,-0.000541,0.01
10494,3,1012,-7.5e-05,-0.03
10494,3,1013,-0.002233,-0.03
10494,3,1014,-0.010502,-0.04
10494,3,1015,-0.005737,-0.06
10494,3,1016,0.009649,0.02
10494,3,1017,-0.004478,-0.01
10494,3,1018,0.002652,-0.01
10494,3,1019,0.000872,0.0
10494,3,1020,0.003624,0.0
10494,3,1021,0.007174,0.06
10494,3,1022,-0.000322,0.05
10494,3,1023,-0.006188,-0.02
10494,3,1024,0.000195,-0.02
10494,3,1025,-0.002966,-0.01
10494,3,1026,0.008078,0.01
10494,3,1027,0.01027,0.05
10494,3,1028,0.004117,0.08
10494,3,1029,-0.002444,0.03
10494,3,1030,-0.016571,-0.07
10494,3,1031,0.00044,0.04
10494,3,1032,-0.014444,-0.04
10494,3,1033,-0.003085,0.01
10494,3,1034,0.002996,0.06
10494,3,1035,-0.000729,-0.08
10494,3,1036,0.000156,-0.06
10494,3,1037,0.010927,0.03
10494,3,1038,-0.009379,0.0
10494,3,1039,0.002164,-0.03
10494,3,1040,0.007853,0.06
10494,3,1041,-0.023705,-0.1
10494,3,1042,-0.012205,-0.06
10494,3,1043,0.001699,-0.01
10494,3,1044,-0.013852,0.0
10494,3,1045,-0.001594,-0.01
10494,3,1046,0.00484,0.0
10494,3,1047,0.019862,0.03
10494,3,1048,0.000663,0.05
10494,3,1049,0.00232,0.03
10494,3,1050,0.013026,0.01
10494,3,1051,-0.00203,-0.04
10494,3,1052,-0.005227,-0.02
10494,3,1053,0.007856,-0.01
10494,3,1054,0.00427,-0.01
10494,3,1055,0.000162,0.0
10494,3,1056,-0.004745,0.01
10494,3,1057,-0.00171,-0.01
10494,3,1058,0.001585,-0.02
10494,3,1059,0.003307,-0.01
10494,3,1060,0.002921,0.05
10494,3,1061,0.000338,-0.01
10494,3,1062,0.006549,0.03
10494,3,1063,0.000448,0.06
10494,3,1064,-0.006321,0.02
10494,3,1065,-0.004135,-0.02
10494,3,1066,0.011871,0.06
10494,3,1067,0.011487,0.06
10494,3,1068,-0.007589,-0.02
10494,3,1069,0.005488,-0.01
10494,3,1070,-0.009379,-0.04
10494,3,1071,-0.00244,0.02
10494,3,1072,-0.004787,-0.02
10494,3,1073,-0.001218,-0.03
10494,3,1074,-0.01105,-0.01
10494,3,1075,0.016942,0.05
10494,3,1076,0.025403,0.08
10494,3,1077,-0.002086,0.06
10494,3,1078,0.004865,0.01
10494,3,1079,-0.003123,-0.01
10494,3,1080,-0.003242,-0.03
10494,3,1081,0.002656,-0.01
10494,3,1082,0.007597,0.03
10494,3,1083,-4.8e-05,-0.02
10494,3,1084,-0.000931,0.0
10494,3,1085,0.001129,-0.03
10494,3,1086,0.000197,-0.02
10494,3,1087,0.005643,0.05
10494,3,1088,0.003403,-0.02
10494,3,1089,0.004428,-0.01
10494,3,1090,0.001507,0.0
10494,3,1091,7e-06,0.02
10494,3,1092,0.005445,0.1
10494,3,1093,-0.00185,0.02
10494,3,1094,0.005106,0.03
10494,3,1095,-0.0039,0.0
10494,3,1096,-0.002563,-0.01
10494,3,1097,0.010053,0.02
10494,3,1098,-0.011539,-0.04
10494,3,1099,0.010416,0.04
10494,3,1100,0.000549,-0.04
10494,3,1101,-0.001805,-0.01
10494,3,1102,0.005658,0.0
10494,3,1103,-0.000606,0.0
10494,3,1104,0.001595,0.03
10494,3,1105,0.000592,0.03
10494,3,1106,0.000691,-0.05
10494,3,1107,-0.001045,0.01
10494,3,1108,0.007337,0.02
10494,3,1109,-0.012404,-0.01
10494,3,1110,-0.006303,-0.03
10494,3,1111,0.008773,-0.02
10494,3,1112,-0.01831,-0.09
10494,3,1113,0.006109,0.0
10494,3,1114,0.012726,0.03
10494,3,1115,-0.000864,-0.02
10494,3,1116,0.002324,-0.03
10494,3,1117,0.004611,0.02
10494,3,1118,0.009566,0.02
10494,3,1119,0.001085,0.05
10494,3,1120,0.001816,0.05
10494,3,1121,0.004481,0.06
10494,3,1122,0.003249,0.01
10494,3,1123,-0.002403,-0.04
10494,3,1124,0.001314,0.01
10494,3,1125,0.005603,0.0
10494,3,1126,-0.001618,-0.03
10494,3,1127,-0.00551,-0.05
10494,3,1128,-0.002423,-0.04
10494,3,1129,0.006697,0.04
10494,3,1130,-0.008282,-0.01
10494,3,1131,0.007174,-0.02
10494,3,1132,-0.00334,0.0
10494,3,1133,0.007785,-0.01
10494,3,1134,-0.000588,-0.05
10494,3,1135,0.004057,0.0
10494,3,1136,-0.004474,-0.01
10494,3,1137,0.005172,0.02
10494,3,1138,-0.010546,-0.05
10494,3,1139,0.004048,-0.05
10494,3,1140,-0.004295,-0.06
10494,3,1141,0.006303,0.04
10494,3,1142,0.003544,0.02
10494,3,1143,0.012189,0.06
10494,3,1144,0.003552,-0.02
10494,3,1145,-0.002837,-0.07
10494,3,1146,-0.022966,-0.03
10494,3,1147,0.014307,0.03
10494,3,1148,-0.014328,-0.02
10494,3,1149,-0.006701,-0.01
10494,3,1150,0.008848,0.01
10494,3,1151,0.004662,-0.01
10494,3,1152,0.010419,0.02
10494,3,1153,6e-06,-0.01
10494,3,1154,0.004035,0.01
10494,3,1155,-0.001842,-0.04
10494,3,1156,0.007186,0.0
10494,3,1157,0.002485,0.0
10494,3,1158,-0.009308,-0.04
10494,3,1159,0.009408,0.0
10494,3,1160,0.010535,0.12
10494,3,1161,0.001908,0.02
10494,3,1162,0.00523,0.02
10494,3,1163,0.004139,-0.01
10494,3,1164,-0.003687,0.0
10494,3,1165,0.004322,0.09
10494,3,1166,4.3e-05,0.02
10494,3,1167,0.010142,0.04
10494,3,1168,0.005114,-0.02
10494,3,1169,-0.00501,-0.07
10494,3,1170,0.0103,0.08
10494,3,1171,-0.000708,0.02
10494,3,1172,0.001722,-0.03
10494,3,1173,-0.008274,0.09
10494,3,1174,-0.002924,-0.01
10494,3,1175,-0.000551,-0.01
10494,3,1176,0.006341,0.14
10494,3,1177,-0.007048,-0.02
10494,3,1178,0.00367,0.0
10494,3,1179,-0.014307,0.03
10494,3,1180,0.005936,-0.03
10494,3,1181,-0.005511,0.01
10494,3,1182,-0.01378,-0.04
10494,3,1183,0.00849,-0.02
10494,3,1184,0.012832,0.09
10494,3,1185,-0.000347,0.05
10494,3,1186,-0.010153,-0.02
10494,3,1187,-0.00837,0.05
10494,3,1188,0.014784,-0.06
10494,3,1189,-0.005885,-0.05
10494,3,1190,0.007567,0.05
10494,3,1191,0.007791,0.01
10494,3,1192,-0.013851,0.13
10494,3,1193,-0.02501,0.08
10494,3,1194,0.00267,0.11
10494,3,1195,-0.012145,0.05
10494,3,1196,0.009497,0.03
10494,3,1197,0.00959,-0.05
10494,3,1198,0.0062,-0.06
10494,3,1199,-0.00429,0.03
10494,3,1200,0.005404,-0.02
10494,3,1201,-0.000545,-0.02
10494,3,1202,0.000824,0.04
10494,3,1203,0.010202,0.21
10494,3,1204,0.005252,-0.08
10494,3,1205,0.00723,0.0
10494,3,1206,0.000182,0.05
10494,3,1207,0.013554,-0.1
10494,3,1208,0.003087,0.01
10494,3,1209,0.001375,-0.04
10494,3,1210,-0.003709,-0.02
10494,3,1211,0.002774,-0.03
10494,3,1212,0.005033,0.04
10494,3,1213,0.00161,-0.06
10494,3,1214,0.002033,0.0
10494,3,1215,-0.001852,0.03
10494,3,1216,-0.003811,0.08
10494,3,1217,0.002556,0.0
10494,3,1218,0.000828,-0.03
10494,3,1219,-0.003736,0.03
10494,3,1220,0.000374,0.02
10494,3,1221,-0.000136,-0.03
10494,3,1222,0.012541,0.14
10494,3,1223,0.00164,-0.11
10494,3,1224,-0.00148,0.04
10494,3,1225,-0.005723,0.0
10494,3,1226,-0.003806,-0.06
10494,3,1227,0.003885,-0.03
10494,3,1228,-0.00357,-0.01
10494,3,1229,-0.001153,0.04
10494,3,1230,0.002776,0.1
10494,3,1231,-0.005177,0.0
10494,3,1232,-0.014282,0.06
10494,3,1233,-0.003305,0.07
10494,3,1234,-0.0059,0.04
10494,3,1235,0.003821,-0.06
10494,3,1236,-0.00578,0.05
10494,3,1237,0.008619,0.03
10494,3,1238,0.003947,-0.08
10494,3,1239,-0.00404,-0.03
10494,3,1240,-0.015874,-0.07
10494,3,1241,0.002748,0.06
10494,3,1242,0.001963,-0.03
10494,3,1243,-0.003174,0.03
10494,3,1244,0.004164,0.08
10494,3,1245,0.008117,0.04
10494,3,1246,0.00121,0.08
10494,3,1247,5.4e-05,-0.04
10494,3,1248,0.009993,-0.04
10494,3,1249,0.007346,0.06
10494,3,1250,0.003052,-0.03
10494,3,1251,-0.00338,-0.01
10494,3,1252,0.002715,-0.02
10494,3,1253,0.005693,-0.02
10494,3,1254,0.004218,-0.02
10494,3,1255,0.012178,-0.17
10494,3,1256,-0.001843,0.07
10494,3,1257,-0.007217,-0.01
10494,3,1258,-0.00472,-0.03
10494,3,1259,-0.002597,-0.05
12572,4,0,0.001764,0.09
12572,4,1,-0.003609,0.05
12572,4,2,0.003366,0.01
12572,4,3,-0.00269,-0.07
12572,4,4,0.006565,0.06
12572,4,5,0.008026,0.06
12572,4,6,-0.000735,-0.02
12572,4,7,-0.000866,-0.02
12572,4,8,-0.00601,0.0
12572,4,9,-0.00089,-0.04
12572,4,10,0.000298,0.03
12572,4,11,0.00057,0.0
12572,4,12,0.007265,0.01
12572,4,13,-0.002115,-0.07
12572,4,14,0.000227,-0.02
12572,4,15,0.000693,-0.06
12572,4,16,0.005752,0.06
12572,4,17,0.003566,0.01
12572,4,18,0.005246,0.02
12572,4,19,0.004007,0.04
12572,4,20,0.004992,0.04
12572,4,21,-0.000864,-0.06
12572,4,22,0.001679,-0.03
12572,4,23,0.006048,0.01
12572,4,24,-0.001082,-0.01
12572,4,25,0.000419,-0.04
12572,4,26,0.001493,-0.07
12572,4,27,0.001018,0.05
12572,4,28,-0.002578,0.0
12572,4,29,0.013674,0.1
12572,4,30,-0.00586,0.03
12572,4,31,0.000504,0.0
12572,4,32,-0.003277,0.0
12572,4,33,-0.002913,0.03
12572,4,34,-0.002284,0.05
12572,4,35,0.0008,0.03
12572,4,36,0.003269,-0.02
12572,4,37,0.000367,0.04
12572,4,38,-0.003379,-0.02
12572,4,39,0.008375,-0.09
12572,4,40,-0.001627,0.02
12572,4,41,-0.001314,-0.03
12572,4,42,-0.00201,-0.03
12572,4,43,-0.012408,-0.04
12572,4,44,0.00189,-0.03
12572,4,45,-0.00106,0.01
12572,4,46,-0.000844,-0.01
12572,4,47,-0.00102,-0.02
12572,4,48,0.007251,0.04
12572,4,49,0.001085,-0.03
12572,4,50,0.002935,0.03
12572,4,51,-0.002255,-0.02
12572,4,52,-0.001642,-0.05
12572,4,53,0.00056,0.01
12572,4,54,-0.003055,-0.02
12572,4,55,0.001929,0.0
12572,4,56,-0.000827,0.04
12572,4,57,0.000688,-0.01
12572,4,58,-0.001434,-0.05
12572,4,59,-0.00376,-0.04
12572,4,60,-0.006815,-0.04
12572,4,61,0.008613,0.02
12572,4,62,-0.002903,-0.08
12572,4,63,-0.001716,0.03
12572,4,64,0.007557,0.03
12572,4,65,-0.003035,0.0
12572,4,66,0.01084,0.04
12572,4,67,0.006091,0.07
12572,4,68,-0.000486,-0.03
12572,4,69,0.000553,-0.02
12572,4,70,-0.001913,-0.01
12572,4,71,0.001732,0.04
12572,4,72,0.001189,-0.04
12572,4,73,-0.001271,0.04
12572,4,74,0.000582,0.03
12572,4,75,0.004089,0.0
12572,4,76,3.8e-05,0.03
12572,4,77,-0.001025,0.03
12572,4,78,0.001131,-0.01
12572,4,79,-0.002163,-0.02
12572,4,80,-0.001478,-0.06
12572,4,81,0.004776,0.01
12572,4,82,-0.000687,-0.01
12572,4,83,-0.018178,-0.11
12572,4,84,0.003687,0.01
12572,4,85,0.006767,0.0
12572,4,86,0.00516,0.02
12572,4,87,0.001838,0.04
12572,4,88,0.002489,-0.03
12572,4,89,0.004442,-0.01
12572,4,90,0.000311,0.0
12572,4,91,-0.001205,-0.04
12572,4,92,-0.00046,0.0
12572,4,93,0.007571,0.0
12572,4,94,0.003708,-0.06
12572,4,95,-0.001218,0.03
12572,4,96,-0.002779,-0.04
12572,4,97,0.001568,0.04
12572,4,98,0.000267,0.01
12572,4,99,-0.00083,0.02
12572,4,100,-0.000979,0.0
12572,4,101,0.004511,0.0
12572,4,102,-0.000996,-0.06
12572,4,103,-0.00224,0.01
12572,4,104,0.000284,0.0
12572,4,105,0.008347,0.03
12572,4,106,-0.006697,-0.03
12572,4,107,-0.000583,0.0
12572,4,108,-0.000456,-0.01
12572,4,109,0.001561,0.0
12572,4,110,0.000316,-0.01
12572,4,111,-0.008073,0.07
12572,4,112,0.008808,0.01
12572,4,113,-0.0086,0.05
12572,4,114,0.001533,0.04
12572,4,115,0.002311,0.04
12572,4,116,0.001453,-0.02
12572,4,117,-0.009369,0.04
12572,4,118,0.006403,0.02
12572,4,119,0.000928,-0.01
12572,4,120,-0.000783,-0.01
12572,4,121,0.007306,-0.04
12572,4,122,0.001875,0.02
12572,4,123,0.004674,-0.02
12572,4,124,-5.3e-05,-0.02
12572,4,125,0.000598,-0.04
12572,4,126,0.005373,0.0
12572,4,127,-0.000154,0.0
12572,4,128,-0.000368,-0.03
12572,4,129,-0.001064,0.02
12572,4,130,0.002923,0.07
12572,4,131,0.000283,-0.04
12572,4,132,-0.000973,0.03
12572,4,133,-0.001341,-0.02
12572,4,134,-0.000728,0.0
12572,4,135,0.002449,-0.04
12572,4,136,0.000493,0.01
12572,4,137,-0.002184,-0.03
12572,4,138,0.001889,0.03
12572,4,139,0.001647,-0.01
12572,4,140,-0.002414,0.03
12572,4,141,-0.000364,-0.05
12572,4,142,-0.014474,-0.04
12572,4,143,0.001276,-0.01
12572,4,144,0.010044,0.03
12572,4,145,-0.000499,0.05
12572,4,146,0.00142,-0.04
12572,4,147,-0.015437,-0.04
12572,4,148,-0.001835,0.0
12572,4,149,0.001163,-0.01
12572,4,150,0.009941,0.04
12572,4,151,-0.003454,-0.05
12572,4,152,-0.002074,0.02
12572,4,153,0.001673,-0.02
12572,4,154,0.000487,-0.01
12572,4,155,0.000843,-0.03
12572,4,156,0.004615,0.02
12572,4,157,0.005721,-0.03
12572,4,158,0.001982,0.04
12572,4,159,-0.007551,-0.09
12572,4,160,0.003129,0.03
12572,4,161,-0.000178,-0.05
12572,4,162,-0.001489,0.01
12572,4,163,0.010839,0.08
12572,4,164,0.003364,0.03
12572,4,165,0.000757,0.03
12572,4,166,-0.001101,0.0
12572,4,167,0.001847,0.0
12572,4,168,0.001456,0.03
12572,4,169,0.00111,0.01
12572,4,170,0.000634,0.04
12572,4,171,-0.003046,-0.01
12572,4,172,0.000648,-0.01
12572,4,173,-0.002222,-0.04
12572,4,174,7.2e-05,0.02
12572,4,175,0.004085,0.07
12572,4,176,0.001205,0.0
12572,4,177,0.003705,0.02
12572,4,178,0.003874,0.01
12572,4,179,0.002159,-0.01
12572,4,180,0.001247,0.0
12572,4,181,0.005647,0.02
12572,4,182,-0.001074,0.02
12572,4,183,0.001803,0.0
12572,4,184,-0.001687,-0.02
12572,4,185,0.000878,-0.05
12572,4,186,0.001751,0.02
12572,4,187,0.000672,0.0
12572,4,188,0.000742,0.04
12572,4,189,0.000328,-0.01
12572,4,190,0.005117,0.06
12572,4,191,-0.003972,-0.01
12572,4,192,0.001618,0.04
12572,4,193,-0.004663,0.02
12572,4,194,0.001271,0.02
12572,4,195,0.008073,-0.04
12572,4,196,-0.003192,-0.05
12572,4,197,0.000944,0.01
12572,4,198,0.001592,-0.01
12572,4,199,0.00019,-0.02
12572,4,200,0.003097,-0.01
12572,4,201,0.001271,-0.02
12572,4,202,-0.000189,0.0
12572,4,203,0.001444,0.0
12572,4,204,-0.003762,0.01
12572,4,205,-0.000898,0.07
12572,4,206,0.000984,0.0
12572,4,207,-0.00231,-0.02
12572,4,208,-0.005526,-0.05
12572,4,209,0.008196,0.04
12572,4,210,-0.002626,-0.02
12572,4,211,0.001276,0.02
12572,4,212,0.006541,-0.01
12572,4,213,-0.00075,-0.04
12572,4,214,0.002056,0.02
12572,4,215,-0.000384,-0.02
12572,4,216,0.009848,0.02
12572,4,217,-0.000369,0.03
12572,4,218,0.008191,0.05
12572,4,219,-0.002024,-0.05
12572,4,220,-0.001052,0.0
12572,4,221,-0.003739,-0.01
12572,4,222,-0.000114,-0.03
12572,4,223,0.002932,0.04
12572,4,224,0.005506,0.01
12572,4,225,0.003202,0.01
12572,4,226,0.001549,0.01
12572,4,227,-0.000473,-0.04
12572,4,228,-0.004071,-0.01
12572,4,229,0.008974,0.0
12572,4,230,0.005363,0.04
12572,4,231,-0.00323,0.07
12572,4,232,-0.000828,0.03
12572,4,233,0.001986,-0.01
12572,4,234,-0.000458,0.0
12572,4,235,-0.001058,-0.01
12572,4,236,0.000791,-0.05
12572,4,237,0.001834,0.01
12572,4,238,-0.005183,-0.03
12572,4,239,0.008303,0.06
12572,4,240,0.006399,-0.02
12572,4,241,0.004029,0.02
12572,4,242,0.007034,0.01
12572,4,243,0.001662,0.02
12572,4,244,0.001303,0.06
12572,4,245,-0.001112,0.0
12572,4,246,0.007034,-0.01
12572,4,247,0.00675,0.01
12572,4,248,-0.003524,-0.01
12572,4,249,0.009415,0.03
12572,4,250,-0.001616,0.05
12572,4,251,0.004385,0.02
12572,4,252,0.008067,0.02
12572,4,253,0.002174,-0.03
12572,4,254,-0.00056,0.02
12572,4,255,0.000603,-0.02
12572,4,256,0.011841,0.03
12572,4,257,-0.006732,0.04
12572,4,258,-0.010899,0.03
12572,4,259,0.000489,-0.01
12572,4,260,-0.000648,0.06
12572,4,261,-0.021209,0.06
12572,4,262,-0.040979,-0.07
12572,4,263,0.017441,0.02
12572,4,264,-0.005002,0.05
12572,4,265,-0.037536,0.01
12572,4,266,0.014936,-0.02
12572,4,267,0.013915,0.03
12572,4,268,0.002613,-0.03
12572,4,269,0.013402,0.08
12572,4,270,0.012069,-0.01
12572,4,271,0.000373,-0.03
12572,4,272,-0.005841,0.01
12572,4,273,-0.005497,0.06
12572,4,274,0.000974,-0.02
12572,4,275,0.016028,-0.04
12572,4,276,0.011757,-0.02
12572,4,277,-0.012707,0.04
12572,4,278,-0.011096,-0.03
12572,4,279,-0.013324,-0.06
12572,4,280,0.005072,0.05
12572,4,281,0.011032,0.02
12572,4,282,0.002639,0.0
12572,4,283,-0.000484,0.01
12572,4,284,0.004463,-0.03
12572,4,285,0.017379,0.04
12572,4,286,-0.001274,-0.03
12572,4,287,-0.006364,-0.03
12572,4,288,-0.005724,-0.03
12572,4,289,-0.000782,0.01
12572,4,290,0.001703,0.03
12572,4,291,-0.014204,0.0
12572,4,292,0.001482,0.04
12572,4,293,-0.001844,0.0
12572,4,294,-0.025163,-0.06
12572,4,295,-0.020967,-0.01
12572,4,296,0.027157,0.03
12572,4,297,-0.017276,-0.07
12572,4,298,-0.002917,-0.01
12572,4,299,0.01377,-0.03
12572,4,300,-0.022337,-0.01
12572,4,301,0.012615,0.06
12572,4,302,0.011566,0.0
12572,4,303,0.006863,0.04
12572,4,304,-0.02192,-0.06
12572,4,305,0.003337,0.01
12572,4,306,0.016727,0.02
12572,4,307,-0.005525,-0.01
12572,4,308,0.008251,0.04
12572,4,309,-0.002887,-0.01
12572,4,310,0.008109,0.01
12572,4,311,0.010662,-0.01
12572,4,312,0.000831,0.05
12572,4,313,-0.005726,0.05
12572,4,314,-0.008537,0.04
12572,4,315,5.6e-05,0.02
12572,4,316,-0.013381,0.02
12572,4,317,0.001837,0.03
12572,4,318,0.010434,-0.03
12572,4,319,0.001114,-0.04
12572,4,320,-0.008188,-0.01
12572,4,321,0.002549,0.02
12572,4,322,-0.007206,0.0
12572,4,323,-0.002254,-0.03
12572,4,324,0.012811,0.01
12572,4,325,0.003458,0.0
12572,4,326,-0.000266,0.02
12572,4,327,0.009682,0.03
12572,4,328,0.009371,-0.03
12572,4,329,0.001708,0.0
12572,4,330,0.000884,0.03
12572,4,331,-0.006842,0.08
12572,4,332,0.004061,0.01
12572,4,333,-0.000856,0.02
12572,4,334,-0.002632,-0.05
12572,4,335,0.007387,0.0
12572,4,336,-0.003136,0.0
12572,4,337,0.003248,-0.05
12572,4,338,-0.002023,-0.03
12572,4,339,-0.002357,-0.05
12572,4,340,-0.011564,-0.16
12572,4,341,0.012696,0.07
12572,4,342,-0.00688,-0.01
12572,4,343,0.010849,0.06
12572,4,344,0.00448,0.05
12572,4,345,0.000703,-0.02
12572,4,346,0.008567,0.05
12572,4,347,-0.000714,-0.04
12572,4,348,0.003126,0.0
12572,4,349,0.001069,0.03
12572,4,350,0.001743,0.0
12572,4,351,-0.004026,0.02
12572,4,352,0.002472,-0.04
12572,4,353,-0.001017,-0.01
12572,4,354,-0.002126,-0.01
12572,4,355,-0.004023,-0.03
12572,4,356,0.001712,0.04
12572,4,357,-0.006345,-0.03
12572,4,358,0.001862,0.0
12572,4,359,-0.013725,-0.03
12572,4,360,0.002205,0.01
12572,4,361,-0.008604,-0.05
12572,4,362,0.006179,0.01
12572,4,363,0.000758,0.01
12572,4,364,0.003068,0.02
12572,4,365,-0.004947,-0.04
12572,4,366,0.008621,0.01
12572,4,367,0.008481,-0.02
12572,4,368,0.008823,0.04
12572,4,369,0.003473,0.01
12572,4,370,-0.007094,-0.02
12572,4,371,0.008749,0.0
12572,4,372,0.001079,-0.02
12572,4,373,-0.001028,0.02
12572,4,374,0.003974,0.01
12572,4,375,0.00216,0.02
12572,4,376,-0.003953,-0.04
12572,4,377,-0.000948,0.05
12572,4,378,0.001838,0.07
12572,4,379,0.004781,-0.01
12572,4,380,0.009102,-0.01
12572,4,381,-0.003032,0.04
12572,4,382,-0.006562,-0.02
12572,4,383,-0.005754,0.02
12572,4,384,0.004885,-0.02
12572,4,385,-0.00104,0.04
12572,4,386,0.004926,-0.02
12572,4,387,0.004644,-0.03
12572,4,388,0.003538,-0.01
12572,4,389,0.002824,0.04
12572,4,390,-0.000262,-0.02
12572,4,391,-0.001442,-0.03
12572,4,392,-0.007114,-0.06
12572,4,393,-0.004006,0.01
12572,4,394,0.006389,0.01
12572,4,395,-0.007602,-0.03
12572,4,396,0.007919,0.01
12572,4,397,0.003323,0.0
12572,4,398,0.002428,-0.05
12572,4,399,0.002069,0.03
12572,4,400,-0.000398,-0.03
12572,4,401,-0.001691,0.0
12572,4,402,0.006199,0.0
12572,4,403,0.00767,0.03
12572,4,404,0.000269,0.03
12572,4,405,0.005701,0.01
12572,4,406,-0.00443,-0.03
12572,4,407,0.000134,0.0
12572,4,408,-0.001654,0.04
12572,4,409,-0.002803,0.0
12572,4,410,-0.003652,-0.02
12572,4,411,-0.002213,0.06
12572,4,412,0.001898,0.0
12572,4,413,0.00374,0.04
12572,4,414,0.000357,-0.01
12572,4,415,0.005282,0.0
12572,4,416,0.000275,0.02
12572,4,417,-0.00557,0.0
12572,4,418,0.005369,0.06
12572,4,419,0.001253,0.03
12572,4,420,0.007841,-0.01
12572,4,421,-0.000369,0.0
12572,4,422,-0.003516,0.01
12572,4,423,-0.001305,0.02
12572,4,424,-0.003289,-0.04
12572,4,425,0.002763,0.0
12572,4,426,-7e-06,-0.01
12572,4,427,0.003641,0.04
12572,4,428,-0.000397,-0.04
12572,4,429,0.000711,0.1
12572,4,430,-0.00817,0.04
12572,4,431,-0.005528,0.04
12572,4,432,-0.032864,0.01
12572,4,433,-0.020573,-0.08
12572,4,434,0.014206,0.01
12572,4,435,-0.005905,0.01
12572,4,436,0.021496,0.0
12572,4,437,-0.000253,0.03
12572,4,438,-0.014392,-0.02
12572,4,439,-0.000361,0.03
12572,4,440,-0.004299,0.0
12572,4,441,-0.005512,-0.03
12572,4,442,-0.030864,-0.07
12572,4,443,0.018625,0.04
12572,4,444,-0.017327,-0.06
12572,4,445,-0.00656,0.0
12572,4,446,0.015667,0.04
12572,4,447,0.010851,0.03
12572,4,448,0.010558,-0.01
12572,4,449,-0.006317,0.08
12572,4,450,0.0056,-0.02
12572,4,451,0.006259,0.02
12572,4,452,0.021209,0.0
12572,4,453,-0.002509,0.02
12572,4,454,-0.009199,-0.05
12572,4,455,-0.007567,-0.02
12572,4,456,0.010594,-0.01
12572,4,457,0.002223,-0.03
12572,4,458,-0.016643,-0.02
12572,4,459,-0.018151,0.0
12572,4,460,0.003043,0.0
12572,4,461,-0.006555,-0.01
12572,4,462,0.015532,0.02
12572,4,463,0.003262,-0.01
12572,4,464,0.022974,0.0
12572,4,465,-0.002183,-0.03
12572,4,466,0.008171,-0.02
12572,4,467,0.010941,-0.03
12572,4,468,-0.032365,-0.07
12572,4,469,-0.001522,-0.04
12572,4,470,-0.02332,-0.02
12572,4,471,0.001762,0.0
12572,4,472,-0.000356,0.04
12572,4,473,0.005419,0.02
12572,4,474,-0.0002,0.0
12572,4,475,-0.019087,-0.02
12572,4,476,-0.020773,-0.03
12572,4,477,8.6e-05,-0.04
12572,4,478,-0.015396,-0.05
12572,4,479,-0.015772,0.02
12572,4,480,-0.020588,0.0
12572,4,481,-0.027112,-0.05
12572,4,482,0.049594,0.07
12572,4,483,0.008563,-0.04
12572,4,484,-0.001242,-0.05
12572,4,485,0.008492,-0.03
12572,4,486,0.001269,-0.03
12572,4,487,-0.024757,-0.1
12572,4,488,0.034336,0.11
12572,4,489,0.00701,0.03
12572,4,490,0.009695,0.03
12572,4,491,0.004098,0.01
12572,4,492,0.004518,0.0
12572,4,493,-0.000146,-0.03
12572,4,494,-0.005258,0.0
12572,4,495,0.010722,0.01
12572,4,496,0.002222,0.01
12572,4,497,0.007591,0.02
12572,4,498,0.013183,0.04
12572,4,499,-0.014157,-0.05
12572,4,500,0.002203,0.02
12572,4,501,0.001376,-0.04
12572,4,502,0.008489,0.04
12572,4,503,-0.007847,-0.01
12572,4,504,-0.001456,-0.03
12572,4,505,0.015549,-0.02
12572,4,506,0.008597,-0.07
12572,4,507,0.000899,0.07
12572,4,508,0.006776,0.03
12572,4,509,0.004708,-0.02
12572,4,510,-0.002224,-0.01
12572,4,511,-0.009357,-0.05
12572,4,512,0.000676,-0.02
12572,4,513,0.000709,0.02
12572,4,514,0.01289,0.03
12572,4,515,0.003024,0.03
12572,4,516,-0.002652,-0.05
12572,4,517,0.010879,0.0
12572,4,518,0.001499,-0.01
12572,4,519,0.001777,0.0
12572,4,520,-0.003526,0.04
12572,4,521,0.006411,-0.04
12572,4,522,0.001232,0.02
12572,4,523,-0.00079,-0.03
12572,4,524,-0.000544,0.05
12572,4,525,-0.002826,0.04
12572,4,526,0.006895,0.03
12572,4,527,-0.003881,-0.04
12572,4,528,-0.001131,0.0
12572,4,529,-0.006524,-0.03
12572,4,530,-0.008126,-0.05
12572,4,531,-0.002132,-0.02
12572,4,532,0.014666,0.02
12572,4,533,0.002953,-0.03
12572,4,534,0.00695,0.0
12572,4,535,-0.000868,0.02
12572,4,536,0.004985,-0.04
12572,4,537,0.003706,0.01
12572,4,538,-0.000131,0.01
12572,4,539,-0.002944,-0.07
12572,4,540,0.010853,0.0
12572,4,541,-0.018975,-0.1
12572,4,542,-0.000839,-0.01
12572,4,543,0.007183,-0.02
12572,4,544,-0.004644,-0.02
12572,4,545,0.00359,0.0
12572,4,546,0.006734,0.02
12572,4,547,0.011569,0.08
12572,4,548,1.7e-05,-0.01
12572,4,549,0.002148,0.04
12572,4,550,0.002085,-0.01
12572,4,551,0.004636,-0.01
12572,4,552,0.001047,0.02
12572,4,553,-0.006067,-0.01
12572,4,554,0.003478,-0.03
12572,4,555,3.8e-05,0.03
12572,4,556,0.006609,0.05
12572,4,557,-0.000629,-0.01
12572,4,558,0.000509,0.05
12572,4,559,-0.002274,-0.01
12572,4,560,0.001579,-0.02
12572,4,561,0.001012,0.02
12572,4,562,0.008841,-0.02
12572,4,563,-0.002192,-0.04
12572,4,564,-0.000369,0.01
12572,4,565,0.004685,-0.03
12572,4,566,0.001071,0.03
12572,4,567,0.000951,-0.03
12572,4,568,-0.007502,0.01
12572,4,569,-0.002124,0.03
12572,4,570,0.009638,-0.01
12572,4,571,-0.004471,-0.03
12572,4,572,-0.016512,-0.06
12572,4,573,-0.001605,0.04
12572,4,574,-0.003021,-0.04
12572,4,575,0.00372,0.02
12572,4,576,-0.024131,-0.07
12572,4,577,0.008016,0.02
12572,4,578,0.005839,-0.05
12572,4,579,0.008895,0.03
12572,4,580,-0.005837,-0.01
12572,4,581,-0.006749,0.02
12572,4,582,0.008496,0.02
12572,4,583,-0.002824,-0.04
12572,4,584,-0.011914,-0.08
12572,4,585,0.001354,0.01
12572,4,586,-0.008376,-0.06
12572,4,587,-0.006912,-0.01
12572,4,588,0.002098,-0.03
12572,4,589,-0.013195,-0.08
12572,4,590,-0.002765,-0.07
12572,4,591,0.021432,0.05
12572,4,592,0.008162,0.0
12572,4,593,0.006136,0.0
12572,4,594,0.010498,-0.03
12572,4,595,0.00466,0.06
12572,4,596,-0.00035,0.0
12572,4,597,-0.002038,-0.02
12572,4,598,0.004097,-0.03
12572,4,599,-0.001612,-0.01
12572,4,600,0.000932,0.0
12572,4,601,0.009717,-0.03
12572,4,602,0.002985,-0.03
12572,4,603,0.009472,-0.02
12572,4,604,-0.001259,0.06
12572,4,605,-0.001732,-0.05
12572,4,606,-0.009496,-0.02
12572,4,607,-0.001234,0.05
12572,4,608,0.003823,-0.04
12572,4,609,0.005757,-0.01
12572,4,610,0.007672,0.03
12572,4,611,0.002928,-0.05
12572,4,612,0.007672,-0.02
12572,4,613,-0.001806,0.08
12572,4,614,-0.004835,0.01
12572,4,615,0.001237,0.02
12572,4,616,0.004511,0.0
12572,4,617,0.002285,0.06
12572,4,618,0.00462,-0.01
12572,4,619,0.000176,-0.03
12572,4,620,-0.003404,0.04
12572,4,621,-0.006531,-0.07
12572,4,622,0.003582,-0.02
12572,4,623,-0.006177,0.01
12572,4,624,0.002829,0.0
12572,4,625,0.006848,0.03
12572,4,626,0.004688,-0.03
12572,4,627,-0.005262,0.03
12572,4,628,0.007388,0.0
12572,4,629,-0.001616,-0.02
12572,4,630,-0.002579,0.0
12572,4,631,-0.010886,-0.04
12572,4,632,-0.008999,-0.12
12572,4,633,-0.007283,-0.04
12572,4,634,-0.029778,-0.11
12572,4,635,0.013017,-0.02
12572,4,636,0.000767,-0.02
12572,4,637,0.018762,0.01
12572,4,638,-0.006617,0.02
12572,4,639,-0.012317,-0.09
12572,4,640,0.015132,0.03
12572,4,641,-0.029293,-0.09
12572,4,642,0.002464,-0.07
12572,4,643,0.014426,0.03
12572,4,644,0.012106,0.05
12572,4,645,-0.007915,-0.05
12572,4,646,0.008247,0.04
12572,4,647,-0.000506,0.03
12572,4,648,-0.025946,-0.1
12572,4,649,0.010983,0.02
12572,4,650,-0.003203,-0.05
12572,4,651,0.006545,-0.02
12572,4,652,0.012687,0.03
12572,4,653,0.000643,0.0
12572,4,654,-0.006899,-0.03
12572,4,655,0.010842,0.0
12572,4,656,0.01301,0.1
12572,4,657,0.000911,-0.02
12572,4,658,-9.4e-05,0.08
12572,4,659,0.000322,0.09
12572,4,660,0.00723,0.03
12572,4,661,0.002879,0.04
12572,4,662,-0.000724,0.11
12572,4,663,-0.003136,-0.06
12572,4,664,0.002582,-0.03
12572,4,665,0.000343,-0.01
12572,4,666,2e-05,-0.01
12572,4,667,-0.004896,-0.05
12572,4,668,-9.7e-05,-0.02
12572,4,669,-0.008416,-0.08
12572,4,670,0.006159,0.09
12572,4,671,-0.002429,-0.03
12572,4,672,-0.005316,-0.01
12572,4,673,0.005048,-0.01
12572,4,674,-0.012258,-0.03
12572,4,675,-0.017903,-0.05
12572,4,676,0.007972,-0.06
12572,4,677,0.014217,-0.02
12572,4,678,-0.004478,0.04
12572,4,679,-0.015561,-0.02
12572,4,680,0.009105,0.05
12572,4,681,0.006416,0.08
12572,4,682,0.010939,0.09
12572,4,683,-0.002,-0.02
12572,4,684,0.002763,0.01
12572,4,685,-0.003919,0.0
12572,4,686,0.006872,0.04
12572,4,687,-0.003569,-0.02
12572,4,688,0.002847,-0.01
12572,4,689,0.00192,0.0
12572,4,690,0.004073,0.03
12572,4,691,0.005581,0.05
12572,4,692,-0.000832,-0.01
12572,4,693,0.003253,-0.06
12572,4,694,-0.003023,-0.09
12572,4,695,0.009662,0.04
12572,4,696,0.003704,0.06
12572,4,697,-0.001186,0.07
12572,4,698,0.000703,-0.05
12572,4,699,0.00273,0.11
12572,4,700,0.002561,0.02
12572,4,701,0.000712,-0.04
12572,4,702,0.000837,-0.06
12572,4,703,0.007695,0.02
12572,4,704,0.000503,-0.03
12572,4,705,-0.000593,-0.02
12572,4,706,-0.003756,-0.06
12572,4,707,-0.001583,0.04
12572,4,708,0.002175,0.0
12572,4,709,0.007507,-0.01
12572,4,710,0.002196,-0.02
12572,4,711,0.004174,0.03
12572,4,712,-0.004011,0.01
12572,4,713,-0.008631,0.05
12572,4,714,-0.006638,-0.11
12572,4,715,0.006324,0.05
12572,4,716,0.0015,0.03
12572,4,717,0.009136,0.04
12572,4,718,-0.003163,-0.01
12572,4,719,-0.001097,0.02
12572,4,720,0.002908,-0.06
12572,4,721,0.008575,0.11
12572,4,722,7.3e-05,-0.08
12572,4,723,0.007148,0.07
12572,4,724,0.000335,0.0
12572,4,725,-0.000432,0.03
12572,4,726,0.004459,0.0
12572,4,727,0.004945,0.0
12572,4,728,0.000866,0.01
12572,4,729,-0.000195,-0.03
12572,4,730,0.005128,0.0
12572,4,731,3.4e-05,-0.02
12572,4,732,-0.005781,0.02
12572,4,733,0.002946,0.02
12572,4,734,0.008379,-0.04
12572,4,735,-0.00706,-0.08
12572,4,736,0.003533,0.01
12572,4,737,-0.002803,0.02
12572,4,738,0.004902,0.04
12572,4,739,0.006655,-0.02
12572,4,740,-0.002855,-0.02
12572,4,741,0.006976,0.02
12572,4,742,-0.001515,-0.03
12572,4,743,0.00187,-0.03
12572,4,744,0.008367,0.02
12572,4,745,0.003862,0.03
12572,4,746,-0.002652,-0.06
12572,4,747,0.000289,-0.01
12572,4,748,0.001141,-0.03
12572,4,749,-0.009042,-0.04
12572,4,750,-0.015731,-0.09
12572,4,751,0.010054,0.04
12572,4,752,-0.000867,-0.05
12572,4,753,0.003134,-0.03
12572,4,754,-0.017706,-0.06
12572,4,755,0.007255,0.03
12572,4,756,0.01498,0.07
12572,4,757,0.011251,0.05
12572,4,758,0.003326,-0.01
12572,4,759,-0.005401,-0.06
12572,4,760,0.007326,-0.03
12572,4,761,0.001688,0.03
12572,4,762,0.006463,0.03
12572,4,763,-0.00163,-0.01
12572,4,764,0.001844,-0.02
12572,4,765,-0.00292,-0.04
12572,4,766,0.004706,0.01
12572,4,767,-0.003816,-0.04
12572,4,768,-0.010518,-0.06
12572,4,769,-0.033514,-0.08
12572,4,770,-0.03028,-0.05
12572,4,771,-0.003779,0.0
12572,4,772,-0.044163,-0.03
12572,4,773,-0.008238,-0.17
12572,4,774,0.046039,-0.03
12572,4,775,-0.028108,-0.08
12572,4,776,0.042203,0.0
12572,4,777,-0.033922,-0.1
12572,4,778,-0.017054,-0.18
12572,4,779,-0.07597,-0.2
12572,4,780,0.049396,0.22
12572,4,781,-0.048868,0.06
12572,4,782,-0.095113,0.06
12572,4,783,0.092871,0.06
12572,4,784,-0.119841,-0.21
12572,4,785,0.059955,0.29
12572,4,786,-0.051831,0.16
12572,4,787,0.004708,-0.06
12572,4,788,-0.04336,-0.2
12572,4,789,-0.029294,-0.16
12572,4,790,0.093828,0.08
12572,4,791,0.011535,0.04
12572,4,792,0.062414,-0.05
12572,4,793,-0.033687,-0.11
12572,4,794,0.033516,-0.02
12572,4,795,-0.016013,0.0
12572,4,796,-0.044142,-0.08
12572,4,797,0.022829,0.01
12572,4,798,-0.015137,-0.01
12572,4,799,0.070331,0.05
12572,4,800,-0.001603,0.08
12572,4,801,0.034056,0.02
12572,4,802,0.014487,-0.04
12572,4,803,-0.010105,0.03
12572,4,804,0.030573,0.0
12572,4,805,-0.02203,-0.13
12572,4,806,0.005817,-0.02
12572,4,807,0.026794,0.04
12572,4,808,-0.017881,-0.02
12572,4,809,-0.030675,-0.05
12572,4,810,0.02293,0.05
12572,4,811,-0.000539,-0.02
12572,4,812,0.013918,-0.01
12572,4,813,0.014714,0.07
12572,4,814,-0.005242,-0.05
12572,4,815,0.026584,0.01
12572,4,816,-0.009212,0.01
12572,4,817,-0.028059,0.0
12572,4,818,0.00425,0.0
12572,4,819,0.009041,0.02
12572,4,820,-0.006979,0.06
12572,4,821,0.011505,-0.09
12572,4,822,0.016872,0.06
12572,4,823,0.000133,0.04
12572,4,824,-0.0205,-0.04
12572,4,825,-0.017463,-0.05
12572,4,826,0.011525,-0.01
12572,4,827,0.003926,0.01
12572,4,828,0.031501,0.09
12572,4,829,-0.010484,-0.03
12572,4,830,0.016651,-0.02
12572,4,831,-0.007774,0.0
12572,4,832,0.002354,-0.02
12572,4,833,0.012289,0.03
12572,4,834,0.014827,-0.01
12572,4,835,-0.002108,0.02
12572,4,836,0.004812,-0.05
12572,4,837,0.003751,0.01
12572,4,838,0.008211,0.02
12572,4,839,0.013649,0.09
12572,4,840,-0.003369,0.05
12572,4,841,0.026212,0.09
12572,4,842,0.012042,-0.03
12572,4,843,-0.007799,-0.04
12572,4,844,-0.005313,-0.09
12572,4,845,-0.058944,-0.09
12572,4,846,0.013061,0.05
12572,4,847,0.008312,0.0
12572,4,848,0.018962,0.04
12572,4,849,-0.0036,-0.01
12572,4,850,0.000594,-0.03
12572,4,851,-0.005649,-0.01
12572,4,852,0.006495,0.01
12572,4,853,0.004307,0.01
12572,4,854,-0.025855,-0.03
12572,4,855,0.010959,-0.01
12572,4,856,-0.024227,-0.04
12572,4,857,0.014686,0.0
12572,4,858,0.01541,0.02
12572,4,859,0.005022,0.03
12572,4,860,0.004541,-0.01
12572,4,861,0.015882,0.01
12572,4,862,-0.010819,-0.04
12572,4,863,0.007828,0.02
12572,4,864,-0.005644,-0.05
12572,4,865,0.010466,0.03
12572,4,866,-0.009363,-0.01
12572,4,867,0.013406,-0.01
12572,4,868,0.009082,0.01
12572,4,869,-0.003406,-0.02
12572,4,870,0.002849,0.02
12572,4,871,0.008407,-0.02
12572,4,872,0.001679,-0.01
12572,4,873,0.005747,-0.01
12572,4,874,-0.01232,-0.01
12572,4,875,-0.00619,0.0
12572,4,876,0.007395,0.03
12572,4,877,-0.006473,-0.03
12572,4,878,0.012428,-0.01
12572,4,879,-0.00375,-0.03
12572,4,880,0.00767,0.0
12572,4,881,0.007181,0.01
12572,4,882,0.003612,-0.04
12572,4,883,0.00643,0.03
12572,4,884,0.006428,0.0
12572,4,885,0.000633,0.02
12572,4,886,0.002742,0.02
12572,4,887,-0.007969,0.05
12572,4,888,0.013997,0.05
12572,4,889,-0.002047,0.02
12572,4,890,-0.000172,0.0
12572,4,891,0.00271,-0.02
12572,4,892,0.002303,-0.02
12572,4,893,-0.004404,0.01
12572,4,894,0.003159,-0.03
12572,4,895,0.003441,-0.01
12572,4,896,0.010044,0.01
12572,4,897,0.003596,0.04
12572,4,898,0.010196,0.0
12572,4,899,0.001673,0.05
12572,4,900,0.006733,0.0
12572,4,901,-0.002195,-0.02
12572,4,902,0.007525,-0.04
12572,4,903,0.015366,-0.02
12572,4,904,-0.035126,-0.03
12572,4,905,-0.008133,0.09
12572,4,906,-0.027756,-0.03
12572,4,907,0.020145,0.02
12572,4,908,-0.017585,-0.03
12572,4,909,0.000533,-0.01
12572,4,910,0.012742,0.01
12572,4,911,0.005219,0.0
12572,4,912,-0.004619,0.01
12572,4,913,-0.008412,0.0
12572,4,914,-0.011183,0.01
12572,4,915,-0.011571,-0.02
12572,4,916,0.010518,0.0
12572,4,917,-0.023721,0.0
12572,4,918,0.002987,-0.01
12572,4,919,0.015977,-0.01
12572,4,920,0.016111,0.01
12572,4,921,-0.004813,-0.01
12572,4,922,0.008254,0.03
12572,4,923,0.005293,-0.01
12572,4,924,-0.009578,0.02
12572,4,925,0.017973,0.08
12572,4,926,-0.013973,-0.02
12572,4,927,0.017397,0.05
12572,4,928,0.00801,-0.03
12572,4,929,0.008794,0.01
12572,4,930,-0.006623,-0.01
12572,4,931,-0.001528,0.01
12572,4,932,0.000135,0.02
12572,4,933,-0.01633,0.02
12572,4,934,0.004727,0.03
12572,4,935,-0.002196,0.02
12572,4,936,0.005219,0.04
12572,4,937,0.003446,-0.02
12572,4,938,-0.01859,-0.04
12572,4,939,-0.003026,-0.02
12572,4,940,-0.035288,0.0
12572,4,941,0.011947,0.06
12572,4,942,-0.01213,0.03
12572,4,943,0.012318,-0.01
12572,4,944,0.017799,0.03
12572,4,945,0.022047,-0.12
12572,4,946,0.01946,0.01
12572,4,947,-0.000288,0.04
12572,4,948,0.0117,0.13
12572,4,949,-0.0014,0.02
12572,4,950,0.01361,0.01
12572,4,951,0.011648,0.02
12572,4,952,-0.004792,-0.04
12572,4,953,-0.011564,0.01
12572,4,954,0.003946,-0.02
12572,4,955,-0.006793,-0.03
12572,4,956,0.005636,0.03
12572,4,957,0.016162,0.02
12572,4,958,-0.001584,0.0
12572,4,959,0.002397,-0.04
12572,4,960,-0.004595,0.0
12572,4,961,0.011271,0.08
12572,4,962,0.001791,0.03
12572,4,963,-0.000624,-0.03
12572,4,964,0.008836,0.05
12572,4,965,-0.001936,-0.03
12572,4,966,0.002787,-0.02
12572,4,967,-0.007949,0.03
12572,4,968,-0.001285,-0.03
12572,4,969,-0.001265,-0.02
12572,4,970,-0.004359,0.0
12572,4,971,0.012921,0.02
12572,4,972,0.001773,0.0
12572,4,973,0.005758,0.02
12572,4,974,-0.003511,0.01
12572,4,975,-0.003906,0.0
12572,4,976,-0.002073,-0.02
12572,4,977,0.000746,0.03
12572,4,978,0.003537,-0.02
12572,4,979,0.008723,0.0
12572,4,980,-0.002227,0.0
12572,4,981,0.001342,-0.01
12572,4,982,0.006439,0.0
12572,4,983,-0.014755,0.0
12572,4,984,0.007083,0.03
12572,4,985,0.00571,0.08
12572,4,986,0.014847,0.04
12572,4,987,0.005492,0.05
12572,4,988,-0.006555,0.02
12572,4,989,0.000416,0.0
12572,4,990,0.002276,-0.05
12572,4,991,-0.003753,0.05
12572,4,992,-0.00719,-0.04
12572,4,993,0.008136,-0.01
12572,4,994,0.013936,0.0
12572,4,995,0.000317,0.02
12572,4,996,-0.003011,-0.02
12572,4,997,0.003616,-0.05
12572,4,998,-0.001489,0.0
12572,4,999,-0.025678,-0.01
12572,4,1000,0.009761,0.03
12572,4,1001,-0.019312,0.04
12572,4,1002,0.016052,-0.02
12572,4,1003,0.013898,0.03
12572,4,1004,0.001009,0.03
12572,4,1005,0.010853,0.0
12572,4,1006,0.003897,0.04
12572,4,1007,0.007399,0.0
12572,4,1008,-0.001113,-0.01
12572,4,1009,-0.000345,-0.03
12572,4,1010,0.001662,0.01
12572,4,1011,0.004711,0.04
12572,4,1012,-0.000569,0.1
12572,4,1013,-0.00032,-0.01
12572,4,1014,-0.004416,0.0
12572,4,1015,-0.001855,0.05
12572,4,1016,-0.007733,0.03
12572,4,1017,0.001256,0.0
12572,4,1018,0.011352,0.01
12572,4,1019,-0.024479,0.16
12572,4,1020,-0.00475,-0.1
12572,4,1021,0.023791,0.01
12572,4,1022,-0.008081,-0.03
12572,4,1023,-0.013066,0.05
12572,4,1024,-0.013417,0.07
12572,4,1025,0.019496,0.02
12572,4,1026,-0.005359,0.03
12572,4,1027,0.014155,-0.04
12572,4,1028,0.00603,-0.02
12572,4,1029,0.010395,0.01
12572,4,1030,0.001015,0.1
12572,4,1031,0.006492,-0.02
12572,4,1032,-0.00157,0.0
12572,4,1033,0.002879,0.01
12572,4,1034,-0.014761,0.08
12572,4,1035,-0.000603,0.03
12572,4,1036,0.007025,-0.05
12572,4,1037,-0.007631,-0.06
12572,4,1038,-0.005467,-0.01
12572,4,1039,0.00524,0.01
12572,4,1040,0.016631,0.04
12572,4,1041,-0.000868,0.06
12572,4,1042,-0.003158,0.0
12572,4,1043,0.003623,0.01
12572,4,1044,0.011825,-0.05
12572,4,1045,0.014438,0.04
12572,4,1046,-0.000974,-0.06
12572,4,1047,0.001475,0.01
12572,4,1048,0.004221,-0.04
12572,4,1049,0.00772,0.03
12572,4,1050,-0.000196,0.02
12572,4,1051,0.003295,-0.05
12572,4,1052,-0.004088,0.0
12572,4,1053,0.011094,-0.08
12572,4,1054,0.003609,0.03
12572,4,1055,-0.005306,0.02
12572,4,1056,-0.006802,-0.03
12572,4,1057,0.009306,-0.01
12572,4,1058,-0.009211,0.0
12572,4,1059,0.010929,0.01
12572,4,1060,0.001782,0.0
12572,4,1061,-0.000215,0.05
12572,4,1062,-0.000846,0.0
12572,4,1063,0.006763,0.02
12572,4,1064,-0.007195,0.0
12572,4,1065,0.002748,-0.02
12572,4,1066,-0.006678,-0.02
12572,4,1067,0.000704,-0.02
12572,4,1068,0.008165,-0.01
12572,4,1069,0.007373,0.02
12572,4,1070,-0.010436,0.03
12572,4,1071,-0.008674,0.01
12572,4,1072,-0.021449,0.05
12572,4,1073,0.012173,-0.03
12572,4,1074,0.014918,-0.03
12572,4,1075,-0.00253,0.01
12572,4,1076,-0.008517,0.0
12572,4,1077,-0.002943,0.04
12572,4,1078,0.010555,-0.05
12572,4,1079,-0.000784,0.0
12572,4,1080,0.009911,-0.02
12572,4,1081,-0.002125,-0.05
12572,4,1082,0.001877,0.02
12572,4,1083,0.001165,0.03
12572,4,1084,0.000769,-0.03
12572,4,1085,-0.000492,0.04
12572,4,1086,0.001447,-0.03
12572,4,1087,-0.003629,0.04
12572,4,1088,0.008834,-0.07
12572,4,1089,-0.000797,0.01
12572,4,1090,0.000175,-0.04
12572,4,1091,-0.001824,-0.03
12572,4,1092,0.004652,-0.05
12572,4,1093,0.001948,0.02
12572,4,1094,0.001815,0.04
12572,4,1095,-0.002012,0.0
12572,4,1096,-0.00539,0.06
12572,4,1097,-0.000436,-0.05
12572,4,1098,-0.013125,-0.07
12572,4,1099,0.014002,0.05
12572,4,1100,0.005125,-0.02
12572,4,1101,-0.001083,0.02
12572,4,1102,0.005811,-0.01
12572,4,1103,0.003331,0.05
12572,4,1104,0.002315,-0.05
12572,4,1105,0.000277,0.0
12572,4,1106,0.001328,-0.04
12572,4,1107,0.005222,0.03
12572,4,1108,0.0075,-0.04
12572,4,1109,-0.002022,-0.07
12572,4,1110,0.003359,-0.04
12572,4,1111,-0.008561,-0.03
12572,4,1112,0.011278,0.07
12572,4,1113,0.003451,0.01
12572,4,1114,-0.003517,0.04
12572,4,1115,0.001165,-0.05
12572,4,1116,-0.003262,-0.06
12572,4,1117,-0.007539,0.0
12572,4,1118,-0.01587,-0.12
12572,4,1119,0.015163,0.04
12572,4,1120,0.008242,0.07
12572,4,1121,0.002017,-0.03
12572,4,1122,0.010145,0.03
12572,4,1123,0.002382,-0.01
12572,4,1124,-0.004712,-0.04
12572,4,1125,-0.000186,0.01
12572,4,1126,0.004206,0.02
12572,4,1127,-0.005406,-0.04
12572,4,1128,-0.001843,-0.04
12572,4,1129,0.008203,-0.01
12572,4,1130,-0.004632,0.0
12572,4,1131,0.006005,0.04
12572,4,1132,0.001675,0.08
12572,4,1133,-0.00094,0.02
12572,4,1134,0.000993,0.03
12572,4,1135,0.001276,-0.01
12572,4,1136,0.004146,0.01
12572,4,1137,0.001607,-0.07
12572,4,1138,0.002621,-0.03
12572,4,1139,-0.007061,0.0
12572,4,1140,-0.010748,0.01
12572,4,1141,0.001257,-0.03
12572,4,1142,0.008142,0.02
12572,4,1143,0.008524,-0.01
12572,4,1144,0.001496,0.04
12572,4,1145,0.00222,0.06
12572,4,1146,-0.005825,-0.01
12572,4,1147,0.008808,-0.03
12572,4,1148,0.004307,-0.02
12572,4,1149,-0.001349,0.01
12572,4,1150,0.000312,0.01
12572,4,1151,0.002843,-0.02
12572,4,1152,-0.000335,0.04
12572,4,1153,-0.003395,0.05
12572,4,1154,-0.001319,-0.03
12572,4,1155,-0.004606,-0.05
12572,4,1156,-0.007723,0.05
12572,4,1157,0.002277,-0.02
12572,4,1158,-0.005747,-0.05
12572,4,1159,0.008474,0.03
12572,4,1160,-0.001551,0.03
12572,4,1161,-0.009111,0.03
12572,4,1162,-0.016977,-0.06
12572,4,1163,-0.000812,0.02
12572,4,1164,0.00952,-0.01
12572,4,1165,0.012135,0.09
12572,4,1166,0.001461,0.06
12572,4,1167,-0.002776,0.01
12572,4,1168,-0.020364,0.06
12572,4,1169,0.001569,0.01
12572,4,1170,-0.01191,-0.03
12572,4,1171,0.011491,-0.04
12572,4,1172,-0.012986,0.01
12572,4,1173,0.010524,0.05
12572,4,1174,0.004103,-0.01
12572,4,1175,0.008298,0.05
12572,4,1176,-0.001914,0.03
12572,4,1177,0.003023,-0.03
12572,4,1178,0.017063,-0.04
12572,4,1179,0.00746,0.07
12572,4,1180,0.003375,0.0
12572,4,1181,0.007393,0.06
12572,4,1182,0.003664,0.0
12572,4,1183,0.002996,0.03
12572,4,1184,-0.001073,-0.02
12572,4,1185,0.004748,-0.02
12572,4,1186,0.00182,-0.01
12572,4,1187,-0.005052,-0.09
12572,4,1188,0.009829,0.03
12572,4,1189,0.001949,-0.02
12572,4,1190,0.0018,0.03
12572,4,1191,0.00368,-0.02
12572,4,1192,0.006461,0.04
12572,4,1193,0.004182,-0.07
12572,4,1194,0.003733,-0.08
12572,4,1195,0.000888,0.06
12572,4,1196,-0.003499,-0.05
12572,4,1197,-0.008226,0.1
12572,4,1198,-1.1e-05,0.05
12572,4,1199,0.003865,0.0
12572,4,1200,-0.002602,-0.03
12572,4,1201,0.003385,-0.01
12572,4,1202,-0.001399,-0.05
12572,4,1203,-0.003197,0.09
12572,4,1204,0.001657,0.04
12572,4,1205,0.002294,-0.03
12572,4,1206,-0.022725,-0.16
12572,4,1207,0.0132,0.04
12572,4,1208,-0.018961,-0.09
12572,4,1209,-0.011815,0.0
12572,4,1210,0.014194,0.01
12572,4,1211,-0.008449,-0.09
12572,4,1212,0.011731,0.08
12572,4,1213,0.020707,0.05
12572,4,1214,0.003085,0.04
12572,4,1215,-0.007181,-0.03
12572,4,1216,0.009549,-0.01
12572,4,1217,-0.009136,-0.06
12572,4,1218,-0.007471,0.02
12572,4,1219,0.016348,0.03
12572,4,1220,-0.008743,-0.03
12572,4,1221,-0.010288,-0.03
12572,4,1222,-0.011388,0.02
12572,4,1223,0.017778,0.05
12572,4,1224,0.01018,-0.02
12572,4,1225,0.006224,0.04
12572,4,1226,0.013839,-0.02
12572,4,1227,-0.00101,0.01
12572,4,1228,0.001402,0.06
12572,4,1229,-0.00299,-0.03
12572,4,1230,-0.002626,0.0
12572,4,1231,0.006374,0.11
12572,4,1232,-0.00063,0.03
12572,4,1233,-0.019393,0.05
12572,4,1234,-0.000964,0.02
12572,4,1235,-0.00405,0.03
12572,4,1236,-0.001441,0.02
12572,4,1237,0.00916,-0.03
12572,4,1238,0.002818,-0.01
12572,4,1239,-0.014244,-0.04
12572,4,1240,0.00082,0.08
12572,4,1241,-0.018388,0.09
12572,4,1242,-0.00969,-0.04
12572,4,1243,-0.011037,0.0
12572,4,1244,-0.018915,-0.08
12572,4,1245,0.002772,0.0
12572,4,1246,-0.012172,0.03
12572,4,1247,-0.001497,0.07
12572,4,1248,-0.005384,-0.04
12572,4,1249,0.024348,-0.03
12572,4,1250,0.018886,0.01
12572,4,1251,0.006863,0.02
12572,4,1252,0.009423,-0.03
12572,4,1253,-0.024391,0.04
12572,4,1254,0.005157,0.11
12572,4,1255,-0.003702,-0.01
12572,4,1256,0.008401,0.04
12572,4,1257,0.014517,-0.02
12572,4,1258,-0.018116,0.09
12572,4,1259,-0.018969,-0.11
