path_id,t,sp500,DGS10
0,0,-0.003806,0.1
0,1,0.002866,-0.03
0,2,-0.007534,0.07
0,3,-0.006478,0.02
0,4,-0.009089,0.06
0,5,0.003877,-0.09
0,6,-0.007636,-0.03
0,7,-0.01519,0.12
0,8,0.010185,-0.04
0,9,-0.002772,0.08
0,10,0.003497,-0.02
0,11,-0.007506,0.1
0,12,0.004344,0.0
0,13,0.000381,-0.03
0,14,-0.000538,0.01
0,15,0.005043,-0.02
0,16,0.002609,0.12
0,17,-0.003314,0.05
0,18,-0.000246,-0.04
0,19,0.001741,-0.02
0,20,0.010429,-0.16
0,21,0.001654,0.0
0,22,0.002334,-0.05
0,23,-0.002988,-0.05
0,24,-0.00498,0.1
0,25,0.002236,0.02
0,26,0.001105,0.02
0,27,0.002516,-0.02
0,28,-0.001959,0.01
0,29,-0.001743,0.06
0,30,0.00369,-0.05
0,31,0.00885,-0.17
0,32,0.006001,0.01
0,33,-0.000976,-0.02
0,34,0.001932,-0.02
0,35,-0.00661,0.03
0,36,-0.002858,0.16
0,37,0.00175,0.0
0,38,6.6e-05,0.05
0,39,0.005197,-0.03
0,40,-0.003085,0.06
0,41,0.006668,-0.09
0,42,-0.001537,0.03
0,43,0.008195,-0.11
0,44,0.000344,-0.04
0,45,-0.0043,0.13
0,46,0.001101,-0.01
0,47,-0.002933,0.04
0,48,0.004737,-0.03
0,49,0.009731,-0.06
0,50,-0.002025,0.07
0,51,0.01222,-0.05
0,52,0.001667,0.0
0,53,0.003118,-0.04
0,54,-0.001218,-0.01
0,55,-0.004879,0.0
0,56,-0.004607,0.02
0,57,0.001847,0.06
0,58,-0.001844,0.02
0,59,0.004565,0.01
0,60,-0.010483,0.14
0,61,-0.004208,0.02
0,62,0.002788,-0.02
0,63,0.002759,-0.03
0,64,0.01282,-0.06
0,65,-0.007624,0.17
0,66,-0.000722,-0.03
0,67,-0.015907,0.04
0,68,-0.0041,0.03
0,69,-0.000412,0.0
0,70,-0.003469,0.01
0,71,0.002502,0.0
0,72,0.002669,0.04
0,73,0.006038,-0.04
0,74,-0.005593,0.07
0,75,0.001017,-0.02
0,76,-0.002096,0.04
0,77,-0.015485,0.04
0,78,-0.002354,0.07
0,79,-0.002558,0.01
0,80,0.006057,-0.08
0,81,-0.000687,0.04
0,82,0.004984,-0.05
0,83,0.0028,-0.03
0,84,-0.000298,0.01
0,85,-0.002772,0.02
0,86,0.005602,0.04
0,87,-0.007294,0.12
0,88,-0.004198,0.01
0,89,-0.008733,0.05
0,90,0.001519,0.02
0,91,0.002362,0.0
0,92,0.006982,0.0
0,93,0.017001,-0.06
0,94,-0.002997,-0.01
0,95,-0.00832,0.1
0,96,-0.004078,0.05
0,97,0.003001,0.0
0,98,-0.012032,0.08
0,99,0.001709,0.01
0,100,0.005572,-0.04
0,101,-0.000537,-0.07
0,102,-0.002213,0.04
0,103,-0.002167,-0.02
0,104,0.001269,0.05
0,105,-0.004403,0.06
0,106,-0.00453,-0.02
0,107,-0.006869,0.02
0,108,-0.017914,-0.03
0,109,-0.000355,-0.19
0,110,0.005245,-0.01
0,111,0.004135,0.08
0,112,0.002224,0.07
0,113,-0.003252,-0.04
0,114,-0.010514,0.01
0,115,0.009757,-0.11
0,116,4.4e-05,0.02
0,117,-0.000463,-0.1
0,118,-0.004149,0.08
0,119,-0.012809,-0.02
0,120,0.00339,0.0
0,121,0.005616,0.06
0,122,0.001513,-0.02
0,123,0.010708,-0.03
0,124,0.000813,-0.01
0,125,0.007599,0.02
0,126,-0.00194,0.0
0,127,-0.001769,0.0
0,128,0.005491,-0.01
0,129,0.000152,0.04
0,130,0.000326,0.01
0,131,0.005741,-0.09
0,132,-0.003481,0.04
0,133,0.000673,0.02
0,134,-0.00412,0.02
0,135,-0.000348,0.04
0,136,0.003485,-0.06
0,137,-0.000803,0.06
0,138,0.000739,-0.01
0,139,0.000326,0.02
0,140,0.001844,-0.05
0,141,-4.3e-05,-0.05
0,142,-4.3e-05,0.01
0,143,0.00938,-0.11
0,144,-0.000723,0.01
0,145,-0.005876,0.03
0,146,-0.004647,0.08
0,147,0.002238,0.01
0,148,8.6e-05,0.03
0,149,0.003392,-0.06
0,150,0.001883,-0.04
0,151,0.00442,-0.1
0,152,-0.003997,-0.01
0,153,0.004077,-0.05
0,154,-4.3e-05,0.06
0,155,0.005081,0.02
0,156,0.012395,-0.19
0,157,0.005202,0.04
0,158,-0.000686,-0.01
0,159,0.00079,0.01
0,160,-0.002078,0.05
0,161,0.002645,0.04
0,162,0.000395,-0.01
0,163,0.001869,-0.1
0,164,0.004124,-0.06
0,165,0.001403,-0.05
0,166,-0.006698,0.03
0,167,0.001556,0.01
0,168,0.004868,-0.1
0,169,0.003793,0.0
0,170,0.002465,-0.01
0,171,-0.008809,-0.09
0,172,0.0074,-0.02
0,173,-0.00357,0.01
0,174,-0.001071,0.07
0,175,0.000598,0.06
0,176,0.000433,0.05
0,177,-0.007228,0.03
0,178,0.002116,-0.08
0,179,4.1e-05,-0.06
0,180,0.013267,-0.07
0,181,0.00098,-0.04
0,182,0.005795,-0.1
0,183,-0.002049,0.0
0,184,0.007177,-0.04
0,185,0.000222,0.07
0,186,0.001251,0.0
0,187,-0.002157,0.04
0,188,0.001212,0.05
0,189,0.000565,0.0
0,190,0.010122,-0.12
0,191,0.004451,-0.04
0,192,0.001391,0.11
0,193,-0.001548,0.0
0,194,-0.001789,0.02
0,195,-0.003007,0.02
0,196,0.002277,-0.06
0,197,0.006755,-0.02
0,198,0.000653,0.0
0,199,0.001009,-0.03
0,200,0.000672,0.02
0,201,0.001165,0.01
0,202,-0.002919,-0.03
0,203,0.003244,-0.03
0,204,0.004062,-0.03
0,205,-0.006088,0.01
0,206,-0.001502,0.0
0,207,-0.00089,0.02
0,208,0.000733,-0.04
0,209,0.006333,-0.01
0,210,0.008653,0.0
0,211,-0.00154,0.0
0,212,0.001094,0.0
0,213,0.001736,0.03
0,214,0.002259,0.03
0,215,-0.000874,0.02
0,216,0.001167,-0.05
0,217,0.010916,-0.08
0,218,0.000115,-0.11
0,219,-0.000807,-0.16
0,220,0.007383,0.01
0,221,-0.000763,-0.09
0,222,0.001528,0.05
0,223,1.9e-05,0.02
0,224,0.00225,-0.01
0,225,0.004167,-0.05
0,226,0.000853,-0.05
0,227,-0.00212,-0.04
0,228,-0.014211,0.08
0,229,-0.000751,0.0
0,230,0.00859,0.02
0,231,0.009434,-0.06
0,232,3.8e-05,-0.13
0,233,-3.8e-05,-0.05
0,234,-0.009346,0.01
0,235,-0.000134,-0.1
0,236,0.018755,0.0
0,237,0.000169,-0.1
0,238,-0.001837,-0.1
0,239,0.005803,-0.02
0,240,-9.3e-05,0.0
0,241,-0.004519,0.12
0,242,-0.001463,0.02
0,243,-0.008284,0.18
0,244,0.005569,-0.03
0,245,0.009739,-0.23
0,246,0.000784,0.01
0,247,0.001212,0.03
0,248,0.005045,0.03
0,249,0.009985,-0.08
0,250,-0.00044,0.03
0,251,-0.001835,-0.03
0,252,0.013034,-0.09
0,253,-0.002468,0.02
0,254,-0.010151,0.05
0,255,-0.003124,0.04
0,256,0.00424,-0.05
0,257,-0.001579,0.18
0,258,0.001618,-0.07
0,259,0.004296,0.0
0,260,0.000311,-0.02
0,261,0.012298,-0.14
0,262,0.004296,-0.01
0,263,0.001474,0.0
0,264,-0.004325,0.05
0,265,0.011013,0.01
0,266,0.000196,-0.01
0,267,-0.001979,0.06
0,268,0.005055,0.07
0,269,-0.00757,0.03
0,270,-0.013394,0.18
0,271,0.004646,0.0
0,272,0.000145,0.1
0,273,0.005437,-0.07
0,274,0.00803,-0.03
0,275,0.000909,0.05
0,276,0.006428,-0.05
0,277,-0.004052,0.06
0,278,-0.001545,-0.04
0,279,-0.004306,0.05
0,280,-0.001501,-0.06
0,281,-8.9e-05,0.09
0,282,0.00034,-0.03
0,283,0.00195,-0.02
0,284,0.000643,-0.01
0,285,-0.001213,0.0
0,286,-0.004038,0.04
0,287,-0.004198,0.08
0,288,0.008341,0.0
0,289,-0.00209,-0.02
0,290,0.002506,-0.03
0,291,-0.001661,0.03
0,292,0.000304,0.0
0,293,-0.001967,-0.03
0,294,0.002526,0.03
0,295,-0.004254,0.03
0,296,0.000574,-0.1
0,297,0.004736,-0.12
0,298,-0.001875,-0.04
0,299,0.001699,0.02
0,300,0.001643,-0.03
0,301,0.001711,-0.05
0,302,0.003488,-0.06
0,303,0.009453,-0.04
0,304,0.001757,-0.01
0,305,0.00021,0.04
0,306,0.004191,0.03
0,307,0.002148,0.0
0,308,0.00453,-0.08
0,309,0.00392,0.02
0,310,0.008363,-0.1
0,311,-0.000446,0.03
0,312,-0.000994,0.06
0,313,0.002454,-0.03
0,314,0.004399,-0.04
0,315,-0.006425,0.11
0,316,-0.002178,0.04
0,317,0.000138,0.01
0,318,-0.000688,0.02
0,319,-0.000636,0.02
0,320,0.008313,-0.02
0,321,-0.002492,-0.11
0,322,-0.004603,-0.02
0,323,0.001066,-0.02
0,324,-0.001494,-0.01
0,325,0.001995,-0.06
0,326,-0.00024,0.0
0,327,0.003359,0.02
0,328,0.006282,-0.02
0,329,0.002401,-0.1
0,330,-0.002515,0.0
0,331,0.006432,0.0
0,332,0.001125,0.02
0,333,0.005464,-0.01
0,334,-0.005401,0.06
0,335,-0.004085,0.03
0,336,0.00253,-0.05
0,337,-0.006939,-0.02
0,338,-0.009872,0.06
0,339,0.005167,-0.01
0,340,0.006124,-0.01
0,341,-0.003,-0.01
0,342,0.004678,-0.05
0,343,0.009414,-0.06
0,344,0.001441,0.02
0,345,-0.003573,0.02
0,346,-0.003637,0.03
0,347,0.009193,-0.07
0,348,0.00262,0.05
0,349,-0.00091,0.03
0,350,-0.000709,-0.02
0,351,-0.005082,-0.01
0,352,0.007925,0.03
0,353,0.005691,-0.07
0,354,0.00457,-0.01
0,355,-0.005366,0.01
0,356,0.00568,-0.01
0,357,-0.003065,0.01
0,358,0.002624,-0.02
0,359,0.00225,-0.03
0,360,0.008531,0.0
0,361,0.001962,-0.03
0,362,-0.003736,-0.09
0,363,0.00266,-0.05
0,364,0.011038,-0.08
0,365,0.006518,0.02
0,366,0.004047,0.02
0,367,-0.006466,0.05
0,368,0.002126,0.01
0,369,0.003304,-0.02
0,370,-0.001194,0.01
0,371,0.004703,0.02
0,372,-0.007673,0.0
0,373,-0.00094,0.01
0,374,-0.015462,0.1
0,375,0.008438,-0.04
0,376,-0.009789,-0.05
0,377,0.007509,0.01
0,378,0.002392,-0.06
0,379,0.00384,-0.02
0,380,0.000374,-0.03
0,381,-0.000667,-0.03
0,382,0.002947,-0.05
0,383,0.007793,0.02
0,384,0.00095,-0.02
0,385,-0.005826,0.07
0,386,-0.001603,0.04
0,387,0.002838,-0.01
0,388,-0.014568,0.02
0,389,-0.018,0.1
0,390,0.007034,-0.02
0,391,-0.00146,-0.03
0,392,-0.003402,-0.08
0,393,0.003084,-0.05
0,394,0.005902,0.01
0,395,0.002566,0.07
0,396,-0.000994,0.05
0,397,0.011701,-0.04
0,398,-0.004726,0.08
0,399,0.007439,-0.05
0,400,0.004183,0.04
0,401,0.0095,-0.06
0,402,0.009315,-0.03
0,403,0.003836,0.03
0,404,-0.004104,0.03
0,405,0.008792,0.04
0,406,0.007639,-0.02
0,407,0.00557,-0.02
0,408,0.009447,0.0
0,409,0.000457,0.0
0,410,0.00774,-0.05
0,411,-0.001421,-0.03
0,412,-0.007464,0.04
0,413,-0.006498,0.08
0,414,-0.005128,0.06
0,415,-0.011312,0.25
0,416,0.011629,-0.03
0,417,0.016602,-0.06
0,418,0.000334,0.05
0,419,-0.013079,0.04
0,420,-0.00495,0.05
0,421,-0.003847,0.05
0,422,-0.0067,0.02
0,423,0.006152,-0.14
0,424,0.009994,-0.07
0,425,0.007652,0.04
0,426,-0.005779,0.09
0,427,0.002531,0.02
0,428,-0.030827,0.34
0,429,0.010292,-0.08
0,430,-0.004578,0.03
0,431,0.002292,-0.01
0,432,0.003633,0.01
0,433,0.000874,0.1
0,434,0.017492,-0.03
0,435,-0.001471,-0.02
0,436,-0.002624,-0.07
0,437,-0.001215,-0.06
0,438,0.002203,0.04
0,439,-0.000891,-0.06
0,440,0.004507,-0.01
0,441,-0.006218,0.09
0,442,4.6e-05,0.07
0,443,-0.005301,-0.07
0,444,0.01275,-0.03
0,445,0.00234,-0.06
0,446,0.000946,0.02
0,447,-3e-05,0.06
0,448,-0.017717,0.3
0,449,-0.003182,-0.07
0,450,-0.013532,0.07
0,451,-0.003662,0.05
0,452,0.008761,-0.16
0,453,0.009078,-0.05
0,454,0.003907,0.01
0,455,-0.005256,0.04
0,456,0.003117,0.06
0,457,0.002268,-0.05
0,458,0.004372,-0.05
0,459,0.005695,0.04
0,460,-0.002164,0.05
0,461,0.004153,-0.01
0,462,0.000904,-0.02
0,463,0.001071,0.05
0,464,1.5e-05,0.07
0,465,0.000627,0.02
0,466,-0.01711,0.17
0,467,-0.00272,0.05
0,468,-0.001278,-0.04
0,469,-0.003979,0.01
0,470,0.0102,-0.09
0,471,0.001039,0.06
0,472,0.010303,-0.09
0,473,0.014446,-0.03
0,474,0.006183,-0.06
0,475,-0.00027,-0.01
0,476,-0.000857,0.05
0,477,0.006107,-0.05
0,478,0.006339,-0.03
0,479,-0.000579,0.03
0,480,0.008413,-0.02
0,481,-0.003567,0.05
0,482,0.003713,-0.03
0,483,-0.009256,0.02
0,484,-0.006397,0.1
0,485,0.005644,0.01
0,486,-0.003841,0.07
0,487,-0.002152,0.02
0,488,0.007309,-0.01
0,489,0.008743,-0.04
0,490,-0.007974,-0.06
0,491,0.000416,0.17
0,492,-0.001708,0.04
0,493,-0.00177,0.02
0,494,-0.002876,0.04
0,495,-0.001674,-0.02
0,496,-0.003099,-0.06
0,497,-0.001036,-0.05
0,498,-0.004661,0.03
0,499,-0.000151,0.03
0,500,0.000211,0.02
0,501,0.007159,-0.02
0,502,0.003014,-0.02
0,503,-0.000553,-0.03
0,504,-0.006118,0.0
0,505,0.006261,-0.08
0,506,0.003111,-0.1
0,507,0.007828,0.01
0,508,-0.003359,0.06
0,509,-0.001796,-0.02
0,510,-0.022249,0.28
0,511,-0.007453,-0.01
0,512,0.003387,-0.05
0,513,0.002001,-0.05
0,514,-0.015837,-0.05
0,515,0.000805,-0.05
0,516,-0.025364,0.04
0,517,-0.002271,-0.05
0,518,0.009071,-0.01
0,519,0.014967,-0.11
0,520,-0.007505,0.06
0,521,-0.007765,0.06
0,522,-0.010887,-0.04
0,523,-0.000351,0.07
0,524,0.007213,0.0
0,525,0.007494,-0.02
0,526,-0.007847,0.08
0,527,0.006895,-0.04
0,528,0.007383,-0.09
0,529,0.015736,-0.15
0,530,0.019184,-0.14
0,531,-0.003411,0.02
0,532,0.003256,0.01
0,533,0.002687,0.01
0,534,-0.002364,0.01
0,535,-0.00074,-0.06
0,536,0.005543,-0.01
0,537,-0.008366,0.08
0,538,0.002802,0.01
0,539,0.000347,0.04
0,540,0.004424,-0.06
0,541,0.00206,0.03
0,542,-0.001335,0.0
0,543,-0.000931,0.02
0,544,0.008435,0.01
0,545,-0.005442,0.1
0,546,-0.004722,0.08
0,547,0.003796,-0.02
0,548,-0.002386,0.01
0,549,-0.011146,0.07
0,550,-0.008229,0.1
0,551,0.004187,-0.04
0,552,0.001359,0.02
0,553,-0.009411,0.04
0,554,0.009608,-0.04
0,555,0.012323,-0.04
0,556,7.5e-05,0.04
0,557,0.005227,0.0
0,558,0.0058,-0.06
0,559,0.013991,-0.14
0,560,0.005055,-0.01
0,561,-0.001521,0.08
0,562,-0.002152,0.02
0,563,0.002245,0.04
0,564,0.0059,-0.02
0,565,-0.000801,-0.02
0,566,-0.001267,-0.06
0,567,0.000321,-0.06
0,568,4.4e-05,-0.05
0,569,0.000481,0.02
0,570,0.001661,0.04
0,571,0.002546,-0.07
0,572,0.007154,-0.04
0,573,-0.001772,0.0
0,574,0.012529,-0.13
0,575,0.00268,0.05
0,576,-0.003839,0.0
0,577,-0.005566,0.02
0,578,-0.003057,0.06
0,579,0.00871,-0.06
0,580,0.002619,0.01
0,581,0.003663,-0.06
0,582,0.005417,-0.01
0,583,-0.001365,0.02
0,584,-0.004621,0.04
0,585,0.000991,0.0
0,586,-0.007041,0.01
0,587,-0.001951,-0.03
0,588,-0.005222,0.02
0,589,0.006081,-0.16
0,590,-0.000855,0.0
0,591,0.006235,-0.03
0,592,-0.002127,0.01
0,593,0.004206,-0.02
0,594,0.010485,-0.08
0,595,0.014633,0.02
0,596,0.004223,-0.04
0,597,0.004356,0.03
0,598,0.002152,0.01
0,599,0.006497,-0.05
0,600,0.002365,0.04
0,601,-0.000813,0.01
0,602,0.006974,-0.03
0,603,0.002412,-0.03
0,604,-0.001613,0.01
0,605,0.008051,0.0
0,606,0.011085,-0.02
0,607,-0.001413,0.0
0,608,-0.00127,0.01
0,609,0.002675,-0.08
0,610,-0.000608,0.02
0,611,-0.010944,-0.02
0,612,-0.00425,0.05
0,613,-0.000966,0.11
0,614,-0.006421,0.04
0,615,0.013737,-0.05
0,616,-0.002961,0.02
0,617,-0.00911,0.15
0,618,-0.015431,0.02
0,619,-0.000905,-0.07
0,620,-0.010513,0.06
0,621,0.007018,0.03
0,622,0.007575,0.04
0,623,0.019438,-0.1
0,624,0.00417,-0.01
0,625,-0.002604,-0.01
0,626,0.005503,0.02
0,627,0.006378,-0.01
0,628,0.001283,-0.05
0,629,-0.003885,0.01
0,630,-0.017391,0.12
0,631,-0.005036,0.11
0,632,0.014952,-0.02
0,633,-0.000508,0.02
0,634,0.007463,0.03
0,635,-0.006399,0.03
0,636,0.008605,-0.08
0,637,0.00616,0.11
0,638,1.3e-05,0.0
0,639,0.012311,-0.1
0,640,-0.002159,0.0
0,641,0.003324,0.04
0,642,0.00834,-0.01
0,643,0.004484,0.04
0,644,-0.011027,0.04
0,645,-0.009054,0.04
0,646,-0.007138,0.05
0,647,0.0,-0.05
0,648,0.009778,-0.01
0,649,0.015107,-0.02
0,650,0.002538,-0.08
0,651,0.000725,-0.06
0,652,0.003216,-0.02
0,653,-0.013912,0.02
0,654,0.002403,0.02
0,655,0.012062,-0.06
0,656,-0.005231,0.0
0,657,0.005296,0.0
0,658,0.016692,-0.04
0,659,0.011273,-0.07
0,660,-0.004114,-0.04
0,661,0.00966,0.0
0,662,-0.004655,0.02
0,663,-0.011926,0.08
0,664,-0.001283,-0.02
0,665,0.010614,0.03
0,666,0.00216,0.01
0,667,-0.00782,0.16
0,668,-0.013169,0.02
0,669,-0.005345,-0.02
0,670,0.005678,0.02
0,671,-0.005482,0.02
0,672,0.013958,0.0
0,673,-0.004277,0.02
0,674,0.008027,-0.05
0,675,0.010783,-0.01
0,676,-0.002839,0.01
0,677,-0.008726,0.03
0,678,-0.018278,0.12
0,679,0.004572,-0.01
0,680,0.003202,0.01
0,681,-0.007603,0.0
0,682,-0.004926,0.02
0,683,-0.003971,0.01
0,684,0.001853,-0.01
0,685,0.00866,-0.02
0,686,-0.002301,0.03
0,687,0.001812,0.05
0,688,-0.021025,0.1
0,689,-0.021657,0.02
0,690,0.003328,-0.02
0,691,-0.012545,-0.02
0,692,0.00028,-0.02
0,693,0.010102,0.06
0,694,0.005581,-0.05
0,695,0.005235,0.04
0,696,-0.007205,0.0
0,697,-0.002971,0.0
0,698,-0.027283,0.07
0,699,0.008242,0.0
0,700,0.014777,-0.1
0,701,0.011673,0.02
0,702,-0.002305,-0.04
0,703,0.005999,-0.02
0,704,-0.00779,0.03
0,705,0.018728,-0.03
0,706,-0.001252,0.05
0,707,-0.00318,0.04
0,708,-0.007534,0.01
0,709,0.009917,-0.02
0,710,0.027285,-0.15
0,711,0.009181,-0.05
0,712,-0.003507,-0.03
0,713,0.018083,-0.01
0,714,0.021305,-0.01
0,715,-0.003047,0.0
0,716,-0.014666,0.09
0,717,0.005689,-0.04
0,718,0.00551,-0.05
0,719,0.015616,-0.02
0,720,-0.005408,0.06
0,721,0.003493,-0.03
0,722,0.006985,-0.01
0,723,-0.014408,0.03
0,724,0.004242,0.01
0,725,0.010069,-0.01
0,726,-0.002745,0.04
0,727,-0.004396,0.02
0,728,0.013606,-0.02
0,729,0.003164,0.05
0,730,-0.002942,0.01
0,731,-0.003694,-0.05
0,732,0.004976,-0.08
0,733,-0.002263,-0.01
0,734,-0.00104,-0.03
0,735,-0.006351,-0.01
0,736,0.003952,0.0
0,737,0.017287,-0.11
0,738,0.005711,0.04
0,739,0.002735,0.02
0,740,0.00497,-0.01
0,741,0.015973,-0.08
0,742,0.011104,-0.05
0,743,0.000705,-0.03
0,744,0.000582,0.03
0,745,-0.005993,-0.03
0,746,0.010044,0.0
0,747,0.000791,-0.03
0,748,-0.022343,0.03
0,749,0.020168,0.02
0,750,-0.0082,0.03
0,751,-0.005973,0.05
0,752,0.004097,-0.04
0,753,-0.002434,0.05
0,754,0.006654,-0.06
0,755,0.01459,-0.03
0,756,0.014258,-0.11
0,757,-0.005148,-0.04
0,758,0.00718,0.0
0,759,-0.012201,-0.02
0,760,0.006876,0.01
0,761,0.003174,-0.03
0,762,0.001855,0.03
0,763,0.008036,0.0
0,764,0.011698,-0.06
0,765,-0.005317,-0.01
0,766,-0.017507,0.05
0,767,-0.002578,0.03
0,768,0.023046,-0.12
0,769,0.002762,-0.01
0,770,0.003993,0.02
0,771,-0.001606,0.02
0,772,-0.002493,-0.02
0,773,0.006236,-0.05
0,774,0.010612,-0.06
0,775,0.002121,-0.03
0,776,-0.007513,0.18
0,777,0.003336,0.03
0,778,0.002178,0.0
0,779,0.008348,-0.02
0,780,-0.009507,0.03
0,781,-0.018556,0.14
0,782,0.003706,-0.02
0,783,-0.011174,0.03
0,784,-0.004868,-0.03
0,785,0.002983,-0.09
0,786,-0.025909,0.0
0,787,0.012966,-0.06
0,788,0.014817,0.0
0,789,0.014406,0.03
0,790,-0.015223,0.06
0,791,-0.001632,0.08
0,792,-0.00366,0.01
0,793,-0.00776,-0.01
0,794,0.000745,0.0
0,795,-0.010977,-0.08
0,796,-0.004648,0.04
0,797,0.031252,-0.03
0,798,0.000302,0.02
0,799,0.003244,0.0
0,800,-0.001955,0.04
0,801,0.002314,-0.04
0,802,0.002599,0.01
0,803,-0.015627,0.03
0,804,-0.007007,0.02
0,805,0.012404,-0.1
0,806,-0.004481,-0.01
0,807,0.028127,-0.17
0,808,-0.002792,-0.01
0,809,0.004549,0.01
0,810,0.003399,-0.02
0,811,0.005176,-0.03
0,812,-0.003663,0.04
0,813,-0.007826,-0.06
0,814,-0.006956,0.09
0,815,0.007794,-0.05
0,816,0.008591,0.02
0,817,-0.006357,0.02
0,818,0.008582,-0.08
0,819,0.005286,-0.03
0,820,0.004758,0.0
0,821,0.007938,-0.05
0,822,0.010723,-0.02
0,823,-0.009439,0.14
0,824,-0.003306,0.01
0,825,-0.00375,0.06
0,826,-0.0047,0.03
0,827,-0.010842,-0.01
0,828,-0.01161,0.08
0,829,0.012127,-0.02
0,830,0.017444,-0.01
0,831,-0.003898,-0.02
0,832,-0.018379,-0.08
0,833,-0.009519,-0.03
0,834,-0.068657,-0.1
0,835,0.051152,0.07
0,836,-0.002918,-0.07
0,837,-0.016841,-0.07
0,838,0.012106,0.0
0,839,0.026645,0.07
0,840,0.001885,0.04
0,841,0.002126,0.0
0,842,-0.005017,-0.05
0,843,-0.011215,0.0
0,844,-0.006879,0.01
0,845,0.011811,-0.02
0,846,0.012753,-0.01
0,847,0.019228,-0.01
0,848,-0.008423,0.0
0,849,0.006779,-0.03
0,850,0.015234,0.02
0,851,0.004286,-0.02
0,852,-0.017049,0.04
0,853,0.004384,-0.01
0,854,0.000862,0.01
0,855,0.003951,0.0
0,856,0.020274,0.0
0,857,-0.00317,0.0
0,858,0.005238,-0.03
0,859,-0.003757,0.01
0,860,0.010986,0.08
0,861,-0.001443,0.04
0,862,-0.006708,-0.01
0,863,-0.006139,-0.05
0,864,-0.015313,-0.08
0,865,-0.001623,-0.08
0,866,0.010489,0.04
0,867,0.004827,-0.01
0,868,-0.002583,0.04
0,869,-0.010605,-0.05
0,870,-0.008919,-0.04
0,871,0.007309,0.0
0,872,-0.015277,0.01
0,873,-0.006847,0.03
0,874,0.004031,-0.01
0,875,0.018036,0.01
0,876,0.018346,0.04
0,877,-0.000422,-0.05
0,878,0.00475,-0.08
0,879,0.002082,-0.15
0,880,-0.010736,-0.03
0,881,-0.002669,0.06
0,882,-0.008247,-0.06
0,883,-0.029664,-0.09
0,884,0.012418,-0.01
0,885,0.013746,0.02
0,886,0.006113,0.04
0,887,-0.007527,0.03
0,888,0.011339,0.06
0,889,0.017774,0.03
0,890,-0.00796,-0.03
0,891,-0.008004,0.02
0,892,-0.005659,0.14
0,893,-0.000668,-0.07
0,894,0.012613,0.07
0,895,0.00871,-0.01
0,896,0.008215,-0.11
0,897,-0.005287,-0.05
0,898,0.021412,0.04
0,899,0.004724,-0.01
0,900,0.000895,0.01
0,901,-0.003337,0.05
0,902,0.008889,0.0
0,903,-0.001699,0.03
0,904,0.008182,-0.01
0,905,0.000981,-0.11
0,906,0.004049,-0.01
0,907,-0.003955,-0.03
0,908,0.002617,-0.05
0,909,0.009113,0.05
0,910,-0.003682,0.02
0,911,0.005767,0.03
0,912,0.0038,0.04
0,913,-0.007302,0.11
0,914,0.011974,-0.06
0,915,0.005533,0.02
0,916,0.000639,-0.03
0,917,-0.001563,0.1
0,918,0.004123,0.05
0,919,-0.004458,-0.01
0,920,-0.011725,0.02
0,921,0.019941,-0.05
0,922,-0.003202,-0.06
0,923,0.011346,0.0
0,924,0.003965,-0.04
0,925,0.001357,-0.07
0,926,-0.001224,0.02
0,927,0.009976,-0.04
0,928,0.001093,0.02
0,929,0.004692,0.02
0,930,0.003888,0.0
0,931,0.008644,-0.01
0,932,-0.003284,0.0
0,933,0.009219,0.01
0,934,-0.003365,0.06
0,935,-0.001025,0.04
0,936,-0.004869,0.0
0,937,-0.00168,0.04
0,938,0.007452,-0.05
0,939,0.005809,-0.05
0,940,0.010703,-0.06
0,941,0.002402,-0.09
0,942,-0.001176,0.04
0,943,-0.01055,0.02
0,944,-0.00712,0.05
0,945,0.008188,0.01
0,946,-0.000882,0.07
0,947,0.005461,-0.03
0,948,0.0032,-0.03
0,949,-0.009961,-0.01
0,950,0.01313,0.0
0,951,0.000828,0.06
0,952,0.002688,0.03
0,953,0.003435,0.0
0,954,-0.009694,0.01
0,955,-0.010432,-0.02
0,956,-0.01928,0.13
0,957,-0.001316,0.0
0,958,0.008764,0.01
0,959,0.015649,-0.13
0,960,0.00832,-0.01
0,961,0.000955,0.0
0,962,-0.005855,0.03
0,963,-0.009485,-0.03
0,964,-0.008851,0.0
0,965,0.011871,0.04
0,966,-0.001354,0.08
0,967,0.008268,-0.09
0,968,0.002751,-0.06
0,969,-0.001332,0.03
0,970,-0.007732,0.01
0,971,-0.002625,-0.04
0,972,0.003346,0.01
0,973,0.008598,-0.04
0,974,-0.00395,0.04
0,975,-0.003741,-0.01
0,976,-0.014814,-0.05
0,977,-0.001636,-0.03
0,978,0.004917,0.02
0,979,-0.006177,-0.02
0,980,0.000147,-0.03
0,981,0.002053,0.03
0,982,-0.009596,0.01
0,983,0.011175,0.02
0,984,0.017382,-0.01
0,985,0.00167,0.0
0,986,0.002411,0.01
0,987,-0.005481,-0.08
0,988,-0.015913,-0.07
0,989,0.003892,-0.01
0,990,-0.019866,-0.05
0,991,0.009823,0.07
0,992,0.017948,0.09
0,993,-0.000668,-0.04
0,994,-0.00517,-0.03
0,995,0.002326,-0.01
0,996,0.014757,-0.01
0,997,0.011961,0.01
0,998,-0.003178,0.0
0,999,0.003471,0.0
0,1000,0.004668,0.01
0,1001,-0.004084,-0.03
0,1002,0.012982,0.0
0,1003,-0.001863,-0.02
0,1004,0.009517,-0.03
0,1005,-0.002307,0.03
0,1006,0.01015,0.01
0,1007,-0.006705,-0.02
0,1008,0.00498,0.01
0,1009,0.000739,0.04
0,1010,0.010633,0.03
0,1011,-0.002352,-0.01
0,1012,0.007814,0.02
0,1013,0.002331,0.01
0,1014,-0.002233,-0.03
0,1015,-0.016071,-0.03
0,1016,-0.00085,0.01
0,1017,-0.020901,-0.01
0,1018,0.000921,0.0
0,1019,0.005671,0.02
0,1020,-0.014844,0.03
0,1021,-0.00445,0.02
0,1022,0.015766,-0.02
0,1023,-0.019493,0.0
0,1024,-0.007344,-0.04
0,1025,-0.036245,-0.03
0,1026,0.008684,0.0
0,1027,0.007583,0.01
0,1028,-0.000165,-0.04
0,1029,-0.005792,0.01
0,1030,-0.013073,-0.04
0,1031,0.014257,0.03
0,1032,-0.008587,0.04
0,1033,-0.011313,-0.04
0,1034,0.019685,0.0
0,1035,0.016177,0.01
0,1036,-0.002851,0.01
0,1037,-0.005883,-0.04
0,1038,-0.009491,-0.06
0,1039,0.006382,-0.02
0,1040,0.004328,-0.05
0,1041,-0.007924,0.01
0,1042,-0.03837,-0.14
0,1043,-0.014819,-0.03
0,1044,-0.068014,-0.04
0,1045,0.03863,0.0
0,1046,-0.003802,0.05
0,1047,-0.008299,-0.07
0,1048,-0.008521,-0.01
0,1049,0.050899,0.02
0,1050,-0.016864,-0.09
0,1051,-0.02585,-0.19
0,1052,0.029453,0.09
0,1053,0.020475,0.02
0,1054,0.00773,0.03
0,1055,0.007517,-0.02
0,1056,-0.025452,-0.08
0,1057,0.001197,-0.1
0,1058,0.003725,-0.01
0,1059,0.005606,0.04
0,1060,0.035411,-0.04
0,1061,-0.021921,-0.05
0,1062,0.001947,-0.04
0,1063,0.003771,0.01
0,1064,0.000315,-0.02
0,1065,-0.030514,-0.15
0,1066,-0.030108,-0.11
0,1067,0.016434,-0.02
0,1068,-0.014004,-0.15
0,1069,-0.004016,0.08
0,1070,-0.014128,0.1
0,1071,-0.01158,0.22
0,1072,0.026005,0.21
0,1073,0.010786,-0.15
0,1074,0.041729,0.0
0,1075,0.008525,-0.14
0,1076,0.005651,0.03
0,1077,0.00145,0.1
0,1078,0.00563,0.02
0,1079,0.008001,0.03
0,1080,-0.007242,0.08
0,1081,0.001541,0.03
0,1082,-0.006509,-0.1
0,1083,0.002581,-0.03
0,1084,0.016703,-0.06
0,1085,0.011732,0.1
0,1086,0.011769,0.13
0,1087,-0.000684,0.01
0,1088,0.007049,0.05
0,1089,0.01357,-0.01
0,1090,0.006315,0.11
0,1091,-0.009474,-0.05
0,1092,-0.001717,-0.07
0,1093,0.007184,0.05
0,1094,0.009016,0.03
0,1095,0.003037,0.02
0,1096,0.004529,-0.02
0,1097,0.007104,0.0
0,1098,0.009492,-0.03
0,1099,0.021194,0.02
0,1100,-0.004393,0.01
0,1101,0.00328,-0.02
0,1102,0.0046,-0.02
0,1103,-0.024071,-0.07
0,1104,0.010012,-0.07
0,1105,-0.003429,-0.08
0,1106,-0.018023,-0.01
0,1107,0.023128,0.04
0,1108,0.009314,0.07
0,1109,-0.005321,-0.09
0,1110,0.001786,-0.04
0,1111,-0.015606,-0.03
0,1112,0.001236,0.08
0,1113,-0.021655,-0.03
0,1114,0.018954,0.04
0,1115,-0.000765,-0.04
0,1116,0.015526,0.0
0,1117,0.006822,0.0
0,1118,0.012466,0.06
0,1119,0.000607,0.06
0,1120,0.020747,0.11
0,1121,-0.001848,0.05
0,1122,-0.000636,-0.08
0,1123,0.013317,-0.07
0,1124,-0.007956,-0.06
0,1125,-0.002192,0.0
0,1126,-0.000919,0.04
0,1127,0.013582,0.05
0,1128,0.02214,-0.01
0,1129,-0.002051,0.04
0,1130,0.004221,0.09
0,1131,-0.008792,0.04
0,1132,-0.019282,-0.08
0,1133,-0.004123,-0.08
0,1134,-0.017993,-0.11
0,1135,0.025631,0.03
0,1136,0.00703,0.05
0,1137,0.00369,0.05
0,1138,-0.017078,-0.06
0,1139,-0.008072,-0.06
0,1140,0.007174,0.03
0,1141,0.014854,0.02
0,1142,-0.007299,-0.01
0,1143,0.017858,-0.01
0,1144,0.011277,-0.01
0,1145,-0.005189,0.09
0,1146,-0.008649,0.04
0,1147,0.007987,0.04
0,1148,-0.018537,0.06
0,1149,-0.007281,0.05
0,1150,0.003526,0.0
0,1151,-0.022215,-0.03
0,1152,0.006093,-0.01
0,1153,0.024919,0.03
0,1154,-0.019066,0.13
0,1155,0.009544,-0.03
0,1156,-0.014365,-0.05
0,1157,0.010825,0.06
0,1158,0.001568,0.03
0,1159,0.026565,-0.04
0,1160,-0.000755,0.07
0,1161,-0.013979,0.08
0,1162,-0.006694,0.14
0,1163,-0.005373,-0.03
0,1164,-0.001752,0.11
0,1165,-0.008623,-0.05
0,1166,0.001795,0.04
0,1167,0.015427,0.02
0,1168,0.023126,-0.07
0,1169,0.005692,-0.05
0,1170,-0.002253,-0.11
0,1171,0.005469,0.02
0,1172,0.008424,0.01
0,1173,-0.002381,-0.05
0,1174,0.009787,-0.01
0,1175,-0.000673,-0.04
0,1176,-0.006552,0.03
0,1177,0.014432,-0.03
0,1178,-0.01311,0.06
0,1179,-0.001755,0.04
0,1180,-0.026885,-0.01
0,1181,0.00511,-0.03
0,1182,0.016869,0.04
0,1183,-0.005574,0.0
0,1184,0.021336,0.07
0,1185,-0.00719,-0.07
0,1186,-0.011055,0.04
0,1187,0.005714,0.02
0,1188,0.021179,-0.07
0,1189,-0.002445,-0.07
0,1190,0.006829,0.01
0,1191,0.01288,-0.11
0,1192,0.003252,0.02
0,1193,0.007624,0.01
0,1194,-0.006484,0.06
0,1195,-0.015839,0.01
0,1196,-0.004208,0.05
0,1197,-0.00291,0.05
0,1198,-0.022381,-0.05
0,1199,0.012943,-0.02
0,1200,0.02293,0.01
0,1201,0.016989,0.08
0,1202,-0.00145,0.01
0,1203,0.002351,-0.03
0,1204,0.002029,-0.01
0,1205,-0.008725,0.05
0,1206,-0.005981,-0.05
0,1207,-0.005697,0.14
0,1208,0.014567,0.02
0,1209,-0.016706,0.04
0,1210,0.011494,-0.02
0,1211,-0.011326,0.12
0,1212,0.009722,0.02
0,1213,-0.003494,0.0
0,1214,0.011423,0.05
0,1215,0.006189,-0.08
0,1216,0.00261,-0.1
0,1217,-0.021761,0.21
0,1218,0.001263,0.04
0,1219,-0.004606,0.02
0,1220,0.008183,-0.08
0,1221,-0.004017,0.0
0,1222,-0.006379,-0.08
0,1223,-0.017771,-0.02
0,1224,-0.017028,-0.01
0,1225,0.015852,0.06
0,1226,-0.017896,0.07
0,1227,0.015943,0.02
0,1228,-0.005823,0.14
0,1229,0.000425,0.02
0,1230,0.003653,0.0
0,1231,0.021708,0.02
0,1232,0.005099,-0.01
0,1233,-0.012881,0.02
0,1234,0.000994,0.04
0,1235,-0.011997,0.05
0,1236,-0.007046,0.1
0,1237,0.000278,-0.04
0,1238,0.005533,0.0
0,1239,0.02248,-0.04
0,1240,0.007133,-0.15
0,1241,0.002194,0.05
0,1242,0.004587,0.06
0,1243,-0.009726,0.04
0,1244,-0.002111,0.06
0,1245,-0.012963,0.05
0,1246,-0.000357,-0.03
0,1247,0.012195,-0.06
0,1248,0.015097,-0.03
0,1249,0.015731,-0.12
0,1250,0.00601,0.04
0,1251,0.00743,-0.03
0,1252,-0.002228,0.06
0,1253,0.005576,0.04
0,1254,-0.001032,-0.07
0,1255,0.006354,-0.01
0,1256,-0.002979,-0.1
0,1257,-0.00396,-0.03
0,1258,0.003308,0.03
0,1259,0.008189,-0.02
1,0,0.005606,0.04
1,1,0.035411,-0.04
1,2,-0.021921,-0.05
1,3,0.001947,-0.04
1,4,0.003771,0.01
1,5,0.000315,-0.02
1,6,-0.030514,-0.15
1,7,-0.030108,-0.11
1,8,0.016434,-0.02
1,9,-0.014004,-0.15
1,10,-0.004016,0.08
1,11,-0.014128,0.1
1,12,-0.01158,0.22
1,13,0.026005,0.21
1,14,0.010786,-0.15
1,15,0.041729,0.0
1,16,0.008525,-0.14
1,17,0.005651,0.03
1,18,0.00145,0.1
1,19,0.00563,0.02
1,20,0.008001,0.03
1,21,-0.007242,0.08
1,22,0.001541,0.03
1,23,-0.006509,-0.1
1,24,0.002581,-0.03
1,25,0.016703,-0.06
1,26,0.011732,0.1
1,27,0.011769,0.13
1,28,-0.000684,0.01
1,29,0.007049,0.05
1,30,0.01357,-0.01
1,31,0.006315,0.11
1,32,-0.009474,-0.05
1,33,-0.001717,-0.07
1,34,0.007184,0.05
1,35,0.009016,0.03
1,36,0.003037,0.02
1,37,0.004529,-0.02
1,38,0.007104,0.0
1,39,0.009492,-0.03
1,40,0.021194,0.02
1,41,-0.004393,0.01
1,42,0.00328,-0.02
1,43,0.0046,-0.02
1,44,-0.024071,-0.07
1,45,0.010012,-0.07
1,46,-0.003429,-0.08
1,47,-0.018023,-0.01
1,48,0.023128,0.04
1,49,0.009314,0.07
1,50,-0.005321,-0.09
1,51,0.001786,-0.04
1,52,-0.015606,-0.03
1,53,0.001236,0.08
1,54,-0.021655,-0.03
1,55,0.018954,0.04
1,56,-0.000765,-0.04
1,57,0.015526,0.0
1,58,0.006822,0.0
1,59,0.012466,0.06
1,60,0.000607,0.06
1,61,0.020747,0.11
1,62,-0.001848,0.05
1,63,-0.000636,-0.08
1,64,0.013317,-0.07
1,65,-0.007956,-0.06
1,66,-0.002192,0.0
1,67,-0.000919,0.04
1,68,0.013582,0.05
1,69,0.02214,-0.01
1,70,-0.002051,0.04
1,71,0.004221,0.09
1,72,-0.008792,0.04
1,73,-0.019282,-0.08
1,74,-0.004123,-0.08
1,75,-0.017993,-0.11
1,76,0.025631,0.03
1,77,0.00703,0.05
1,78,0.00369,0.05
1,79,-0.017078,-0.06
1,80,-0.008072,-0.06
1,81,0.007174,0.03
1,82,0.014854,0.02
1,83,-0.007299,-0.01
1,84,0.017858,-0.01
1,85,0.011277,-0.01
1,86,-0.005189,0.09
1,87,-0.008649,0.04
1,88,0.007987,0.04
1,89,-0.018537,0.06
1,90,-0.007281,0.05
1,91,0.003526,0.0
1,92,-0.022215,-0.03
1,93,0.006093,-0.01
1,94,0.024919,0.03
1,95,-0.019066,0.13
1,96,0.009544,-0.03
1,97,-0.014365,-0.05
1,98,0.010825,0.06
1,99,0.001568,0.03
1,100,0.026565,-0.04
1,101,-0.000755,0.07
1,102,-0.013979,0.08
1,103,-0.006694,0.14
1,104,-0.005373,-0.03
1,105,-0.001752,0.11
1,106,-0.008623,-0.05
1,107,0.001795,0.04
1,108,0.015427,0.02
1,109,0.023126,-0.07
1,110,0.005692,-0.05
1,111,-0.002253,-0.11
1,112,0.005469,0.02
1,113,0.008424,0.01
1,114,-0.002381,-0.05
1,115,0.009787,-0.01
1,116,-0.000673,-0.04
1,117,-0.006552,0.03
1,118,0.014432,-0.03
1,119,-0.01311,0.06
1,120,-0.001755,0.04
1,121,-0.026885,-0.01
1,122,0.00511,-0.03
1,123,0.016869,0.04
1,124,-0.005574,0.0
1,125,0.021336,0.07
1,126,-0.00719,-0.07
1,127,-0.011055,0.04
1,128,0.005714,0.02
1,129,0.021179,-0.07
1,130,-0.002445,-0.07
1,131,0.006829,0.01
1,132,0.01288,-0.11
1,133,0.003252,0.02
1,134,0.007624,0.01
1,135,-0.006484,0.06
1,136,-0.015839,0.01
1,137,-0.004208,0.05
1,138,-0.00291,0.05
1,139,-0.022381,-0.05
1,140,0.012943,-0.02
1,141,0.02293,0.01
1,142,0.016989,0.08
1,143,-0.00145,0.01
1,144,0.002351,-0.03
1,145,0.002029,-0.01
1,146,-0.008725,0.05
1,147,-0.005981,-0.05
1,148,-0.005697,0.14
1,149,0.014567,0.02
1,150,-0.016706,0.04
1,151,0.011494,-0.02
1,152,-0.011326,0.12
1,153,0.009722,0.02
1,154,-0.003494,0.0
1,155,0.011423,0.05
1,156,0.006189,-0.08
1,157,0.00261,-0.1
1,158,-0.021761,0.21
1,159,0.001263,0.04
1,160,-0.004606,0.02
1,161,0.008183,-0.08
1,162,-0.004017,0.0
1,163,-0.006379,-0.08
1,164,-0.017771,-0.02
1,165,-0.017028,-0.01
1,166,0.015852,0.06
1,167,-0.017896,0.07
1,168,0.015943,0.02
1,169,-0.005823,0.14
1,170,0.000425,0.02
1,171,0.003653,0.0
1,172,0.021708,0.02
1,173,0.005099,-0.01
1,174,-0.012881,0.02
1,175,0.000994,0.04
1,176,-0.011997,0.05
1,177,-0.007046,0.1
1,178,0.000278,-0.04
1,179,0.005533,0.0
1,180,0.02248,-0.04
1,181,0.007133,-0.15
1,182,0.002194,0.05
1,183,0.004587,0.06
1,184,-0.009726,0.04
1,185,-0.002111,0.06
1,186,-0.012963,0.05
1,187,-0.000357,-0.03
1,188,0.012195,-0.06
1,189,0.015097,-0.03
1,190,0.015731,-0.12
1,191,0.00601,0.04
1,192,0.00743,-0.03
1,193,-0.002228,0.06
1,194,0.005576,0.04
1,195,-0.001032,-0.07
1,196,0.006354,-0.01
1,197,-0.002979,-0.1
1,198,-0.00396,-0.03
1,199,0.003308,0.03
1,200,0.008189,-0.02
1,201,0.006498,-0.04
1,202,-0.007845,-0.02
1,203,-0.021703,-0.01
1,204,0.00159,0.01
1,205,-0.013282,0.12
1,206,-0.002961,0.06
1,207,-0.006765,0.02
1,208,0.011189,-0.04
1,209,0.001878,-0.01
1,210,-0.017848,0.07
1,211,-0.00918,0.04
1,212,-0.000504,0.0
1,213,-0.00442,0.03
1,214,-0.012744,0.01
1,215,0.00642,-0.08
1,216,-0.010215,0.14
1,217,-0.001915,0.11
1,218,-0.012614,0.03
1,219,0.015998,-0.11
1,220,-0.002896,0.03
1,221,0.02274,-0.1
1,222,0.002327,0.0
1,223,0.010062,-0.09
1,224,-0.008422,-0.01
1,225,-0.00694,0.02
1,226,0.009837,-0.02
1,227,0.017664,0.01
1,228,0.002411,-0.04
1,229,0.013414,-0.12
1,230,-0.014315,0.02
1,231,-0.010088,0.1
1,232,-0.017986,0.1
1,233,-0.002727,0.03
1,234,0.008073,0.01
1,235,-0.008985,0.04
1,236,0.028906,-0.14
1,237,-0.005003,0.06
1,238,-0.004665,-0.02
1,239,0.002611,0.04
1,240,0.002968,-0.08
1,241,-0.005571,0.03
1,242,-0.005833,0.04
1,243,-0.01371,-0.02
1,244,0.000387,-0.04
1,245,0.012848,-0.03
1,246,8.2e-05,0.04
1,247,-0.020928,0.03
1,248,0.002241,-0.02
1,249,-0.022968,-0.05
1,250,-0.002382,-0.12
1,251,0.004658,0.08
1,252,-0.000865,0.06
1,253,-0.010786,0.08
1,254,0.011306,-0.07
1,255,7.8e-05,0.1
1,256,0.016986,-0.05
1,257,-0.002491,0.07
1,258,0.018481,0.02
1,259,-0.005855,0.01
1,260,0.013949,-0.01
1,261,-0.020936,0.05
1,262,-0.001657,0.05
1,263,-0.028058,-0.08
1,264,0.005387,0.03
1,265,0.005733,0.06
1,266,0.022286,0.01
1,267,-0.004514,0.01
1,268,0.014054,0.01
1,269,-0.006161,0.01
1,270,-0.00906,0.02
1,271,0.011545,-0.05
1,272,0.035266,-0.07
1,273,0.015263,-0.1
1,274,-0.006464,0.04
1,275,-0.004712,-0.02
1,276,0.005335,-0.03
1,277,0.00569,-0.06
1,278,0.00557,-0.03
1,279,0.004948,0.03
1,280,-0.008518,0.02
1,281,0.005991,0.03
1,282,-0.001196,0.01
1,283,0.018417,0.03
1,284,-0.006591,0.07
1,285,0.010087,0.02
1,286,-0.002063,0.01
1,287,-0.000745,0.02
1,288,-0.011471,-0.01
1,289,0.008856,0.01
1,290,-0.000325,0.03
1,291,-0.006205,0.09
1,292,-0.013325,-0.03
1,293,0.006227,0.03
1,294,0.008099,0.03
1,295,0.017217,-0.07
1,296,-0.006956,-0.01
1,297,-0.009949,-0.05
1,298,-0.003754,0.04
1,299,0.003013,-0.01
1,300,0.006342,-0.06
1,301,-0.001284,0.03
1,302,-0.008515,0.11
1,303,0.007241,0.03
1,304,0.003856,0.06
1,305,0.001586,-0.01
1,306,-0.002069,0.06
1,307,0.010817,0.02
1,308,0.001786,0.01
1,309,0.015564,0.02
1,310,-0.00085,-0.01
1,311,0.000384,0.03
1,312,0.003979,-0.03
1,313,0.00069,-0.01
1,314,0.003264,0.06
1,315,-0.009549,0.13
1,316,-0.038345,-0.09
1,317,0.001922,0.13
1,318,0.000956,-0.05
1,319,0.02709,-0.05
1,320,0.01119,0.05
1,321,-0.013063,0.1
1,322,-0.004386,0.05
1,323,0.01217,-0.09
1,324,0.010671,0.06
1,325,-0.006832,0.06
1,326,0.000522,-0.02
1,327,-0.007095,0.06
1,328,-0.002912,0.0
1,329,-0.027634,-0.1
1,330,0.006065,0.01
1,331,-0.004213,-0.01
1,332,-0.003938,-0.01
1,333,-0.027457,-0.02
1,334,0.025218,0.02
1,335,0.010628,-0.06
1,336,-0.000114,-0.02
1,337,0.011248,-0.11
1,338,-0.000421,0.04
1,339,-9.1e-05,0.11
1,340,0.012273,-0.05
1,341,-0.020815,-0.03
1,342,0.003627,0.11
1,343,-0.020969,-0.04
1,344,0.002033,-0.07
1,345,0.008713,0.0
1,346,-0.010256,0.0
1,347,0.000425,0.02
1,348,-0.030376,-0.09
1,349,0.004517,-0.13
1,350,0.006301,0.08
1,351,-0.005336,-0.08
1,352,-0.014829,0.0
1,353,0.011017,0.01
1,354,0.013627,0.05
1,355,0.009346,-0.03
1,356,0.001863,0.01
1,357,0.019837,-0.01
1,358,-0.012695,0.03
1,359,-0.025631,-0.03
1,360,0.008173,-0.01
1,361,0.025602,-0.03
1,362,-0.004723,0.04
1,363,-0.008207,-0.03
1,364,-0.017685,-0.05
1,365,0.024273,-0.02
1,366,0.047646,-0.03
1,367,0.004114,-0.06
1,368,-0.005353,-0.02
1,369,0.025566,-0.05
1,370,0.004532,0.0
1,371,0.017799,-0.05
1,372,7.2e-05,0.12
1,373,-0.002357,0.01
1,374,-0.010585,-0.04
1,375,0.000524,0.01
1,376,-0.013656,-0.12
1,377,0.007164,-0.03
1,378,0.004931,-0.03
1,379,-0.007464,-0.1
1,380,-0.004924,0.0
1,381,0.009392,0.03
1,382,0.009998,-0.07
1,383,-0.007841,-0.06
1,384,-0.002572,0.09
1,385,-0.022271,0.08
1,386,-0.018171,-0.03
1,387,-0.058278,-0.09
1,388,0.033084,0.16
1,389,0.028663,0.04
1,390,-0.009808,-0.06
1,391,0.004953,0.0
1,392,-0.003262,0.01
1,393,0.033276,0.14
1,394,-0.011134,0.0
1,395,0.00269,0.09
1,396,-0.008526,0.0
1,397,0.010892,0.06
1,398,-0.014957,0.03
1,399,-0.021566,0.08
1,400,-0.003908,0.06
1,401,0.01636,0.05
1,402,-0.005905,0.06
1,403,-0.008447,-0.04
1,404,-0.0206,-0.06
1,405,0.017902,-0.04
1,406,0.009341,0.08
1,407,0.022098,-0.04
1,408,0.009419,-0.04
1,409,-0.012442,0.05
1,410,-0.007315,0.08
1,411,-0.021055,-0.05
1,412,-0.004428,-0.07
1,413,-0.019176,0.01
1,414,0.018335,0.02
1,415,-0.01253,-0.08
1,416,-0.002533,-0.06
1,417,0.032242,0.05
1,418,-0.001301,-0.09
1,419,0.019858,-0.09
1,420,0.019637,-0.05
1,421,-0.006519,-0.03
1,422,-0.006671,0.02
1,423,0.009274,-0.01
1,424,-0.006586,0.0
1,425,-0.003229,0.0
1,426,-0.007516,-0.04
1,427,0.01621,0.02
1,428,0.000749,-0.05
1,429,0.005569,-0.01
1,430,-0.00965,-0.06
1,431,0.014708,0.01
1,432,-0.006763,0.03
1,433,0.002155,0.08
1,434,-0.01822,0.01
1,435,-0.007368,0.07
1,436,0.009594,-0.08
1,437,-0.003271,-0.01
1,438,0.002944,0.01
1,439,-0.008544,-0.07
1,440,0.008465,-0.01
1,441,0.010271,-0.03
1,442,-0.015862,-0.01
1,443,0.007219,0.06
1,444,0.015261,-0.04
1,445,-0.002218,0.03
1,446,0.003565,0.02
1,447,0.00813,0.03
1,448,0.001956,-0.08
1,449,0.009453,0.09
1,450,0.000338,0.07
1,451,-0.011089,-0.01
1,452,-0.007886,0.0
1,453,0.009184,-0.15
1,454,-0.010284,0.0
1,455,-0.010742,0.03
1,456,0.006952,0.0
1,457,-0.014955,0.0
1,458,-0.001928,-0.02
1,459,-0.020509,0.02
1,460,0.007705,0.0
1,461,0.005081,-0.04
1,462,0.000417,-0.02
1,463,0.009634,-0.03
1,464,0.007139,-0.04
1,465,0.011204,0.06
1,466,0.002352,-0.04
1,467,-0.006697,-0.12
1,468,-0.008568,-0.05
1,469,0.007937,0.03
1,470,0.013398,-0.01
1,471,-0.00478,0.03
1,472,-0.003085,0.02
1,473,0.010961,-0.02
1,474,-0.002908,-0.03
1,475,0.005202,0.01
1,476,-0.0009,-0.01
1,477,0.005233,-0.05
1,478,0.001554,0.0
1,479,-0.001233,0.0
1,480,0.005072,0.05
1,481,-0.002807,0.03
1,482,-0.004802,0.0
1,483,0.010043,-0.08
1,484,0.002036,-0.05
1,485,-0.009002,0.01
1,486,-0.00984,0.03
1,487,0.006876,0.04
1,488,-0.005331,-0.03
1,489,-0.003506,0.04
1,490,-0.004882,0.01
1,491,0.00197,-0.04
1,492,-0.002721,0.05
1,493,-0.01017,0.05
1,494,-0.014531,0.04
1,495,0.010654,-0.02
1,496,-0.005863,0.05
1,497,-0.001578,-0.03
1,498,-0.000228,-0.03
1,499,-0.006689,-0.01
1,500,-0.008214,-0.03
1,501,-0.000448,0.02
1,502,0.022235,-0.01
1,503,-0.014935,-0.02
1,504,-0.000195,0.03
1,505,-0.006803,0.04
1,506,0.00551,0.03
1,507,0.001367,-0.03
1,508,-0.019,-0.05
1,509,-0.016171,-0.03
1,510,-0.025509,-0.04
1,511,0.033381,0.0
1,512,0.000327,0.01
1,513,-0.017932,-0.06
1,514,-0.005808,-0.02
1,515,0.034743,0.0
1,516,0.005883,-0.02
1,517,-0.000823,-0.05
1,518,0.001684,0.04
1,519,-0.023767,0.04
1,520,-0.000337,0.02
1,521,0.011096,0.03
1,522,0.01383,0.02
1,523,0.021978,0.03
1,524,-0.005723,-0.03
1,525,0.004996,0.0
1,526,-0.001141,0.09
1,527,0.003855,0.04
1,528,-0.000223,0.0
1,529,-0.015777,0.0
1,530,-0.006486,-0.05
1,531,-0.024398,0.0
1,532,-0.010776,-0.05
1,533,0.023452,-0.01
1,534,0.00496,-0.04
1,535,-0.012584,-0.04
1,536,-0.003352,0.03
1,537,-0.018352,-0.03
1,538,0.003523,-0.01
1,539,-0.018548,-0.05
1,540,0.014678,0.01
1,541,0.005366,0.01
1,542,-0.009548,-0.05
1,543,0.004371,-0.04
1,544,-0.020105,-0.07
1,545,0.000213,0.04
1,546,0.007406,0.01
1,547,0.038922,-0.1
1,548,-0.01822,-0.11
1,549,-0.005853,0.0
1,550,0.019605,0.03
1,551,0.007526,0.02
1,552,-0.006535,-0.01
1,553,-0.008161,-0.07
1,554,-0.014015,-0.06
1,555,-0.021463,-0.03
1,556,0.008071,-0.03
1,557,-0.012958,0.02
1,558,-0.031296,-0.11
1,559,0.008002,-0.05
1,560,0.024387,-0.01
1,561,0.007075,0.02
1,562,0.01044,0.07
1,563,0.003988,0.02
1,564,-0.010448,-0.01
1,565,-0.028032,-0.2
1,566,0.050099,0.22
1,567,-0.010552,-0.11
1,568,-0.026242,-0.1
1,569,-0.001918,0.01
1,570,0.003812,0.04
1,571,0.009586,0.12
1,572,0.010318,0.04
1,573,-0.006233,0.11
1,574,0.006143,-0.01
1,575,0.002126,-0.05
1,576,0.013915,-0.07
1,577,-0.004028,0.07
1,578,0.000268,0.06
1,579,0.013031,0.05
1,580,0.002867,0.03
1,581,-0.004977,-0.04
1,582,-0.001886,0.0
1,583,0.006805,0.03
1,584,0.007008,-0.08
1,585,-0.00562,-0.05
1,586,0.005461,-0.09
1,587,-0.017474,0.07
1,588,0.003587,0.01
1,589,-0.001514,0.04
1,590,-0.008408,-0.12
1,591,-0.006235,0.0
1,592,-0.013336,-0.07
1,593,0.011827,0.02
1,594,-0.008652,0.02
1,595,-0.002184,0.06
1,596,0.008124,0.06
1,597,-0.018905,-0.08
1,598,-0.017356,0.0
1,599,-0.018508,0.03
1,600,-0.001952,0.01
1,601,-0.005555,-0.05
1,602,0.01749,-0.05
1,603,-0.00766,-0.09
1,604,-0.014309,-0.04
1,605,0.00104,-0.05
1,606,-0.00568,0.08
1,607,0.005858,0.03
1,608,0.009981,0.01
1,609,0.006452,-0.07
1,610,0.002259,-0.03
1,611,-0.024764,0.06
1,612,-0.043181,-0.03
1,613,0.014828,0.03
1,614,-0.025842,-0.11
1,615,0.005871,-0.03
1,616,-0.019624,-0.03
1,617,0.017627,0.04
1,618,-0.024077,-0.04
1,619,-0.017924,-0.01
1,620,-0.004064,-0.04
1,621,0.019909,0.07
1,622,0.011282,0.05
1,623,0.025575,0.15
1,624,-0.02443,-0.03
1,625,-0.00463,0.01
1,626,0.010784,-0.05
1,627,-0.012462,0.05
1,628,-0.034393,-0.04
1,629,-0.002901,0.0
1,630,0.04368,0.04
1,631,-0.019984,-0.09
1,632,0.008117,0.04
1,633,0.027066,0.16
1,634,-0.002131,0.03
1,635,0.015104,0.05
1,636,-0.003228,0.11
1,637,0.010282,-0.07
1,638,0.03889,-0.07
1,639,0.012543,0.13
1,640,-0.008543,0.02
1,641,-0.01498,-0.09
1,642,-0.012161,0.02
1,643,0.015941,0.06
1,644,0.004696,-0.08
1,645,0.01501,0.14
1,646,-0.002865,0.01
1,647,0.01359,-0.05
1,648,0.000782,0.01
1,649,-0.014873,-0.09
1,650,0.01444,-0.01
1,651,-0.002447,0.0
1,652,-0.001828,0.03
1,653,-0.004488,-0.04
1,654,-0.000287,0.11
1,655,-0.007577,0.2
1,656,0.002609,-0.05
1,657,0.000416,0.04
1,658,0.028453,-0.02
1,659,0.002724,-0.02
1,660,0.002693,-0.05
1,661,0.016154,0.0
1,662,-0.002628,0.01
1,663,-0.015526,-0.01
1,664,0.003196,0.11
1,665,-0.011816,0.0
1,666,-0.007794,0.02
1,667,-0.015655,0.0
1,668,0.006202,-0.11
1,669,0.003862,-0.04
1,670,0.005108,-0.04
1,671,0.01299,-0.06
1,672,-0.010549,-0.02
1,673,0.005457,0.06
1,674,-0.009397,0.05
1,675,-0.008356,-0.06
1,676,0.001164,-0.05
1,677,-0.011347,0.01
1,678,-0.017502,-0.02
1,679,-0.004517,0.01
1,680,-0.004883,0.0
1,681,0.003434,-0.01
1,682,0.008709,-0.02
1,683,0.011364,-0.02
1,684,-0.00945,-0.08
1,685,-0.005509,0.02
1,686,-0.00151,0.08
1,687,-0.004676,0.02
1,688,0.012493,0.09
1,689,-0.001484,0.07
1,690,0.010079,-0.05
1,691,-0.001836,0.04
1,692,-0.012321,0.03
1,693,-0.023498,-0.03
1,694,0.006879,-0.04
1,695,-0.014398,-0.05
1,696,-0.001134,-0.01
1,697,0.023691,-0.04
1,698,0.006241,0.0
1,699,-0.010883,-0.06
1,700,0.009971,0.01
1,701,-0.005542,-0.1
1,702,0.006053,0.01
1,703,-0.003432,0.02
1,704,-0.016369,-0.02
1,705,-0.016272,0.0
1,706,0.01608,0.07
1,707,0.010449,-0.01
1,708,0.002402,-0.06
1,709,-0.001078,-0.02
1,710,0.005571,-0.04
1,711,0.00388,0.04
1,712,0.003964,0.06
1,713,-0.005243,0.03
1,714,-0.011422,-0.01
1,715,0.003265,0.01
1,716,-0.017328,-0.21
1,717,-8.4e-05,0.05
1,718,0.005687,-0.05
1,719,0.000949,-0.02
1,720,-0.003828,0.0
1,721,-0.007339,0.03
1,722,0.00309,-0.05
1,723,-0.016663,-0.11
1,724,0.008124,0.07
1,725,-0.012079,-0.04
1,726,0.006956,0.04
1,727,-0.002763,-0.02
1,728,0.019654,0.04
1,729,-0.004827,0.01
1,730,-0.01501,-0.09
1,731,-0.011149,-0.07
1,732,-0.017004,0.01
1,733,0.00403,0.06
1,734,-0.000565,0.14
1,735,-0.001059,-0.02
1,736,-0.02239,-0.11
1,737,-0.018637,-0.06
1,738,0.006226,0.04
1,739,-0.049216,-0.21
1,740,-0.005805,0.09
1,741,-0.016112,-0.03
1,742,-0.03106,0.06
1,743,-0.019034,-0.05
1,744,0.038983,0.03
1,745,0.00879,-0.01
1,746,-0.005167,-0.07
1,747,0.011489,-0.07
1,748,0.021922,0.02
1,749,-0.002296,-0.05
1,750,0.012306,-0.02
1,751,0.019927,-0.03
1,752,-0.002471,0.03
1,753,0.001636,-0.01
1,754,0.022938,-0.01
1,755,0.015208,0.08
1,756,-0.005267,-0.01
1,757,-0.00153,-0.06
1,758,0.006936,-0.03
1,759,-0.018633,0.0
1,760,-0.007873,-0.01
1,761,0.004557,0.05
1,762,0.015296,0.0
1,763,-0.004698,0.03
1,764,0.000387,-0.05
1,765,0.013721,-0.05
1,766,0.004109,-0.03
1,767,-0.023818,-0.03
1,768,-0.017166,-0.06
1,769,-9e-06,-0.14
1,770,0.022948,-0.06
1,771,0.00286,0.13
1,772,0.014386,-0.06
1,773,0.014526,-0.01
1,774,-0.002735,-0.08
1,775,0.002456,0.1
1,776,0.001582,0.02
1,777,0.001861,0.13
1,778,0.000903,0.25
1,779,-0.003143,0.12
1,780,0.010899,-0.11
1,781,-0.007298,0.08
1,782,-0.004927,0.1
1,783,0.011706,0.06
1,784,0.006155,0.01
1,785,-0.006843,-0.07
1,786,-0.018251,0.0
1,787,0.01035,-0.19
1,788,-0.000658,-0.01
1,789,-0.008381,-0.03
1,790,0.013187,-0.05
1,791,0.022318,0.22
1,792,-0.002777,0.12
1,793,-0.007531,0.16
1,794,-0.015868,-0.03
1,795,-0.002781,-0.04
1,796,0.000273,-0.11
1,797,-0.015558,0.11
1,798,0.003314,0.11
1,799,0.010035,0.02
1,800,0.007546,-0.1
1,801,0.00581,-0.08
1,802,-0.008377,0.0
1,803,0.004351,0.04
1,804,-0.00021,0.06
1,805,0.004124,0.04
1,806,0.006752,-0.09
1,807,0.003362,0.02
1,808,-0.011145,-0.08
1,809,0.00574,0.13
1,810,0.00918,-0.04
1,811,0.006213,0.02
1,812,-0.006499,-0.09
1,813,-0.003588,0.01
1,814,-0.004799,0.0
1,815,0.001221,-0.1
1,816,-0.009468,-0.08
1,817,-0.006276,-0.01
1,818,0.006834,-0.03
1,819,-0.016245,0.0
1,820,0.01003,0.1
1,821,-0.009922,-0.04
1,822,-0.007334,0.02
1,823,0.007925,0.09
1,824,0.003519,0.02
1,825,0.000998,0.03
1,826,-0.000194,0.02
1,827,-0.028613,-0.1
1,828,0.011748,0.0
1,829,0.014934,0.05
1,830,-0.007078,-0.05
1,831,-0.024737,-0.08
1,832,-0.004039,-0.02
1,833,-0.005972,0.0
1,834,-0.003083,0.01
1,835,0.014859,-0.03
1,836,0.01434,0.01
1,837,-0.003993,0.06
1,838,0.009941,0.04
1,839,-0.001815,-0.06
1,840,-0.011017,-0.09
1,841,-0.018874,0.02
1,842,0.013514,0.0
1,843,-0.01551,0.0
1,844,0.008224,-0.04
1,845,0.017975,0.02
1,846,-4.5e-05,0.07
1,847,0.00046,-0.09
1,848,-0.002847,0.04
1,849,0.022634,0.1
1,850,0.019491,0.04
1,851,-0.006673,0.0
1,852,0.01451,0.04
1,853,-0.004498,0.16
1,854,0.005849,0.11
1,855,0.003393,0.0
1,856,-0.002294,-0.01
1,857,-0.009858,-0.04
1,858,-0.00091,0.12
1,859,0.011379,-0.05
1,860,-0.000523,-0.03
1,861,0.004067,0.01
1,862,-0.015757,0.07
1,863,0.001511,-0.01
1,864,-0.004239,0.01
1,865,-0.014651,0.01
1,866,0.005849,-0.06
1,867,0.005349,0.0
1,868,0.002455,0.07
1,869,-0.000741,0.02
1,870,-0.00853,-0.08
1,871,-0.009993,-0.06
1,872,0.000835,-0.02
1,873,-0.003205,-0.06
1,874,0.00228,0.03
1,875,-0.006656,-0.03
1,876,0.011335,0.02
1,877,-0.023689,-0.02
1,878,0.006632,-0.04
1,879,-0.007615,-0.03
1,880,0.023418,0.05
1,881,-0.002038,0.04
1,882,-0.001421,-0.01
1,883,0.000623,-0.02
1,884,-0.015411,-0.02
1,885,-0.006201,-0.01
1,886,-0.007103,-0.07
1,887,-0.001519,-0.01
1,888,-0.013889,-0.02
1,889,-0.010099,0.05
1,890,0.010765,-0.02
1,891,0.008859,-0.03
1,892,-0.001749,0.05
1,893,-0.010262,-0.05
1,894,-0.01934,0.02
1,895,-0.003021,-0.01
1,896,0.037504,0.15
1,897,-0.014547,-0.04
1,898,-0.016794,-0.05
1,899,0.01855,0.08
1,900,0.021144,0.09
1,901,-0.005659,-0.04
1,902,0.006562,-0.08
1,903,0.007612,0.07
1,904,-0.013293,-0.06
1,905,-0.01099,-0.03
1,906,0.005686,-0.05
1,907,0.010184,0.03
1,908,-0.012087,0.0
1,909,-0.008553,0.0
1,910,-0.006412,-0.05
1,911,-0.00281,-0.05
1,912,0.002329,0.02
1,913,-0.024795,-0.02
1,914,1e-05,-0.02
1,915,0.00885,0.04
1,916,-0.019764,-0.04
1,917,-0.001574,0.06
1,918,0.003124,-0.03
1,919,-0.016629,-0.05
1,920,0.006571,-0.04
1,921,-0.010488,-0.04
1,922,-0.002268,-0.11
1,923,0.028691,0.06
1,924,0.000936,-0.01
1,925,-0.016536,-0.12
1,926,-0.013432,0.09
1,927,-0.017043,-0.06
1,928,0.003619,0.08
1,929,-0.016702,0.01
1,930,-0.002674,-0.13
1,931,0.017575,0.09
1,932,-0.000828,0.02
1,933,-0.021388,-0.01
1,934,-0.021225,-0.08
1,935,0.006223,0.01
1,936,0.03673,0.12
1,937,-0.012184,-0.06
1,938,-0.024719,-0.06
1,939,-0.033962,-0.12
1,940,0.007496,0.0
1,941,-0.006448,-0.03
1,942,-0.003755,0.03
1,943,-0.018509,0.09
1,944,0.005661,-0.04
1,945,-0.027019,-0.05
1,946,-0.038352,-0.05
1,947,-0.032911,-0.1
1,948,-0.027017,-0.04
1,949,0.057327,0.02
1,950,-0.005632,-0.06
1,951,0.016884,0.0
1,952,0.054078,0.19
1,953,0.004249,0.03
1,954,0.009792,-0.14
1,955,-0.029574,-0.04
1,956,-0.023082,-0.14
1,957,-0.034296,-0.04
1,958,0.029919,0.13
1,959,0.02001,-0.07
1,960,0.032722,0.05
1,961,0.003512,-0.13
1,962,-0.005327,-0.05
1,963,-0.021675,-0.1
1,964,0.040047,-0.06
1,965,0.011559,0.11
1,966,-0.001591,0.15
1,967,0.023612,-0.03
1,968,-0.013958,-0.12
1,969,0.012726,0.03
1,970,0.014052,0.1
1,971,-0.022686,-0.05
1,972,0.007536,-0.03
1,973,-0.013851,0.07
1,974,-0.018132,-0.07
1,975,-7.6e-05,-0.06
1,976,-0.001885,-0.02
1,977,-0.041536,-0.16
1,978,0.017517,-0.02
1,979,-0.01595,-0.05
1,980,0.0168,0.14
1,981,0.010113,0.0
1,982,0.007331,-0.05
1,983,-0.000143,0.07
1,984,-0.024784,-0.09
1,985,0.00327,-0.06
1,986,0.00145,-0.02
1,987,-0.019728,-0.03
1,988,-0.004648,-0.01
1,989,-0.030065,-0.07
1,990,0.002455,0.0
1,991,-0.013828,-0.09
1,992,-0.017284,-0.01
1,993,0.024863,0.08
1,994,0.01821,0.02
1,995,-0.032259,-0.1
1,996,-0.014613,-0.06
1,997,0.040023,0.09
1,998,-0.023587,-0.01
1,999,-0.010822,-0.01
1,1000,-0.022431,-0.01
1,1001,-0.019111,-0.05
1,1002,0.016898,0.01
1,1003,-0.027287,-0.04
1,1004,0.034966,0.07
1,1005,0.039059,0.15
1,1006,-0.024113,-0.01
1,1007,0.022302,0.1
1,1008,0.005903,-0.02
1,1009,0.017334,0.1
1,1010,-0.010626,0.03
1,1011,0.006718,-0.01
1,1012,-0.015221,-0.1
1,1013,0.017167,-0.04
1,1014,-0.008266,-0.02
1,1015,-0.009076,-0.13
1,1016,0.009704,0.02
1,1017,-0.005557,-0.06
1,1018,0.01716,0.08
1,1019,0.008202,0.06
1,1020,0.00775,0.03
1,1021,0.009144,-0.01
1,1022,-0.022852,-0.21
1,1023,-0.008763,-0.03
1,1024,-0.000476,0.0
1,1025,0.024634,0.19
1,1026,0.006149,0.02
1,1027,-0.010409,-0.03
1,1028,-0.004021,-0.03
1,1029,0.019415,0.09
1,1030,0.021452,0.06
1,1031,-0.003438,0.04
1,1032,0.002493,0.01
1,1033,-0.020968,-0.11
1,1034,0.027986,0.18
1,1035,-0.002727,-0.04
1,1036,-0.001901,0.0
1,1037,-0.014745,0.02
1,1038,-0.003443,-0.06
1,1039,-0.012021,-0.05
1,1040,0.006266,-0.04
1,1041,-0.022176,-0.03
1,1042,0.013957,0.0
1,1043,0.000564,-0.05
1,1044,-0.003735,0.0
1,1045,-0.013421,0.06
1,1046,0.023519,0.08
1,1047,-0.008139,-0.02
1,1048,-0.013145,-0.07
1,1049,-0.007709,-0.1
1,1050,0.013017,0.01
1,1051,0.001809,0.01
1,1052,-0.005471,-0.03
1,1053,-0.003149,-0.02
1,1054,-0.016029,-0.1
1,1055,0.004558,-0.01
1,1056,0.000489,0.01
1,1057,0.0332,0.24
1,1058,-0.000484,-0.02
1,1059,0.022474,0.04
1,1060,-0.006545,-0.05
1,1061,-0.014086,-0.04
1,1062,0.019386,0.19
1,1063,0.0,-0.03
1,1064,-0.001412,-0.01
1,1065,0.00583,-0.05
1,1066,-0.014426,0.0
1,1067,-0.003942,0.0
1,1068,-0.014017,-0.05
1,1069,-0.015702,-0.04
1,1070,-0.010432,-0.06
1,1071,0.010224,0.03
1,1072,-0.029233,-0.04
1,1073,-0.01616,0.04
1,1074,0.01305,0.02
1,1075,0.006779,0.06
1,1076,-0.022849,-0.06
1,1077,0.01313,0.0
1,1078,0.005399,0.01
1,1079,-0.014088,-0.05
1,1080,-0.005435,0.06
1,1081,-0.006449,-0.05
1,1082,-0.010094,-0.01
1,1083,0.007569,0.03
1,1084,-0.008098,-0.01
1,1085,-0.012687,-0.05
1,1086,-0.0016,-0.04
1,1087,0.021435,0.06
1,1088,0.0195,-0.01
1,1089,-0.007096,-0.06
1,1090,-0.009501,-0.03
1,1091,0.013224,0.05
1,1092,-0.018381,-0.04
1,1093,0.007195,-0.05
1,1094,-0.013141,-0.03
1,1095,0.011758,-0.02
1,1096,0.004622,-0.05
1,1097,-0.007537,-0.03
1,1098,-0.015357,-0.03
1,1099,0.009562,-0.02
1,1100,-0.009339,0.04
1,1101,0.008259,-0.04
1,1102,-0.02583,-0.04
1,1103,-0.008359,0.01
1,1104,0.004321,0.0
1,1105,0.034457,0.14
1,1106,0.001647,-0.02
1,1107,0.035427,0.1
1,1108,0.004242,0.09
1,1109,0.008737,0.07
1,1110,0.001888,0.03
1,1111,0.022977,0.1
1,1112,-0.035231,-0.13
1,1113,0.012161,-0.01
1,1114,-0.005476,-0.01
1,1115,-0.001644,-0.01
1,1116,-0.00578,-0.03
1,1117,-0.017742,-0.09
1,1118,0.012144,0.01
1,1119,0.026116,0.1
1,1120,-0.005052,-0.01
1,1121,0.002738,0.03
1,1122,0.001229,0.07
1,1123,-0.001864,-0.08
1,1124,-0.014004,-0.02
1,1125,0.006455,0.02
1,1126,-0.003763,0.05
1,1127,0.019498,0.04
1,1128,0.006303,-0.06
1,1129,-0.012236,-0.02
1,1130,0.015536,0.02
1,1131,-0.001757,0.02
1,1132,0.021704,0.01
1,1133,0.008394,0.01
1,1134,-0.008259,-0.09
1,1135,-0.013846,-0.02
1,1136,0.017835,0.01
1,1137,0.003279,0.04
1,1138,-0.001002,-0.07
1,1139,-0.000676,-0.01
1,1140,0.015039,0.06
1,1141,-0.003795,-0.02
1,1142,0.008461,-0.08
1,1143,-0.005105,-0.12
1,1144,-0.010058,-0.02
1,1145,0.014278,-0.01
1,1146,0.012535,-0.05
1,1147,-0.002973,-0.01
1,1148,-0.003205,-0.1
1,1149,0.007868,0.0
1,1150,-0.002504,-0.07
1,1151,-0.024918,0.0
1,1152,-0.001129,-0.08
1,1153,0.004012,0.01
1,1154,0.009151,-0.05
1,1155,0.001449,0.0
1,1156,0.019567,0.07
1,1157,0.001829,0.03
1,1158,-0.003756,-0.1
1,1159,0.01469,0.03
1,1160,0.003539,0.06
1,1161,0.004716,-0.09
1,1162,0.01511,-0.04
1,1163,0.003954,0.04
1,1164,-0.002404,0.03
1,1165,-0.011977,-0.08
1,1166,0.00913,-0.09
1,1167,0.012835,0.01
1,1168,0.001033,-0.03
1,1169,-0.009915,-0.05
1,1170,0.022385,0.05
1,1171,0.00091,0.09
1,1172,-0.001552,0.1
1,1173,-0.015236,-0.02
1,1174,0.000995,0.05
1,1175,-0.014111,-0.08
1,1176,0.001844,-0.03
1,1177,-0.008267,0.09
1,1178,0.010766,0.17
1,1179,-0.009738,0.03
1,1180,-0.001762,-0.04
1,1181,0.008025,0.02
1,1182,0.011636,0.0
1,1183,-0.008101,0.11
1,1184,0.018992,0.07
1,1185,0.003405,0.01
1,1186,-0.005586,-0.02
1,1187,-0.01348,-0.03
1,1188,0.009548,-0.04
1,1189,0.005731,0.08
1,1190,-0.003427,0.2
1,1191,-0.006327,0.03
1,1192,-0.012433,0.01
1,1193,0.011806,0.02
1,1194,-0.014618,0.19
1,1195,0.009512,-0.02
1,1196,0.000506,-0.05
1,1197,-0.007091,0.08
1,1198,0.0174,0.02
1,1199,-0.002163,0.09
1,1200,-0.007265,0.11
1,1201,-0.001809,-0.08
1,1202,0.002856,0.15
1,1203,-0.010259,-0.05
1,1204,0.002724,-0.09
1,1205,-0.017663,0.12
1,1206,0.001678,-0.15
1,1207,0.00728,-0.02
1,1208,0.003562,-0.03
1,1209,0.003069,0.11
1,1210,0.009953,-0.01
1,1211,-0.006382,0.21
1,1212,0.006585,-0.03
1,1213,0.000162,0.0
1,1214,0.009155,-0.06
1,1215,0.002611,-0.11
1,1216,-0.002045,0.07
1,1217,0.002969,0.08
1,1218,-0.010177,-0.05
1,1219,0.000655,0.05
1,1220,0.003039,-0.03
1,1221,6e-05,0.04
1,1222,0.006069,-0.12
1,1223,0.005155,0.03
1,1224,0.013869,0.16
1,1225,0.004188,-0.01
1,1226,0.001656,-0.08
1,1227,-0.006401,-0.17
1,1228,0.010035,0.06
1,1229,-0.00821,-0.04
1,1230,-0.011973,-0.09
1,1231,0.005441,0.07
1,1232,0.002174,-0.08
1,1233,-0.00375,0.01
1,1234,0.014298,0.01
1,1235,-0.003255,-0.09
1,1236,0.013265,-0.01
1,1237,-0.003155,-0.02
1,1238,-0.013008,0.09
1,1239,0.006071,-0.02
1,1240,-0.019096,-0.08
1,1241,-0.006053,-0.04
1,1242,-0.006399,-0.08
1,1243,0.009761,0.05
1,1244,-0.010541,-0.13
1,1245,0.02234,0.0
1,1246,0.001984,0.07
1,1247,0.009419,0.18
1,1248,0.00437,-0.04
1,1249,0.004737,0.1
1,1250,-0.005263,0.0
1,1251,0.004788,0.05
1,1252,-0.000645,-0.03
1,1253,-0.002592,0.06
1,1254,0.003162,0.04
1,1255,-0.010237,-0.06
1,1256,0.005157,0.0
1,1257,0.001292,-0.03
1,1258,-0.01498,-0.09
1,1259,0.00331,0.05
2,0,-0.01106191,0.01
2,1,-0.004607185,0.05
2,2,-0.01267787,-0.03
2,3,0.0025699616,0.0
2,4,0.0026873797,-0.03
2,5,-0.0058960165,0.02
2,6,0.0004430685,-0.03
2,7,-0.006737254,-0.0
2,8,-0.0069144396,0.0
2,9,0.003478544,0.04
2,10,0.0030811145,-0.01
2,11,-0.002380011,0.01
2,12,-0.006158816,0.04
2,13,0.007646885,0.04
2,14,0.0013419986,0.01
2,15,-0.011279865,0.05
2,16,-0.01163573,-0.02
2,17,-0.011470751,-0.02
2,18,-0.0024358106,-0.02
2,19,0.0069466773,-0.03
2,20,-0.0063901693,0.0
2,21,-0.0029418338,-0.03
2,22,-0.003040448,-0.0
2,23,0.0056074765,0.0
2,24,0.009191288,-0.04
2,25,0.002355837,0.02
2,26,-0.008632571,0.08
2,27,-0.007496681,-0.11
2,28,0.0108632045,-0.04
2,29,0.009587699,-0.01
2,30,0.005280885,-0.03
2,31,0.008938247,-0.03
2,32,-0.0006658813,-0.11
2,33,-0.0022242276,0.01
2,34,0.002667195,0.01
2,35,-0.0058130454,0.01
2,36,0.0035687136,0.02
2,37,-0.0057177288,0.0
2,38,-0.0017788323,0.02
2,39,0.00041455083,-0.04
2,40,0.002621849,-0.01
2,41,0.0146849,0.0
2,42,0.0008416773,-0.01
2,43,-0.0123092355,0.01
2,44,0.0037880905,0.04
2,45,0.006634409,-0.01
2,46,0.010114062,-0.01
2,47,-0.0033613432,-0.03
2,48,-0.006450582,-0.05
2,49,0.005531579,-0.06
2,50,-0.0007192709,-0.0
2,51,-0.00092846353,-0.03
2,52,0.007477359,0.07
2,53,0.002657896,0.02
2,54,0.0023828913,0.03
2,55,0.0032030214,-0.01
2,56,0.002283604,0.04
2,57,-0.0012588217,0.06
2,58,-0.006782804,0.04
2,59,0.002787763,-0.09
2,60,0.011708095,0.01
2,61,-0.002141862,-0.04
2,62,-0.008464504,0.01
2,63,0.0039875875,0.02
2,64,0.006069674,-0.03
2,65,-0.010282117,0.03
2,66,-0.004117426,0.05
2,67,-0.003972443,0.0
2,68,-0.0034033281,-0.06
2,69,-0.01333188,0.03
2,70,0.0051668095,0.04
2,71,0.010250649,0.02
2,72,-0.0015073055,0.01
2,73,0.0040792464,0.05
2,74,-0.0081917625,0.07
2,75,0.00061352586,0.03
2,76,-0.0068815374,0.04
2,77,0.0003631079,-0.01
2,78,-0.008794979,-0.04
2,79,0.0024414174,0.02
2,80,-0.0027389268,0.0
2,81,-0.0011011098,0.02
2,82,-0.0023969111,0.02
2,83,-0.008318349,0.04
2,84,-0.0049516624,0.0
2,85,-0.006264168,-0.02
2,86,0.0028836445,0.02
2,87,0.0029733593,-0.04
2,88,-0.007700345,-0.02
2,89,-0.001379916,-0.09
2,90,-0.0032611152,-0.0
2,91,0.0061266045,0.05
2,92,0.011392417,-0.06
2,93,-0.0033287029,0.04
2,94,-0.0010894411,-0.04
2,95,-1.6323145e-05,-0.03
2,96,0.008114328,0.03
2,97,0.0029901986,-0.06
2,98,-0.0009109513,0.03
2,99,-0.0026787536,0.03
2,100,0.002985496,-0.02
2,101,0.0060295537,-0.04
2,102,0.0026891814,-0.01
2,103,-0.001168926,-0.04
2,104,0.005497033,0.01
2,105,-0.0018156607,-0.1
2,106,-0.003742679,-0.03
2,107,0.004808366,-0.02
2,108,-0.012312228,0.01
2,109,0.0027719631,0.08
2,110,-0.00055393006,0.02
2,111,-0.023042966,0.02
2,112,0.0006557846,-0.0
2,113,0.007830608,-0.02
2,114,-0.0103036575,0.05
2,115,-0.005062145,-0.02
2,116,-0.00619095,0.0
2,117,-0.00013471869,-0.0
2,118,-0.0046895384,0.0
2,119,-0.0004489354,-0.02
2,120,0.0075034206,-0.03
2,121,-0.0075584347,0.13
2,122,0.004034619,-0.01
2,123,0.004809286,-0.03
2,124,-0.011661426,0.03
2,125,-0.0005917755,-0.01
2,126,0.0010591545,-0.04
2,127,0.002996864,0.01
2,128,-0.00024291719,0.04
2,129,-0.004349015,-0.01
2,130,0.0004923485,-0.04
2,131,-0.005389365,0.01
2,132,0.00014967256,0.12
2,133,0.0043554627,-0.03
2,134,-0.013853631,-0.04
2,135,-0.0044518043,-0.02
2,136,-0.002102905,-0.04
2,137,-0.0017744495,-0.02
2,138,-0.0021660943,-0.01
2,139,0.007523213,0.06
2,140,0.0007930475,-0.03
2,141,0.0053916103,-0.04
2,142,0.016149273,0.05
2,143,0.0026829278,0.09
2,144,0.0036244586,0.02
2,145,-0.019819913,0.08
2,146,-0.0023557844,0.01
2,147,0.0021630356,-0.11
2,148,-0.003701941,0.03
2,149,-0.0026495815,-0.21
2,150,-0.002303421,0.07
2,151,-0.0047334842,-0.02
2,152,-0.0015657982,-0.01
2,153,-0.00762812,0.1
2,154,-0.01784056,0.01
2,155,0.0032259396,-0.02
2,156,0.0010643054,-0.1
2,157,0.011555994,0.02
2,158,-0.005201769,-0.02
2,159,0.008116337,-0.1
2,160,0.009107825,-0.03
2,161,-0.00070936314,-0.12
2,162,-0.012344548,0.01
2,163,-0.0028183595,0.03
2,164,0.012332477,0.0
2,165,-4.5369903e-05,-0.0
2,166,0.0042401752,-0.0
2,167,-0.015083347,0.08
2,168,0.0127647985,0.01
2,169,0.0076464037,0.01
2,170,-0.009719672,-0.01
2,171,0.005769662,0.06
2,172,0.0020868347,-0.04
2,173,-0.007464598,-0.0
2,174,0.0019340968,0.02
2,175,-0.0012539426,0.03
2,176,0.004842475,0.01
2,177,-0.014230497,-0.04
2,178,-0.0024287556,-0.03
2,179,-0.0013257442,0.03
2,180,0.0036829647,-0.07
2,181,0.002305948,0.02
2,182,0.0032518671,-0.04
2,183,0.010070128,-0.06
2,184,0.011114931,-0.03
2,185,-0.0077939876,0.0
2,186,0.010802375,-0.02
2,187,0.0024816156,0.04
2,188,0.0031345666,0.01
2,189,0.0021512313,-0.06
2,190,-0.0024609407,0.03
2,191,-0.007896047,0.01
2,192,-0.0008735047,-0.01
2,193,0.0030389589,-0.07
2,194,-0.0016817051,0.04
2,195,-0.007077675,-0.12
2,196,-0.007449449,-0.01
2,197,0.005959259,-0.09
2,198,0.0071577663,0.02
2,199,0.0069707884,-0.01
2,200,-0.0054663727,-0.0
2,201,-0.0013645082,-0.05
2,202,-0.0019752549,-0.03
2,203,-0.0043600877,0.02
2,204,0.002659063,0.0
2,205,-0.0026103747,-0.02
2,206,0.009461942,-0.1
2,207,0.004425901,-0.05
2,208,-0.00853639,0.09
2,209,-0.012141449,0.06
2,210,0.015792152,0.03
2,211,-0.00427238,0.01
2,212,0.004675207,-0.05
2,213,0.00013965167,-0.04
2,214,0.005415378,0.03
2,215,0.0031026432,-0.08
2,216,-0.0036341893,-0.03
2,217,-0.009193882,0.01
2,218,0.015942097,-0.04
2,219,-0.012927648,-0.01
2,220,0.0038195741,0.03
2,221,0.000529279,-0.05
2,222,0.0011083569,0.07
2,223,-0.01111183,0.06
2,224,0.007061064,0.06
2,225,0.0032974838,0.02
2,226,0.010987,0.03
2,227,0.003022059,-0.0
2,228,-0.015182235,-0.05
2,229,-0.01081711,0.01
2,230,-4.9555267e-05,-0.01
2,231,-0.000108245964,-0.0
2,232,0.009911608,-0.11
2,233,0.012876128,0.01
2,234,0.0010660739,-0.07
2,235,0.0016932522,-0.0
2,236,0.008852215,-0.05
2,237,-0.007439527,0.01
2,238,0.0038475294,-0.01
2,239,0.00086101354,0.01
2,240,0.0027066895,0.01
2,241,-0.0015254107,-0.06
2,242,0.0039087636,-0.11
2,243,0.0034427934,0.02
2,244,-0.0022422895,0.06
2,245,-0.002258242,0.01
2,246,0.00024351609,0.05
2,247,0.004266424,0.06
2,248,-0.0055950796,-0.02
2,249,0.01311534,-0.02
2,250,-0.0040997784,0.07
2,251,0.017942289,-0.04
2,252,-0.010172991,-0.0
2,253,-0.005270991,-0.01
2,254,0.0011273816,-0.02
2,255,-0.0014105701,-0.02
2,256,-0.00016533764,0.0
2,257,0.012520045,-0.05
2,258,-0.008947548,-0.01
2,259,0.0056250854,-0.01
2,260,-0.0030488942,-0.01
2,261,0.0020243446,0.01
2,262,0.00025976403,-0.02
2,263,5.358625e-05,0.02
2,264,-0.0018452919,0.02
2,265,0.021060651,-0.14
2,266,0.0011592688,0.03
2,267,0.008998299,-0.0
2,268,-0.0011177664,0.03
2,269,-0.012012488,0.02
2,270,-0.002030164,0.02
2,271,0.015596155,-0.05
2,272,-0.0022402531,0.02
2,273,-0.00606016,0.08
2,274,-0.017208962,0.1
2,275,-0.009021865,0.02
2,276,-0.007827251,0.02
2,277,-0.019259088,0.11
2,278,0.007803876,0.0
2,279,-0.0022784392,0.04
2,280,0.0134269465,-0.04
2,281,0.00094248226,0.05
2,282,-6.17216e-05,-0.01
2,283,0.009378744,-0.03
2,284,-0.00024679353,0.0
2,285,0.0050681075,0.03
2,286,0.0037961486,-0.0
2,287,-0.012839793,0.07
2,288,0.006002063,-0.08
2,289,-0.0012586345,-0.05
2,290,-0.004345936,-0.0
2,291,0.010598941,-0.13
2,292,0.0023993992,0.04
2,293,0.008548148,-0.01
2,294,0.005094578,-0.0
2,295,-0.0022836982,0.01
2,296,0.0036461062,-0.06
2,297,0.027628275,0.03
2,298,-0.0063028703,-0.02
2,299,0.0038814268,-0.0
2,300,0.0069633466,-0.15
2,301,0.0016244649,-0.06
2,302,0.0003634907,-0.0
2,303,0.002579437,-0.02
2,304,0.0028523637,-0.01
2,305,-0.0059073325,-0.03
2,306,-0.0015751623,0.01
2,307,-0.0013216663,0.07
2,308,-0.0014993323,0.06
2,309,0.00014399382,0.02
2,310,-0.0062330444,-0.01
2,311,-0.0087121595,0.01
2,312,-0.0037371623,0.11
2,313,0.008467581,-0.02
2,314,0.0014930406,-0.01
2,315,-0.0029156976,-0.03
2,316,-0.0028813558,0.1
2,317,-0.002972923,-0.01
2,318,-0.003002824,-0.02
2,319,0.0068223225,0.03
2,320,0.00066660286,0.05
2,321,0.0023138463,-0.05
2,322,-0.008761786,-0.04
2,323,0.0040065073,0.02
2,324,0.013366188,-0.01
2,325,-0.0012226762,0.03
2,326,-0.005224654,0.04
2,327,0.004183427,-0.05
2,328,0.0038605307,0.01
2,329,-0.0011293292,0.02
2,330,0.00030363,0.09
2,331,0.0020706903,0.02
2,332,0.022386663,-0.05
2,333,0.0009486412,-0.08
2,334,0.006401102,0.05
2,335,0.00079529523,-0.05
2,336,0.0052592396,0.01
2,337,0.008704028,-0.01
2,338,0.008298714,0.01
2,339,0.0036898793,-0.06
2,340,-0.001980306,0.08
2,341,-0.005574515,0.04
2,342,-0.00935281,-0.05
2,343,0.0035909668,0.08
2,344,-0.0002790326,-0.0
2,345,-0.007548422,0.07
2,346,-0.0018151075,0.02
2,347,0.006326472,-0.04
2,348,-0.0024239223,-0.02
2,349,0.011681912,-0.0
2,350,0.0051737,-0.02
2,351,-0.0053034145,0.01
2,352,-0.0010807356,-0.04
2,353,0.0013038677,-0.07
2,354,0.006169665,-0.0
2,355,0.0068953787,0.02
2,356,0.00053904357,0.01
2,357,-0.0031305111,-0.04
2,358,0.0019318464,0.04
2,359,-0.003995774,0.01
2,360,0.0057199476,-0.0
2,361,-0.0074988278,0.05
2,362,0.0024223335,-0.06
2,363,0.0017688368,0.05
2,364,-0.00799576,0.15
2,365,-0.0051769544,0.06
2,366,0.014092893,-0.03
2,367,-0.0059969886,0.01
2,368,-0.0031014513,-0.04
2,369,0.0067690304,0.02
2,370,-0.008237901,0.06
2,371,-0.00967183,0.05
2,372,-0.00041378956,0.02
2,373,0.0008704292,-0.05
2,374,0.0047689984,0.01
2,375,0.0029349525,-0.02
2,376,0.0026526584,0.0
2,377,0.00023932374,0.02
2,378,-0.001003442,0.06
2,379,0.00077939744,-0.01
2,380,-0.00082622946,0.04
2,381,0.0029790096,-0.04
2,382,-0.004059689,0.0
2,383,0.0024608774,-0.0
2,384,0.004872852,0.01
2,385,-0.007476595,0.06
2,386,-0.011052836,0.01
2,387,0.0041894685,-0.02
2,388,0.003599444,-0.04
2,389,0.0033996818,0.09
2,390,0.0044249007,0.02
2,391,-0.005215617,0.0
2,392,-0.0015355558,-0.0
2,393,-0.0111907525,-0.12
2,394,0.0046973955,0.02
2,395,-0.008176863,0.03
2,396,0.002524485,-0.09
2,397,-0.0032728044,0.0
2,398,0.00092239934,0.01
2,399,-0.0006850638,0.07
2,400,0.0013508352,-0.02
2,401,0.0034410886,-0.01
2,402,0.0043879864,0.01
2,403,0.0033497908,0.06
2,404,0.004744757,0.02
2,405,-0.004249047,0.07
2,406,0.005013833,0.0
2,407,-0.004093019,0.02
2,408,-0.0063180253,0.06
2,409,-0.0030376501,0.1
2,410,-0.0059117484,0.05
2,411,-0.000787411,0.01
2,412,0.0017263952,0.05
2,413,-0.0070179477,0.02
2,414,0.0145428125,-0.11
2,415,0.006695759,-0.0
2,416,0.012944348,-0.03
2,417,-0.016620167,0.0
2,418,-0.008341675,0.02
2,419,-0.0022661574,-0.03
2,420,0.0029619192,-0.02
2,421,0.0007018131,0.1
2,422,0.00033929583,-0.02
2,423,0.007742896,0.08
2,424,-0.0041389936,-0.03
2,425,0.005858522,-0.1
2,426,-0.00026609973,-0.02
2,427,-0.0033592586,0.01
2,428,0.016845714,-0.04
2,429,0.0014819584,0.02
2,430,-0.007342652,0.08
2,431,0.0016415128,0.01
2,432,0.0004633082,-0.02
2,433,-0.0034790488,0.01
2,434,0.006954319,-0.01
2,435,-0.0021266204,-0.04
2,436,-0.010012511,0.06
2,437,0.0023135662,-0.01
2,438,0.004602844,-0.03
2,439,-0.000530862,-0.05
2,440,0.003271346,-0.0
2,441,-0.005738728,0.04
2,442,0.0046638674,-0.01
2,443,0.0011601225,-0.01
2,444,0.010748532,-0.0
2,445,0.0009185289,-0.09
2,446,0.009468642,-0.05
2,447,0.003308618,-0.04
2,448,-0.0012859725,-0.05
2,449,-0.010059884,0.05
2,450,0.013048204,-0.09
2,451,0.0019963963,-0.0
2,452,0.0004910077,0.03
2,453,0.004750734,-0.01
2,454,-0.0049302094,-0.15
2,455,0.00059182465,0.02
2,456,-0.008269803,0.01
2,457,0.004624876,-0.02
2,458,-0.0059905015,0.09
2,459,0.004418643,0.02
2,460,0.0033599685,-0.06
2,461,0.0035856925,-0.04
2,462,-0.004465252,0.09
2,463,-0.0010590602,-0.01
2,464,-0.0017759976,-0.0
2,465,0.0050098193,0.03
2,466,0.0027590427,0.04
2,467,7.785793e-05,-0.06
2,468,-0.003191427,0.0
2,469,-0.0012821485,-0.04
2,470,1.1529628e-05,-0.0
2,471,0.0047301394,0.0
2,472,0.013738324,-0.2
2,473,0.009893858,-0.08
2,474,0.0019223889,-0.04
2,475,3.6910045e-05,0.05
2,476,-0.009506901,-0.03
2,477,0.004179971,-0.03
2,478,-0.00055982755,-0.05
2,479,-0.0048424858,0.0
2,480,0.004692109,-0.01
2,481,-0.0015364708,-0.01
2,482,-0.0043291985,0.0
2,483,-0.0016119578,-0.02
2,484,-0.011677973,-0.01
2,485,-0.003211835,0.11
2,486,-0.0039043166,0.04
2,487,-0.00491971,-0.02
2,488,0.0076505207,-0.02
2,489,-0.0064450228,-0.09
2,490,0.0011136483,-0.01
2,491,0.0008209045,0.02
2,492,-0.0032617429,0.0
2,493,-0.022937683,0.15
2,494,0.0008898638,0.04
2,495,0.0031080742,-0.07
2,496,-0.001870993,-0.02
2,497,-0.01300523,0.07
2,498,0.0015330786,-0.0
2,499,0.0038983815,-0.01
2,500,0.0078027467,-0.05
2,501,0.0051512904,0.02
2,502,-0.0020592106,-0.02
2,503,-0.004489133,0.02
2,504,-0.004652527,0.05
2,505,-0.012305464,0.03
2,506,0.00040763576,0.02
2,507,-0.0052800556,-0.03
2,508,0.0035060956,0.08
2,509,0.013831084,-0.05
2,510,-0.0032171104,0.06
2,511,-0.005113507,0.01
2,512,-0.002973061,-0.02
2,513,0.0012740088,0.01
2,514,-0.014188387,0.05
2,515,0.005335006,0.01
2,516,0.0062826625,-0.05
2,517,0.0045293164,0.01
2,518,-0.00039751994,-0.05
2,519,-0.007305686,0.12
2,520,0.026923504,-0.06
2,521,0.002436713,-0.02
2,522,0.0008672946,-0.03
2,523,-0.0023730244,-0.02
2,524,-0.0048929793,0.01
2,525,-0.008993855,0.01
2,526,0.0022532926,-0.05
2,527,0.0004314934,-0.04
2,528,-0.012645679,0.08
2,529,-0.0015825037,-0.04
2,530,-0.008317661,-0.0
2,531,-0.00020259147,0.01
2,532,0.003280217,-0.03
2,533,-0.0041784937,-0.0
2,534,-0.009146967,-0.04
2,535,0.0070583504,0.01
2,536,0.007603969,-0.05
2,537,0.0024629964,0.02
2,538,-0.008782366,-0.06
2,539,-0.0045028655,0.06
2,540,-0.004647095,-0.01
2,541,0.0037979623,0.04
2,542,-0.0035680933,0.03
2,543,0.008930217,-0.08
2,544,0.0054436675,-0.01
2,545,0.001471533,-0.01
2,546,-0.0041071717,0.06
2,547,0.0018475414,0.03
2,548,-0.0098727625,0.05
2,549,0.0029439442,0.05
2,550,0.0018893487,0.0
2,551,0.00196963,0.03
2,552,0.0032361858,-0.04
2,553,0.004239292,0.01
2,554,0.0035826804,-0.01
2,555,-0.0026624661,-0.01
2,556,0.010983344,-0.08
2,557,-0.0014335016,-0.0
2,558,0.0039898907,-0.11
2,559,0.0012241416,-0.04
2,560,-0.006123439,-0.03
2,561,-0.0033942235,0.02
2,562,0.0016922476,0.03
2,563,0.0058250413,0.02
2,564,0.0014463079,-0.01
2,565,0.009669195,-0.04
2,566,0.0022382576,-0.05
2,567,0.0019531177,0.02
2,568,-0.0050107245,-0.03
2,569,0.0052261823,0.08
2,570,-0.010131769,0.02
2,571,-0.0040952456,-0.0
2,572,-0.0031527025,0.0
2,573,0.004050673,-0.1
2,574,0.009402745,-0.04
2,575,0.003585935,0.05
2,576,0.009806638,0.02
2,577,-0.0018193707,0.02
2,578,-0.0009269832,-0.04
2,579,-0.0052381377,0.06
2,580,-0.012620932,-0.0
2,581,0.011697139,0.07
2,582,0.004287292,0.02
2,583,0.0015114656,-0.01
2,584,0.0033576214,0.0
2,585,-0.009104764,-0.01
2,586,-0.0073113167,0.05
2,587,0.009581611,-0.11
2,588,0.00021759694,0.03
2,589,0.0016574854,-0.01
2,590,0.010119265,-0.01
2,591,0.0037337374,-0.05
2,592,0.017501406,-0.05
2,593,0.004041793,0.02
2,594,-0.0068149306,0.01
2,595,-0.0013258891,-0.02
2,596,-0.0066718464,-0.07
2,597,-0.0064205327,-0.0
2,598,-0.0034394707,0.03
2,599,0.010258231,-0.09
2,600,0.006250764,0.01
2,601,-0.0029559466,-0.16
2,602,0.00035321905,-0.01
2,603,0.0021341436,0.04
2,604,-0.0022795927,0.0
2,605,-0.0041796793,-0.03
2,606,0.010072637,-0.0
2,607,0.002823596,0.01
2,608,-0.0012776826,-0.02
2,609,0.0031595577,-0.04
2,610,0.0012633122,0.03
2,611,-0.00019662917,0.04
2,612,0.00293628,0.03
2,613,-0.0003037517,-0.06
2,614,-0.0024173185,0.01
2,615,-0.0070413915,-0.06
2,616,-0.00017674899,-0.09
2,617,0.00089047104,-0.02
2,618,-0.0011016539,0.01
2,619,0.0012700654,-0.04
2,620,-0.0032270197,0.05
2,621,-0.0024273342,-0.0
2,622,0.009073477,-0.01
2,623,-0.010402871,-0.02
2,624,0.007385566,-0.01
2,625,0.0013501025,0.02
2,626,0.0015465096,-0.01
2,627,-0.006291577,0.09
2,628,-0.00087345054,-0.02
2,629,0.007449962,-0.05
2,630,0.0050188988,0.01
2,631,-0.0054659527,0.03
2,632,-0.007418874,0.01
2,633,0.0015347654,0.03
2,634,-0.008147523,0.02
2,635,-0.0024761267,-0.01
2,636,-0.00011607987,0.01
2,637,-0.006800688,0.03
2,638,0.0062471554,-0.05
2,639,-0.005651978,-0.04
2,640,0.0021961825,-0.0
2,641,0.0007570882,0.01
2,642,0.0056533096,0.01
2,643,0.004778938,-0.03
2,644,0.0069467793,0.02
2,645,0.0010245966,-0.06
2,646,0.0022671048,0.03
2,647,0.014767912,-0.04
2,648,-0.00066283485,-0.01
2,649,0.005624048,-0.01
2,650,0.0070219967,-0.02
2,651,0.0019277507,-0.02
2,652,-0.008252916,0.03
2,653,0.00025983097,-0.05
2,654,-0.007114207,0.01
2,655,0.003735093,-0.03
2,656,0.0020207062,0.01
2,657,-2.1035201e-05,0.03
2,658,0.0028670363,-0.02
2,659,-0.00918199,-0.03
2,660,-0.00028637287,-0.09
2,661,-0.0024962116,0.06
2,662,-0.0025394964,-0.0
2,663,0.007960782,-0.02
2,664,0.0034939987,0.13
2,665,0.0042566587,-0.03
2,666,0.0030351141,0.03
2,667,0.004141095,-0.01
2,668,-0.0034756523,0.03
2,669,0.0070201,0.01
2,670,-0.002605987,-0.06
2,671,-0.014463221,-0.01
2,672,0.012810329,-0.08
2,673,-0.00088915834,0.05
2,674,-0.002150993,-0.01
2,675,0.0050345715,-0.02
2,676,-0.0021394095,0.0
2,677,-0.0035531246,-0.01
2,678,0.0013167585,-0.01
2,679,-0.0035250897,0.02
2,680,0.006319931,0.02
2,681,-0.0010361383,0.03
2,682,0.0016072107,0.08
2,683,-0.00048773832,-0.02
2,684,-0.0044093155,-0.02
2,685,0.012139553,-0.01
2,686,-0.0011964549,-0.05
2,687,0.00023577407,0.03
2,688,-0.0008543433,0.01
2,689,-0.006118174,-0.09
2,690,-0.002509634,-0.04
2,691,0.0016755837,0.07
2,692,0.0047675464,-0.02
2,693,-0.008431988,0.06
2,694,0.00023235698,-0.01
2,695,0.0005134746,-0.02
2,696,0.0048863227,-0.02
2,697,0.0045228302,0.06
2,698,-0.00044936888,0.03
2,699,0.0042020045,0.02
2,700,0.0035227763,-0.0
2,701,-0.001711426,-0.01
2,702,0.0033218402,-0.04
2,703,-0.00016263645,0.01
2,704,0.00040933007,-0.03
2,705,-0.012048796,0.04
2,706,0.0060975705,-0.02
2,707,0.005566775,-0.03
2,708,-0.0120274,0.05
2,709,-0.011529796,-0.02
2,710,-0.0016428651,0.07
2,711,0.0020565393,0.01
2,712,-0.0070631257,-0.02
2,713,-0.013280526,0.04
2,714,-0.0027977142,-0.02
2,715,0.006115503,-0.04
2,716,-0.0034025516,0.03
2,717,-0.00046209406,-0.04
2,718,-0.00019239873,-0.0
2,719,-0.008174283,-0.0
2,720,-0.0001445245,-0.01
2,721,0.0022163521,0.02
2,722,-0.0050353175,0.06
2,723,-0.0002858099,-0.0
2,724,-0.002038001,0.0
2,725,-0.009688881,-0.03
2,726,0.0033628244,-0.02
2,727,-0.004542254,-0.01
2,728,-0.0061933734,-0.01
2,729,0.0009076352,-0.07
2,730,0.0015056425,0.07
2,731,-0.0058515877,-0.02
2,732,-0.0016712606,0.0
2,733,0.002007811,0.01
2,734,0.011267416,-0.09
2,735,0.0034740968,0.01
2,736,0.033800784,-0.26
2,737,-0.0049769436,0.02
2,738,-0.009488158,-0.01
2,739,0.008123879,0.01
2,740,-0.0010013652,0.02
2,741,0.001471532,-0.01
2,742,0.006217459,0.07
2,743,-0.0028305454,0.08
2,744,0.0026016694,0.05
2,745,-0.00532359,-0.03
2,746,-0.0040754564,0.05
2,747,-0.002445894,0.01
2,748,0.004530212,0.05
2,749,0.001719798,-0.01
2,750,-0.0005740754,-0.01
2,751,-0.0009004978,-0.01
2,752,0.0011639441,0.02
2,753,-0.0068835714,0.01
2,754,0.0027605265,0.02
2,755,0.003912905,-0.01
2,756,0.005828721,-0.03
2,757,0.0030522407,-0.01
2,758,0.0003496317,0.01
2,759,-0.0009035064,0.0
2,760,-0.00062820327,-0.01
2,761,0.0023786975,-0.02
2,762,0.006489265,-0.01
2,763,0.001807029,-0.01
2,764,0.003891694,-0.05
2,765,-0.0018379678,0.04
2,766,0.00083067315,-0.11
2,767,-0.0059666126,0.04
2,768,0.008319745,-0.01
2,769,0.0009379932,0.01
2,770,-0.013847243,-0.0
2,771,-0.0007515241,-0.0
2,772,-0.0005548118,-0.03
2,773,-0.00016369676,0.02
2,774,-0.0010248824,0.08
2,775,0.008301877,-0.0
2,776,-0.014332625,-0.04
2,777,-0.0015640861,-0.03
2,778,0.0017537418,-0.01
2,779,0.004095858,0.0
2,780,0.0020865595,0.02
2,781,0.011194668,-0.01
2,782,0.00054136495,0.02
2,783,0.0023524081,0.01
2,784,-0.006769858,-0.01
2,785,-0.0024522098,0.01
2,786,-0.005878512,0.06
2,787,-0.006589841,0.05
2,788,0.0025554085,-0.02
2,789,0.006811431,-0.03
2,790,-0.0035741376,0.03
2,791,-0.004645547,0.04
2,792,0.0030112383,0.01
2,793,0.00067399186,-0.01
2,794,-0.0036590202,-0.02
2,795,-0.017289627,0.01
2,796,0.0030350904,-0.04
2,797,0.00079644076,-0.0
2,798,-0.001058681,0.02
2,799,0.007969235,0.03
2,800,0.00028813022,0.01
2,801,-0.013483348,0.04
2,802,0.0023759198,-0.09
2,803,-0.00052690366,-0.01
2,804,0.0016488069,-0.01
2,805,0.008347167,-0.01
2,806,0.0030244773,-0.01
2,807,-0.0048275692,0.09
2,808,0.0026667607,0.05
2,809,0.015563644,-0.15
2,810,0.0018420386,0.04
2,811,0.0031167197,-0.0
2,812,-0.00540716,0.07
2,813,-0.0002860196,0.03
2,814,-0.0034733696,0.02
2,815,0.0036373823,-0.01
2,816,0.0017975585,0.01
2,817,-0.0036705532,-0.01
2,818,0.0018611448,0.02
2,819,-0.00040699614,-0.01
2,820,0.0013890698,0.0
2,821,0.0013774126,0.0
2,822,0.0027411636,0.0
2,823,0.0070393695,-0.01
2,824,-0.0020848883,0.02
2,825,-0.0038543502,0.03
2,826,0.02052524,0.0
2,827,0.0021453353,-0.01
2,828,0.005148021,-0.01
2,829,0.001930891,-0.04
2,830,-0.0008645919,-0.02
2,831,0.0038167567,-0.01
2,832,0.0007058394,-0.0
2,833,0.000616129,0.09
2,834,0.004685331,-0.0
2,835,0.00056148286,-0.0
2,836,-0.00080488133,0.03
2,837,0.0064319186,0.01
2,838,0.0008307501,-0.0
2,839,-0.0020793288,-0.0
2,840,0.0022652603,0.0
2,841,0.00033596443,0.01
2,842,-0.00056240533,0.01
2,843,0.0021815137,-0.01
2,844,-0.008246774,0.02
2,845,-0.002608811,0.04
2,846,0.0017216804,-0.02
2,847,0.012551838,0.0
2,848,-0.0021430028,-0.0
2,849,-0.004118379,-0.0
2,850,0.00087234867,-0.0
2,851,0.0044487496,0.0
2,852,-0.0025216364,0.03
2,853,0.00018002027,0.0
2,854,-3.8468395e-05,0.0
2,855,-0.0043023727,-0.0
2,856,0.0005976007,0.02
2,857,0.003294993,0.01
2,858,0.0054334407,-0.0
2,859,0.0015469766,0.01
2,860,0.0059415717,0.04
2,861,0.003814835,0.04
2,862,-0.005802381,-0.05
2,863,0.0023915009,-0.0
2,864,-0.0038791597,-0.01
2,865,-0.00019887392,0.03
2,866,0.011506512,0.0
2,867,0.0006259704,0.01
2,868,-0.008609809,0.02
2,869,0.002066617,-0.01
2,870,-0.0008113062,0.02
2,871,-0.002471463,0.01
2,872,0.01694907,0.01
2,873,0.0002830358,-0.0
2,874,0.0025514143,0.01
2,875,0.009108178,-0.06
2,876,0.004493192,-0.01
2,877,-0.00015387984,0.0
2,878,0.00761692,-0.06
2,879,0.0072418395,-0.01
2,880,0.009282029,-0.0
2,881,0.0012103945,-0.02
2,882,0.0011063849,-0.01
2,883,0.00954588,0.02
2,884,-0.00074474874,-0.01
2,885,-0.0031189583,-0.03
2,886,-0.0020746866,0.0
2,887,0.004771762,-0.01
2,888,0.0021866267,0.02
2,889,0.0024248643,0.02
2,890,-0.011785192,0.11
2,891,-0.0012167258,-0.0
2,892,-0.0049344776,0.0
2,893,0.0019829292,0.01
2,894,0.0002310723,-0.01
2,895,0.0024751993,0.01
2,896,-0.0033233354,0.06
2,897,0.0009246594,-0.01
2,898,0.0004349474,0.05
2,899,-0.00266881,0.01
2,900,0.002800628,-0.01
2,901,0.007224646,-0.02
2,902,0.007497064,0.0
2,903,-0.00031840135,0.02
2,904,-0.0053307978,0.04
2,905,0.0008847399,-0.0
2,906,-0.010283803,0.02
2,907,0.0003097262,0.01
2,908,0.0030239536,-0.02
2,909,0.00096140185,0.04
2,910,-0.0032376815,0.01
2,911,0.005396792,0.01
2,912,0.0014133892,0.0
2,913,-0.0015386192,0.02
2,914,-0.005180648,0.01
2,915,0.006174816,-0.0
2,916,-0.0051427544,0.02
2,917,0.0056282748,0.02
2,918,-0.0024224655,-0.0
2,919,0.0056612333,0.04
2,920,0.0012360765,0.0
2,921,0.008504139,0.05
2,922,-0.00051479414,-0.0
2,923,-0.011209726,0.01
2,924,-0.0014521437,0.05
2,925,0.0058826106,0.02
2,926,0.0002157125,-0.0
2,927,-0.0036733076,0.03
2,928,0.0023324005,-0.0
2,929,0.008611359,0.0
2,930,-0.0011941298,0.02
2,931,-0.00257341,-0.03
2,932,0.0005891216,-0.0
2,933,0.0012207363,0.02
2,934,0.0020303759,0.03
2,935,0.0010727714,0.0
2,936,0.0035903156,-0.01
2,937,-0.005953731,0.03
2,938,-0.0046587125,0.0
2,939,0.001796705,-0.01
2,940,-0.008748573,0.01
2,941,-0.00051651045,-0.03
2,942,-0.0015712015,0.06
2,943,-0.0050028847,0.0
2,944,0.0039402605,0.01
2,945,-0.010865416,0.0
2,946,-0.0058947313,-0.03
2,947,-0.0010953399,0.0
2,948,0.010621364,-0.0
2,949,0.004332427,0.0
2,950,0.0069218976,0.01
2,951,0.00028364474,0.03
2,952,-0.003716669,-0.0
2,953,0.0038811981,0.0
2,954,-0.006113901,0.05
2,955,-0.005645697,0.01
2,956,-0.0048453594,0.0
2,957,0.011198375,-0.01
2,958,-0.0010660399,-0.0
2,959,0.0016873177,-0.02
2,960,0.0066237357,0.0
2,961,0.0010329444,-0.02
2,962,0.0020370744,-0.0
2,963,-0.00362305,-0.0
2,964,-0.003666447,-0.01
2,965,-0.0015632879,0.01
2,966,-0.0052990937,-0.0
2,967,0.00013186102,0.0
2,968,0.00968036,0.01
2,969,0.00074750953,-0.01
2,970,-0.00299523,-0.01
2,971,0.0045463233,0.02
2,972,0.0006375299,-0.0
2,973,-0.00045965056,-0.01
2,974,-0.0034689207,0.01
2,975,0.0036654964,-0.04
2,976,0.0020956304,0.03
2,977,0.0026018466,0.01
2,978,-0.001875914,-0.01
2,979,-0.008055104,0.0
2,980,0.0008403851,0.0
2,981,0.0019385815,0.01
2,982,-0.0022542817,0.0
2,983,0.005325432,-0.0
2,984,-0.0060495064,0.01
2,985,0.00040355726,-0.01
2,986,0.0024626795,-0.01
2,987,-0.008176684,-0.04
2,988,0.0048421985,-0.03
2,989,-0.0020541707,-0.01
2,990,0.0072236024,-0.03
2,991,-0.0016941273,-0.0
2,992,0.005923917,-0.0
2,993,-0.009431645,0.04
2,994,0.0023906552,-0.01
2,995,0.008951678,0.0
2,996,0.0009859665,-0.0
2,997,0.0006484112,0.0
2,998,0.00033646723,0.03
2,999,0.001885102,0.01
2,1000,-0.004772511,0.0
2,1001,0.005240972,-0.01
2,1002,-0.009867427,0.01
2,1003,-0.0043967264,0.01
2,1004,-0.0044756187,-0.01
2,1005,0.0022291152,-0.02
2,1006,0.0003428554,0.03
2,1007,0.006665166,-0.01
2,1008,-0.0012551978,-0.01
2,1009,0.0037040028,0.01
2,1010,-0.0071905856,0.01
2,1011,-0.0010970061,0.02
2,1012,0.009853649,-0.02
2,1013,-0.0028210462,-0.01
2,1014,-0.004748939,0.01
2,1015,0.00068653194,0.0
2,1016,0.00051284896,-0.0
2,1017,-0.0048583536,0.06
2,1018,-0.004914747,0.01
2,1019,-0.0076948297,0.01
2,1020,0.002262212,0.01
2,1021,0.010862015,0.02
2,1022,-0.0029495377,0.08
2,1023,-0.0034154872,-0.01
2,1024,0.0003756667,0.01
2,1025,0.008055128,0.0
2,1026,0.0027623211,0.01
2,1027,-0.011768098,0.03
2,1028,0.0021725884,-0.01
2,1029,0.0036482264,0.0
2,1030,-0.008373184,0.0
2,1031,-0.0035748875,-0.01
2,1032,0.0013793553,-0.02
2,1033,-0.0037497738,0.0
2,1034,0.0025880444,-0.0
2,1035,-0.001830119,-0.02
2,1036,-0.006148998,0.01
2,1037,-0.002382949,0.01
2,1038,0.0012694553,0.0
2,1039,0.0054485467,0.05
2,1040,-0.0018530154,-0.0
2,1041,0.00024442264,0.01
2,1042,0.0016370781,-0.03
2,1043,-0.00936105,0.03
2,1044,-0.00046679212,0.0
2,1045,0.006348318,0.01
2,1046,0.0075163688,-0.0
2,1047,0.006440039,0.01
2,1048,-0.0024301019,-0.0
2,1049,-0.0035945976,0.01
2,1050,-0.0017725084,-0.0
2,1051,-0.0067648967,0.0
2,1052,0.005120684,-0.0
2,1053,-0.0028875694,0.02
2,1054,-0.0038389056,-0.0
2,1055,-0.0034805546,0.02
2,1056,-0.0066691884,0.03
2,1057,0.00062838243,0.01
2,1058,0.0019987705,-0.01
2,1059,-0.00368607,-0.0
2,1060,0.0007779561,0.0
2,1061,0.005069215,0.0
2,1062,0.006306716,-0.01
2,1063,-0.0016185492,-0.02
2,1064,-0.0056934543,0.02
2,1065,0.0008608068,0.03
2,1066,-0.0068186326,0.02
2,1067,0.0017981584,0.01
2,1068,0.00071011763,-0.0
2,1069,-0.0017086955,0.01
2,1070,0.007877774,-0.02
2,1071,0.0029201445,-0.0
2,1072,-0.005903396,0.02
2,1073,-0.0052087856,0.04
2,1074,-0.0010972845,0.0
2,1075,-0.004108208,0.0
2,1076,-0.0070021367,0.03
2,1077,0.0060754004,-0.0
2,1078,0.004479846,-0.0
2,1079,-0.0027829583,-0.0
2,1080,3.912687e-05,-0.0
2,1081,0.006177566,-0.0
2,1082,0.0012694771,0.01
2,1083,0.00089325185,0.0
2,1084,-0.0013696323,0.01
2,1085,-0.00022615344,0.01
2,1086,-0.00843757,0.02
2,1087,0.0004111512,-0.01
2,1088,-0.007101717,0.02
2,1089,-0.00037703986,-0.01
2,1090,-0.0063533867,-0.0
2,1091,-0.001062148,0.01
2,1092,-0.007441987,0.04
2,1093,-0.004407038,0.02
2,1094,0.003856179,0.02
2,1095,-0.00068357144,-0.0
2,1096,0.0024731213,0.0
2,1097,-0.009056038,0.01
2,1098,-0.0072154505,0.0
2,1099,0.00019546464,-0.0
2,1100,0.0074834065,0.0
2,1101,0.003600231,-0.01
2,1102,-0.00484319,0.0
2,1103,0.006274856,0.03
2,1104,-0.0073297815,0.01
2,1105,0.0015982734,-0.01
2,1106,0.0015427495,0.02
2,1107,0.001757266,-0.01
2,1108,-0.0015253101,0.01
2,1109,-0.005020123,0.02
2,1110,0.010170603,-0.0
2,1111,0.0035146263,0.01
2,1112,-0.006427833,0.0
2,1113,0.0045516496,-0.0
2,1114,-0.0019435539,0.01
2,1115,0.004166181,-0.0
2,1116,0.0019060702,-0.04
2,1117,-0.009212681,-0.04
2,1118,0.0023106004,0.01
2,1119,-0.0035580834,-0.03
2,1120,-0.0033483887,-0.03
2,1121,0.0011183942,0.01
2,1122,-0.011945725,0.02
2,1123,0.006854533,0.01
2,1124,-0.0047147884,0.02
2,1125,0.0032009578,0.01
2,1126,-0.0056048622,-0.0
2,1127,0.011578363,-0.01
2,1128,0.0020713045,-0.04
2,1129,-0.0017391265,0.01
2,1130,-0.0013143279,-0.01
2,1131,0.0005944962,-0.02
2,1132,0.007525529,0.02
2,1133,0.0011635963,-0.01
2,1134,-0.004149444,-0.0
2,1135,0.009197839,-0.01
2,1136,0.0003363164,0.0
2,1137,-0.003048587,-0.01
2,1138,0.01501055,-0.03
2,1139,0.0048033977,-0.04
2,1140,0.0046137366,-0.0
2,1141,-0.014945212,0.01
2,1142,-0.005336356,0.02
2,1143,-0.0038302038,0.01
2,1144,-0.0087170545,0.0
2,1145,0.0046142144,-0.0
2,1146,-0.004469562,0.01
2,1147,0.005206221,-0.0
2,1148,-0.0025923138,0.01
2,1149,-0.00082206656,-0.0
2,1150,0.0021406799,0.0
2,1151,0.0025074228,0.04
2,1152,0.0047422475,0.01
2,1153,-0.001958706,0.01
2,1154,-0.0011311201,0.03
2,1155,-0.0074101854,-0.0
2,1156,0.00039766525,-0.0
2,1157,0.00074048166,-0.01
2,1158,-0.011498013,0.01
2,1159,0.0038747462,0.01
2,1160,-0.0011181933,0.01
2,1161,0.0027287,0.01
2,1162,-0.003042527,0.0
2,1163,-0.0011357047,-0.0
2,1164,0.0055047236,-0.06
2,1165,0.006413108,0.0
2,1166,-0.001710236,-0.0
2,1167,0.006392947,0.03
2,1168,-0.0025286423,-0.0
2,1169,0.0009984489,0.01
2,1170,0.0018172013,-0.0
2,1171,0.0024015878,0.0
2,1172,-0.010439822,0.01
2,1173,-0.015143805,-0.0
2,1174,0.0046321605,0.01
2,1175,-0.004023835,-0.01
2,1176,-0.011922833,0.02
2,1177,0.016131287,0.0
2,1178,0.0016586082,-0.01
2,1179,-0.00020253396,-0.03
2,1180,0.004519704,0.01
2,1181,0.0028839747,0.0
2,1182,-0.004425539,0.0
2,1183,-0.00017934517,0.01
2,1184,-0.0075404467,0.0
2,1185,-0.006489242,0.03
2,1186,0.0010037018,0.02
2,1187,-0.005879975,-0.05
2,1188,0.01034016,-0.0
2,1189,0.009367197,0.0
2,1190,-0.00048298851,-0.01
2,1191,-0.0028676542,-0.01
2,1192,-0.0011862391,-0.02
2,1193,0.00012189605,0.02
2,1194,-0.004072185,-0.01
2,1195,-0.006082607,0.01
2,1196,0.0034421454,0.01
2,1197,-0.0039163413,0.02
2,1198,4.8981747e-07,-0.03
2,1199,-8.127061e-05,0.03
2,1200,0.0073873037,0.01
2,1201,-0.015192512,0.01
2,1202,0.0042735683,-0.02
2,1203,-0.0024853535,-0.03
2,1204,0.0059694913,0.01
2,1205,0.0034314585,-0.04
2,1206,0.0018766843,0.0
2,1207,-0.007929041,-0.02
2,1208,-0.0037873853,0.01
2,1209,-0.0012829282,0.04
2,1210,-0.0023028445,0.02
2,1211,-0.0010316158,-0.01
2,1212,0.0015081157,-0.0
2,1213,0.013864765,0.01
2,1214,0.0085017495,-0.01
2,1215,0.006744166,-0.02
2,1216,0.0018069167,-0.0
2,1217,0.0029053488,-0.01
2,1218,-0.013066132,0.02
2,1219,0.0052459436,-0.01
2,1220,0.006509689,0.0
2,1221,0.004085042,0.01
2,1222,-1.8639199e-05,-0.02
2,1223,0.0065716333,0.02
2,1224,-0.013759256,0.04
2,1225,-0.008205611,0.06
2,1226,-0.0007868466,0.01
2,1227,-0.0020374807,0.0
2,1228,-0.009097353,-0.01
2,1229,0.0014190131,-0.01
2,1230,0.010331036,-0.0
2,1231,-0.012396826,0.01
2,1232,-0.003222725,-0.0
2,1233,0.0016339335,-0.01
2,1234,-0.0023894855,0.01
2,1235,-0.011311949,-0.02
2,1236,-0.004353539,-0.0
2,1237,-0.0022860598,-0.02
2,1238,0.017222801,-0.07
2,1239,-0.0041949567,0.02
2,1240,0.012765843,0.01
2,1241,0.010422383,-0.01
2,1242,-0.0036044074,-0.0
2,1243,0.009908219,-0.0
2,1244,-0.0018567679,-0.0
2,1245,0.00344667,-0.01
2,1246,-0.000406321,-0.01
2,1247,-0.0013681279,-0.0
2,1248,0.010797832,0.02
2,1249,0.0012754028,-0.02
2,1250,0.0006437828,-0.02
2,1251,0.004629031,0.03
2,1252,-0.016195452,0.01
2,1253,0.013960475,-0.01
2,1254,0.0042356323,0.0
2,1255,0.0018797739,-0.04
2,1256,0.0026294298,0.02
2,1257,0.012279495,-0.02
2,1258,-0.001621267,0.0
2,1259,0.0046588476,0.03
3,0,0.0074696713,0.1
3,1,-0.005090585,-0.02
3,2,-0.0017383049,-0.03
3,3,0.0072454605,0.03
3,4,-0.0044037784,-0.01
3,5,-0.0013831153,0.02
3,6,0.022386402,0.02
3,7,-0.0014181304,0.05
3,8,-0.0023138025,0.02
3,9,0.007842657,0.01
3,10,-0.004432236,0.03
3,11,-0.0040648887,-0.01
3,12,0.009843595,0.01
3,13,-0.010434913,-0.02
3,14,0.0019539343,-0.03
3,15,-0.0077755176,-0.01
3,16,-0.0022469694,-0.06
3,17,-0.0022105598,0.05
3,18,0.0019975468,0.04
3,19,0.008485398,-0.09
3,20,0.013557901,0.03
3,21,0.001549079,0.02
3,22,-0.003932822,0.04
3,23,0.010970741,-0.01
3,24,-0.0005731307,0.06
3,25,-0.021501096,0.11
3,26,-0.010313837,-0.17
3,27,-0.014178861,-0.09
3,28,-0.006813296,-0.08
3,29,-0.006794583,0.01
3,30,0.0064818123,0.05
3,31,0.0053587426,0.07
3,32,0.0071741017,-0.16
3,33,-0.006346345,-0.03
3,34,-7.935928e-05,0.02
3,35,0.00014538944,0.0
3,36,0.008789722,-0.01
3,37,0.0009136517,-0.05
3,38,-4.1066087e-06,0.01
3,39,0.012761594,-0.04
3,40,0.008742276,-0.07
3,41,0.021067346,0.04
3,42,-0.0014924564,0.02
3,43,0.009163936,0.02
3,44,-0.015812168,-0.01
3,45,0.010023062,-0.02
3,46,-0.002945799,0.02
3,47,-0.010101414,-0.04
3,48,0.004449096,0.02
3,49,0.0011390406,0.04
3,50,-0.00035689457,-0.02
3,51,-0.0124315685,0.04
3,52,-0.00556378,-0.01
3,53,-0.0038729855,-0.02
3,54,0.0035501653,-0.02
3,55,-0.013165279,0.01
3,56,-0.0018365645,-0.05
3,57,0.016264103,0.01
3,58,0.033498835,0.09
3,59,0.0065981564,0.0
3,60,0.004686303,-0.01
3,61,0.0019051555,0.01
3,62,0.01904373,-0.14
3,63,-0.019460948,-0.11
3,64,0.0058733146,0.05
3,65,0.003532046,-0.02
3,66,-0.0045497543,-0.01
3,67,0.000106379855,-0.0
3,68,0.0016638321,0.05
3,69,-0.00013467105,0.04
3,70,-0.0018762165,-0.0
3,71,0.006428772,-0.01
3,72,0.0022193845,-0.02
3,73,-0.0014940666,-0.05
3,74,-0.0014929384,0.04
3,75,0.0013813276,-0.05
3,76,0.00057618966,-0.03
3,77,0.014016201,0.01
3,78,-0.0069411853,0.13
3,79,-0.002005238,0.03
3,80,0.00088506215,0.02
3,81,-0.0009301113,-0.05
3,82,0.012517961,0.0
3,83,0.004683486,0.01
3,84,-0.00024201057,-0.0
3,85,-0.0030143699,0.06
3,86,-0.00591472,-0.01
3,87,0.0042059775,0.09
3,88,-0.017178163,0.04
3,89,-0.01719472,0.05
3,90,0.017246597,0.13
3,91,-0.0039269924,-0.01
3,92,-0.00031674892,-0.09
3,93,-0.0075620464,0.01
3,94,0.012566317,-0.04
3,95,-0.0047710882,0.11
3,96,-0.0345636,-0.02
3,97,0.0033081188,0.03
3,98,0.00014298025,0.01
3,99,0.0028832634,0.01
3,100,0.013729331,-0.0
3,101,-0.012663205,-0.04
3,102,-0.0004012683,0.0
3,103,-0.00023902027,-0.02
3,104,0.0022196826,0.01
3,105,0.00010864134,-0.0
3,106,0.006128699,0.0
3,107,0.00095476676,-0.01
3,108,0.011741814,0.04
3,109,0.012713777,-0.01
3,110,-0.0039891466,0.0
3,111,0.02055911,0.09
3,112,0.0009337116,-0.01
3,113,0.002618331,-0.03
3,114,-0.0047149495,0.0
3,115,-0.0035073664,-0.03
3,116,0.002566249,0.04
3,117,0.018418802,-0.04
3,118,0.009941098,-0.01
3,119,0.004603426,-0.02
3,120,-0.0026935702,-0.03
3,121,0.00092090096,-0.03
3,122,-0.014847175,0.01
3,123,-0.0028833868,0.0
3,124,-0.0009132144,0.04
3,125,-0.002752684,0.01
3,126,-0.008163517,0.03
3,127,0.0019959752,0.0
3,128,-0.0009106415,0.07
3,129,0.0036313948,0.02
3,130,0.0006386634,0.0
3,131,0.002068307,0.06
3,132,0.007901754,-0.06
3,133,0.010852056,-0.02
3,134,0.0033154818,-0.03
3,135,-0.0054606297,-0.01
3,136,0.0037355144,-0.13
3,137,-0.0020162961,0.0
3,138,0.012055012,0.07
3,139,-0.0028030411,0.01
3,140,0.0009407153,-0.01
3,141,0.0037584133,-0.01
3,142,0.009798066,0.0
3,143,-0.02450337,-0.23
3,144,0.0014034731,0.05
3,145,0.00029380893,0.02
3,146,0.009446169,0.02
3,147,0.0028559808,-0.08
3,148,0.002951458,-0.02
3,149,-0.005731381,-0.01
3,150,-0.018332865,0.08
3,151,0.002585745,0.07
3,152,0.0034798933,0.12
3,153,-0.0072100004,-0.02
3,154,0.00075218466,-0.06
3,155,0.016654646,0.07
3,156,-0.004234684,0.02
3,157,-0.0035258564,0.03
3,158,-0.0028125048,-0.0
3,159,0.0024110554,-0.05
3,160,0.0037907697,-0.01
3,161,0.016919773,-0.11
3,162,-0.0032278178,-0.06
3,163,0.0010748302,0.0
3,164,-0.0052447035,0.04
3,165,-0.00048770686,0.01
3,166,0.0031001265,0.04
3,167,-0.013785861,0.22
3,168,0.008655752,-0.09
3,169,-0.0062312745,-0.0
3,170,0.0055561676,-0.03
3,171,0.011868723,-0.07
3,172,0.017531758,0.01
3,173,0.018710803,0.02
3,174,-0.0027608862,0.03
3,175,-0.0021751919,0.29
3,176,-0.0050588935,0.01
3,177,-0.011103802,-0.02
3,178,-0.0035041058,-0.02
3,179,0.019265736,0.05
3,180,-0.0105070025,-0.02
3,181,-0.008515747,0.03
3,182,0.0041846517,0.04
3,183,0.002596661,-0.08
3,184,0.009724874,0.02
3,185,0.009199136,0.08
3,186,-0.006364888,0.01
3,187,-0.0034612152,-0.03
3,188,0.004355726,0.03
3,189,-0.004602829,0.08
3,190,0.0033410867,-0.04
3,191,-0.013072094,0.04
3,192,-0.0019593216,0.04
3,193,0.022618407,-0.07
3,194,0.015735114,0.0
3,195,0.0025514201,0.01
3,196,-0.00051907264,-0.03
3,197,0.0039725695,0.01
3,198,-0.0028365375,-0.06
3,199,-0.003077108,-0.07
3,200,-0.010561122,0.06
3,201,-0.028480114,0.02
3,202,0.0098388875,0.1
3,203,0.011470849,-0.02
3,204,-0.0035882713,-0.06
3,205,0.004270232,0.03
3,206,-0.00031636807,0.01
3,207,-0.00080639357,-0.08
3,208,0.006273154,-0.04
3,209,0.0037851017,-0.04
3,210,-0.008135797,0.05
3,211,0.002638911,-0.02
3,212,-0.0050665555,-0.02
3,213,0.009690431,-0.02
3,214,0.009425996,0.07
3,215,0.009139754,-0.02
3,216,0.016343454,-0.0
3,217,-0.003278769,-0.07
3,218,0.0034906934,-0.03
3,219,-0.00494816,0.05
3,220,-0.0045985105,0.02
3,221,0.0033715689,-0.05
3,222,0.0013005601,-0.03
3,223,-0.007383756,0.06
3,224,0.027664766,0.02
3,225,-0.04838066,0.01
3,226,-0.0035250005,0.02
3,227,-0.015915344,-0.05
3,228,-0.0015658452,0.18
3,229,-0.021871049,0.11
3,230,-0.005544551,0.16
3,231,-0.0010683188,0.01
3,232,-0.0015399319,-0.01
3,233,0.0028081592,0.03
3,234,-0.0022684499,0.03
3,235,0.0010669196,-0.05
3,236,0.0025046878,-0.04
3,237,-0.009103914,-0.01
3,238,-0.0037901942,-0.01
3,239,-0.0025455658,-0.04
3,240,-0.0017956985,0.02
3,241,-0.0010598912,0.0
3,242,-0.004581169,0.02
3,243,0.0035417625,0.02
3,244,0.0018959732,0.0
3,245,0.0016871525,-0.0
3,246,0.029624874,0.0
3,247,-0.0062729074,-0.0
3,248,-0.0045007593,0.04
3,249,0.00023782722,0.04
3,250,-0.0021614735,-0.01
3,251,0.0139921345,-0.03
3,252,0.0079066,-0.06
3,253,0.0052159694,-0.06
3,254,0.0043088323,-0.02
3,255,0.009532045,-0.01
3,256,-0.016901607,-0.0
3,257,0.0038151708,0.09
3,258,-0.005503661,-0.0
3,259,-0.002713067,0.03
3,260,-0.008613504,-0.11
3,261,0.0030405647,-0.02
3,262,-0.0021050568,0.04
3,263,-0.0025277534,-0.03
3,264,0.014096418,-0.01
3,265,0.007148064,-0.03
3,266,0.0019995645,-0.26
3,267,0.0026143068,-0.03
3,268,-0.010234162,0.2
3,269,-0.002365938,0.07
3,270,-0.0044717267,0.03
3,271,-0.015051217,0.09
3,272,0.0018064204,-0.01
3,273,0.010744586,0.06
3,274,-0.010978246,0.03
3,275,-0.0009827501,-0.01
3,276,0.028471727,-0.04
3,277,-0.0018766875,-0.1
3,278,0.03746201,-0.3
3,279,0.0015635242,-0.05
3,280,-0.018071717,-0.01
3,281,-0.00546047,0.15
3,282,0.0073527154,0.05
3,283,-0.006037824,-0.02
3,284,-0.003862619,-0.02
3,285,0.002962341,-0.02
3,286,0.0073436536,-0.01
3,287,-0.014917803,0.04
3,288,-0.0007232268,0.03
3,289,0.0024475255,-0.13
3,290,0.0043350477,0.0
3,291,-0.002324312,-0.08
3,292,0.006829277,0.1
3,293,-0.013473033,0.23
3,294,-0.003036478,0.04
3,295,0.002509262,0.01
3,296,0.010380532,0.05
3,297,-0.011847161,-0.11
3,298,-0.002782863,0.03
3,299,0.004661163,-0.05
3,300,0.013043854,-0.01
3,301,0.0006133186,0.03
3,302,0.015272771,-0.0
3,303,0.018356476,-0.2
3,304,0.0029257904,0.04
3,305,-0.0012140311,-0.04
3,306,-0.004387935,0.03
3,307,-0.0031429129,0.08
3,308,0.00016430265,0.03
3,309,0.0052748104,0.07
3,310,-0.004288075,0.04
3,311,-0.0029914114,0.1
3,312,-0.0016766168,-0.03
3,313,-0.00898724,0.0
3,314,0.01023431,-0.04
3,315,0.010542319,0.01
3,316,0.0016349471,0.01
3,317,0.0030245665,-0.05
3,318,0.0020670346,-0.01
3,319,0.0055724164,0.07
3,320,-0.0078070755,-0.04
3,321,-0.0037827287,0.03
3,322,-0.002712742,0.01
3,323,0.0051308577,0.01
3,324,0.00350118,-0.04
3,325,-0.008808726,-0.01
3,326,0.009029667,-0.02
3,327,0.0025526644,0.0
3,328,-0.017018406,0.02
3,329,-0.0036446252,0.04
3,330,-0.0057789865,-0.0
3,331,-0.012777862,-0.05
3,332,0.015051279,-0.0
3,333,-0.0058280006,0.04
3,334,0.0042114146,0.03
3,335,0.007786412,0.0
3,336,0.018100735,-0.04
3,337,0.027785523,-0.09
3,338,-0.012441809,-0.04
3,339,0.008519149,-0.02
3,340,-0.0020990307,0.04
3,341,-0.0072783036,-0.02
3,342,0.006907557,-0.0
3,343,0.015263084,-0.1
3,344,-0.005181055,0.06
3,345,0.024894726,-0.04
3,346,0.0041689263,-0.11
3,347,-0.004958961,-0.09
3,348,7.206062e-05,0.02
3,349,-0.0009819207,0.12
3,350,0.008194488,-0.07
3,351,0.006492444,-0.02
3,352,0.00025958652,-0.01
3,353,-0.00978463,-0.02
3,354,-0.008936182,0.02
3,355,0.009601742,0.01
3,356,-0.0055129603,0.01
3,357,0.014891402,-0.04
3,358,-0.0009442491,0.01
3,359,-0.007478137,-0.02
3,360,0.021825088,0.16
3,361,-0.0031527304,-0.03
3,362,0.001112073,0.0
3,363,0.0014545431,0.05
3,364,-0.0055001024,0.02
3,365,0.004052153,0.01
3,366,-0.013409347,-0.01
3,367,-0.0102296835,-0.01
3,368,-0.012929267,0.09
3,369,-0.009116258,0.02
3,370,-0.014275368,-0.03
3,371,-0.005198678,-0.02
3,372,0.009601471,0.0
3,373,0.0032253014,0.01
3,374,-0.003282858,0.0
3,375,0.0034384602,0.03
3,376,0.006804806,0.04
3,377,0.0022807769,-0.02
3,378,-0.00299293,-0.03
3,379,0.005395302,-0.01
3,380,-0.00031029992,-0.01
3,381,0.008089856,-0.1
3,382,-0.0028696167,-0.02
3,383,-0.010011647,-0.0
3,384,0.01413082,-0.04
3,385,0.0024026758,-0.08
3,386,0.006437527,0.03
3,387,0.009090838,-0.06
3,388,0.009230884,-0.07
3,389,-0.0061175977,-0.01
3,390,-0.03683296,-0.06
3,391,0.037407815,0.17
3,392,-0.0062760096,-0.0
3,393,0.004495555,-0.02
3,394,0.007549799,-0.01
3,395,-0.010680298,-0.06
3,396,0.009091866,0.03
3,397,0.0039557735,-0.04
3,398,-0.0016726545,0.04
3,399,-0.0014148516,0.07
3,400,0.0012886507,-0.01
3,401,0.0011225089,-0.01
3,402,-0.0038210321,-0.0
3,403,-0.0024193688,0.0
3,404,0.0011390471,0.02
3,405,-0.035463355,-0.03
3,406,0.01602236,-0.05
3,407,0.0050006434,0.0
3,408,0.0072755744,-0.07
3,409,0.005428728,-0.02
3,410,-0.0015410032,-0.0
3,411,0.009764858,-0.06
3,412,-0.0061364365,0.01
3,413,0.001625275,-0.01
3,414,-0.004125054,-0.03
3,415,0.021288231,0.02
3,416,-0.00012893317,-0.05
3,417,-0.0014096457,-0.04
3,418,0.013660442,-0.05
3,419,0.0047595515,0.12
3,420,0.0010973911,-0.04
3,421,-0.0009195099,0.01
3,422,-0.0008449722,0.04
3,423,-0.03182155,0.0
3,424,0.0028894194,0.03
3,425,-0.0011089516,0.07
3,426,0.008382583,-0.06
3,427,-0.0076698516,-0.01
3,428,-0.0037439284,-0.02
3,429,0.00030856166,0.09
3,430,-0.01737898,0.02
3,431,0.012195641,-0.02
3,432,0.0052571245,-0.02
3,433,0.016919358,0.05
3,434,0.008610456,0.03
3,435,-0.03561411,0.04
3,436,-0.001885523,0.02
3,437,0.017148744,-0.06
3,438,0.002104021,0.0
3,439,0.0011880682,0.01
3,440,-0.0013049402,0.01
3,441,-0.0030062501,0.03
3,442,-0.043420997,0.02
3,443,0.0009976418,0.01
3,444,0.029749978,0.05
3,445,-0.000775805,0.01
3,446,0.0026272978,-0.02
3,447,-0.005712986,-0.0
3,448,0.0006496736,0.05
3,449,-0.018252632,0.1
3,450,-0.004078667,-0.07
3,451,-0.010889157,-0.07
3,452,-0.010921839,0.0
3,453,0.01297842,0.05
3,454,-0.039546363,0.02
3,455,-0.002140583,0.03
3,456,0.003169675,-0.0
3,457,0.0014123536,0.02
3,458,0.013887854,-0.04
3,459,0.008896099,-0.1
3,460,-0.004532765,-0.01
3,461,0.024496444,-0.01
3,462,0.013221649,-0.05
3,463,0.0032299561,-0.0
3,464,0.00073444576,0.0
3,465,0.0011725065,-0.05
3,466,-0.003225617,0.04
3,467,0.00093452184,-0.05
3,468,-0.00015795638,-0.0
3,469,-0.0069417916,0.06
3,470,0.005262838,-0.07
3,471,-0.0010325216,0.02
3,472,-0.0031731129,0.01
3,473,0.017900944,-0.04
3,474,-0.0001533932,0.0
3,475,-0.012862708,-0.08
3,476,0.0036103022,0.08
3,477,-0.004228345,-0.04
3,478,-0.000219915,-0.03
3,479,0.0013372069,-0.04
3,480,0.014115611,-0.06
3,481,0.0021022959,-0.06
3,482,0.0049308906,0.04
3,483,-0.0066844216,0.03
3,484,0.0056685125,0.05
3,485,0.026171817,-0.05
3,486,0.005157886,0.03
3,487,-0.006555315,0.03
3,488,-0.0047786683,-0.0
3,489,-0.00647389,0.05
3,490,0.0009374072,-0.01
3,491,-0.02368897,0.03
3,492,0.012606247,-0.14
3,493,-0.00044764386,0.01
3,494,-0.03169962,0.1
3,495,0.0027200277,-0.02
3,496,0.00012251214,-0.04
3,497,0.025725096,-0.29
3,498,0.0068141995,0.02
3,499,0.0012474067,-0.04
3,500,0.0070526795,0.01
3,501,-0.016451249,0.02
3,502,0.008023752,0.05
3,503,-0.0036116894,-0.06
3,504,-0.018504128,0.02
3,505,0.010590725,-0.01
3,506,0.0006730653,0.03
3,507,0.006290119,0.13
3,508,0.004735313,0.09
3,509,-0.007107246,0.09
3,510,-0.0016828052,-0.02
3,511,0.01273455,0.07
3,512,0.008981448,0.03
3,513,-0.07346554,0.15
3,514,-0.007882016,-0.05
3,515,-0.005123374,-0.0
3,516,-0.0017180127,-0.02
3,517,0.004112676,0.01
3,518,0.011130023,-0.13
3,519,0.0036399416,-0.05
3,520,0.0012081867,0.02
3,521,0.0027766498,-0.04
3,522,-0.002202435,-0.0
3,523,0.007889794,-0.05
3,524,0.01635232,0.03
3,525,0.004379583,0.02
3,526,0.00521895,-0.01
3,527,-0.0010975939,-0.01
3,528,-0.006645261,0.08
3,529,0.007261509,0.06
3,530,0.024596365,-0.09
3,531,0.010816243,0.04
3,532,0.0036085173,0.03
3,533,0.006685866,0.04
3,534,-0.0077315415,0.0
3,535,0.007858222,0.02
3,536,0.019330384,-0.03
3,537,-0.0064515867,-0.01
3,538,0.005185583,0.02
3,539,0.008543365,0.05
3,540,-0.0068572373,-0.03
3,541,0.0007823907,-0.04
3,542,-0.000988717,0.02
3,543,-0.007122935,0.05
3,544,-0.010065763,0.05
3,545,0.004781903,0.03
3,546,0.012384451,0.1
3,547,-0.0010105539,-0.04
3,548,-0.04230622,0.14
3,549,0.008113078,0.05
3,550,-0.009369868,0.05
3,551,0.0033832877,-0.02
3,552,0.012949745,-0.17
3,553,0.000118751894,-0.05
3,554,-0.0018493523,-0.01
3,555,0.003076348,0.02
3,556,0.0064948793,0.0
3,557,-0.0036460753,-0.04
3,558,0.0002875172,0.06
3,559,-0.002486669,0.03
3,560,-0.0009134216,-0.01
3,561,0.005638395,-0.13
3,562,-0.0012118178,-0.02
3,563,-0.009133853,0.03
3,564,0.007076771,-0.06
3,565,0.0027891677,0.04
3,566,-0.00467423,-0.01
3,567,-0.0012401798,0.07
3,568,-0.0038595414,-0.03
3,569,-0.004103367,0.08
3,570,0.001064598,-0.04
3,571,-0.0006053345,-0.03
3,572,-0.0026851748,-0.03
3,573,-0.012420305,0.0
3,574,-0.011217686,-0.07
3,575,0.0066777775,0.0
3,576,0.00028642637,0.01
3,577,0.0025699153,-0.02
3,578,-0.013664167,-0.02
3,579,0.0054578492,0.02
3,580,0.0047119535,-0.05
3,581,-0.004342479,0.02
3,582,-0.011092017,-0.03
3,583,0.009500896,-0.0
3,584,-0.0042601624,-0.02
3,585,0.0071428414,-0.11
3,586,0.0031945864,0.0
3,587,-0.00045530626,0.14
3,588,-0.0063809925,-0.03
3,589,-0.0062705353,0.09
3,590,0.011121139,-0.43
3,591,0.008736571,-0.12
3,592,0.004334457,-0.05
3,593,0.023393052,0.02
3,594,0.0017438289,0.04
3,595,-0.01735389,0.08
3,596,-0.009262256,0.08
3,597,-0.00044696557,0.02
3,598,0.01372029,-0.03
3,599,0.0065764496,-0.0
3,600,0.0053982027,0.01
3,601,0.010210118,-0.02
3,602,0.009555842,-0.05
3,603,0.016630797,-0.21
3,604,0.0040783742,-0.08
3,605,0.007862674,0.06
3,606,-0.011094552,0.38
3,607,-0.013931261,-0.01
3,608,0.0018591242,0.04
3,609,-0.011735585,0.05
3,610,-0.00048172503,0.01
3,611,-0.006046019,-0.02
3,612,0.0004219461,-0.04
3,613,-0.003387737,0.03
3,614,-0.0034969673,0.01
3,615,0.014677343,0.11
3,616,0.025253369,-0.05
3,617,-0.028618678,0.1
3,618,0.006447904,0.04
3,619,-0.0018359519,0.08
3,620,-0.013050152,0.06
3,621,0.012339776,-0.12
3,622,-0.004841367,0.02
3,623,0.009024493,-0.03
3,624,0.0058728345,0.03
3,625,-0.0046283635,0.03
3,626,0.00014179718,-0.02
3,627,-0.016938888,-0.02
3,628,0.0005368133,-0.02
3,629,0.009516547,-0.23
3,630,-0.003173214,-0.01
3,631,-0.004204301,-0.01
3,632,-0.0073418748,0.32
3,633,0.0026489114,-0.04
3,634,-0.003555322,-0.02
3,635,-0.0032471507,0.03
3,636,0.010015816,-0.01
3,637,0.0067151347,-0.05
3,638,-0.00042189664,-0.15
3,639,-0.0061744163,0.03
3,640,-0.0029966063,-0.02
3,641,0.007945567,0.04
3,642,0.007409188,0.02
3,643,0.0026502078,0.11
3,644,0.00043007632,-0.04
3,645,-0.006445468,0.02
3,646,-0.0007722939,0.01
3,647,-0.0028348374,-0.02
3,648,0.00622565,0.02
3,649,0.007244196,-0.03
3,650,0.0026758513,-0.05
3,651,0.008988262,-0.01
3,652,-0.0008802238,0.02
3,653,-0.0019681267,0.18
3,654,0.00080319634,-0.02
3,655,0.0036214609,0.01
3,656,-0.0028702999,-0.03
3,657,0.026176482,-0.05
3,658,0.005276975,0.11
3,659,0.010095535,0.01
3,660,0.005689607,-0.07
3,661,0.011447851,0.04
3,662,-1.287894e-05,-0.0
3,663,0.00779156,0.05
3,664,-0.004183039,-0.01
3,665,-0.004499956,0.04
3,666,0.008065573,-0.11
3,667,-0.004113385,-0.03
3,668,0.005420221,-0.01
3,669,-0.015797578,0.03
3,670,0.009860337,0.42
3,671,-0.0017399456,-0.03
3,672,-0.0047465474,0.04
3,673,0.0002345292,0.01
3,674,0.0053185686,-0.01
3,675,-0.0002960174,-0.13
3,676,-0.0019841539,-0.05
3,677,0.010262046,-0.01
3,678,0.016234541,0.02
3,679,-0.00095980335,-0.04
3,680,-0.012643633,-0.0
3,681,-0.008946093,0.02
3,682,0.00885208,0.13
3,683,-0.0029974552,-0.04
3,684,0.0018321896,-0.06
3,685,-0.008000994,-0.26
3,686,-0.064907715,-0.31
3,687,-0.018393658,-0.03
3,688,0.0032752343,-0.03
3,689,0.006678166,0.01
3,690,0.005149308,-0.02
3,691,0.0073666526,0.0
3,692,0.00048493303,0.04
3,693,-0.01941533,0.06
3,694,0.019402917,0.09
3,695,-0.009480852,0.01
3,696,-0.004495694,-0.02
3,697,0.0053423336,-0.06
3,698,-0.002348966,0.02
3,699,-0.004570936,-0.01
3,700,0.004308456,-0.0
3,701,0.0033316384,-0.01
3,702,-0.000650901,-0.06
3,703,0.0031666998,-0.01
3,704,0.0031238855,0.03
3,705,0.006759886,-0.07
3,706,-0.0061957682,-0.02
3,707,0.011116435,-0.05
3,708,0.00079980475,0.08
3,709,0.0010371609,-0.0
3,710,-0.00079420966,0.0
3,711,-0.01398362,0.09
3,712,0.0064298883,0.13
3,713,0.002257427,-0.02
3,714,-0.0014069395,-0.06
3,715,-0.01398122,0.14
3,716,0.021932641,-0.01
3,717,0.003393494,0.02
3,718,0.0026029637,0.03
3,719,-0.010061261,-0.01
3,720,0.012206672,-0.05
3,721,0.018605186,-0.02
3,722,0.0032588737,0.02
3,723,-0.0034662806,0.0
3,724,0.0028599724,-0.02
3,725,-0.004244383,0.06
3,726,-0.009748544,-0.05
3,727,-0.0019409048,-0.01
3,728,0.002397404,-0.0
3,729,8.125411e-06,0.11
3,730,0.0009914327,-0.02
3,731,0.0034018815,-0.06
3,732,-0.06208744,-0.08
3,733,-0.016509319,-0.12
3,734,0.0027868873,0.03
3,735,0.014323797,0.05
3,736,-0.05632985,-0.07
3,737,-0.011768987,-0.01
3,738,0.07075946,0.21
3,739,-0.0003237371,0.26
3,740,-0.0064724116,-0.06
3,741,0.006922668,-0.03
3,742,-0.011437256,0.02
3,743,0.02198137,-0.04
3,744,0.0092742145,-0.13
3,745,0.0013620917,0.05
3,746,0.0027381321,0.08
3,747,0.00363291,-0.14
3,748,-0.002031316,-0.02
3,749,0.004939012,0.02
3,750,0.005429521,-0.06
3,751,-0.001401932,-0.01
3,752,0.001587796,-0.03
3,753,-0.006328296,-0.0
3,754,0.0020524869,-0.02
3,755,0.001872518,0.03
3,756,-0.006165798,-0.03
3,757,0.01654655,0.02
3,758,0.009265768,0.18
3,759,-0.007329328,0.01
3,760,-0.0019015154,0.03
3,761,-0.012686541,-0.15
3,762,-0.008524537,0.01
3,763,0.0044556526,0.02
3,764,0.0016150436,0.09
3,765,0.0014892478,0.16
3,766,0.002538438,0.02
3,767,-0.00575174,0.0
3,768,-0.018676214,0.11
3,769,0.010803893,-0.12
3,770,-0.013415745,-0.03
3,771,0.0020529164,-0.03
3,772,-0.005973659,-0.11
3,773,-0.00023758574,0.04
3,774,-0.006993178,-0.07
3,775,0.007923551,-0.04
3,776,0.00296481,-0.01
3,777,0.002657502,0.1
3,778,0.010898871,0.05
3,779,-0.005886425,0.29
3,780,-0.009568945,0.08
3,781,-0.0021372456,-0.03
3,782,-0.009872736,-0.02
3,783,0.000789724,-0.03
3,784,0.004895203,-0.02
3,785,0.0016522123,0.04
3,786,0.002365603,-0.03
3,787,0.00088053267,-0.03
3,788,0.0052862396,0.01
3,789,-0.0018674425,-0.01
3,790,9.569782e-05,0.03
3,791,0.0069977855,-0.03
3,792,-0.004332715,0.06
3,793,0.00037952987,0.02
3,794,0.0074380627,-0.01
3,795,0.0053551993,0.0
3,796,0.0006760721,-0.05
3,797,0.0013083703,-0.02
3,798,-0.012258824,-0.04
3,799,0.010930537,0.08
3,800,-0.026989682,-0.05
3,801,-2.773691e-05,0.04
3,802,-0.006512711,0.0
3,803,0.004659031,0.05
3,804,0.0008623078,0.06
3,805,0.0011780715,-0.05
3,806,-0.0012084972,-0.04
3,807,-0.0074925167,0.02
3,808,0.04688881,-0.04
3,809,-0.00372303,-0.03
3,810,0.013034163,-0.03
3,811,0.0010930244,-0.06
3,812,0.0121622505,-0.06
3,813,0.0071901754,0.09
3,814,0.003366765,-0.05
3,815,0.007256893,-0.03
3,816,-0.0029069772,-0.02
3,817,0.0012535308,-0.02
3,818,0.010675364,0.04
3,819,-0.023046521,0.04
3,820,-0.0070718112,-0.01
3,821,0.0022483116,0.04
3,822,-0.0032135397,0.0
3,823,0.002673366,0.01
3,824,-0.0050609405,0.03
3,825,2.550814e-05,0.02
3,826,-0.0070237317,0.0
3,827,-0.0075193807,-0.01
3,828,-0.022963274,0.23
3,829,-0.003907865,0.09
3,830,0.004367559,0.28
3,831,0.004045205,0.08
3,832,-0.0051630097,0.36
3,833,-0.026315931,-0.0
3,834,-0.0013828626,0.12
3,835,-0.0017096036,-0.02
3,836,0.043298934,-0.23
3,837,-0.003766147,-0.01
3,838,0.009076706,0.04
3,839,0.0074843946,-0.05
3,840,-0.005796148,-0.04
3,841,0.0019664206,-0.02
3,842,-0.0062793377,-0.01
3,843,-0.0025090338,0.05
3,844,0.020145535,0.0
3,845,-0.0067255246,0.03
3,846,-0.004329093,-0.04
3,847,0.0041976324,-0.05
3,848,0.004010632,-0.01
3,849,0.007587329,-0.06
3,850,-0.0015709484,-0.01
3,851,0.003871264,-0.04
3,852,-0.0107035,0.04
3,853,0.0032522422,-0.05
3,854,-8.724301e-05,0.02
3,855,0.00031850592,0.03
3,856,0.0067245574,0.0
3,857,0.0010900195,0.01
3,858,0.0013197417,-0.05
3,859,-0.0022454173,-0.03
3,860,0.03764089,-0.14
3,861,-0.0030878796,-0.09
3,862,-0.010894432,-0.04
3,863,-0.035868764,-0.01
3,864,0.010571886,0.07
3,865,0.027720347,-0.19
3,866,0.0024416582,0.01
3,867,-0.006587822,0.07
3,868,0.0028654207,0.09
3,869,0.0030935728,-0.01
3,870,7.889839e-05,-0.01
3,871,-0.002791823,0.03
3,872,0.0064250138,0.03
3,873,-0.011033984,0.06
3,874,0.0006512937,0.05
3,875,0.005471815,0.1
3,876,-0.012817841,0.01
3,877,-0.007284547,0.03
3,878,-0.0022592386,0.01
3,879,0.0023518857,-0.02
3,880,0.0054840036,0.01
3,881,-0.004951225,0.01
3,882,0.00044831797,-0.03
3,883,0.014701096,-0.06
3,884,0.0018393006,0.01
3,885,-0.0018591731,0.17
3,886,0.010998562,0.02
3,887,0.0019462351,-0.05
3,888,-0.0017649363,-0.12
3,889,-0.014571778,0.09
3,890,-0.0154609,0.05
3,891,0.019818958,-0.12
3,892,-0.00015615573,-0.02
3,893,-0.005018691,0.1
3,894,0.001232448,-0.02
3,895,3.88693e-05,0.02
3,896,-0.0063873385,-0.09
3,897,-0.000999103,-0.03
3,898,-0.008407916,-0.02
3,899,-0.0007631368,0.01
3,900,-0.008741196,-0.07
3,901,0.0041226735,0.01
3,902,-0.011297533,0.02
3,903,0.00484767,-0.08
3,904,0.00399007,0.0
3,905,0.0005324225,-0.06
3,906,0.015438838,0.0
3,907,-0.0006871924,-0.02
3,908,0.005468446,0.01
3,909,0.0020206103,-0.01
3,910,0.0028512008,-0.01
3,911,0.0008477079,-0.2
3,912,-0.0022188174,-0.0
3,913,-0.0028173798,-0.02
3,914,-0.0006843689,0.03
3,915,-0.0060663293,-0.02
3,916,-0.0018099305,-0.02
3,917,0.0019333751,-0.03
3,918,0.0022903988,-0.01
3,919,-0.0043342076,0.06
3,920,-0.0024509593,0.05
3,921,-0.09786471,0.1
3,922,0.0075015966,0.05
3,923,-0.005599097,0.06
3,924,-0.003059667,-0.05
3,925,0.010898364,-0.09
3,926,0.004773092,-0.11
3,927,0.00316031,-0.07
3,928,0.0009446677,-0.03
3,929,0.02587204,0.06
3,930,0.0054875575,-0.02
3,931,-0.0062867356,-0.01
3,932,-0.010747101,-0.01
3,933,-0.0063737687,0.02
3,934,-0.00051284314,-0.01
3,935,0.005727383,0.0
3,936,0.015684146,-0.01
3,937,-0.004824543,-0.03
3,938,0.0012554941,0.01
3,939,0.003983835,0.02
3,940,0.0027058222,-0.16
3,941,0.0059471168,-0.12
3,942,0.0031859465,0.04
3,943,0.0061039254,-0.01
3,944,-0.002229225,-0.01
3,945,0.018158138,0.02
3,946,-0.008401934,0.04
3,947,0.010572568,-0.05
3,948,0.010839911,0.04
3,949,-0.004367449,0.01
3,950,0.00038951484,-0.05
3,951,-0.0006872617,-0.01
3,952,-0.030098781,0.13
3,953,0.0017655094,-0.03
3,954,0.003867797,0.01
3,955,0.006366728,-0.01
3,956,-0.002659272,0.01
3,957,0.0068460666,0.06
3,958,0.0029616742,-0.02
3,959,-0.03682577,-0.03
3,960,-0.010429001,0.07
3,961,0.00416912,-0.08
3,962,0.008404333,-0.02
3,963,0.0064485422,0.01
3,964,-0.0017651151,-0.0
3,965,0.015202239,0.01
3,966,-0.013641574,-0.03
3,967,0.0033802232,0.0
3,968,0.0009308136,-0.06
3,969,-0.021607218,0.07
3,970,-0.016277324,0.15
3,971,0.0010838502,-0.09
3,972,0.002166567,0.04
3,973,-0.0025215559,0.06
3,974,0.004455817,-0.07
3,975,-0.0013281635,0.06
3,976,0.0112362215,0.01
3,977,-0.012711324,-0.0
3,978,-0.0034114965,0.0
3,979,0.0011569404,0.0
3,980,0.00291083,0.01
3,981,-0.0046259053,-0.05
3,982,0.0020922504,-0.1
3,983,0.0049661505,0.05
3,984,-0.002258622,0.01
3,985,0.012023227,0.0
3,986,-0.02498509,-0.1
3,987,0.036890127,0.04
3,988,0.011200749,-0.02
3,989,0.004023898,0.0
3,990,-0.0015691717,-0.0
3,991,-0.004216534,0.06
3,992,-0.0032511246,-0.01
3,993,0.005442037,0.05
3,994,0.005447733,0.01
3,995,0.0030640783,-0.01
3,996,-0.0063861813,-0.0
3,997,0.011911353,0.07
3,998,-0.0056370157,-0.0
3,999,0.004840014,-0.08
3,1000,0.005963314,-0.25
3,1001,-0.004622345,-0.11
3,1002,0.02209703,-0.04
3,1003,-0.01138523,0.1
3,1004,0.007511466,-0.01
3,1005,0.00025743153,-0.03
3,1006,-0.0068665636,0.08
3,1007,0.017821856,-0.12
3,1008,-0.03541435,0.02
3,1009,-0.0013015572,0.04
3,1010,-0.0061082854,-0.04
3,1011,0.0027473848,0.01
3,1012,-0.02774129,-0.13
3,1013,0.017219242,0.01
3,1014,0.012361647,0.05
3,1015,-0.0043914444,0.01
3,1016,-0.00092302344,0.11
3,1017,-0.005549161,0.01
3,1018,-0.012415123,0.18
3,1019,0.0023411904,-0.09
3,1020,0.0014959531,-0.12
3,1021,0.0014952654,-0.02
3,1022,0.024936672,-0.01
3,1023,0.0010465677,0.06
3,1024,0.0019015144,-0.02
3,1025,0.0032457337,-0.02
3,1026,0.0014188361,0.06
3,1027,-0.01942237,-0.03
3,1028,-0.0015157651,-0.0
3,1029,-0.0077791545,-0.04
3,1030,-0.0026745894,-0.02
3,1031,-0.005118188,0.03
3,1032,0.0019815294,0.08
3,1033,0.0049315942,0.13
3,1034,0.0169035,-0.03
3,1035,-0.0024158778,0.01
3,1036,-0.07950424,0.15
3,1037,-0.0014237335,-0.03
3,1038,0.0019990853,-0.01
3,1039,-0.009899405,0.03
3,1040,-0.0025386368,-0.01
3,1041,0.0009535859,-0.0
3,1042,-0.0002302127,0.02
3,1043,0.02028619,0.07
3,1044,0.02682921,0.12
3,1045,-0.0042544142,-0.0
3,1046,0.0033586407,0.02
3,1047,0.0008738763,0.0
3,1048,0.0040229266,-0.07
3,1049,-0.01356261,-0.04
3,1050,-0.019392129,-0.03
3,1051,0.0074815564,-0.04
3,1052,0.02147802,0.09
3,1053,-0.022144256,0.03
3,1054,-0.0041016834,0.0
3,1055,0.0260944,0.01
3,1056,0.0033732327,0.04
3,1057,-0.001175026,0.03
3,1058,0.0007527481,-0.05
3,1059,0.0036037746,0.01
3,1060,-7.7760546e-05,0.06
3,1061,0.0074627628,0.0
3,1062,-0.0075534624,0.02
3,1063,-0.007028307,-0.1
3,1064,-0.009773975,-0.04
3,1065,0.008293206,0.06
3,1066,-0.002286803,-0.03
3,1067,-0.0030828933,0.01
3,1068,0.0022194316,-0.03
3,1069,0.00024971663,-0.01
3,1070,0.009047683,0.03
3,1071,-0.0049707526,-0.01
3,1072,-0.0052279374,-0.0
3,1073,0.0029421519,-0.08
3,1074,-0.0015078633,0.06
3,1075,-0.001462666,-0.0
3,1076,-0.0011299384,-0.06
3,1077,0.005365194,-0.09
3,1078,0.0075325896,0.02
3,1079,-0.0030814204,0.05
3,1080,0.00822668,-0.08
3,1081,0.015451101,-0.14
3,1082,-0.005282381,-0.02
3,1083,0.004772594,0.08
3,1084,-0.030411605,0.08
3,1085,-0.008478814,-0.05
3,1086,0.00039146323,-0.02
3,1087,0.007687207,0.1
3,1088,0.009758554,0.03
3,1089,-0.003080187,-0.01
3,1090,-0.003806706,-0.03
3,1091,-0.0058125434,0.02
3,1092,-0.0003622849,-0.02
3,1093,-0.002514734,-0.05
3,1094,-0.0016175772,0.03
3,1095,0.0057669138,0.06
3,1096,-0.012120749,0.11
3,1097,0.0085835215,-0.01
3,1098,0.001924496,0.0
3,1099,0.0008502587,-0.08
3,1100,0.0042502177,-0.05
3,1101,0.00047598014,-0.0
3,1102,0.004595501,0.0
3,1103,0.011003028,0.01
3,1104,-0.0029457011,0.29
3,1105,-0.033022404,0.01
3,1106,0.0061199204,-0.04
3,1107,-0.002016652,0.04
3,1108,0.001034511,0.01
3,1109,-0.031086868,-0.04
3,1110,-0.0036751772,-0.04
3,1111,-0.023957906,-0.16
3,1112,-0.0027512996,-0.02
3,1113,-0.011439754,0.3
3,1114,0.011425491,0.06
3,1115,0.0042532603,-0.08
3,1116,9.84722e-05,0.06
3,1117,-0.0007677452,-0.04
3,1118,-0.019026544,0.02
3,1119,0.009254241,-0.01
3,1120,0.014703883,-0.01
3,1121,0.0030513234,-0.01
3,1122,-0.0030680508,0.04
3,1123,0.0029034656,0.09
3,1124,-0.006198967,-0.0
3,1125,-0.0082843825,0.13
3,1126,0.0041510947,-0.02
3,1127,0.0050440575,-0.1
3,1128,0.0062007434,-0.02
3,1129,0.011107637,-0.12
3,1130,0.0015673653,0.05
3,1131,-0.0067289383,0.14
3,1132,-0.035664916,0.09
3,1133,0.0010513812,0.01
3,1134,-0.0058729886,-0.0
3,1135,-0.0071338196,0.05
3,1136,0.010452656,-0.25
3,1137,0.015937788,0.02
3,1138,-0.0013576437,0.05
3,1139,-0.0051925797,-0.01
3,1140,0.0050228215,0.07
3,1141,0.030851996,-0.01
3,1142,0.00052691274,0.0
3,1143,-0.009053829,0.29
3,1144,0.002473771,0.0
3,1145,-0.004277927,0.0
3,1146,-0.0024152403,-0.05
3,1147,0.0072527556,-0.01
3,1148,0.03812993,-0.03
3,1149,-0.026448166,0.06
3,1150,0.006406899,-0.01
3,1151,0.027599446,0.04
3,1152,-0.012839368,0.03
3,1153,0.0017530393,-0.02
3,1154,-0.005740974,-0.02
3,1155,-0.006635733,-0.02
3,1156,-0.0030342233,0.02
3,1157,0.0010176358,-0.13
3,1158,-0.0020186347,-0.01
3,1159,0.0025032302,-0.02
3,1160,0.0007954341,-0.0
3,1161,0.003914542,-0.02
3,1162,0.007942725,-0.08
3,1163,0.011664129,0.03
3,1164,-0.0071827588,-0.09
3,1165,0.01720025,-0.07
3,1166,-0.008918847,0.07
3,1167,-0.0065852352,-0.01
3,1168,-0.002129924,0.01
3,1169,5.2436575e-05,0.04
3,1170,0.008794981,-0.04
3,1171,-0.0049117603,-0.03
3,1172,0.006405924,-0.01
3,1173,0.008436438,0.0
3,1174,0.04215711,0.03
3,1175,-0.015418476,-0.12
3,1176,-0.00041449646,0.09
3,1177,0.002191483,0.03
3,1178,0.011537638,0.06
3,1179,-0.005759855,-0.04
3,1180,-0.0040594954,-0.05
3,1181,-0.0016242284,0.03
3,1182,0.0011247902,0.0
3,1183,0.0026388308,-0.01
3,1184,0.0033569178,-0.08
3,1185,-0.007837864,-0.03
3,1186,0.0069836928,0.03
3,1187,0.022323972,0.1
3,1188,0.00047750096,-0.04
3,1189,-0.00392022,0.02
3,1190,-0.013682506,0.07
3,1191,-0.0024570515,-0.02
3,1192,-0.009369345,0.08
3,1193,0.0041857483,-0.01
3,1194,-0.0036643199,0.07
3,1195,0.0057876674,-0.02
3,1196,0.012846844,0.03
3,1197,0.0013280173,0.01
3,1198,-0.0022814116,-0.05
3,1199,-0.0009354431,0.02
3,1200,0.013007641,0.04
3,1201,-0.0026436108,-0.02
3,1202,0.004131536,-0.06
3,1203,0.00039344316,-0.02
3,1204,-0.02128951,-0.06
3,1205,0.010408089,0.02
3,1206,-0.00065926614,0.0
3,1207,0.010780676,0.09
3,1208,0.028253641,-0.13
3,1209,-0.0028676908,-0.02
3,1210,-0.020994233,0.0
3,1211,0.0055338237,0.0
3,1212,-0.0050062356,-0.01
3,1213,-0.000402536,0.01
3,1214,0.004831612,-0.02
3,1215,-0.0037453468,-0.01
3,1216,-0.0046319235,0.08
3,1217,0.017243579,-0.02
3,1218,0.00035283086,-0.02
3,1219,-0.00174711,0.01
3,1220,0.0061661927,0.04
3,1221,0.0022551217,0.01
3,1222,0.0028504338,0.01
3,1223,-0.0011493996,0.0
3,1224,-0.009429088,-0.06
3,1225,-0.0015569935,-0.0
3,1226,0.0051797032,-0.02
3,1227,-0.0023875157,-0.01
3,1228,0.009180551,0.0
3,1229,0.01102994,0.02
3,1230,0.0037045293,-0.01
3,1231,0.006755738,0.01
3,1232,-0.008814111,0.01
3,1233,-0.0019485283,0.09
3,1234,0.0048025046,-0.03
3,1235,0.00038508145,-0.01
3,1236,0.0018134561,-0.04
3,1237,-0.0029464113,0.01
3,1238,0.0031530089,0.0
3,1239,-0.0056699207,-0.08
3,1240,-4.4613582e-05,0.01
3,1241,0.0021721018,0.0
3,1242,0.012198532,0.03
3,1243,0.005582611,0.03
3,1244,-0.008899734,-0.0
3,1245,-0.0023256652,0.0
3,1246,0.03185133,-0.02
3,1247,0.0014916733,-0.0
3,1248,-0.007330528,-0.01
3,1249,-0.0026705884,0.03
3,1250,0.004796604,0.02
3,1251,-0.0085628005,0.0
3,1252,0.0078922,-0.03
3,1253,0.0031251432,-0.07
3,1254,0.0034467783,-0.06
3,1255,0.005350519,0.04
3,1256,-0.025615321,0.03
3,1257,0.0077432846,0.05
3,1258,0.0023718923,0.04
3,1259,0.0011496467,0.03
4,0,0.0016424584,0.07
4,1,0.002762319,0.02
4,2,-0.002708879,-0.03
4,3,0.0014245718,-0.04
4,4,-0.0034911227,0.02
4,5,-0.006419675,-0.01
4,6,0.0006636686,-0.04
4,7,-0.0040679304,-0.02
4,8,-0.002232716,-0.0
4,9,0.005573324,-0.01
4,10,0.0057325,0.04
4,11,0.007349903,-0.02
4,12,0.0020472787,-0.05
4,13,-0.003251404,0.0
4,14,-0.0046855435,-0.06
4,15,-5.1405514e-05,0.05
4,16,-0.011163346,0.05
4,17,-0.00955044,0.05
4,18,-0.0053847264,0.02
4,19,0.008443449,0.04
4,20,0.008158507,-0.02
4,21,-0.009034343,0.01
4,22,-0.01716213,-0.02
4,23,0.0044402415,0.02
4,24,0.017447708,0.02
4,25,0.0069262716,-0.04
4,26,0.020224743,0.01
4,27,0.012310292,-0.04
4,28,-0.001704119,0.02
4,29,-0.0023710807,-0.04
4,30,0.00063583965,-0.06
4,31,0.0065414608,0.03
4,32,-0.0043889782,0.03
4,33,-0.0016027994,0.06
4,34,0.008025375,-0.01
4,35,0.00512536,-0.04
4,36,0.010932308,-0.04
4,37,-0.001951377,-0.04
4,38,0.0034166044,-0.05
4,39,0.008841827,0.04
4,40,0.00042719804,-0.01
4,41,0.010183765,-0.07
4,42,0.004676294,0.03
4,43,0.008453058,0.08
4,44,0.005860995,-0.05
4,45,-0.0024988102,-0.07
4,46,-0.002890628,0.01
4,47,-0.004485748,0.05
4,48,-0.009858958,0.03
4,49,0.009544003,0.1
4,50,0.008714265,0.0
4,51,0.001489388,0.0
4,52,-0.0003008398,-0.03
4,53,-0.010605909,0.0
4,54,0.00032695127,0.06
4,55,0.005322355,0.03
4,56,-0.00020561155,0.01
4,57,0.0032243447,-0.1
4,58,0.003472255,0.03
4,59,0.006361954,-0.03
4,60,-0.006029943,-0.06
4,61,-0.0022359574,0.02
4,62,-0.0019662066,-0.09
4,63,0.0045021847,0.06
4,64,0.000104589664,0.03
4,65,-0.0020335766,0.04
4,66,0.0019435742,0.04
4,67,0.009064919,0.05
4,68,-0.000614892,-0.02
4,69,-9.25381e-05,0.0
4,70,0.008837653,0.02
4,71,-0.0069701057,0.03
4,72,0.004120807,-0.01
4,73,0.0044049677,-0.03
4,74,-0.0032476182,0.02
4,75,0.0021865247,0.04
4,76,0.00023691912,0.0
4,77,0.0017699174,-0.01
4,78,-0.0026042527,-0.05
4,79,-0.0011092753,-0.07
4,80,-0.0006551879,0.02
4,81,-0.005149384,0.08
4,82,0.0035656434,0.05
4,83,0.0055712457,-0.01
4,84,0.010199601,-0.03
4,85,0.004316032,0.02
4,86,-0.00047910903,0.07
4,87,-0.010207639,-0.05
4,88,0.0016658836,0.03
4,89,0.0021587838,0.05
4,90,0.0077344365,-0.01
4,91,0.00666614,0.0
4,92,-0.0023444195,-0.03
4,93,-0.0008733262,0.01
4,94,-0.0032588947,-0.0
4,95,0.004263661,0.01
4,96,0.0043507414,0.04
4,97,0.002622356,0.01
4,98,-0.010302251,-0.0
4,99,-0.0026619218,-0.0
4,100,4.702757e-05,-0.0
4,101,0.017329771,-0.06
4,102,0.0011160144,0.0
4,103,-0.004440534,0.04
4,104,-0.0029727225,0.05
4,105,0.0056889975,-0.03
4,106,0.0033550719,-0.05
4,107,0.0018398528,0.01
4,108,0.0007272463,0.03
4,109,-0.013170186,-0.01
4,110,-0.015581503,0.01
4,111,0.004130648,-0.02
4,112,-0.0032073283,-0.03
4,113,0.00033488462,0.0
4,114,0.010229545,0.01
4,115,-0.00068664947,0.02
4,116,-0.0007157717,0.02
4,117,0.0001737235,-0.01
4,118,-0.004438982,-0.03
4,119,-0.008002153,0.07
4,120,-0.00038469667,-0.04
4,121,-0.0038905793,-0.02
4,122,0.0059937933,0.01
4,123,-0.0014809024,0.03
4,124,-0.008613204,0.01
4,125,0.005923917,0.03
4,126,-0.0020758663,0.01
4,127,-0.001808788,0.0
4,128,-0.004553325,0.03
4,129,-0.0024045953,0.03
4,130,0.0021439795,-0.01
4,131,0.003324188,0.0
4,132,-0.0015182089,0.01
4,133,-0.008571427,0.01
4,134,-0.0015366889,0.0
4,135,0.0037813245,0.04
4,136,-0.0027950201,0.0
4,137,-0.0016516125,0.04
4,138,0.0021566942,-0.07
4,139,-0.0029659378,0.04
4,140,-0.0035258671,-0.02
4,141,0.0049553015,-0.0
4,142,0.0020414086,-0.01
4,143,0.0026117985,0.04
4,144,0.007189196,0.02
4,145,0.0065466505,0.03
4,146,0.0030822586,-0.02
4,147,0.002955019,0.04
4,148,-0.002327368,0.01
4,149,-0.011126644,0.04
4,150,-0.0062335087,-0.02
4,151,0.0038905467,0.06
4,152,0.013785709,0.01
4,153,0.0012855512,-0.0
4,154,-0.0035004725,0.05
4,155,-0.005239631,0.05
4,156,0.00089738495,0.03
4,157,0.00451785,0.04
4,158,-0.0036482362,0.05
4,159,-6.337688e-05,0.01
4,160,0.0017628564,-0.0
4,161,0.004457225,-0.02
4,162,0.00025760615,0.02
4,163,-0.010849408,0.01
4,164,-0.0006889519,-0.04
4,165,-0.0065820366,0.06
4,166,0.0019780782,0.03
4,167,0.010031609,-0.01
4,168,-0.00042776813,0.07
4,169,0.008089487,-0.02
4,170,-0.00525893,0.02
4,171,-0.007208036,-0.02
4,172,0.0005154854,-0.02
4,173,-0.0002900985,0.03
4,174,-0.0044389567,0.04
4,175,-0.0018417818,0.02
4,176,-0.0009988052,0.02
4,177,0.016281683,0.06
4,178,-0.0011104463,0.01
4,179,-0.002015644,-0.03
4,180,-0.0015746922,-0.07
4,181,-0.0032734002,0.07
4,182,0.004015573,-0.02
4,183,0.0020883973,0.03
4,184,0.0041438155,0.04
4,185,0.0021360097,0.03
4,186,1.4117599e-05,-0.04
4,187,0.0072717266,-0.05
4,188,-0.0003274201,0.01
4,189,-4.3114356e-05,0.0
4,190,-0.0023678765,0.04
4,191,-0.0016473242,-0.03
4,192,0.0018077207,-0.0
4,193,0.005014442,0.02
4,194,0.0027974846,-0.01
4,195,0.0014244051,-0.02
4,196,0.011005676,0.1
4,197,0.005261488,0.08
4,198,0.00080480205,-0.06
4,199,-0.004200973,-0.03
4,200,-0.002668625,-0.03
4,201,-0.00054609554,-0.04
4,202,-0.008099117,-0.05
4,203,-0.003382634,0.1
4,204,0.0010133795,0.02
4,205,-0.0022040058,0.04
4,206,-0.0026363994,0.04
4,207,-0.0060690097,0.02
4,208,-0.000897284,-0.0
4,209,0.0022184397,-0.0
4,210,-0.008368581,-0.07
4,211,-0.0036656975,-0.01
4,212,0.0051716,-0.02
4,213,0.01098033,0.02
4,214,-0.0016604607,-0.07
4,215,0.009886047,-0.04
4,216,-0.0031503066,0.02
4,217,0.00048170536,0.04
4,218,0.008440594,0.05
4,219,0.00042413035,0.04
4,220,0.001622204,0.02
4,221,-0.008828763,0.04
4,222,-0.0094666695,0.0
4,223,0.0016847525,-0.01
4,224,0.013560502,-0.01
4,225,-0.00014088457,0.01
4,226,-6.039944e-05,0.0
4,227,0.0039844904,-0.01
4,228,-0.0019069453,0.03
4,229,-0.010932897,-0.03
4,230,-0.01093153,0.05
4,231,0.008032467,0.03
4,232,-0.0060896263,-0.01
4,233,-0.008640888,-0.03
4,234,-0.00025171667,-0.03
4,235,-0.00050975406,0.0
4,236,0.01744143,0.02
4,237,0.004300248,0.01
4,238,0.010888197,-0.06
4,239,0.008196083,-0.01
4,240,0.0041259644,-0.0
4,241,-0.002206229,0.03
4,242,0.00047261582,-0.0
4,243,0.0064859157,-0.0
4,244,0.0016068781,-0.01
4,245,0.0067943074,-0.01
4,246,0.01741709,-0.04
4,247,-0.004508546,0.05
4,248,-0.00340036,0.04
4,249,-0.0036469188,-0.0
4,250,-0.011060178,0.02
4,251,-0.006725971,0.07
4,252,0.0030298536,-0.0
4,253,-0.0025082037,-0.05
4,254,0.008456187,-0.0
4,255,-0.003542319,0.04
4,256,0.0014986565,0.09
4,257,-0.013149242,0.07
4,258,0.0038857495,0.03
4,259,-0.005581446,0.02
4,260,-0.0012591379,0.04
4,261,0.01216229,0.06
4,262,0.0023013777,0.02
4,263,-0.005415755,0.01
4,264,0.0023672015,0.09
4,265,0.001760715,0.02
4,266,-0.0022118122,0.01
4,267,-0.0036940838,-0.02
4,268,-0.008902305,-0.03
4,269,-0.0014646946,0.04
4,270,0.0067255944,0.02
4,271,0.012129967,-0.08
4,272,0.0010862496,0.0
4,273,0.007608327,0.06
4,274,0.0013479986,-0.01
4,275,-0.0012373438,-0.02
4,276,0.0011952013,0.0
4,277,-0.0070318542,0.03
4,278,0.008880815,-0.06
4,279,-0.00035825223,-0.01
4,280,-0.008198972,0.04
4,281,0.004292253,-0.03
4,282,0.002124588,-0.02
4,283,0.0019809944,-0.06
4,284,-0.0037125626,-0.0
4,285,-0.0014536108,0.03
4,286,0.0027362942,0.03
4,287,0.0016854657,0.01
4,288,-0.0029175102,-0.01
4,289,-0.00407468,0.02
4,290,-0.002486296,-0.04
4,291,-0.00811774,0.01
4,292,0.0035186491,0.05
4,293,0.0062855496,0.04
4,294,0.00020584893,0.02
4,295,-0.004925716,-0.03
4,296,-0.0040227217,0.02
4,297,0.0039709858,-0.07
4,298,0.0032560285,-0.04
4,299,0.00409756,-0.04
4,300,-0.00082300126,-0.03
4,301,0.0006934436,-0.08
4,302,-0.002113841,-0.03
4,303,-0.00034549666,-0.01
4,304,0.0050131986,0.05
4,305,0.002922975,0.02
4,306,0.0064423387,-0.01
4,307,0.0065054,-0.01
4,308,0.000872802,-0.06
4,309,0.0007763125,-0.02
4,310,-0.00519346,-0.03
4,311,0.0017379943,-0.01
4,312,0.0074051796,-0.0
4,313,0.009242234,-0.01
4,314,-0.00024088574,0.01
4,315,-0.0007452825,0.03
4,316,0.0029143712,-0.04
4,317,0.00017469354,0.01
4,318,-0.011592168,0.04
4,319,-0.003812413,-0.01
4,320,-0.0020916776,0.03
4,321,0.002226886,-0.01
4,322,0.001131113,0.04
4,323,-0.003985087,-0.04
4,324,0.004249075,0.03
4,325,0.0058633066,0.0
4,326,0.00019202488,0.03
4,327,-0.0012947741,-0.06
4,328,0.004686929,0.03
4,329,-0.0025568898,-0.01
4,330,0.0053366697,0.04
4,331,0.003003587,-0.03
4,332,-0.0026269201,0.01
4,333,-0.002179538,-0.01
4,334,-0.010723772,0.01
4,335,-0.0074426443,-0.0
4,336,-0.0009946062,0.04
4,337,0.0050686905,-0.04
4,338,0.0003090049,-0.02
4,339,-0.0062585496,-0.07
4,340,-0.00022509895,0.01
4,341,-0.002632944,-0.02
4,342,0.009142236,0.0
4,343,0.008595875,0.02
4,344,0.012848838,0.05
4,345,0.005022903,-0.0
4,346,0.0018176027,-0.05
4,347,-0.0023873944,0.05
4,348,0.00021192644,0.02
4,349,-0.0039402735,0.01
4,350,-0.0048120636,0.07
4,351,0.002053925,-0.05
4,352,0.0032774035,0.01
4,353,0.0003767143,0.03
4,354,-0.0034066974,-0.07
4,355,0.0030884894,0.05
4,356,0.007621427,0.03
4,357,0.0039958474,0.02
4,358,-0.0031616217,0.05
4,359,0.002073825,0.07
4,360,-0.006824637,0.02
4,361,-0.004001907,-0.02
4,362,-0.003758861,-0.04
4,363,0.0021587168,-0.02
4,364,0.0063019455,0.02
4,365,-9.4302115e-05,0.05
4,366,0.002745887,-0.07
4,367,-0.003921727,0.01
4,368,0.004972321,0.04
4,369,0.0017320091,0.01
4,370,0.0017562525,0.03
4,371,0.0019391676,0.03
4,372,0.0075173643,-0.0
4,373,0.0014797812,-0.0
4,374,-0.003796249,-0.05
4,375,-0.0017340021,0.03
4,376,0.0033599485,-0.04
4,377,0.011011879,0.0
4,378,-0.0051467167,-0.07
4,379,0.0031836648,0.01
4,380,-0.002831879,-0.05
4,381,-0.0012627251,0.02
4,382,0.0066022584,0.04
4,383,-0.0021428547,0.09
4,384,0.010158413,0.0
4,385,-0.0025567296,0.06
4,386,-0.005935185,0.04
4,387,0.0014458814,-0.01
4,388,-0.00046082636,-0.04
4,389,0.0027755012,-0.01
4,390,-0.00094995997,-0.08
4,391,-0.0003080358,0.02
4,392,0.003493956,-0.0
4,393,0.00015961651,-0.0
4,394,-0.002837382,0.09
4,395,0.016874216,0.04
4,396,-0.001558745,0.02
4,397,0.008715074,-0.05
4,398,-0.007667517,0.04
4,399,-0.0017943952,-0.04
4,400,0.004658924,-0.01
4,401,-0.0027159937,-0.01
4,402,0.0057602515,-0.05
4,403,-0.00013168814,0.06
4,404,0.0064666765,0.03
4,405,0.007814441,-0.03
4,406,-0.00054528855,0.06
4,407,0.0020963494,0.03
4,408,0.0017941917,-0.01
4,409,-0.008593156,0.06
4,410,0.0045565725,0.02
4,411,0.007579416,-0.01
4,412,-0.0005529248,-0.05
4,413,-0.0026470802,0.09
4,414,0.010015727,-0.04
4,415,0.0038266524,-0.01
4,416,-0.011115519,0.08
4,417,-0.001941482,-0.01
4,418,-0.002409511,0.07
4,419,-0.0049996544,0.01
4,420,0.00077836204,0.01
4,421,0.0068624844,0.01
4,422,-0.0016087706,-0.05
4,423,0.0049373847,0.07
4,424,-0.003772631,0.04
4,425,-0.006902047,-0.04
4,426,0.0045637977,0.01
4,427,-0.0008737742,0.04
4,428,0.0008064214,-0.01
4,429,0.009023114,-0.02
4,430,0.006295278,0.02
4,431,-0.005532325,-0.03
4,432,0.0038771452,0.01
4,433,0.00159219,-0.06
4,434,-0.0073481346,0.06
4,435,-0.011487351,0.11
4,436,-0.00060464744,0.08
4,437,0.0021409239,-0.07
4,438,0.0053324755,-0.01
4,439,-0.0047170655,0.02
4,440,-0.00041102982,-0.01
4,441,0.0061868187,-0.07
4,442,0.0028453083,-0.03
4,443,-0.008161743,0.04
4,444,0.00828728,-0.05
4,445,0.00530191,-0.04
4,446,-0.0036853084,0.01
4,447,0.0040409747,0.0
4,448,0.0076690624,-0.08
4,449,0.0037394736,-0.02
4,450,-0.0013352545,-0.0
4,451,-0.0037250633,0.02
4,452,-0.0019393199,0.09
4,453,0.0041160565,-0.02
4,454,-0.010143363,0.0
4,455,-7.585419e-05,0.04
4,456,-0.009783125,0.03
4,457,-0.002685884,-0.07
4,458,-0.008611016,0.09
4,459,-0.008364886,0.05
4,460,0.01281538,-0.02
4,461,0.010966567,-0.07
4,462,0.0015613326,-0.05
4,463,0.00073276693,-0.01
4,464,0.008097119,0.02
4,465,0.0061599985,-0.05
4,466,0.0058411956,0.03
4,467,0.012492173,-0.07
4,468,-0.00092964084,-0.05
4,469,0.0034233807,-0.06
4,470,0.003336762,-0.02
4,471,0.0010354982,-0.02
4,472,0.0027810407,0.06
4,473,0.003426789,0.01
4,474,-0.0022212164,0.01
4,475,0.0021387215,0.03
4,476,-0.010485242,0.0
4,477,-0.01126939,-0.0
4,478,-0.008249681,0.17
4,479,0.0032512043,0.01
4,480,0.006699433,0.03
4,481,0.00079375954,0.01
4,482,-0.0094516035,0.05
4,483,0.0039623277,0.03
4,484,0.013206208,0.03
4,485,0.004256061,-0.01
4,486,-0.0073130387,0.11
4,487,-0.0036170788,-0.0
4,488,-0.005112157,0.02
4,489,-0.0075766477,0.06
4,490,-0.00869662,0.01
4,491,-0.00516435,-0.03
4,492,-0.0063555194,0.04
4,493,-0.008887218,-0.04
4,494,-0.0050798142,-0.04
4,495,0.01784928,0.02
4,496,-0.009138187,-0.08
4,497,0.0029065222,0.02
4,498,1.9681931e-05,-0.0
4,499,-0.00060805504,0.02
4,500,-0.005904739,0.03
4,501,0.01345752,0.0
4,502,-0.0020347554,0.02
4,503,0.009921385,-0.02
4,504,0.0021390787,-0.07
4,505,0.0049988846,0.02
4,506,0.001074387,-0.02
4,507,-0.0019797042,0.05
4,508,-0.00158821,-0.0
4,509,-0.0006613886,0.02
4,510,-0.009689382,0.01
4,511,-0.008205318,0.05
4,512,-0.0004228792,0.02
4,513,-0.005160422,-0.0
4,514,-0.00474255,0.02
4,515,0.00582802,-0.0
4,516,0.0051529803,0.01
4,517,0.006535203,-0.06
4,518,-0.00940396,0.09
4,519,0.0068991906,-0.02
4,520,-0.0041425675,0.02
4,521,0.0049971873,-0.05
4,522,0.0009717712,-0.01
4,523,-0.002722605,-0.04
4,524,0.008962591,-0.03
4,525,-0.00087013806,0.03
4,526,0.011716861,-0.02
4,527,0.008085895,-0.02
4,528,0.00928947,-0.06
4,529,-0.0046716244,-0.0
4,530,-0.004754867,0.02
4,531,0.0027555297,-0.0
4,532,0.004580333,0.02
4,533,0.0029112904,-0.02
4,534,-0.0006268177,0.01
4,535,0.0050205835,0.01
4,536,-0.0034216999,-0.01
4,537,-0.01714578,0.07
4,538,0.008734223,-0.05
4,539,0.002777367,0.03
4,540,-0.0070527634,0.05
4,541,0.015759464,0.02
4,542,-0.0023095366,0.05
4,543,-0.0015394151,0.04
4,544,0.0004974571,0.03
4,545,-0.010501545,0.05
4,546,-0.00080563,0.03
4,547,0.0044825803,0.04
4,548,-0.0058493526,-0.01
4,549,-0.004950216,-0.03
4,550,0.0093573285,-0.02
4,551,0.0014060364,0.03
4,552,-0.0042567737,-0.02
4,553,-0.0012244552,0.01
4,554,0.01792984,-0.05
4,555,0.0009294548,0.0
4,556,-0.0055562165,0.03
4,557,-0.0015826827,-0.09
4,558,-0.0014368063,0.02
4,559,0.00018841069,-0.01
4,560,0.009062753,-0.01
4,561,0.0011339835,-0.02
4,562,-0.0083815,0.02
4,563,0.0010120268,-0.04
4,564,-0.003459377,0.04
4,565,-0.0011048077,-0.02
4,566,0.0022453666,-0.03
4,567,0.0023142402,-0.04
4,568,-0.004958894,-0.02
4,569,0.004488775,0.0
4,570,-0.00026712831,-0.01
4,571,-0.002319151,0.01
4,572,0.002640738,0.02
4,573,0.005963775,0.06
4,574,0.0114629455,0.05
4,575,0.0034262156,0.04
4,576,-0.0038254529,0.02
4,577,0.0013474263,0.05
4,578,-0.0017890694,0.02
4,579,0.00117817,-0.04
4,580,-0.00010329258,0.02
4,581,-0.0019872873,-0.03
4,582,0.0021932297,0.0
4,583,0.004450726,-0.03
4,584,0.0060485303,0.01
4,585,-0.0014703961,0.03
4,586,0.0028363396,0.04
4,587,0.0019908696,0.05
4,588,-0.0033894025,0.01
4,589,0.0054188827,-0.01
4,590,0.0075469143,0.01
4,591,-0.0073080556,-0.0
4,592,-0.008560319,0.09
4,593,0.0026516316,-0.04
4,594,-0.0011135639,0.02
4,595,0.00967836,-0.0
4,596,0.0047096075,-0.03
4,597,0.0010136073,0.06
4,598,-0.0050857654,0.01
4,599,0.00065426435,-0.01
4,600,0.00690329,0.01
4,601,-0.001320418,0.0
4,602,0.0005339896,0.01
4,603,-0.00039652942,-0.01
4,604,-0.006737269,0.0
4,605,-0.0007651665,-0.06
4,606,-0.002140798,0.02
4,607,-0.0015197459,0.02
4,608,-0.007123686,0.07
4,609,-0.0021858946,0.01
4,610,-0.001665065,0.07
4,611,0.003916803,-0.01
4,612,0.0024791937,0.01
4,613,-0.0015444574,-0.02
4,614,0.005382115,0.05
4,615,-0.0012946433,-0.02
4,616,0.002279065,-0.01
4,617,0.006539901,-0.07
4,618,0.004453026,-0.06
4,619,0.002662367,0.06
4,620,0.0017176782,-0.01
4,621,0.0065765693,0.02
4,622,0.002296607,-0.01
4,623,0.0033382527,-0.05
4,624,-0.001970964,0.04
4,625,-0.011131399,-0.0
4,626,0.0014246909,-0.01
4,627,0.005347623,-0.05
4,628,0.002345197,0.01
4,629,-0.0012315904,0.03
4,630,0.0042996295,0.03
4,631,-0.004437217,0.01
4,632,0.005234102,-0.01
4,633,-0.011610317,-0.02
4,634,-0.0036534213,-0.0
4,635,0.0054223426,-0.03
4,636,-0.0011323228,-0.0
4,637,-0.0015469383,0.01
4,638,2.4380774e-05,-0.04
4,639,-0.00020998353,-0.02
4,640,0.011510652,0.05
4,641,0.0062673,-0.0
4,642,0.005115569,-0.07
4,643,-0.0013998374,-0.0
4,644,-0.0050483514,0.04
4,645,0.0033380128,-0.01
4,646,-0.0046592555,0.03
4,647,0.005273762,0.01
4,648,0.0014862748,0.02
4,649,-0.0051976624,-0.02
4,650,0.0011562563,0.0
4,651,0.0071056634,0.01
4,652,0.0045745843,0.03
4,653,0.00571619,0.01
4,654,0.004364838,-0.03
4,655,-0.0013095572,0.03
4,656,-0.0037890116,0.02
4,657,-0.00011231893,0.0
4,658,0.009440599,0.01
4,659,0.0027096593,-0.01
4,660,-0.005309775,0.01
4,661,-0.001013664,-0.04
4,662,-0.0045489324,0.03
4,663,0.0056939754,0.02
4,664,0.014699795,-0.0
4,665,0.0036787007,0.0
4,666,-0.0031143022,0.04
4,667,0.0020009023,0.03
4,668,-0.0014168795,0.04
4,669,-0.0057909377,-0.01
4,670,0.004856006,-0.0
4,671,-0.0017983791,-0.03
4,672,0.00013228306,0.03
4,673,0.0048509184,-0.05
4,674,0.0002800616,0.02
4,675,-0.0031616765,0.01
4,676,0.000102626305,0.01
4,677,0.0031525434,0.06
4,678,0.0030430516,0.04
4,679,0.00087894115,0.02
4,680,0.012288196,-0.04
4,681,0.0023978658,0.0
4,682,-0.004658701,0.0
4,683,-0.006117265,-0.0
4,684,-0.0032224073,0.04
4,685,-0.0013082516,-0.04
4,686,0.0076422147,0.01
4,687,0.0037625902,0.03
4,688,0.0029773745,0.04
4,689,0.0030238696,0.01
4,690,-0.00040258645,0.06
4,691,-0.009455999,-0.02
4,692,-0.006563697,0.04
4,693,-0.0007852366,0.0
4,694,-0.004004266,0.02
4,695,-2.3269997e-05,-0.02
4,696,0.0020075564,0.07
4,697,-0.0077355453,0.01
4,698,-0.0090560205,0.01
4,699,-0.006167865,0.0
4,700,0.007828826,0.0
4,701,8.986819e-05,0.06
4,702,0.00082100835,0.04
4,703,0.005085075,0.02
4,704,0.0059406483,0.03
4,705,-0.0058445404,0.02
4,706,-0.0056513613,-0.02
4,707,0.0010780215,-0.02
4,708,0.008648255,-0.01
4,709,-0.0037142423,0.01
4,710,-0.004546256,0.04
4,711,0.0001584755,0.05
4,712,-0.010280452,0.01
4,713,-0.0055990815,0.04
4,714,-0.0036092915,0.01
4,715,-0.0033914726,-0.03
4,716,5.9174403e-05,0.05
4,717,0.0068641873,0.06
4,718,0.0156142535,-0.01
4,719,-0.007594854,0.07
4,720,-0.0017501147,0.07
4,721,-0.00066471915,0.05
4,722,-0.006148924,0.02
4,723,-0.012926115,0.01
4,724,0.0017304345,0.02
4,725,-0.007955787,0.05
4,726,-0.009291117,0.06
4,727,-0.009313768,0.04
4,728,-0.0105750095,0.03
4,729,0.004918055,-0.01
4,730,0.014778895,0.02
4,731,0.012071662,-0.05
4,732,-0.0025159572,0.03
4,733,0.00727381,0.02
4,734,0.006813242,-0.01
4,735,0.0038599633,-0.0
4,736,0.001089826,-0.07
4,737,0.004144446,0.01
4,738,0.013491232,-0.06
4,739,0.008834785,-0.03
4,740,0.010746225,-0.01
4,741,0.0063104187,-0.01
4,742,-0.010766971,0.08
4,743,-0.0057062963,0.02
4,744,-0.0059286915,0.05
4,745,0.001959395,0.01
4,746,-0.002406198,0.01
4,747,-0.0035553144,0.03
4,748,0.0030699004,-0.05
4,749,0.0017568002,0.0
4,750,0.0015951338,0.02
4,751,0.00022478894,0.02
4,752,-0.0018162573,0.0
4,753,0.0054480424,-0.04
4,754,0.0018433984,0.01
4,755,-0.0010589004,0.03
4,756,0.0028504294,-0.0
4,757,-0.0039741546,0.01
4,758,-0.027468087,0.04
4,759,-0.01136363,0.1
4,760,0.002614657,0.07
4,761,-0.0066773966,0.05
4,762,-0.005650859,0.02
4,763,-0.002673689,-0.02
4,764,0.007554267,-0.02
4,765,0.0021046204,-0.0
4,766,0.009211937,-0.01
4,767,0.007830741,0.02
4,768,-0.0002684913,-0.03
4,769,-0.0050349957,0.01
4,770,0.0010793967,0.02
4,771,-0.005500738,0.01
4,772,-0.005433512,0.02
4,773,-0.018887654,-0.04
4,774,-0.006061438,0.05
4,775,-0.00011401187,0.06
4,776,-0.0057092495,0.12
4,777,-0.008481088,0.04
4,778,-0.009904713,-0.01
4,779,0.024235526,-0.06
4,780,0.012892695,0.01
4,781,0.016332675,-0.02
4,782,0.008942629,-0.03
4,783,0.0027701422,-0.04
4,784,0.0036204606,-0.02
4,785,-0.009374353,0.0
4,786,-0.0007174822,0.01
4,787,0.006809948,0.04
4,788,-0.013280666,-0.01
4,789,-0.0043647788,0.01
4,790,0.008128384,0.01
4,791,0.0055515235,-0.02
4,792,-0.010095837,0.07
4,793,0.009351828,0.04
4,794,0.009521326,-0.02
4,795,0.0065568336,0.02
4,796,-0.0038094742,0.13
4,797,0.0016453927,0.04
4,798,0.0036907603,-0.0
4,799,-0.008305198,-0.01
4,800,-0.0026859245,0.04
4,801,0.0075617237,-0.05
4,802,0.007050204,0.0
4,803,-0.0033161705,0.03
4,804,-0.004164655,0.03
4,805,-0.0060319626,0.03
4,806,-0.0043791384,-0.05
4,807,-0.0041842964,0.05
4,808,-0.011895763,0.07
4,809,0.013805861,0.01
4,810,-0.0025476252,0.04
4,811,0.005921317,-0.01
4,812,-0.004671177,-0.0
4,813,0.012077339,-0.03
4,814,0.0032533098,-0.08
4,815,0.002051189,0.01
4,816,0.0048809657,-0.0
4,817,0.006413518,-0.0
4,818,0.009357124,-0.06
4,819,0.0023625898,0.01
4,820,0.0023984127,0.02
4,821,-0.005511522,-0.03
4,822,0.0006898892,-0.01
4,823,-0.005826629,0.1
4,824,-0.0009018035,0.0
4,825,-0.009574312,-0.02
4,826,0.0032373236,0.03
4,827,-0.011107171,0.08
4,828,-0.004685536,-0.06
4,829,0.007233417,0.04
4,830,0.013794931,-0.02
4,831,-0.012536608,-0.02
4,832,0.0012197503,-0.06
4,833,0.0063462867,-0.01
4,834,-0.004536973,-0.01
4,835,0.016825322,0.04
4,836,0.00046714896,0.02
4,837,0.0019997275,0.02
4,838,-0.007535852,0.01
4,839,-0.0028733525,-0.0
4,840,0.014932736,-0.05
4,841,0.0072462577,0.03
4,842,0.0014513339,0.03
4,843,0.007181152,-0.0
4,844,0.004465803,-0.01
4,845,-0.002173624,0.0
4,846,-0.008563065,0.02
4,847,0.0046457034,0.0
4,848,-0.0031140256,0.03
4,849,-0.016957946,0.04
4,850,0.00795979,0.02
4,851,-0.0020933265,-0.0
4,852,0.0071591293,-0.07
4,853,-0.0032703993,0.02
4,854,0.003914162,0.06
4,855,0.015117719,0.04
4,856,-0.0013661992,0.06
4,857,-0.00077046046,0.01
4,858,-0.00061805616,-0.01
4,859,4.552139e-05,0.04
4,860,-0.0038608771,0.02
4,861,0.004660394,-0.02
4,862,-0.0011849721,0.01
4,863,0.0016059751,0.04
4,864,0.0013080637,-0.02
4,865,-0.0081614,0.03
4,866,0.008242224,-0.05
4,867,0.011448816,-0.01
4,868,0.011605786,-0.04
4,869,0.004758051,-0.03
4,870,-0.0041900845,0.03
4,871,-0.0036681232,-0.03
4,872,0.0017887845,0.06
4,873,-0.00067088904,-0.04
4,874,-0.0014246958,0.02
4,875,-0.004750511,0.02
4,876,-0.002781722,0.03
4,877,-0.0011791398,0.01
4,878,0.0020892702,0.0
4,879,0.0015464722,-0.02
4,880,-0.0050041107,0.04
4,881,0.0025776124,0.02
4,882,-0.0051825913,0.02
4,883,-0.008867575,0.0
4,884,-0.0017911372,0.01
4,885,-0.0073669483,0.02
4,886,-0.0025897238,-0.01
4,887,-0.0072426144,0.01
4,888,-0.013672995,0.01
4,889,-0.00024630266,0.02
4,890,-0.0033212227,0.01
4,891,-0.005342459,0.01
4,892,-0.0028051978,-0.02
4,893,0.006271826,0.03
4,894,0.0105742365,-0.01
4,895,-0.0029397374,0.02
4,896,-0.010224677,-0.01
4,897,-0.0006102498,-0.01
4,898,0.0065585724,-0.0
4,899,-0.015657665,0.02
4,900,-0.0025672105,0.01
4,901,0.0023913165,0.04
4,902,0.0038059521,0.04
4,903,-0.006675166,0.05
4,904,-0.0019825445,0.02
4,905,0.0017540021,0.0
4,906,-0.0036819729,-0.01
4,907,0.0043402035,0.05
4,908,0.010378307,-0.03
4,909,-0.00041146044,0.01
4,910,-0.0022922002,0.04
4,911,-0.007101876,0.02
4,912,-0.006438246,0.02
4,913,-0.0026859124,0.04
4,914,-0.0011119377,0.01
4,915,-0.009820107,0.01
4,916,-0.010252307,0.05
4,917,0.00026975016,0.02
4,918,-0.009889378,0.04
4,919,-0.013968622,0.03
4,920,0.01633231,-0.02
4,921,0.012153821,-0.0
4,922,-0.00633779,0.04
4,923,0.0010349039,0.02
4,924,0.0010615534,0.02
4,925,0.009533994,-0.05
4,926,0.0044513205,-0.01
4,927,-0.003403912,-0.0
4,928,0.0025316034,-0.05
4,929,0.006936132,0.01
4,930,0.0054004383,0.03
4,931,-0.0096433135,-0.03
4,932,-0.008630119,-0.03
4,933,-0.0046601985,0.02
4,934,0.0013902896,0.07
4,935,-0.0075605703,0.03
4,936,0.004438241,-0.05
4,937,0.005303631,0.01
4,938,0.012021721,-0.07
4,939,0.003065729,-0.05
4,940,-0.0032309855,-0.0
4,941,0.0016050402,-0.01
4,942,-0.008244507,-0.03
4,943,-0.0122446045,-0.04
4,944,-0.008191638,0.04
4,945,-0.013418345,0.03
4,946,-0.0038782188,0.05
4,947,-0.01371118,0.07
4,948,-0.0062088524,0.02
4,949,0.001608117,-0.02
4,950,0.0119873965,-0.03
4,951,0.02746383,0.05
4,952,0.012934722,-0.0
4,953,0.012871847,0.04
4,954,0.017289935,-0.19
4,955,-0.0035926246,-0.03
4,956,0.00114191,-0.04
4,957,-0.0004342053,-0.01
4,958,-0.002550557,0.08
4,959,0.00861701,0.03
4,960,0.017487295,-0.01
4,961,0.015179708,-0.04
4,962,-0.00084508094,0.02
4,963,-0.0066598165,-0.02
4,964,0.00884184,0.05
4,965,-0.012389138,0.02
4,966,0.0062275566,0.08
4,967,0.01576357,-0.02
4,968,0.003199633,-0.03
4,969,-0.0020093122,-0.01
4,970,0.005220877,0.06
4,971,-0.0015871358,-0.08
4,972,-0.015616023,-0.01
4,973,0.0007486851,0.07
4,974,-0.0048923856,-0.06
4,975,0.017462058,0.03
4,976,-0.0013669891,-0.02
4,977,0.004155173,0.1
4,978,-0.0010131014,0.09
4,979,-0.007301351,-0.07
4,980,-0.002207359,-0.04
4,981,0.005633134,-0.03
4,982,0.007768534,-0.0
4,983,0.002969363,-0.02
4,984,0.0010306735,0.09
4,985,-0.0005113747,0.05
4,986,0.0024059673,0.02
4,987,-0.01526728,0.03
4,988,0.0005815075,0.07
4,989,0.0060023656,0.1
4,990,0.0008742396,0.05
4,991,-0.016077854,-0.04
4,992,0.00096973486,0.07
4,993,0.0074118776,0.08
4,994,-0.0022010992,-0.09
4,995,0.0017825448,0.04
4,996,0.0053516715,-0.06
4,997,0.0050947512,0.11
4,998,0.00210365,0.1
4,999,-0.0010532574,0.06
4,1000,-0.0015882514,0.05
4,1001,0.0063804965,-0.05
4,1002,-0.0041419715,-0.02
4,1003,0.003742005,-0.09
4,1004,0.0034145196,-0.02
4,1005,0.0020760512,-0.01
4,1006,0.008115833,0.02
4,1007,0.008699814,0.07
4,1008,-0.0035209924,-0.09
4,1009,0.0045806407,0.03
4,1010,-0.0021980156,-0.03
4,1011,-0.00807462,0.03
4,1012,0.005194397,-0.01
4,1013,0.01124291,0.06
4,1014,0.0023682064,0.07
4,1015,-0.007397711,0.05
4,1016,-0.004273525,-0.07
4,1017,-0.00816359,0.09
4,1018,0.010327427,-0.03
4,1019,0.005128914,-0.13
4,1020,-0.007841951,0.05
4,1021,-0.010048142,-0.01
4,1022,-0.0016941031,0.02
4,1023,-0.007967067,0.07
4,1024,0.018005397,0.12
4,1025,0.00191597,0.04
4,1026,0.015306411,-0.03
4,1027,0.002129775,0.05
4,1028,-0.014241012,-0.03
4,1029,0.0007195866,0.04
4,1030,0.0034926443,0.07
4,1031,0.008241146,-0.0
4,1032,0.0052609937,-0.06
4,1033,0.010362822,-0.02
4,1034,0.0029202907,0.12
4,1035,0.0026013297,-0.08
4,1036,0.0033195587,-0.0
4,1037,0.004191557,0.1
4,1038,-0.008239178,0.08
4,1039,-0.0064651766,0.02
4,1040,0.011211236,0.03
4,1041,0.007606738,0.04
4,1042,0.026867231,0.03
4,1043,-0.0065288236,0.01
4,1044,-0.013438526,0.11
4,1045,0.0012437208,0.01
4,1046,0.007230567,0.01
4,1047,0.0040037176,-0.04
4,1048,-0.008538085,-0.01
4,1049,0.008282015,0.07
4,1050,-0.003110222,-0.06
4,1051,0.010766557,0.02
4,1052,0.003223365,-0.04
4,1053,-0.0025873384,-0.06
4,1054,-0.00025651752,0.06
4,1055,-0.010756455,0.08
4,1056,0.002542679,0.07
4,1057,0.023331579,-0.05
4,1058,0.00058797083,-0.04
4,1059,0.018309223,0.05
4,1060,0.000104406034,-0.04
4,1061,0.009150108,-0.08
4,1062,0.0072252667,-0.04
4,1063,-0.01702251,-0.0
4,1064,-0.0022899078,0.05
4,1065,0.0055779163,0.04
4,1066,0.0057179644,0.05
4,1067,0.016227644,0.0
4,1068,-0.0036050237,-0.02
4,1069,-0.011124316,-0.02
4,1070,0.007672181,-0.01
4,1071,0.01710244,0.08
4,1072,0.0153417755,0.08
4,1073,-0.008018258,0.05
4,1074,0.0075411135,-0.02
4,1075,0.0023541194,0.06
4,1076,0.007744275,-0.09
4,1077,0.0012689747,-0.05
4,1078,-0.00705305,0.05
4,1079,-0.002647499,0.05
4,1080,-0.011939838,0.03
4,1081,-0.0042328844,-0.04
4,1082,0.017719805,0.07
4,1083,0.0012008965,0.01
4,1084,0.011811099,-0.13
4,1085,0.0009696934,-0.04
4,1086,0.004073301,0.07
4,1087,-0.003655515,0.01
4,1088,0.0045908825,0.09
4,1089,0.010368074,0.08
4,1090,0.00731854,0.02
4,1091,0.00045493798,-0.07
4,1092,0.00867979,-0.07
4,1093,-0.0031084837,0.0
4,1094,-0.028282845,0.07
4,1095,0.010090485,-0.0
4,1096,0.010466977,0.02
4,1097,0.0021859866,0.04
4,1098,0.0027723175,-0.05
4,1099,-0.0061677215,0.02
4,1100,0.017155483,0.11
4,1101,0.0092459135,-0.05
4,1102,-0.0036817414,0.08
4,1103,0.003715558,-0.04
4,1104,0.011752037,0.05
4,1105,-0.0012061635,-0.0
4,1106,-0.0023578452,-0.01
4,1107,0.0055059684,0.07
4,1108,-0.0005263919,-0.04
4,1109,0.0057028593,-0.03
4,1110,0.010988766,0.05
4,1111,-0.006104281,0.06
4,1112,0.0042359517,0.01
4,1113,-0.004443142,-0.1
4,1114,0.019730326,-0.08
4,1115,0.0013511425,0.09
4,1116,0.0021570032,0.04
4,1117,0.006969511,-0.14
4,1118,0.0063969707,-0.01
4,1119,0.021531137,0.09
4,1120,0.012523101,0.0
4,1121,0.0021685741,0.02
4,1122,-0.018963212,-0.04
4,1123,0.013929013,0.03
4,1124,0.0034569923,-0.04
4,1125,-0.014956203,-0.06
4,1126,0.006345741,0.09
4,1127,0.0046196925,-0.0
4,1128,-0.013137214,0.11
4,1129,-0.011258383,-0.18
4,1130,0.013705871,0.11
4,1131,0.010071523,-0.03
4,1132,0.0137884235,0.01
4,1133,0.0062109604,-0.04
4,1134,-0.0060659093,0.11
4,1135,0.012779539,-0.02
4,1136,-0.00809176,-0.06
4,1137,0.0028205605,0.09
4,1138,-0.00962966,0.08
4,1139,-0.0010752676,-0.08
4,1140,-0.0008585126,0.03
4,1141,-0.027174063,-0.08
4,1142,-0.0013967389,-0.02
4,1143,0.009314512,-0.03
4,1144,-0.018913029,0.04
4,1145,0.021402856,0.02
4,1146,0.013855146,0.08
4,1147,0.021496367,-0.06
4,1148,-0.02145371,0.09
4,1149,0.005195559,0.03
4,1150,0.003948344,-0.02
4,1151,0.0025452892,-0.07
4,1152,-0.016161479,0.05
4,1153,-0.014849422,0.0
4,1154,0.002439895,0.09
4,1155,-0.009800373,-0.11
4,1156,0.0009116301,-0.17
4,1157,0.010527677,0.04
4,1158,0.0026565332,-0.03
4,1159,-0.0011342784,0.0
4,1160,-0.009645424,0.07
4,1161,-0.017466323,0.0
4,1162,0.02698738,0.0
4,1163,0.008405842,-0.03
4,1164,0.023401143,-0.02
4,1165,-0.0076095467,0.03
4,1166,-0.0019834435,0.13
4,1167,0.01253862,0.03
4,1168,0.021975962,0.05
4,1169,-0.0011792732,0.02
4,1170,0.004104538,0.03
4,1171,-0.009205068,0.01
4,1172,-0.0092221135,-0.04
4,1173,0.0154923545,0.01
4,1174,0.009621757,0.06
4,1175,0.0073614144,0.08
4,1176,-0.010727281,0.06
4,1177,0.0055489168,-0.01
4,1178,0.010336577,0.02
4,1179,0.0018366537,0.03
4,1180,-0.0020633629,-0.11
4,1181,0.0072306814,0.09
4,1182,0.0013397477,-0.06
4,1183,-0.0017558677,0.02
4,1184,-0.003233145,0.03
4,1185,0.001153541,0.02
4,1186,-0.0074011306,-0.01
4,1187,-0.009405864,-0.06
4,1188,-0.0070213084,-0.07
4,1189,0.005384994,0.04
4,1190,-0.015928691,-0.03
4,1191,0.004119829,-0.07
4,1192,0.010043212,0.02
4,1193,0.0041425303,-0.03
4,1194,0.008300102,0.04
4,1195,0.010338928,-0.11
4,1196,0.013335309,0.03
4,1197,-0.00474606,0.03
4,1198,0.011201147,-0.09
4,1199,-0.00376937,-0.03
4,1200,0.0047142757,-0.03
4,1201,0.012382023,-0.03
4,1202,9.460225e-05,-0.04
4,1203,-0.009793042,-0.01
4,1204,0.008329938,0.07
4,1205,-0.0007610461,-0.0
4,1206,-0.0033198942,0.03
4,1207,0.003553719,0.01
4,1208,-0.0009399664,-0.01
4,1209,-0.005386132,0.04
4,1210,0.0017600026,0.04
4,1211,0.007043815,0.07
4,1212,0.0052213315,0.04
4,1213,0.0017321777,0.05
4,1214,0.0012824547,-0.01
4,1215,0.00058345543,0.05
4,1216,0.003795005,0.03
4,1217,0.0005532824,0.01
4,1218,0.0032488017,-0.03
4,1219,-0.005229464,-0.02
4,1220,-0.004697079,0.01
4,1221,-0.0036218974,0.01
4,1222,-0.0096916035,-0.0
4,1223,0.0055527366,0.03
4,1224,0.0072219926,-0.01
4,1225,0.0065315017,0.02
4,1226,0.0049613016,-0.06
4,1227,-0.0012760165,-0.02
4,1228,-0.0034185832,0.02
4,1229,-0.0006013776,0.02
4,1230,-0.013212457,-0.06
4,1231,-0.009451582,-0.01
4,1232,0.009284996,0.01
4,1233,0.0036326817,0.04
4,1234,0.00190852,0.01
4,1235,-0.012385096,-0.01
4,1236,0.002666677,-0.02
4,1237,0.012817953,0.02
4,1238,-0.0027248596,-0.01
4,1239,0.00605934,-0.02
4,1240,0.00337277,0.02
4,1241,0.006362888,0.03
4,1242,0.010096374,-0.04
4,1243,-0.0019112964,-0.01
4,1244,0.0005209991,-0.01
4,1245,0.0021566467,0.02
4,1246,-0.0008803385,0.04
4,1247,0.0027729352,-0.01
4,1248,-0.0036860153,-0.01
4,1249,0.0045750993,0.0
4,1250,0.0035731439,0.02
4,1251,-0.00046380205,0.02
4,1252,0.002324493,0.04
4,1253,-0.007703288,0.01
4,1254,-0.0062196017,0.03
4,1255,-0.0011715858,-0.01
4,1256,-0.0069194557,0.08
4,1257,0.009286342,0.0
4,1258,0.007599717,-0.0
4,1259,-0.0026138464,0.0
