label,window_id,DGS10_abs_acf_1,DGS10_abs_acf_20,DGS10_abs_acf_5,DGS10_abs_acf_63,DGS10_acf_1,DGS10_acf_20,DGS10_acf_5,DGS10_acf_63,DGS10_cumsum_max,DGS10_cumsum_min,DGS10_cumsum_range,DGS10_cumsum_terminal,DGS10_es_high_0.01,DGS10_es_high_0.05,DGS10_es_low_0.01,DGS10_es_low_0.05,DGS10_excess_kurtosis,DGS10_max,DGS10_max_drawdown,DGS10_max_drawup,DGS10_mean,DGS10_min,DGS10_positive_fraction,DGS10_q_0.001,DGS10_q_0.01,DGS10_q_0.05,DGS10_q_0.1,DGS10_q_0.5,DGS10_q_0.9,DGS10_q_0.95,DGS10_q_0.99,DGS10_q_0.999,DGS10_roll20_vol_acf1,DGS10_roll20_vol_mean,DGS10_roll20_vol_q05,DGS10_roll20_vol_q50,DGS10_roll20_vol_q95,DGS10_roll20_vol_std,DGS10_roll252_vol_acf1,DGS10_roll252_vol_mean,DGS10_roll252_vol_q05,DGS10_roll252_vol_q50,DGS10_roll252_vol_q95,DGS10_roll252_vol_std,DGS10_roll63_vol_acf1,DGS10_roll63_vol_mean,DGS10_roll63_vol_q05,DGS10_roll63_vol_q50,DGS10_roll63_vol_q95,DGS10_roll63_vol_std,DGS10_sign_switch_fraction,DGS10_skewness,DGS10_squared_acf_1,DGS10_squared_acf_20,DGS10_squared_acf_5,DGS10_squared_acf_63,DGS10_std,DGS10_tick_0.01_fraction,DGS10_zero_fraction,abs_corr,corr,crosscorr_DGS10_to_sp500_lag1,crosscorr_DGS10_to_sp500_lag20,crosscorr_DGS10_to_sp500_lag5,crosscorr_DGS10_to_sp500_lag63,crosscorr_sp500_to_DGS10_lag1,crosscorr_sp500_to_DGS10_lag20,crosscorr_sp500_to_DGS10_lag5,crosscorr_sp500_to_DGS10_lag63,downside_corr,lower_tail_dependence_0.01,lower_tail_dependence_0.05,roll20_corr_high_sp500_vol_mean,roll20_corr_low_sp500_vol_mean,roll20_corr_mean,roll20_corr_q05,roll20_corr_q50,roll20_corr_q95,roll20_corr_std,roll20_corr_vol_corr,roll252_corr_high_sp500_vol_mean,roll252_corr_low_sp500_vol_mean,roll252_corr_mean,roll252_corr_q05,roll252_corr_q50,roll252_corr_q95,roll252_corr_std,roll252_corr_vol_corr,roll63_corr_high_sp500_vol_mean,roll63_corr_low_sp500_vol_mean,roll63_corr_mean,roll63_corr_q05,roll63_corr_q50,roll63_corr_q95,roll63_corr_std,roll63_corr_vol_corr,sp500_abs_acf_1,sp500_abs_acf_20,sp500_abs_acf_5,sp500_abs_acf_63,sp500_acf_1,sp500_acf_20,sp500_acf_5,sp500_acf_63,sp500_cumsum_max,sp500_cumsum_min,sp500_cumsum_range,sp500_cumsum_terminal,sp500_es_high_0.01,sp500_es_high_0.05,sp500_es_low_0.01,sp500_es_low_0.05,sp500_excess_kurtosis,sp500_low_DGS10_high_tail_0.01,sp500_low_DGS10_high_tail_0.05,sp500_max,sp500_max_drawdown,sp500_max_drawup,sp500_mean,sp500_min,sp500_positive_fraction,sp500_q_0.001,sp500_q_0.01,sp500_q_0.05,sp500_q_0.1,sp500_q_0.5,sp500_q_0.9,sp500_q_0.95,sp500_q_0.99,sp500_q_0.999,sp500_roll20_vol_acf1,sp500_roll20_vol_mean,sp500_roll20_vol_q05,sp500_roll20_vol_q50,sp500_roll20_vol_q95,sp500_roll20_vol_std,sp500_roll252_vol_acf1,sp500_roll252_vol_mean,sp500_roll252_vol_q05,sp500_roll252_vol_q50,sp500_roll252_vol_q95,sp500_roll252_vol_std,sp500_roll63_vol_acf1,sp500_roll63_vol_mean,sp500_roll63_vol_q05,sp500_roll63_vol_q50,sp500_roll63_vol_q95,sp500_roll63_vol_std,sp500_sign_switch_fraction,sp500_skewness,sp500_squared_acf_1,sp500_squared_acf_20,sp500_squared_acf_5,sp500_squared_acf_63,sp500_std,sp500_tick_0.01_fraction,sp500_zero_fraction,spearman_corr,squared_corr,upper_tail_dependence_0.01,upper_tail_dependence_0.05,upside_corr
adversarial_block_gan_best_5y_1260,adversarial_block_gan_best_5y_1260_0000,-0.5701772363487573,-1.3425252684681845,-1.404108920291428,-1.2337231744848254,-1.7375783128306659,0.4480913272659508,-1.0895609119218728,1.1620824722290415,-0.5750999999999995,0.2577931937172776,-1.5895193798449587,-0.30964388185654124,-1.1407447389558232,-1.1367197321557048,0.931426245977654,1.0085570005038391,-1.2761956586945478,-0.7782692307692307,0.9961846153846147,-1.4910000000000014,-0.3096438818565399,0.44966666666666666,0.0,0.6744999999999993,1.1524989320803074,0.6744999999999998,0.44966666666666705,0.0,-1.349,-0.9218166666666456,-1.0642379248658673,-1.7843415714285742,-1.455419315694465,-0.885529473967102,-0.1221760594758507,-0.8425877573633865,-0.8839074507883398,-0.9948518590006252,-0.6643632553004271,-0.7949040625268727,-0.061073271226180455,-0.7602146718347069,-0.6324825714538195,-0.9177638960067082,-1.1616215972588222,-0.8746299058861843,-0.11040439731814197,-0.7520885274596132,-0.8957916514472699,-1.0102431299416987,1.5004919786096251,0.48561793056794916,-0.24426917487000907,-1.3745773550376763,-0.7748618154650573,-1.4152468574701358,-0.8437147610779117,0.0,-1.0031025641025642,0.2155942725640721,1.1859742252695327,1.2831425371622451,-1.5233758462609204,-1.0344606387580757,1.316011534965989,-0.12335847282985109,1.8243976576281522,-1.0415753660370153,-0.34568447538330216,0.18641549961405093,0.8993333333333333,1.349,1.1511316276398866,1.4975247568905874,1.1905495800017931,1.6400908130862946,1.2603931265532087,0.8097397336413514,0.3601629208313214,0.4911530347713635,1.0134178398947544,1.5188698838988863,1.1880386474556768,1.5224454331585995,1.2657457330269868,1.0387265478447423,-0.8101109691293215,-0.04298871991174506,1.1595597908942106,1.6663821326732664,1.2087228642867944,1.6395887240142808,1.1781307568199002,0.9701146429593317,-0.005026765293830864,0.2971156922484398,0.4434838430120279,-0.8510799604430177,-0.6844075846007249,-0.5434738593179295,-0.010229290529163161,1.2558219605196923,0.11422886179531798,-0.5152197238856355,0.312112672303811,0.39730745475337526,-0.1852536668422568,0.3938968223668567,-0.9375413994337101,-0.828446794786527,0.23297083486854872,0.43321462607648265,-0.15204723398452996,-0.6745,-0.7358181818181818,-0.33586895068986555,1.2924438396832678,-0.012176339842297566,0.3938968223668596,0.47470969622999554,0.2524444444444436,0.13728445558578894,0.5829709232923282,0.7697175605612068,0.9316968593684243,-0.09142320578011512,-0.8138053658216186,-0.95654832960794,-0.7868627516757781,-1.455571004222635,-0.30828120403939524,-0.7963349226576132,-0.9798420390547491,-0.9350973416401435,-0.6985271605444227,-0.3360627992259092,0.11765673429716701,-0.5358959636525314,-0.4306513991249531,-0.7413317671063346,-0.436348879401093,-0.32641259382751064,-0.3857514905194814,-0.7162478773529514,-0.7122055167912533,-0.7412526158298348,-0.2757655277760667,-0.36164788097682876,0.8690187265917604,-0.3698131751333327,1.304910885340075,-0.8504026464481634,-0.5245032056885959,-0.7347581638115891,-0.6384682821562242,-0.3597333333333333,-0.3597333333333333,1.2466715153371526,0.5852988152827237,0.6745,1.2696470588235294,0.14628213635522583
adversarial_block_gan_ensemble_paths,adversarial_block_gan_ensemble_paths_0,-0.5701772363487573,-1.3425252684681845,-1.404108920291428,-1.2337231744848254,-1.7375783128306659,0.4480913272659508,-1.0895609119218728,1.1620824722290415,-0.5750999999999995,0.2577931937172776,-1.5895193798449587,-0.30964388185654124,-1.1407447389558232,-1.1367197321557048,0.931426245977654,1.0085570005038391,-1.2761956586945478,-0.7782692307692307,0.9961846153846147,-1.4910000000000014,-0.3096438818565399,0.44966666666666666,0.0,0.6744999999999993,1.1524989320803074,0.6744999999999998,0.44966666666666705,0.0,-1.349,-0.9218166666666456,-1.0642379248658673,-1.7843415714285742,-1.455419315694465,-0.885529473967102,-0.1221760594758507,-0.8425877573633865,-0.8839074507883398,-0.9948518590006252,-0.6643632553004271,-0.7949040625268727,-0.061073271226180455,-0.7602146718347069,-0.6324825714538195,-0.9177638960067082,-1.1616215972588222,-0.8746299058861843,-0.11040439731814197,-0.7520885274596132,-0.8957916514472699,-1.0102431299416987,1.5004919786096251,0.48561793056794916,-0.24426917487000907,-1.3745773550376763,-0.7748618154650573,-1.4152468574701358,-0.8437147610779117,0.0,-1.0031025641025642,0.2155942725640721,1.1859742252695327,1.2831425371622451,-1.5233758462609204,-1.0344606387580757,1.316011534965989,-0.12335847282985109,1.8243976576281522,-1.0415753660370153,-0.34568447538330216,0.18641549961405093,0.8993333333333333,1.349,1.1511316276398866,1.4975247568905874,1.1905495800017931,1.6400908130862946,1.2603931265532087,0.8097397336413514,0.3601629208313214,0.4911530347713635,1.0134178398947544,1.5188698838988863,1.1880386474556768,1.5224454331585995,1.2657457330269868,1.0387265478447423,-0.8101109691293215,-0.04298871991174506,1.1595597908942106,1.6663821326732664,1.2087228642867944,1.6395887240142808,1.1781307568199002,0.9701146429593317,-0.005026765293830864,0.2971156922484398,0.4434838430120279,-0.8510799604430177,-0.6844075846007249,-0.5434738593179295,-0.010229290529163161,1.2558219605196923,0.11422886179531798,-0.5152197238856355,0.312112672303811,0.39730745475337526,-0.1852536668422568,0.3938968223668567,-0.9375413994337101,-0.828446794786527,0.23297083486854872,0.43321462607648265,-0.15204723398452996,-0.6745,-0.7358181818181818,-0.33586895068986555,1.2924438396832678,-0.012176339842297566,0.3938968223668596,0.47470969622999554,0.2524444444444436,0.13728445558578894,0.5829709232923282,0.7697175605612068,0.9316968593684243,-0.09142320578011512,-0.8138053658216186,-0.95654832960794,-0.7868627516757781,-1.455571004222635,-0.30828120403939524,-0.7963349226576132,-0.9798420390547491,-0.9350973416401435,-0.6985271605444227,-0.3360627992259092,0.11765673429716701,-0.5358959636525314,-0.4306513991249531,-0.7413317671063346,-0.436348879401093,-0.32641259382751064,-0.3857514905194814,-0.7162478773529514,-0.7122055167912533,-0.7412526158298348,-0.2757655277760667,-0.36164788097682876,0.8690187265917604,-0.3698131751333327,1.304910885340075,-0.8504026464481634,-0.5245032056885959,-0.7347581638115891,-0.6384682821562242,-0.3597333333333333,-0.3597333333333333,1.2466715153371526,0.5852988152827237,0.6745,1.2696470588235294,0.14628213635522583
adversarial_block_gan_ensemble_paths,adversarial_block_gan_ensemble_paths_1,-0.32275168878823696,-0.5232679274421512,-0.3796684875154954,-1.0393871780117814,-1.6332615655152505,-0.37288364812915203,-1.4552172664276528,1.7228202921643263,-0.5679999999999994,0.31429581151832475,-1.6627209302325554,0.132054008438818,-1.218225764596849,-1.23631436862616,0.97308614837815,1.0299139281377694,-1.1924618593774257,-0.7782692307692307,1.4423923076923064,-0.8431250000000007,0.1320540084388186,0.44966666666666666,-0.21078125000000247,0.8431249999999993,1.1524989320803074,0.6744999999999998,0.8993333333333334,0.0,-1.349,-0.9218166666666456,-1.206618962432934,-1.834254571428577,-0.8502323066453392,-1.1134992394466199,-0.5484284555852196,-1.0622251849227335,-0.9271774899524305,-0.9224616664177931,0.05647013234956223,-0.9500152402554247,-0.45376246756340194,-0.8532758072053521,-0.6231278643197954,-0.54133751133144,-0.44144893473213104,-1.074504309259552,-0.4832419205892538,-1.0574275741657466,-0.8825121246109935,-0.8467695403286558,1.3850695187165758,0.4092189041195163,-0.07997909131123475,-0.6056382207781819,0.08611593482419053,-0.9297967644762825,-1.013663171627258,0.0,0.4150769230769234,0.016652119694660444,1.176307459897964,-0.1555483548149007,-0.36450183576053125,-0.29331945780225277,-0.45022745654976926,-0.10204509521662375,1.0109468599347116,-1.0815065335301073,0.39604288291998013,-0.1253928707131918,0.0,1.0960625000000002,1.130470447345236,1.5437300584229792,1.2099289840052248,1.6422260173077523,1.2641341499406413,0.8147715152422176,0.34355803141452673,0.3601200020315092,0.990094188349644,1.3344038811314898,1.0947423340165778,1.4139870479795502,1.1488906980459987,0.9901635450534404,-0.7052350217196746,0.15517763540051427,1.0169238528254796,1.6744860878595735,1.1858664320726886,1.8262094508943192,1.1278602297836404,0.8864787501361666,-0.28251889148431086,0.11916284992369662,0.9034779519032169,0.046136607563062065,-0.34124310396314145,-0.2446578243799592,-0.194184241448668,0.10938089743837051,0.21463203122034757,-0.5508938802429214,0.035515590560442525,0.36180699490835605,-0.6721880350074632,-0.008701868778181122,-0.598357655330089,-0.6184230792039765,0.041316145103706646,0.09410661758211322,0.16344474523731475,-0.6745,-0.9810909090909091,-0.021958392325572933,0.8501498198563648,-0.3869630074724366,-0.008701868778178861,0.43448615627590026,0.3155555555555545,0.05067483767949653,0.0711752854542914,0.26498125116411314,0.9108596555720042,-0.05868650093432544,-0.7335529572795588,-0.8739382029914244,-0.6344812139848814,-0.5546026289686395,0.24749619461247288,-0.6896139052821406,-1.2463182217100899,-1.090855011600965,-0.22733189529757952,-0.06676579405818649,0.007205549741914178,-0.5137331524473923,-1.4215898774976252,-0.4436056918809508,-0.422525758569124,-0.18560570927644493,0.07327322902782198,-0.6733393797354309,-1.0386605498982457,-0.7636045043545064,-0.21457291159257177,-0.10360777923574443,0.8285992509363292,-0.38446943920151816,1.2747027997345532,-0.006522878022300412,-0.39794999475952175,-1.0329277400440984,-0.4337077770096747,-0.3597333333333333,-0.3597333333333333,1.2520891764915678,-0.216085459270913,0.6745,0.9522352941176472,0.38242430340972666
adversarial_block_gan_ensemble_paths,adversarial_block_gan_ensemble_paths_2,-0.954171377539212,-1.0269171718001948,-0.3915785952307226,-1.3549042605613324,-0.4737694235715763,0.4136004225235188,-0.14477284772456867,-1.36159994432269,-0.4614999999999995,-0.40611256544502716,-0.43920930232557837,-0.43259071729957943,0.2860530120481927,0.4694860643152522,-0.11285792957994062,-0.20511356449965168,-1.000732752732528,-0.15565384615384625,-0.1452769230769249,-0.7987500000000006,-0.4325907172995779,0.2698000000000001,-1.2225312500000032,0.0,0.13599487398547605,-0.016862499999999083,-0.044966666666664205,0.0,0.6744999999999995,0.44966666666666705,0.6250286225402398,0.0,-1.2448523581516333,0.3421597847200509,0.9600877036198401,0.46647064744997,-0.051685715718494216,-0.23027395586316415,-0.6926118387702224,0.40408055669937587,0.7566022144997636,0.6132228916198901,-0.007148829394391673,-0.5226032277799082,-1.0865100809521964,0.320668779664087,0.9685547464387273,0.35922804389064245,0.02059780508542044,-0.3896706659225967,0.3174117647058816,1.054282698861734,-1.0500854181780928,-0.8984681694237707,0.06740732925443813,-1.2679712431785106,0.20797551081475318,0.0,-0.2075384615384614,-0.5702528101160621,1.0723632027966388,0.3502078458041063,-0.4315983365488879,-0.592882332361914,-0.33391067384908174,1.2007340217118294,0.2121546918266197,-0.374086005789065,-0.6534601378866837,0.32702638351023566,0.44966666666666666,0.6745,1.2084429744998053,0.2647685262320552,0.9270942571839301,1.1807484083466935,0.9459765015369459,0.8906706866726963,1.0556528484773622,1.1522426508639991,1.2634672575175667,0.744150735562846,0.9681451834253014,0.9503922124582884,0.9536823019125943,1.2240400872608925,0.8220016340273965,0.8200745393637895,1.1405222304174847,0.5931007981280826,0.9496400265538404,1.4047578753807848,0.8378759813797108,1.084693783706493,0.7537766917665406,1.0814188481987967,-0.22563188371911366,0.5142273331533918,0.7167053392442467,0.6679305639555004,-0.29665007645214325,-0.3511005803548557,-0.5243387639689004,-0.665026570018216,-1.4448616473308948,-1.8002632226153432,-0.4866596216556639,-1.3556596270286072,0.726174126702012,0.8945564073743861,-0.20237733074572647,-0.5933389605924388,-0.31749375351390163,-0.6745,-1.103727272727273,0.21605529289169703,-1.1220920859652166,-0.926578723847942,-1.3556596270286096,0.2254372712831314,-0.9466666666666679,-0.07109702377762439,-0.6452351499042273,-0.9435868805458814,-1.693450215080649,-0.5367203057568187,1.088075530881623,0.9092975021276779,1.410878855955591,0.42657442233769105,0.6228018779295652,0.9481291845387694,0.8621115537478173,1.327347352283298,0.957352715399558,0.22812753350584208,0.8551620303398046,0.7423750890116095,0.2717874094178503,1.650321613585272,0.3920596636184326,0.7134616197599455,0.5755033728284977,0.8539444777342297,0.8414328300000609,1.3732423955466306,0.28147542607618675,0.30804019656060416,1.1115355805243445,0.8276083033476879,-0.21698687427708802,0.7101910119575778,0.9256182161986342,-0.2845394299812571,0.7790266199661329,-0.3597333333333333,-0.3597333333333333,1.0310984582984337,-0.2824775171010329,0.6745,1.2696470588235294,0.6787129521946168
adversarial_block_gan_ensemble_paths,adversarial_block_gan_ensemble_paths_3,0.6831468430873566,1.3663497630557753,1.1370094533563286,1.013380859005473,-0.8554005583786491,0.2156249032137491,0.7263890394744619,0.1662483063115469,0.6248000000000001,-0.4626151832460721,1.2444263565891454,0.6830379746835447,-0.07001297497683066,-0.055022416872208414,-0.19104708340656584,-0.3920440923923356,-0.6244469948118765,0.25942307692307653,0.4565846153846163,1.6241249999999998,0.6830379746835445,-0.13489999999999985,0.843125000000001,-0.5871522499999999,-0.23049978641606175,-0.3372500000000003,0.0,-0.0,0.6744999999999995,0.4271833333333543,-0.24132379248658697,0.47137914285712645,0.7110931274764656,0.007870045924165325,-0.6296719320674156,-0.13237853657174353,0.21074084625618475,0.7340622610212012,0.2767825998552637,0.09014556496080094,-0.16138015265127656,0.08095731219602394,0.3914110470366295,0.9677866552929266,0.40458013833025247,0.018898503646073945,-0.18615273794609424,-0.18794333269503033,0.16756816716407594,0.7860781293611151,1.0676577540106942,-0.09432971220962619,0.9215667469895608,0.6532695142090771,1.8627491784885266,0.6172841205685674,0.08485026908347588,0.0,-0.3113076923076924,0.4365858162011008,0.6692813000647228,-0.7809861649466155,-0.14355953227057788,0.34999066110976296,-1.9419228300427736,-0.7052003161124392,-0.9154042659418238,0.5321964907324906,1.0151558736737782,-0.061782919508709344,0.8993333333333333,0.42156249999999995,0.5698236892917895,0.8522416126953399,0.7321388228966428,0.4691720930022508,0.7693460538607944,0.7866509916868583,1.4159180558700197,-0.027154243660383652,1.1007500414766211,0.9193095138882585,0.6447177168456343,0.29329489120949936,0.5686390712355712,1.0012849239187656,1.9717522188231682,0.1651690245972176,0.4338454210464669,1.0827466708604814,0.7221428161226241,0.5128318595715823,0.7689259175586647,0.8186756186927385,1.5950857298767882,-0.23118002265788262,1.5449536850585532,0.9917588094007705,1.8846738235303433,-0.028232987826004776,-1.8543443323576625,-0.7688991955415995,1.84420406262065,1.6816845302298442,0.27086042132331023,-0.29761466129128283,0.7183585396164014,0.36879036658449166,1.9842616998173301,1.3148609358689627,-1.0830642750827515,-1.5317944874445508,2.2305835615734724,0.6745,-0.36790909090909085,1.3084846620765682,0.002251721463948033,0.6833215133173649,0.3687903665844976,-1.5491412345084792,0.1893333333333327,-1.3671026609910544,-1.3636524339913467,-1.368080246074861,-1.0430805848591231,0.8675395008119037,1.4266186822030567,1.0091876916789182,1.0631985220225322,2.968257517725146,0.9404312230643431,1.1730732725078434,0.05061498447355238,0.9275550849495637,0.7769411393150786,1.1450087250460845,-0.17378742142139492,1.5640854635686106,1.115321985509775,2.0840218306790947,1.047479496288747,1.3318094000046758,0.5665824306999053,1.2637237973271167,0.7808737179855817,1.0113488701558064,1.106367065813482,1.200621757128387,0.5254531835205982,-0.4969280114964493,3.3097954290719334,0.2967324658103651,2.1038682337637056,0.13738004821439798,1.3838930586071891,-0.3597333333333333,-0.3597333333333333,0.688105999451175,0.5258834786316399,1.349,0.3174117647058824,0.3137562030487508
adversarial_block_gan_ensemble_paths,adversarial_block_gan_ensemble_paths_4,-0.3338152944515286,-1.049669984844513,-0.7277515354184009,-0.7510026692282948,-1.875658527555761,0.05492029572408119,-0.9716849154682774,1.416735488823363,-0.7738999999999996,0.23660471204188444,-1.85095348837209,0.21401856540084307,-1.1762179796107506,-1.2237164057929304,0.8970115439946348,0.980310741375091,-1.1626200452826536,-0.7782692307692307,1.3489999999999982,-1.0028750000000006,0.2140185654008439,0.44966666666666666,0.0421562499999999,0.7181738749999994,1.1524989320803074,0.6744999999999998,0.8993333333333334,0.0,-1.349,-0.9218166666666456,-1.206618962432934,-1.7843415714285742,-1.0013817486582763,-1.0755017005184224,-0.49688842103194103,-1.0221929379509507,-0.9488726617745341,-0.933621141648993,-0.03130233183823482,-0.9370620083273449,-0.4479371988459933,-0.8740084610588646,-0.6271444752280138,-0.5808882979496471,-0.5682897998476243,-1.0369599461869066,-0.4579140221793325,-0.9596406722008489,-0.8846866046324285,-0.8719640981061626,1.587058823529408,0.30894188101945286,-0.19046880890336423,-1.3538527244172591,-0.20774407969380398,-0.7910193516562035,-0.9730995015753099,0.0,0.06917948717948753,-0.00492240016591054,1.1146088210962821,0.1436485646718683,0.06744613260773044,-0.06745331002644935,0.3265556151433271,-0.1710845217736927,2.144916155096034,-0.8094296725458806,-1.0271895528817243,-0.08380347118415696,0.0,1.1803750000000002,1.1404491339199574,1.4517781446972275,1.1394545080178813,1.3743577350172875,1.1793749858105906,0.7988532298223473,0.4979404081758328,0.2950091227838736,0.9856635979429734,1.3032796154661153,1.0988635681017191,1.3773063170684632,1.1521213664742964,0.994719429070661,-0.6580679558044698,0.19926383372032708,0.9706328626020042,1.621672702541971,1.1639733846537859,1.7648064712187812,1.1029684802011082,0.8648972588638687,-0.19779486073430028,0.09100862517490778,0.7348446446489909,-0.37855135610097074,-0.3764513722329025,-0.30734492652588297,-0.05981588327025002,1.4728785050598447,0.23166544866677616,-0.3069099260490695,0.27390893548084827,0.4264377894710745,-0.30068727152974467,0.19635282825260186,-0.8902767931328693,-0.7854231111589924,0.10835030987205306,0.29119304698724974,0.04306442571365378,-0.6745,-0.7358181818181818,-0.34079226285950737,1.2820958389417316,-0.1010239933697647,0.19635282825260475,0.43490513636107825,0.2524444444444436,0.04761002096397285,0.35781363747707384,0.6734638218566683,0.9976293335833922,0.013952867238594659,-0.8384005866082062,-0.980973413720638,-0.739049575910169,-1.3353684537764248,-0.025206534829209506,-0.8579190131686478,-1.3725214865287314,-1.0716945572365486,-0.5083408226831563,-0.2118242298138851,-0.00039898563556338456,-0.5707701251696297,-1.4494761367746312,-0.5567861293019498,-0.4372434617769482,-0.23216919556791904,-0.14409551394205067,-0.7507538100147488,-1.2172863924518467,-0.748345310843243,-0.24245600437804285,-0.2052401735004121,0.7275505617977541,-0.6830203476832034,1.333948013032243,-0.49788454847646774,-0.4551048052611231,-0.9300190585901278,-0.5949697649153441,-0.3597333333333333,-0.3597333333333333,1.19609718717873,-0.33539218355774114,0.0,1.0580392156862746,0.15049863669596467
adversarial_block_gan_ensemble_paths,adversarial_block_gan_ensemble_paths_5,-0.8012997500833023,-0.5685962413034154,-0.3473534265493657,0.28059611696917025,-0.5870560000876637,0.7644548016615884,0.46503203545695476,0.5218864095225642,-0.8377999999999991,-0.5968089005235608,-0.7111007751937958,0.059196624472572616,0.3080570898980544,0.10044722317829921,0.125397699533266,0.10049011462938398,-0.8489681220317561,-0.15565384615384625,0.12452307692307553,-0.3283750000000006,0.05919662447257421,0.2698000000000001,-0.7166562500000013,0.0,0.23049978641606111,0.0,0.0,0.0,0.0,0.4271833333333543,0.4826475849731733,0.0,-0.45980663984258674,0.10129077532609504,0.35114337006210244,0.051196561642454105,0.04624885557365734,-0.036536077423739516,0.13463632130387054,0.16588666003196226,0.32708729529461444,0.5769761592135914,0.01529340256492214,0.10882551921483659,-0.15248324822372955,0.11890729564901158,0.32612839170193053,0.13154666413859892,0.06036254328079166,-0.031166206113822387,0.8079572192513372,0.9503175116492136,-0.9162106569155122,0.08825038552084444,0.3178269517375966,0.3541467270433941,0.03898035848294785,0.0,-0.17294871794871794,-0.4028448338812557,1.0293310652368433,0.8614293125824202,0.5643198469538683,-0.936692417663143,-0.8506969100520473,1.3252853960924893,0.29474425175506774,-0.11471631219482042,0.4983489450701906,0.812534769828603,0.44966666666666666,0.7588125,1.276430999202511,0.14590912067774675,0.8352870145703949,0.8486879924125044,0.8157733165316869,0.8869652195417703,1.2171975666877906,1.2870850870776271,1.2578368911999862,0.5341980389219566,0.8557491878148775,0.77664463806758,0.7353234778350458,1.2223320473331678,1.329336975050291,0.9089106786583153,1.2594328690991745,0.18560195048578665,0.854663166442873,1.066915250107251,0.7027869041250886,1.0848081410269514,1.0269498633011305,1.2515700569528418,-0.03527395410404467,0.9029574447763324,0.5635686566600259,1.362912904780356,-0.3207635370834446,-0.20312203556510497,-0.14100068688967507,-0.09365623497710727,-1.470980654502129,-1.4197221588076732,-1.0760790106393119,-1.1346741524286492,0.498992229452615,0.4639332289085413,-0.06459498672292627,-0.2602543345993741,-0.18049543266753984,-0.6745,-0.9810909090909091,0.2144274336088026,-0.4150966913549945,-0.6978323211611116,-1.1346741524286517,0.22868333948774364,-0.5048888888888872,0.00751970823324309,-0.2932083363723812,-0.43173607305225487,-1.1147861335381415,-0.16833480226392525,0.47915188518943747,0.4083882049388443,0.851717954528257,0.3420550676207204,0.7291896821498934,0.43364896332896957,0.5965305437273523,0.33605231454059903,0.7023173677719432,0.16942747892995746,0.9955857895066822,0.3183315102630788,0.02914894816604542,-0.37451152535248167,0.3873049309657835,0.8991838706711547,0.7603927618658536,0.3727504972058662,0.42372492171735276,-0.12271026707008935,0.2755922494464293,0.32950339259958805,1.1519550561797758,0.8537734859682808,0.1280333945051587,1.2277234466888025,1.1518851828908625,0.3997725722734055,0.3847488719912321,-0.3597333333333333,-0.3597333333333333,0.947182203560728,0.2061240154285955,1.349,1.5870588235294119,1.0888298991641183
adversarial_block_gan_ensemble_paths,adversarial_block_gan_ensemble_paths_6,0.8704366151595774,1.0042886907597666,1.532328904305993,1.5729182492280236,-0.4868729634174504,0.4910910903167038,0.9697345931804068,0.08288341697164489,0.355000000000001,-0.32135863874345455,0.6378992248062023,0.47812658227848154,-0.23891927710843375,-0.3082443252570897,-0.19044775616615003,-0.19273273688577905,-0.049730633443606675,0.25942307692307653,0.17640769230769346,1.109375000000001,0.4781265822784809,-0.13489999999999985,0.42156249999999906,-0.5871522499999999,-0.23049978641606175,0.0,0.44966666666666705,0.0,-0.6745000000000004,-0.02248333333331276,-0.3402665474061068,0.47137914285712645,0.7764095965226924,-0.4063927985784512,-0.7876896222083296,-0.6694638244901188,0.19794116687442706,0.7564505381323612,0.2432240538771137,-0.3853386778951453,-0.2877341108810787,-0.4499445897153283,0.3359416420330496,0.7193050350823611,0.4579582435646977,-0.3829871378743345,-0.6495286523569633,-0.8040287084377924,0.18436333471016736,0.7973270877257457,1.125368983957219,-0.12076144579055866,1.1097747636149813,-0.015882969354758192,2.296835258761337,1.3939132811035861,-0.19373257451987214,0.0,0.5188461538461538,0.9788988079810295,0.7682778869430826,-0.7189149697871835,-0.21814048915715567,0.38475343955460983,-1.0802401549112888,-0.8885888344163647,0.2729395707657234,0.6580212131190336,0.9569989300888716,-0.1910048220029596,0.8993333333333333,0.6745,0.6037558617315717,1.2373460453743264,0.885578818057347,0.6308673303117203,0.9037198229516837,0.8204935045227556,1.1662895129301298,-0.1874017405570079,1.0982075792738226,1.118449976392703,0.8791024406624218,0.3386225364225874,1.0430820374723486,1.0057622386302911,1.680388336590177,-0.22642478288013693,0.5173508356822728,1.5566441701200646,0.8836673290778466,0.6401596173733667,1.012191741817776,0.8294084584556106,1.2875486425066665,-0.4587204330842528,1.5446181504641918,0.8807680065201472,1.6975110510323719,-0.22590315446674902,-1.8888892148435705,-1.0765770765451748,1.677774057570474,1.364825760949278,0.4283851849257972,-0.1247824430377359,0.7796320439736621,0.2473188014518359,1.970587803448107,1.3477242405491412,-1.0809168094813149,-1.590732629101914,2.0867989454780584,0.6745,-0.49054545454545456,1.30729417727472,0.004267706247738117,0.7304828845687102,0.24731880145183655,-1.5462149690305957,0.1262222222222218,-1.3722664250534615,-1.3762075492559434,-1.5473505524882778,-1.4420393320031253,1.0864310434070448,1.4885500429623229,0.991188387505793,1.0176965130056173,2.966578898424286,0.9114253684990021,1.2609404887984517,-0.23396262551083502,1.428109336740422,0.7768279234643101,1.1644785540731075,-0.05672119016377954,1.4522738496466718,1.0844485208500396,1.381505604757976,1.0462675609558076,1.3865309006774316,0.5284165132632134,1.3602087471026711,0.40843567548020115,1.413654714537558,1.1061461871565945,1.209776706776213,0.5052434456928826,-0.5076409652796496,3.2917570955727657,0.24134740254220807,2.049748955612506,0.06406908181655348,1.434326124937657,-0.3597333333333333,-0.3597333333333333,0.8188859871246867,0.7922696942483742,1.349,0.6348235294117647,0.3043104675307391
adversarial_block_gan_ensemble_paths,adversarial_block_gan_ensemble_paths_7,0.7928918479920256,1.0808458784423802,1.4843921769310786,0.9827692780815318,-0.7631747850557609,0.8373176465339414,0.9729686768493078,0.9985822319765169,0.15620000000000012,-0.37786125654450203,0.4287519379844961,0.8378599156118145,-0.07001297497683066,-0.357466088227294,-0.22237192050566057,-0.14522472668067726,-0.33829519399572644,0.25942307692307653,0.09339230769230839,0.9318750000000001,0.8378599156118145,-0.13489999999999985,0.6744999999999984,-0.5871522499999999,-0.23049978641606175,0.0,0.44966666666666705,0.0,0.0,-0.02248333333331276,-0.24132379248658697,0.47137914285712645,0.7734819059009495,-0.2217830854193927,-0.7472889414491732,-0.4297215075874721,0.21074084625618603,0.7677249702973001,0.2943349215190804,-0.13666941340286953,-0.19928866729818254,-0.13601985553391796,0.3975910723500329,0.9395565672015559,0.4455751765672933,-0.18516940621434766,-0.26294937304407184,-0.5316458604554262,0.16756816716407688,0.8257730359141945,1.0099465240641696,-0.07188207796915709,1.0585239999913754,0.27098292244319905,2.1720878734197107,0.8444997653566427,-0.07570561456094337,0.0,0.13835897435897446,0.6723537722653103,0.7435137359556635,-0.4709194444948895,0.8438857777100763,0.4760761742434046,-1.0754371632682904,-0.8046831298419829,0.11342420120120625,0.6264884898921201,1.2464782907462397,-0.13976301884703576,0.8993333333333333,0.6745,0.5950791276887908,0.9601948181682249,0.8473594850350987,0.513528617762848,0.877874842140223,0.7971672606922784,1.2092546374456015,-0.10253049864770898,1.0982811868668338,1.0447240451583917,0.7716959648972873,0.3096936271422715,0.7270312469667932,1.0135051234532635,1.968936214733745,-0.12985665529727886,0.49188311478697405,1.396195138623938,0.8645317864805684,0.6285564719126968,0.9339488671310778,0.828362303399685,1.3121672041539914,-0.3817967368814389,1.5665530362888538,0.9013485730646104,1.7535799725050871,-0.43280779776769035,-1.8171263375350877,-0.6206357820059004,1.8653308447115409,0.7199099139227261,0.5186447260894752,-0.13413359629586558,0.9681656687932143,0.42758960320080525,1.9913642273432652,1.344713011448876,-1.088476597772829,-1.5853159158394805,2.1720486665519236,0.6745,-0.49054545454545456,1.317631457401554,-0.005048576925985704,0.8755946154342084,0.4275896032008104,-1.5624166440332816,0.1262222222222218,-1.375076879792533,-1.3672060177015437,-1.479431917893371,-1.114303682550526,0.7895190394257213,1.499140298091444,1.0920255206316805,1.0663530508002808,2.991113030121898,0.9062264058758014,1.2698370966868993,-0.2458572328976394,1.4065281956714821,0.7851240871492905,1.1662605573341862,-0.14743055137897507,1.5746206334443418,1.095136472958956,2.115796561703225,1.0536610016505574,1.3317949722634157,0.508449508244021,1.4463699351340318,0.7605396834111475,1.4319357296669917,1.1149922756594743,1.1810118722744425,0.32335580524344515,-0.5185069566362548,3.2974396054022526,0.24767551322671624,2.076256096409258,-0.013403599378212321,1.4216908346580366,-0.3597333333333333,-0.3597333333333333,0.7716916197546718,0.6683661148197595,1.349,0.6348235294117647,0.25288670739252056
adversarial_block_gan_ensemble_paths,adversarial_block_gan_ensemble_paths_8,-0.4005087793790412,-1.1165889056250555,-0.9383947788273922,-1.0870048588223327,-1.6972584104680482,0.008343775805604553,-1.2108844388743323,0.7975556370877035,-0.5324999999999991,0.36373560209424116,-1.6836356589147257,0.17758987341772112,-1.3983500547645127,-1.2452572021769142,0.97308614837815,1.0233840400252916,-1.1984944399891226,-0.7782692307692307,1.5876692307692297,-0.8608750000000005,0.17758987341772167,0.44966666666666666,0.0843124999999998,0.8431249999999993,1.1524989320803074,0.6744999999999998,0.8993333333333334,0.0,-1.349,-0.9218166666666456,-1.305561717352454,-1.834254571428577,-0.8977812334019911,-1.1162267049448864,-0.4731391072585746,-1.0701522026395913,-0.9271774899524292,-0.9356347559337097,0.13648507930640522,-0.981011234781485,-0.43066072347402035,-0.8638370171245223,-0.6235088981237972,-0.49589810014748736,-0.4649160432604394,-1.0713828322619392,-0.45125789991808424,-1.0657752482214828,-0.8751404826688906,-0.8537407596826084,1.3562139037433136,0.3702419855644122,-0.1652820642574583,-1.1692565500582515,-0.2897162389433016,-1.5339127024805084,-1.0177623330327736,0.0,0.13835897435897446,-0.12113898417710808,1.1475240204117194,-0.5750784225846374,0.9042761753464287,-0.6266772017663854,-0.6826093034726711,0.1122358926230816,1.4321719272534958,-0.9063573707199545,-0.017121144006696985,-0.17597706944485703,0.0,1.1803750000000002,1.1346143821355847,1.4190716322869539,1.1635676501618393,1.5085514833698075,1.16389089745456,0.8017456081745369,0.34779953655286455,0.3094661346269194,0.9811958675983414,1.3522631559729306,1.0744193868377285,1.4259338341761378,1.125759322581983,0.9426368211400017,-0.8606148923702275,0.23381409487904578,0.9603936717968091,1.659928066539101,1.1673555369793174,1.838526080875014,1.1057809528235594,0.8619998060576826,-0.34164554421544246,0.030691573415349123,0.8624217722888332,-0.5183918325448703,-0.2684477417050733,-0.25477051692442537,-0.26537031130369254,0.8927803232211821,0.2580722632412938,-0.21922060742819918,0.08536750282470926,0.44573228185595004,-0.6941733003083799,0.22068389130294824,-0.9035744274195125,-0.7968833723834812,0.10862138938358287,0.28684955067447354,0.06609764632045424,-0.6745,-0.7358181818181818,-0.3395974889926585,1.3114929183240593,-0.4038847629651594,0.22068389130295019,0.43227471182466265,0.3155555555555545,0.050849911369226786,0.4074737062634979,0.6050728581910579,1.0519194319062828,-0.0526133675777496,-1.002104439314898,-1.0488628852829545,-0.7598458356945499,-1.342063727824662,0.03475501048900337,-0.8633334575325006,-1.2702644775769365,-1.1430496310974363,-0.48674525961649834,-0.18454920781084996,-0.1671532659316367,-0.5331703834702024,-1.4070064791327657,-0.44738384782402785,-0.4395499775501866,-0.24090389690909406,-0.18665469087674946,-0.737458024334535,-1.0227537744056547,-0.7044782394218366,-0.24341416535406984,-0.21399520623580243,0.9498576779026228,-0.7253249787580645,1.4630498712025934,-0.727357682035633,-0.36079196823904786,-0.8034702136258128,-0.609324161619997,-0.3597333333333333,-0.3597333333333333,1.2271479495388657,-0.30885408723389474,0.6745,0.9522352941176472,0.2370106010776173
adversarial_block_gan_ensemble_paths,adversarial_block_gan_ensemble_paths_9,-0.28482674807171016,-0.25326973399936786,-0.6976338441795595,-0.2826370432665535,0.2183018095084946,-1.7391092312757026,-0.49164579454091195,0.8056646614802994,-0.24850000000000008,-0.024719895287958052,-0.6901860465116266,-0.05008945147679388,0.18203373493975974,-0.06376075729659378,0.28841470892651355,0.187549261795624,-0.6945122813497524,0.3631923076923073,0.10376923076923077,-0.04437500000000064,-0.050089451476792946,0.31476666666666664,0.8852812500000009,0.42459774999999944,0.13599487398547605,0.0,0.0,0.0,-0.6745000000000004,-0.02248333333331276,0.0,0.47137914285712645,-1.11053880704251,-0.12104108672637798,0.16061501207687812,0.0626584621140506,-0.4153057630942998,-0.38264500003604585,-2.3641139555865474,-0.13792397466482267,0.7713414779975879,-0.09619775984751007,-0.24789629523342221,-0.9669021379114773,-1.4614784883641625,-0.11870408459117347,0.22284756981377904,-0.005827528050178168,-0.3940854127186041,-0.6248812340991726,-0.3751229946524063,0.9795046617552848,-0.0061107238819032884,0.326519584000938,-0.45709173569414013,-1.0627026030072622,-0.11021583565421426,0.0,-0.2075384615384614,-0.414311760743058,0.3494099458464647,-0.1352502995215896,1.4508946224137578,0.7573295799426881,-0.656810594806317,-0.25065882031034986,0.3620402256671452,0.3736272592301778,0.3582277056941335,0.3856721655106797,0.0,0.7588125,0.8318821933993829,-1.1051318999052804,0.08608560286491686,-0.8341921398335781,0.024640065309230623,0.563386575470574,2.0562976298022857,1.3412650110954352,0.6162011413639165,-0.7063036046972423,0.22506240459102794,-0.7507197027625977,0.2826460686941891,0.5559075046990242,2.1835482977998857,0.821033071678315,0.8070892019895404,-1.3182661951223063,0.13381636509340986,-0.35994933610820895,0.17723380882384598,0.5919854761265243,2.2677709775201893,1.2551993093356184,-0.5654296653352491,-0.5155305327820192,-0.9566220594060171,-0.66573074539448,-0.10530175260696355,0.33042921045772805,0.0413731235596025,0.18044520762812155,1.1821137796222188,0.29466716946182464,1.6497026957417797,0.6315970081363397,0.7380609947199757,0.9917797844403495,-0.3853587413033492,-0.676800656125916,-0.07258734235215429,-0.6745,-0.49054545454545456,0.029282085532275976,0.47571761686041847,1.4001642656708144,0.6315970081363402,-0.2613931926481413,-0.4733333333333318,-0.690669746400675,-0.44442528791530456,-1.003338070902325,-1.444875739137732,-0.11660492865377671,1.6951385792324274,1.3985264245274747,1.279112539655156,0.37845508054716603,-0.5366181536754822,1.2743777287035336,0.9542423216228499,1.769925849768229,1.026491370167628,0.10568709428402666,-1.642738235108432,1.0139848841991426,1.379705884196096,2.2042358592587465,0.05419571010938311,-0.2763325384284126,-0.659914760876952,1.180854914208465,1.5898249611287447,2.0281371758070628,0.09466792706681999,0.01729615154936835,-0.20209737827715304,0.19079700914404768,0.13304988843540486,-0.660463907608261,-1.2091116450433865,-0.927190583888727,0.8999443761753237,-0.3597333333333333,-0.3597333333333333,0.21966898833142612,-0.738832516398352,0.6745,0.5290196078431373,0.45372655961890135
adversarial_block_gan_ensemble_paths,adversarial_block_gan_ensemble_paths_10,-1.027900625841421,0.0353907481261728,-1.5010301437742612,-0.8942365636572296,-0.07461775604435003,0.31937453506987984,-0.5317319747246945,1.8070433340032668,0.028399999999999835,0.06003403141361253,-0.4078372093023242,-0.04553586497890313,0.5688554216867471,0.3747022779977156,-0.0026870935614277717,0.07958945979426572,0.2416517133096275,1.2971153846153842,0.3320615384615389,0.22187500000000007,-0.04553586497890257,0.17986666666666667,-0.08431250000000276,0.08734774999999978,-0.23049978641606175,0.0,0.0,0.0,0.0,0.4271833333333543,0.38370483005365347,1.7274908571428462,-1.0838903863274094,0.16174166865840325,0.7450770388976542,0.15850078926795502,0.06220697502225284,-0.06029238149202935,-2.132927714106723,0.25682592722318875,0.8884229344985384,0.31158901957821106,0.013671622661733784,-0.5980595819784431,-1.1598725065653097,0.17025361445496337,0.7374737221723191,0.0807947058464556,0.044254981412145074,-0.19174015673412886,-0.3751229946524063,1.673304803581549,-0.7714378554595661,1.3468528547896437,-0.9370340608124572,0.16944627210301585,0.09854966551834256,0.0,-0.2075384615384614,0.8034052329375255,-0.6331071026042139,0.8080645617731467,-0.2396708815431615,0.9538263221282949,-1.210089168170844,0.37916986215292114,-0.1974700777718505,0.7211190166670172,-0.25074357502370864,-1.5245797133428147,-0.44966666666666666,-0.5058750000000001,-0.4517761714427934,-1.3207090665421994,-0.7011790932391916,-0.975839334995604,-0.7155518378087122,-0.7991718929423686,-0.3599241177362436,-0.7478144262689095,-0.8674890925579031,-0.8500794630392766,-0.702681674644575,-0.9301783816680969,-0.8356407381577289,-0.46254356319707013,0.10800621992857577,-1.3919606921013998,-0.731356375233222,-0.9660887246572648,-0.6640386143581711,-0.7166016941634034,-0.6773347535693863,-0.7028598799336485,-0.28271061798140057,-1.379631624844506,-1.2537676402207951,-0.47479241331721933,-1.5581109169364067,-0.31324410146266723,0.6775744961654062,0.11763876265356052,0.06366351838841769,0.6152243239417661,0.23634393295401687,0.37004091676756107,-0.29380831504827326,0.25061997927883223,-1.4533556932202605,-1.3421099389855282,0.48959721300435705,0.9662353477251344,-0.3625218535258649,1.349,1.2263636363636365,-0.8683019173165972,1.4200192842777077,-0.0957293554369813,0.25061997927883445,0.683499988939922,0.09466666666666634,0.4338621997285149,1.011700629033436,1.5452565393039281,1.6862233040938301,-0.3764741726011912,-1.466407855037636,-1.7766306502354139,-1.345696078804069,-1.8606853095581086,-1.9988684472948408,-1.3880235235695946,-1.1115775705796578,-1.3140420061932214,-1.5415218397625405,-0.7255336300165458,-1.5460807920187203,-1.1586669642660987,-0.8425821036373637,-1.5378684263059132,-0.8433062447482321,-0.828339387931922,-1.4956143056638873,-1.346106873307744,-0.896369776914315,-1.408811674593564,-0.5866671094889553,-0.6774027225665198,-0.3031460674157296,-0.2653726766105854,-1.3494281219559698,-0.22263941896971312,-1.7446395064056126,-0.22082946277282384,-1.1407703503416673,-0.3597333333333333,-0.3597333333333333,-0.62833797945398,1.5516337840365502,0.0,-0.3174117647058824,-0.4710731973442526
adversarial_block_gan_ensemble_paths,adversarial_block_gan_ensemble_paths_11,-0.87989798653306,-1.1965908842252044,-0.26907797535234135,-0.6889759705636367,-0.643106882241368,-0.11020810734440795,0.40325073883078366,-1.1642970944777828,-0.6602999999999993,-0.42730104712042,-0.7006434108527098,-0.5100016877637147,0.31205783132530246,0.13017899812224745,0.08464344718495467,-0.1426072339581403,-1.0205386741844429,-0.15565384615384625,0.11414615384615177,-0.9318749999999998,-0.5100016877637129,0.2698000000000001,-0.9695937500000037,0.0,0.23049978641606111,-0.3372500000000003,-0.44966666666666644,0.0,0.6744999999999995,0.4271833333333543,0.6250286225402398,0.0,-0.8260143748834161,0.3002136644439137,0.526812501267183,0.3426190115120482,-0.0032493226194396387,-0.10061455138158265,-0.1450677959153622,0.28515090032637996,0.46233955069031574,0.6102331973564299,0.001991274256152778,-0.18314096506411967,-0.7551979715582966,0.2886623132835822,0.7372417119143967,0.39972342662322086,0.024738550387526616,-0.2575712589745789,0.08656684491978499,1.121231568921518,-0.7559146835389844,-0.6372695310534879,0.2488783315527601,-1.085483023770977,0.20801710457242178,0.0,-0.3458974358974359,-0.377718342330758,1.100788622960211,0.42085179075867546,1.49759677009011,-0.5628548510899964,-0.2859849220937442,1.0868185027021458,0.3110820450937936,-0.5484083417773289,-0.8085634558984285,0.6254011564395476,0.44966666666666666,0.9274375,1.1260474340206597,0.2796458609411883,0.9705093960844404,1.3174491652584717,0.9724095455422155,0.9012464220767629,0.894797112766076,1.2178270756200313,1.2613974078949324,0.6738400780087196,0.9352974798801258,0.9314914937234283,0.9317189376522994,1.2200622264606544,1.0029741441949143,0.8718590854648427,1.1674980653266789,0.5883391392932845,0.9749920237496728,1.3938967173532453,0.8857844522070937,1.0870479822978643,0.7548387705906705,1.154305402381247,-0.23918020812913926,0.7042946009819128,0.45943927199311757,2.2333061867936985,-0.30445985885309995,-0.06563293906424195,-0.09524480099565664,-0.8692681679115954,-1.5964197093002221,-1.6572205669715443,-0.9834964951002159,-1.700243921360313,0.8366402645119505,1.1000770660357848,-0.20052798444481051,-0.6927585837143122,-0.3609210853409043,-0.6745,-1.103727272727273,0.2050420607488425,-0.7043664710555219,-1.0452864834072073,-1.700243921360315,0.22872320736488197,-1.3253333333333333,-0.07082373853199374,-0.7362360984917381,-1.2437605511325465,-1.989167742425511,-1.159582589387815,1.3518097340451065,1.3828792425954106,1.6834765479021228,0.5348784441212634,0.5499861207000157,1.2114819315276535,1.0628286686619763,1.4956835936791995,0.9394025904572706,0.2700220592020915,0.7614689157169948,0.6767631417437115,0.29803158762273707,1.2218742203971196,0.39427892181255547,0.6742559554699842,0.5922502807855342,1.0379913760079538,1.0864394708267202,1.574736058773006,0.2892321715960302,0.3131235096968772,0.9498576779026228,0.9411630580151469,-0.25775304332454974,0.8522818061770326,0.5994056520556895,1.879257108956725,0.9357631931120489,-0.3597333333333333,-0.3597333333333333,1.073149555803832,0.18663082753583593,1.349,1.9044705882352941,0.5843287731638024
adversarial_block_gan_ensemble_paths,adversarial_block_gan_ensemble_paths_12,-0.9351377412875634,-0.039158823314707304,-1.4980805412940439,-0.1958399770774775,-0.04458894652273052,0.8136299720610737,-0.25320653398576864,2.198471643179733,-0.5963999999999998,-0.5120549738219895,-0.48103875968992177,-0.5783054852320689,-0.01300240963855387,-0.25912508249890426,0.19875535376022674,0.11161903473639555,-0.24787387276443057,1.2971153846153842,-0.08301538461538462,0.15974999999999942,-0.578305485232067,0.17986666666666667,-1.0539062500000036,0.08734774999999978,0.23049978641606111,0.0,0.0,-0.0,0.0,-0.02248333333331276,-0.0989427549195205,-0.29947800000001706,-0.87974240683391,-0.07145872177493197,0.41401257575509126,0.007151368696448938,-0.2864008410290853,-0.1974550426869598,-0.5752844696005498,0.0023405858423997316,0.5645695253323015,-0.03295254958421272,0.007858055570209108,-0.3424863245067187,-0.58082998725732,-0.06803093825192257,0.39471275102308406,-0.016861008211495786,-0.07749989960351787,-0.2489199788206979,-0.11542245989304933,0.9541825278421978,-0.5128571672684603,-0.46043384464011317,-1.1397326355052455,0.6716468752433757,-0.0980397045380118,0.0,0.8301538461538461,-0.9831177968109386,-0.44238149932119814,0.8750873565011045,-1.4167557477810069,0.21218409708529126,-0.7372111857364295,0.4125652947963058,0.08249093455925315,0.8186098496228076,-1.5984800838046975,-0.7271782404777668,-0.44966666666666666,-0.4215625000000001,-0.24604721734277132,-1.3164028191021684,-0.5390669866252575,-0.9085528540363034,-0.4564229884365912,-0.6644323872232808,-0.2242468364718832,-0.12535279215615178,-0.28824094945442813,-0.8046884541025138,-0.44885381527944024,-0.940851758955537,-0.3241369464480851,-0.3372081642644987,0.6055221557409998,0.026158459419816864,-0.3676778596224703,-1.0170756985257159,-0.4769869450491348,-0.6442688868194901,-0.43702110425797785,-0.5991388979092752,-0.12645673304751537,-0.31443500759264126,-1.3198554043349904,-0.7113595201528177,-1.1984200064966424,-0.6451780927322776,0.12166074939153546,0.47354923228542356,0.04381744279307751,-0.829476347037647,0.19761660024499994,0.2814910081481198,-0.24367102068150104,0.3115323379906071,-0.9802338352032667,-1.0094677242530712,0.5431691818005174,1.0275101705477263,-0.16460381491001969,-0.6745,0.8584545454545455,-0.3854352525716155,1.47236376146593,-0.05713937143047429,0.3115323379906092,0.5480046222375317,-0.15777777777777724,0.4642852363453042,1.2608322209469285,1.3315984090230177,1.4543319192564168,-0.5838285025294702,-1.3943553960721813,-1.3999093770409152,-0.9938825262606509,-1.2191022477216102,-1.6986654446279845,-1.2403384411941143,-1.12362477278047,-1.162560066405271,-1.312061320420871,-0.6435028365529174,-0.6659600291304097,-1.0731723347690785,-0.7696317071252807,-1.4571669393625664,-0.7382711133221045,-0.7065826359148796,-1.0481520926830719,-1.2256564402730583,-0.8684972433875665,-1.3253169574330237,-0.5383671220562981,-0.5987084667210458,0.04041947565543118,0.7321897467922839,-1.520196926922797,-1.0890590913441143,-1.2869279769557471,-0.7057934352145911,-1.0165070674232493,-0.3597333333333333,-0.3597333333333333,-0.49868089949495825,-0.9769270077870378,0.0,-0.1058039215686275,-0.4998487854347636
adversarial_block_gan_ensemble_paths,adversarial_block_gan_ensemble_paths_13,-1.186934011660163,-0.005359335588854488,-1.2850337627175465,-0.32919172368353294,-0.6739856845422432,0.6783601481245093,-1.191397888957148,1.5683715183178655,0.30530000000000024,0.46967801047120505,-0.6065271317829445,0.4735729957805907,0.47531030789825984,0.4017841105368466,-0.01724218368582477,-0.25563532879497197,0.3102850079220184,1.2971153846153842,0.6122384615384622,0.05324999999999967,0.47357299578059103,0.17986666666666667,0.9695937500000008,0.08734774999999978,-0.23049978641606175,-0.3372500000000003,0.0,0.0,0.0,0.4271833333333543,0.38370483005365347,1.7274908571428462,-1.4146504671389126,0.19669500542809143,0.7790573552404965,0.24369430420907273,0.05444915987972227,-0.07693453235246685,-1.804497387229785,0.21747713145659195,0.8538214775991849,0.2888446302634528,0.010513793541941442,-0.5013690644357084,-1.3658754017923656,0.177314053456715,0.9229144626379845,0.07160275942648898,0.045904441547363395,-0.25590679025565183,0.0,1.474654762994503,-0.8952664427344015,1.0375448101356202,-0.6414126463881632,1.1305334059764918,0.10518690344953051,0.0,0.2075384615384614,0.5968674010787116,-0.5327553672443653,0.5649756014042366,-1.2578064529680146,0.4236208578021735,-1.2837907414582463,0.5212689968926715,-1.4750521622927146,0.12535458505732444,0.7137511065237879,-0.5276899913786784,-0.44966666666666666,-0.4215625000000001,-0.15494714948775576,-1.6008968141415252,-0.7724517051724383,-1.0409202333181609,-0.8686149402448832,-0.5096216386341835,0.2302627585197757,0.7754744961995362,-0.16065977716742816,-0.8778231311395253,-0.6131812403047033,-0.8865399092653753,-0.7749529414094898,-0.29442673632745414,0.5427511692610693,0.5050398344620013,-0.1493727984214107,-1.2999718070894808,-0.6824891463122564,-0.7144598448899916,-0.7930649263750489,-0.02164782964486162,0.6406660366826856,0.6979071928183412,-0.17120837914523707,0.12627158373386152,-0.6659500455780667,0.39306609611555515,0.12816123170493654,0.7063017461510497,0.2788588662818481,0.45303776080660396,1.0103479243479108,0.2669544097081643,1.3553404154644144,0.9468814051136313,-0.7620106266626914,-0.7902436979487009,0.2455554222550257,0.6353045492305762,1.2677526502337604,0.6745,0.9810909090909091,0.03220112553350339,1.3038978548415676,1.1735976782334445,0.9468814051136348,-0.2607853165494468,0.9466666666666679,0.28107306442789953,0.9291382411211823,1.1422792935337422,1.3721572804599504,0.3473647843179393,-1.0854515000041653,-1.101429895877439,-0.7938115103747768,-1.0842595381591575,-0.5762963192499815,-0.9261812414169674,-1.1098793318652354,-0.9414543732904523,-0.9731321698282003,-0.3210512942833495,-0.17677834715279817,-0.5708623948595068,-0.8353209321783854,-0.8219425839200765,-0.3343589848721743,-0.12380206590120178,-0.27874887952446603,-0.8481423242225479,-0.9081539575366021,-1.1294378103715985,-0.13382546756459557,-0.24370417962164131,-0.4850337078651685,-0.5664789275400584,1.4121181821227287,-0.5543393207854722,-0.6981040912120837,-0.4352262281181073,-0.7093753137015513,-0.3597333333333333,-0.3597333333333333,-0.6923128392328255,-0.7564899326612051,0.0,-0.3174117647058824,0.2394523600222051
adversarial_block_gan_ensemble_paths,adversarial_block_gan_ensemble_paths_14,-0.09492723735787094,-0.5541708175192643,-0.36369936696694616,-1.1740570569344737,-1.9699477019650748,-0.3674932040450808,-1.010502302142142,1.528491241446231,0.11360000000000028,0.9640759162303665,-1.6208914728682136,0.5145552742616027,-1.2635282778171515,-1.2325377954877574,0.940482746499501,1.0019326432972844,-1.293699261019132,-0.7782692307692307,1.5565384615384597,-0.807625,0.5145552742616034,0.44966666666666666,-0.25293750000000237,0.8431249999999993,1.1524989320803074,0.6744999999999998,0.8993333333333334,0.0,-0.6745000000000004,-0.9218166666666456,-1.0642379248658673,-1.834254571428577,-0.4019565937377139,-0.9704064087139828,-0.5484284555852331,-0.9222775057571325,-0.8152127049776126,-0.7663261903113983,-0.08001354293377533,-1.0502619094111623,-0.44161578919232247,-1.0346953270584807,-0.6976771373992562,-0.6566124682971443,-0.22100106307961434,-0.9585093212420329,-0.47026954438492624,-0.9258670039442077,-0.7865020439254041,-0.7139689652194344,1.3273582887700512,0.3828927258847349,0.09887702127857122,-0.8410107020804756,0.29307615109460877,-1.3237531740476238,-0.8851705255230775,0.0,0.5534358974358973,-0.43786535778132124,1.1649406178882487,0.03397740177173365,0.4164215980985075,-0.7679444519315067,0.6623341144905703,-0.3272485238082795,2.144926441970184,-0.8880188259588733,0.14557382645435823,0.0690934338821741,0.0,1.1803750000000002,1.1062787670278984,1.6145457074831875,1.1933315923179653,1.5809826268538432,1.2434910002225072,0.8083261824209784,0.3669206568821081,0.40157762529482155,1.0116414387850365,1.3528305001748688,1.1027118506836953,1.4247675530200423,1.1705450914416593,0.9571365902706893,-0.7524247105238522,0.3790842116167536,1.1021491974003763,1.6161088863865976,1.1932234742215047,1.855771662343256,1.1331601074494895,0.8600373123979136,-0.27605205487540735,0.3095649348725109,0.7827744373405574,0.1211486982264211,-0.4771695691627038,-0.4836809613626666,0.10253472759883092,0.4305948123543295,0.34473330354876885,-0.6927763888186196,-0.16059544716586752,0.026744506452882826,-0.5787485956986881,-0.03565922734355249,-0.39666380578306354,-0.39680698115271984,-0.043083708486531584,-0.05749563737922357,0.0802349103182627,-0.6745,-1.103727272727273,-0.022348543928189513,1.0021774978809164,-0.3150439597048267,-0.03565922734355106,0.43514865588324897,-0.09466666666666634,0.033066841583781086,-0.10238173408861168,0.13641138014509926,0.6294446367077837,-0.14791013239670922,-0.20788463371741125,-0.6337198541871063,-0.33266606699916845,-0.45438302097180716,0.1993628501963058,-0.4338513002329626,-1.1974750536208443,-0.805673331105493,0.0738252463728123,-0.011433218106667574,-0.2160741321415336,-0.3601403199695972,-1.3131274000310502,0.07879723585254468,-0.41592897898419223,-0.1610202828469761,-0.024460996452340664,-0.35792478194519006,-1.00839399019906,-0.2700964611224702,-0.18827624085306138,-0.04058029996073318,0.586082397003745,-0.23626499202138024,1.3063347643120893,0.10811385207018827,-0.5926888133215847,-1.0096390475058186,-0.24970924686972717,-0.3597333333333333,-0.3597333333333333,1.2419851518426994,-0.6275972823709591,0.6745,0.8464313725490196,0.3358738431535443
adversarial_block_gan_ensemble_paths,adversarial_block_gan_ensemble_paths_15,0.489633968584274,1.0609694412706037,0.790457542715313,0.8337559268118466,-1.0178214001347685,0.653965490548472,0.8894302005841308,1.408865756958847,0.7526000000000007,-0.27191884816753814,1.1503100775193802,0.9835746835443051,-0.09708465863453809,-0.027390367422127315,-0.17346681768768688,-0.4227258757537583,-0.7458752846133992,0.25942307692307653,0.5603538461538471,1.5442500000000015,0.9835746835443039,-0.13489999999999985,1.2225312500000003,-0.5871522499999999,-0.23049978641606175,-0.3372500000000003,0.0,0.0,0.6744999999999995,0.4271833333333543,-0.0989427549195205,0.47137914285712645,0.5432125094853864,0.14733796891037582,-0.6049693516348509,0.04854671058684107,0.2107408462561856,0.6546308315744221,0.31037053945863446,0.2161610521987079,-0.1702672540166168,0.22446318571250704,0.39680447593598894,0.9324920732586468,0.2949479594594339,0.16422651963381826,-0.13575970511625007,0.19814783795042007,0.18374895305636949,0.6582912581866086,0.8656684491978579,-0.02872061855396823,0.760419304881567,0.4120636024713165,1.5829782643412786,0.29493077358809794,0.1803159653351731,0.0,-0.44966666666666627,0.0501705354035246,0.6427530211652529,-0.94976501186703,0.1666855277682038,0.5750573090443436,-0.31491942294047826,-0.6353210533032058,0.8710932845785245,0.8562111950294536,-0.015619791469045102,0.007498414691604889,0.8993333333333333,0.5058750000000001,0.5390089364070947,0.8138894663489782,0.6345700268244713,0.46842972537511307,0.5942760489128911,0.7710453455258204,1.3278525606430622,0.05695854904012731,1.1011755789770836,0.3921160234300877,0.5277471217515038,0.30841353632480256,0.4236270037919273,0.9936033294596011,1.7167523066245907,0.5258615400509185,0.44625639323940264,0.6846386079331352,0.5912792763752476,0.561325809882458,0.5942322815289336,0.780180244928727,1.4263177033474967,0.10569261076024665,1.5939874124845774,0.9890504597494649,1.8985305275822288,-0.3668313598288195,-1.993043919630375,-0.9502465040930126,1.9905820354541361,0.014488877244741365,0.7256800453877252,-0.6162200830080102,2.052696243332516,0.7243435676100994,2.0136723870341124,1.402483718360249,-1.1115162734161004,-1.6347199441299713,2.11958198886305,0.6745,-0.49054545454545456,1.3104484751514955,-0.03494095265337166,1.7103428413731079,0.7243435676101021,-1.5608741921077178,0.4733333333333318,-1.3777826379698797,-1.5400827250022913,-1.3538438170823395,-1.0879148713797215,0.9148557621884295,1.5239707653720649,1.1542047701368368,1.0429435001625997,2.981193332547507,0.9253931746126269,1.2106440475470246,-0.1745213738423014,0.909096956868449,1.0918120266318068,1.175849093656446,0.6015582325947968,1.4838329974575981,0.9541273953683385,1.8697580794320248,1.0768889735166933,1.4594672483883977,0.4968904981944443,1.3314228717603183,0.7392527793174637,1.1574196095768494,1.1148625285644789,1.212071733504461,0.6871310861423229,-0.5533439298313739,3.3183734259577884,0.24070248430539476,2.11034387812801,-0.5202345594098935,1.444572421200961,-0.3597333333333333,-0.3597333333333333,0.6481940206216991,0.32076560865151305,1.349,0.1058039215686274,0.1910006340590336
adversarial_block_gan_ensemble_paths,adversarial_block_gan_ensemble_paths_16,0.3807708613580741,-0.34776197733653863,0.7215974719004385,-0.06192774175865562,0.5952925006945696,-0.8348672896064352,0.14578321683141726,-0.9618031381743514,0.5182999999999999,1.2395261780104714,-1.4326589147286792,0.7695561181434594,-0.837355180722891,-1.3133434379835771,0.6726690882105953,1.0167203864531762,0.3843318783930855,-0.5707307692307693,0.871661538461537,-0.6478750000000002,0.7695561181434599,0.31476666666666664,-0.5058750000000019,0.3809238749999998,0.921999145664246,1.0117500000000001,1.3490000000000002,-0.0,-2.0235,-1.3714833333333127,-0.8229141323792808,-1.5417142857142854,0.044931590618278956,-1.4747309850814365,-1.9165967893575375,-1.459730516765802,-0.8430244248999952,-0.2903324899091098,-0.038705344590269995,-1.0758821898615238,-0.7941746583625136,-1.0652099149288565,-0.5452479651784378,-0.21011998813429364,0.051460979991694314,-1.3199024837688187,-1.444855379326402,-1.3562449877375178,-0.686914368243985,-0.20422047243045213,-2.5681497326203195,0.49552544434643203,0.3308052526028747,0.18366070312014637,0.558791417747388,-0.2837709573967926,-1.1628342618807286,0.0,3.3206153846153845,-3.450126517129476,0.004992115667518559,0.2847999438897285,1.0140384786977332,1.789125646893165,0.2956776548124541,-1.3974794849425123,-0.07372455669245977,-0.9592954395072749,1.552903561929312,-0.8975109680783047,-0.44966666666666666,-0.25293750000000004,-0.027008310457913454,-0.22406909508405598,-0.020901916843561918,0.46823925859817334,-0.04567139849246751,-0.2677829012701393,-0.5384141628396559,-0.49692728435469885,-0.12019671236223636,-0.12081827131663198,-0.018609483569739523,0.0922631254924885,-0.052862679724892864,-0.03726226770779655,-0.8327756300443665,-0.5061220729021044,0.02261656708015028,-0.38598484916215414,-0.01313702547025404,0.5166451014677095,-0.06836012353963249,-0.2526025969813003,-0.7825688908636942,-0.4008245067917552,-0.053225741471792286,0.6984969342312236,0.2069878525026106,1.3671833222562373,2.3535231597715702,-1.9429335123825313,-1.2521326177268786,1.669877057509779,-1.5946388238687115,-2.1537794748718695,-0.2771105045036667,-1.6401751047856836,-0.046169508503021615,-0.018098589394027607,0.2279064742539603,0.23015525235059772,-0.42156595533801666,0.0,0.12263636363636364,-0.12437250309809107,-1.2982747295947674,-0.6335071224355839,-1.6401751047856847,0.5383587975229478,-1.9564444444444444,0.28304069143822147,0.2923939682054042,-0.05122999299927942,-0.379815527308253,-2.0638094916229086,-0.0782901382336148,-0.04800199638656241,-0.009993240519061504,-0.28189787670665317,0.4501770042744974,-0.004123673981390862,0.03880802475747756,0.07741536759972663,0.0175742682409793,-0.1650958825602492,0.920156287601524,0.023024651976308153,-0.4192280687719556,0.09360121364080279,-0.0036765194573688594,0.3518329804516151,0.6796219464831383,-0.014375615824680743,-0.005888865197646738,0.07361860534622723,0.0014108210143302853,-0.010080385952618209,-1.7178277153558053,1.0778012133980739,-0.00638686363514624,1.010335386788327,0.19849040556615702,1.4345186444660205,-0.00018411987857834007,-0.3597333333333333,-0.3597333333333333,0.0010469426865816567,-2.7547988514139257,0.0,-0.21160784313725495,-0.4145498702154321
adversarial_block_gan_ensemble_paths,adversarial_block_gan_ensemble_paths_17,-0.40131463753969115,-0.372741073043002,-0.8497225757750433,-0.9889079399743844,-1.85906026492691,-0.4167852085198986,-1.3364082959700376,1.663113302216933,-0.46859999999999946,0.4343638743455498,-1.6940930232558111,0.3187510548523201,-1.4087828182294397,-1.232364159941164,0.97308614837815,1.0216467303439896,-1.237140997968916,-0.7782692307692307,1.359376923076922,-0.8697500000000007,0.31875105485232075,0.44966666666666666,0.0421562499999999,0.8431249999999993,1.1524989320803074,0.6744999999999998,0.8993333333333334,0.0,-1.349,-0.9218166666666456,-1.305561717352454,-1.834254571428577,-0.817661379289111,-1.0838737364769764,-0.5196334537110949,-1.0170766807957008,-0.9338852441769784,-0.9324308397233372,0.0548384120647963,-0.931025749802385,-0.4357908560872953,-0.8489915635184813,-0.6234965054219127,-0.5608861386807712,-0.48667627712850736,-1.045037471751622,-0.4670210584545791,-0.9894149048945802,-0.8781364523324229,-0.8598028464849697,2.164171122994651,0.3548742142288282,-0.1950209276745003,-0.6630927675026038,-0.3115474432023372,-1.2108831085774838,-0.9957523546874925,0.0,0.2767179487179489,-0.17814330874645795,1.1563488041182506,0.10263683442063815,-0.8550760684092209,-0.18185112135063333,-0.08744093945876111,0.01506970357732947,1.850048976964542,-1.5052271139934998,0.14434983433969453,-0.15555918789560902,0.0,1.0960625000000002,1.120978616647575,1.534491247720695,1.1906820483045013,1.4213206203150053,1.2505430725349567,0.8013932168586463,0.36753166641018403,0.2830980206318368,0.99157362205307,1.3593984944812185,1.1052845947485601,1.422359558338208,1.1396226717698232,1.0119123537408627,-0.6556672417827791,0.08084235678472283,0.9871356540027959,1.6609246798404658,1.1900967255450543,1.7753268349492628,1.1317252366747177,0.8761314290318073,-0.21841318338988067,0.0068819305274937055,0.6273950267182268,-0.3741872733047942,-0.5069774887205999,-0.3729769828719041,-0.24193195626134478,0.4693063133470087,-0.03105924450316988,-1.072751875108822,0.03503913115190527,0.3936147803866917,-0.7181403870863118,0.002640091965160911,-0.8691210940396314,-0.714734254683108,0.05242480350018277,0.15260088742723804,-0.024810294196766485,-0.6745,-0.8584545454545455,-0.34746956299372844,1.2106478382726638,-0.4223318991164855,0.0026400919651606626,0.43615370135009757,-0.15777777777777724,0.05107865358721743,0.16822840082169,0.42795098282473854,0.8910614487393783,-0.14350285821473344,-0.6626794566514952,-0.8770031222345739,-0.626382826311769,-1.3434832364841982,0.04247153426487863,-0.7283847555172778,-1.2788183732888527,-0.9776786771848452,-0.37541901656790183,-0.16768410489822436,-0.018271165831867,-0.5226682558770027,-1.36164682924272,-0.4776914337803626,-0.4360194224503747,-0.23705292872934103,-0.1669016596603884,-0.6831483265715472,-1.0210556198729044,-0.6014944851912183,-0.24434971239309908,-0.2021784884710089,0.9094382022471916,-0.7299830780876042,1.064251402918244,-0.5421624930833423,-0.7630726482737983,-1.0245207147299082,-0.497723853148155,-0.3597333333333333,-0.3597333333333333,1.2346175875879457,-0.3435423718980201,0.0,0.8464313725490196,0.13755649175380777
adversarial_block_gan_ensemble_paths,adversarial_block_gan_ensemble_paths_18,0.9907205936180491,0.8978846284583857,1.7583559513369875,0.41599375950783785,-0.5883469352162615,0.6941189327982712,0.7313625411595874,0.2879482153391403,0.14199999999999996,0.13772513089005237,-0.3555503875968981,0.5965198312236284,-0.3640674698795185,-0.710397948701046,0.3843070673931291,0.6161782567308867,0.2306347419167485,0.25942307692307653,0.24904615384615336,0.26624999999999993,0.5965198312236288,0.2698000000000001,-0.04215625000000285,0.16862499999999958,0.6914993592481846,0.6744999999999998,0.8993333333333334,0.0,-1.349,-0.4721499999999792,-0.9652951699463472,0.47137914285712645,0.7299229194382809,-0.9007730539157753,-0.7902320162614778,-1.0614831862320917,-0.4446559229245256,0.22757105039937015,-0.047340883841084896,-0.8261482922383779,-0.3988832467552463,-0.9372928129398415,-0.37344766591390643,-0.05410777995712923,0.2825348572494651,-0.8821025896828808,-0.6756806588509039,-1.067194112396106,-0.044477707477650785,0.11891768473678395,1.2985026737967889,0.6275957366094869,2.107411221975938,0.6295503817201809,3.3462677947297506,0.6679430744146398,-0.6663170929488115,0.0,1.0031025641025642,1.796214619072317,1.0159166202095058,-1.5327223159941228,-0.019488219493241254,1.0914827165495096,-2.009650458320862,-0.8485398856298907,0.8305790849807233,0.7847849298940782,1.6051378875722164,0.017346624708701495,0.8993333333333333,1.4333125,0.8357565681477984,1.4494997379060222,1.0731331904093622,1.360746233981702,1.0753356810462782,0.8294210083385487,0.5602674047626046,-0.0350366220479359,1.1010313662514035,1.2190164277234097,1.0439524556206956,0.9287012445429215,1.2760368165293308,1.0144111904656377,0.6299368664102367,0.12192385101227826,0.9144135182289395,1.8143148554955078,1.0846352920940905,1.2184721251321748,1.0854114230641574,0.8353942082392792,0.3458759409204056,-0.1884170788011832,1.9308292970885417,1.022143460044587,2.1405018798485305,-0.048915638245154505,-2.010043398360157,-1.0308533762409724,1.4305283236916317,1.0679267899074414,0.8704646682833604,0.4813881522849255,0.7801165799422117,0.3084163649830996,1.8025735997194037,1.0066341792248914,-1.08001892528667,-1.5499518416732467,2.811319265143045,0.6745,-0.49054545454545456,1.308661815154529,-0.0062770968514354345,0.7308558252212337,0.30841636498310265,-1.554798155770949,0.9151111111111124,-1.37596134028547,-1.4540688084494742,-1.3177707097138027,-0.704288413820878,1.0295180007573779,0.632622273077197,0.3624803163282665,0.8499291987662589,2.9659700889396476,0.9776684759911602,0.7831020158062014,-1.0157242864925293,0.39343374660288083,0.7628847045992676,1.2322166929225427,0.03814832821943156,1.1216586647629274,1.0269912084119488,0.6515902052885942,1.0465866932558494,1.5121956122275542,0.5791465271606989,0.9019791216083366,-0.8902840642680272,0.9491397323306,1.1099052137251681,1.2658174459430713,0.32335580524344515,-0.8879869886744493,3.4614137623340286,0.26915039456949963,2.216592129079347,0.09548589885415752,1.1991592756849785,-0.3597333333333333,-0.3597333333333333,1.023481220530585,1.5089643086365574,1.349,0.9522352941176472,0.6841092406610557
adversarial_block_gan_ensemble_paths,adversarial_block_gan_ensemble_paths_19,-0.7568332538948087,0.20154129307031055,-0.8044659221308503,-1.1689398375345659,-0.030086449271527007,1.1185687354941007,-0.9453261146650401,1.555153258736082,0.8164999999999987,0.45555235602094185,0.1673178294573647,0.07741097046413377,0.9241712696941613,0.41247879583236235,-0.03761930985998066,-0.25118376075216703,0.35334884228351926,1.2971153846153842,-0.7471384615384611,-0.21300000000000105,0.0774109704641353,0.17986666666666667,0.5058749999999989,0.08734774999999978,-0.09450491243058506,-0.3372500000000003,0.0,0.0,0.0,0.4271833333333543,0.4826475849731733,1.7274908571428462,-0.6288493208470654,0.14650752540963202,0.3474162940051659,0.1488651225162518,0.2275242020305353,0.18503258367732103,-1.443847883821679,0.0595320375653038,0.7784716858470963,0.07888669229983049,0.010093028223623592,-0.49725473630012573,-0.923300948410725,0.14526781917835951,0.7227784499363908,0.01582310084027552,0.05211784578320226,0.0071493486456237765,-0.14427807486630964,1.5951098403168644,-0.4902569333785546,1.2390945246994018,-0.5271680745057016,-0.5471839145179489,0.1069257365247552,0.0,0.06917948717948753,-0.15655210135864372,-0.15222122763027277,0.6618355527339318,-1.1763092591237292,1.3094897870586977,-0.8465064466331027,0.1443480268027327,-0.8492719001989424,0.2013263842619167,0.4558126794835749,0.031009859315638284,0.0,-0.08431250000000008,0.34332474470029006,-1.4616800324072028,-0.5038515044813099,-0.9844596716069333,-0.7143856249463219,0.3293830881666303,1.6386267955138374,1.2041700422841681,0.20066839664333685,-0.8647381940291438,-0.494845865323626,-0.8974384188440209,-0.7687199223815161,0.493458039963066,2.0437115494022073,0.6518194429490302,0.34762679399522994,-1.3493346907793162,-0.4708845017505892,-0.7060802475252701,-0.7595462308047825,0.35194133294939633,1.857627943351589,1.176155374798133,0.1971127477543487,0.21075969383069648,0.034674385508364214,1.1602111913048194,-0.024821895820572218,-0.8499506174919362,-0.25476694302153446,0.5942497399646648,1.4659351981608428,0.21367927127821393,2.3155682604412307,1.296786367699846,-0.060812437690973435,-0.2011737347679419,-0.11968366237878786,0.09565485558368575,1.107766818465723,0.0,0.8584545454545455,0.028524355177837763,0.8554520503407989,1.9126718075469684,1.2967863676998528,-0.2547319958693311,0.883555555555557,-0.5357069771848625,0.09671191789853191,0.31034632262949735,0.9378760569459749,0.7163347611362257,-0.35833035778228906,-0.40396008530133776,-0.38073339633508596,0.21769114400026854,0.09718739026310128,-0.3512046049297412,-0.9721104977165504,-0.5039931209599019,-0.06654962630672524,0.016576377098811726,0.38850541297633795,-0.4077285470023527,-0.8507561534292947,-0.6967319837446018,-0.15044690806249164,0.1544185591918899,0.18965376721732546,-0.3289308687032428,-0.8268112037741425,-0.4427937016100212,-0.01578612331573462,0.09525989209693234,-0.4850337078651685,-0.607561312768518,0.9781355399924113,-0.42021632527574065,0.7581544472875656,0.14821539590449004,-0.17179202919961367,-0.3597333333333333,-0.3597333333333333,-0.3610890747209339,-1.241253607371142,0.6745,-0.1058039215686275,0.35531204082843554
adversarial_block_gan_ensemble_paths,adversarial_block_gan_ensemble_paths_20,-0.6323467535658505,-0.6659193994579317,-0.6859412130166368,-1.2013452749828082,-1.6923815652024161,-0.12300074873127584,-1.628684419140844,0.2931580572325431,-0.6744999999999993,0.4061125654450262,-1.9555271317829426,-0.19580421940928355,-1.2256938152610442,-1.1943927789566433,1.0382929521354487,1.074677779606528,-1.3610299290498575,-0.7782692307692307,1.359376923076922,-1.4466250000000014,-0.19580421940928244,0.44966666666666666,-0.08431250000000276,0.9741466249999993,1.1524989320803074,0.6744999999999998,0.8993333333333334,0.0,-1.349,-0.9218166666666456,-1.0642379248658673,-1.834254571428577,-0.9142884997494011,-0.9922335290432895,-0.31568857737564693,-0.9604431606227913,-0.8839074507883398,-0.9668567525105073,-0.06005877557462777,-0.9097459867073476,-0.3426610174999176,-0.8644384677252579,-0.6243263082977212,-0.6615400897093341,-0.5748109466697632,-0.9911757064966854,-0.21072226551317802,-0.9052313441183727,-0.874478452966608,-0.9189626405828635,1.5004919786096251,0.5651783031115736,-0.46144691506672225,-0.5903766069285301,-0.04714385030792531,-1.0296669268664336,-0.919468415474847,0.0,-0.3804871794871793,0.2472962128070276,1.2430269911403304,0.5652283627204328,-0.20027621329592757,-0.9289944876045731,0.23536215951484818,0.24575921036201492,2.283274686423249,-1.7446959841603114,-0.07432611637676752,-0.03154921758406332,0.0,1.4333125,1.2435659361504163,1.4588488131021766,1.2458102174296306,1.4909454503566133,1.318912483868592,0.8409159271011455,0.39784022512000367,0.5524869921976476,0.9992049486851782,1.4611817192914325,1.169933213343158,1.4396460237520095,1.234931942125372,1.0323515317374028,-0.7448351913900778,-0.019573972512199937,1.1466017012909333,1.662156710785312,1.2511470043701318,1.817087127927512,1.198270710534008,0.9011851672550566,-0.199488663563306,0.30659030287323125,0.677080096406974,-0.7583319725665254,-0.4488031828978517,-0.008729382012766587,-0.2609022301592315,0.6857611108061238,-0.008197106563954124,-0.1909458679336967,0.3632930857205204,0.4087371497859369,-0.1020342660910064,0.41838714071507876,-0.9180356922757598,-0.765997119847517,0.276970051629399,0.4764495059912995,-0.16510523634035432,-0.6745,-0.7358181818181818,-0.336900304653621,1.280624809452909,0.051876485197064406,0.4183871407150795,0.471377300730836,0.3471111111111099,0.1652068509453915,0.5829814107479855,0.7140330412543654,0.9916725427758665,-0.1505127217647747,-0.8258444677755903,-0.9318528328593647,-0.7073768803269564,-1.4723124271470223,-0.06969473093843549,-0.8716659854142389,-1.2621851116223053,-0.9588058536675779,-0.754718438856837,-0.28061032250209555,0.5220494044412518,-0.6551534245901963,-1.2360448850275954,-0.740780040498596,-0.4110091852561911,-0.12339532169874495,0.0486145124976069,-0.809241824716746,-0.8923545716296748,-0.8124141583922387,-0.24704402548921262,-0.2826622162229799,0.9700674157303384,-0.17283667192092406,1.4853410518121024,-0.7300677873024015,-0.40954435419161705,-0.28417779502254065,-0.6658796675887078,-0.3597333333333333,-0.3597333333333333,1.3347877096230754,0.12649066764651024,0.0,1.3754509803921569,0.23638840922986937
adversarial_block_gan_ensemble_paths,adversarial_block_gan_ensemble_paths_21,-0.5162163678937792,-1.3286153993956278,-0.9002659038120341,-0.8945680539543518,-1.5567326232178333,-0.47772503378874714,-1.2023997984892354,0.719847663991268,0.09229999999999997,0.7804424083769629,-1.3803720930232528,-0.09107172995780699,-0.9443000000000003,-0.8652082770303445,0.8318047402373366,0.9383991880028284,-1.2480850312521699,-0.5707307692307693,0.7886461538461524,-1.0206250000000008,-0.09107172995780571,0.44966666666666666,-0.4637187500000019,0.7181738749999994,0.921999145664246,0.6744999999999998,0.44966666666666705,0.0,-0.6745000000000004,-0.4721499999999792,-0.8229141323792808,-1.7344285714285712,-1.3236971105786006,-0.7700518074133652,-0.08205444974015488,-0.712231048483246,-0.81521270497761,-0.9195021940950749,-1.111546435506696,-0.6908418346158622,-0.03721621522956313,-0.6273935308125024,-0.6245962754669959,-1.00798151016847,-1.0186903814173336,-0.74692303234647,-0.08957576274474167,-0.5981462822876853,-0.7769195615710334,-0.9374966524358486,1.8179037433155067,0.8115049100683518,-0.40988412714375244,-1.3081332028726973,-0.4716645467467143,-0.3269231270999374,-0.7354145156354677,0.0,-0.9339230769230766,0.31727063085905416,1.258789530945367,1.0517714690844508,0.23162281271899252,0.22366559104370368,-0.30868411591454337,-0.29418283938609163,1.1083967790056808,-1.3259345501242257,-0.22906611983658104,-0.05826604706037926,0.8993333333333333,1.1803750000000002,1.1367989867008008,1.5525997608197977,1.301950105744063,1.6048013777954706,1.3699146458953146,0.8701618483620965,0.467480050435219,0.4619348284001798,0.9896591158124667,1.253386085821105,1.1061151625391723,1.194847507923401,1.2163171316191574,1.042774537755799,-0.09039380125881803,0.0964447060752087,1.175260865001469,1.3169876734194277,1.255976206567788,1.551121212591796,1.3265384448178712,0.9859574608504569,0.4900732526187376,0.27626923766545813,-0.3376808549258341,-0.988627987237057,-1.1524436895598835,-0.9614180627869818,-0.1279819039494564,1.057829549360136,-0.35899878664170365,-0.520244887016616,0.4505180926630987,0.4881783991070344,-0.04508836819959662,0.26687639196431634,-0.8200480770967975,-0.5580983385607454,0.23762053628046118,0.33929602541809173,-0.41254710446650433,-0.6745,-0.8584545454545455,-0.3301151215907048,1.2806050381578045,0.09570695743575132,0.2668763919643191,0.4748199768009488,-0.1262222222222218,0.1570087898942412,0.305688732011422,0.2714463321239707,0.46774749383367553,-0.21210917466769658,-0.13868689894233877,-0.5756573740925526,-0.6308064285163247,-1.4383554852117977,-0.8663836121748478,-0.42106008713034654,-0.6209424825734706,-0.25993284594322164,-0.7902763452929544,-0.4015081007896858,-0.4079759235281978,-0.36580454142717506,0.13561956411989856,-0.5086919561381087,-0.4342782080236133,-0.5305422690900576,-1.1391415935398121,-0.3991485165653953,0.46123419411330563,-0.2596848249693194,-0.2740777910325867,-0.47466557404977294,0.6467116104868917,0.012698894735277287,0.37503966704497865,-1.0523792081258296,-0.9408458726527866,-0.7830382594028603,-0.3976284356236312,-0.3597333333333333,-0.3597333333333333,1.3777169144242882,0.14916795031420194,0.0,1.2696470588235294,0.5219868009348679
adversarial_block_gan_ensemble_paths,adversarial_block_gan_ensemble_paths_22,-0.14918871336712164,-0.3655703288983358,-1.1642237330408354,-0.5003936670702895,-2.0733521544554856,-0.5215983115032272,-1.6067264151159553,1.539314019228756,-0.20590000000000003,0.688625654450262,-1.6836356589147266,0.14116118143459835,-1.274236144578313,-1.2526349676667998,1.0219912511961242,1.002241779966924,-1.247160245855904,-0.7782692307692307,1.4216384615384605,-0.8608750000000013,0.1411611814345993,0.44966666666666666,-0.3794062500000021,0.8431249999999993,1.1524989320803074,0.6744999999999998,0.8993333333333334,0.0,-1.349,-0.9218166666666456,-1.206618962432934,-1.8841675714285797,-1.0314403957897542,-1.0846187024513285,-0.5484284555852292,-0.9950125273114802,-1.0201733381065292,-0.9845271792876379,-0.35282437834461394,-1.1336866204984395,-0.4479528924060811,-1.1045330874341417,-0.8437277035276042,-0.8730711938235227,-0.886097076879351,-1.091123737148884,-0.47103994554801004,-0.9912092603585244,-1.0931820637415484,-1.01343579778907,2.0776042780748636,0.3215160700790959,0.08151736629885306,-0.6963024625661474,-0.5989415491808407,-1.1331621834612398,-0.9924730081060911,0.0,0.6572051282051282,0.3815562353043714,1.241781527656634,-0.7835160693019959,-0.28980028146288855,-0.4138971899039725,1.0113475931570473,-0.1968333935790002,1.7823895579218636,-2.0349104418088597,-0.11637382657391723,0.01523426740738693,0.8993333333333333,1.349,1.1580460804093409,1.650865975572585,1.2665766872752875,1.8182158350685702,1.325673928870601,0.8120633990576123,0.17987928303850825,0.4932396154391769,1.0883627042919435,1.352136925633107,1.164561511785804,1.434219441392126,1.2377757429974248,1.0421032024822556,-0.4340795700574203,0.49625301626964297,1.1198676114055728,1.6103790443773949,1.273889443557111,2.2100683247912642,1.2045624157955734,0.858869997912437,-0.47578837059829093,0.3721196677983453,0.6353755902594759,0.02430611980047191,-0.024816898829439125,-0.3626640589179308,-0.4156180655774164,0.2067466905815495,-0.14870793211824831,-0.44210098155228866,0.14564268114958523,-0.03631708183964983,0.10527680298158616,0.26707935355064877,-0.5447594033399695,-0.490956861641746,0.011247780749640909,-0.049155168413804455,0.0563916435723081,-0.6745,-1.103727272727273,-0.02474484560007311,0.9912711760913256,0.21144095593534157,0.26707935355065027,0.44322471203986624,0.2524444444444436,0.049710392444212374,-0.05496551111000016,0.1498605902662907,0.8902702219609563,0.11779098734479028,-0.494122973424067,-0.6273262695316361,-0.49199366834388775,-0.5535650890716314,0.1561932623700599,-0.5117228035379655,-1.1996924358882195,-0.8912425085017758,-0.2308773376773961,-0.04066988399053817,0.038784184606801914,-0.35394427279012336,-1.3887195843051505,-0.12357370099797088,-0.33265882215434905,-0.10211110225784861,-0.08255154871117269,-0.3785917998495067,-0.9805364736469092,-0.29241244664030963,-0.18933689220744937,-0.061720104172761026,0.6265018726591761,-0.4347979033515692,0.9685372354201826,-0.08042386135345883,-0.23359268929276758,-0.8427152011652632,-0.315769049010786,-0.3597333333333333,-0.3597333333333333,1.2801368784799056,0.07900974597052168,0.6745,0.5290196078431373,0.25031304857261183
adversarial_block_gan_ensemble_paths,adversarial_block_gan_ensemble_paths_23,-0.49901462994246465,-0.10606742026893862,-0.5516546391839647,-0.49833905810374374,0.3530578390439444,-0.6021290130302147,-0.7897208935598109,1.130950557622152,-0.25559999999999944,-0.060034031413612056,-0.6483565891472856,0.22767932489451428,0.5040934198331798,0.16281192656423332,0.44124315523268204,0.21208421762023585,-0.28110758868706126,0.7782692307692307,0.18678461538461583,0.017749999999999627,0.22767932489451512,0.35973333333333335,0.9695937500000008,0.7181738749999994,0.23049978641606111,0.0,0.0,-0.0,-0.6745000000000004,0.0,0.0,1.0564597142857084,-0.8229259814459488,-0.06705980573030214,0.3141945165236047,0.015180804359593049,-0.20187466560968265,-0.26337604172862433,-1.3152720677108514,-0.015355765849760785,0.7904786956964405,0.05163793115008361,-0.15534012467148017,-0.7043794226685097,-1.2212627101282594,-0.04462357764837638,0.7187247737913773,-0.020945969286760426,-0.0948023898653055,-0.44179006933246484,-0.4616898395721933,1.4852190567740895,-0.5726611209832941,3.022940541089926,-0.07094136872199674,2.193423853248102,-0.09767523157087372,0.0,-0.5880256410256407,-0.4267498379571297,0.104195383137992,-0.05100560927447414,-0.08185133518810156,1.3084213797294784,0.19135465973222632,-0.23177723357455154,-0.5190066078724487,0.4438335178819087,-0.5373467235678558,0.35002858911737317,0.44966666666666666,0.42156249999999995,0.645186471014543,-1.3839455052931007,-0.17130491333456152,-0.8856211222484168,-0.39654751766930685,0.4130996702210434,1.8451984521751987,1.2630904612136618,0.4813540247489638,-1.2446595823605702,-0.08520461880712939,-0.8871829600356126,-0.03950436137334924,0.5413057550883132,2.8578391227287963,0.8278161700524092,0.7368674791188576,-1.3925128602245895,-0.1380173365982324,-0.5268152893103588,-0.5253278058002395,0.4767881291750484,2.1798638889602566,1.2204510730448588,-0.2793633264653009,-0.07278954659543359,-0.18889142499202075,-0.07109316765273643,-0.1517603406613007,-0.3643174080562897,-0.3797747854901307,0.5330561154907218,1.7713276120228756,0.416128173785542,2.62209532904284,1.507002825140851,0.33821603599041794,0.5345956226319132,-0.30890830739076264,-0.42962083603013135,0.222982965855331,0.0,0.24527272727272728,0.022206640270809687,0.8892480584211615,2.1486014647870486,1.507002825140855,-0.2571831403926841,0.3471111111111099,-0.6944555939317287,-0.29313768950161273,-0.6440229218518375,-0.2606715997360622,0.9834576813732936,1.0329490763253826,0.8354554755565412,0.5474054819902613,0.31426774669950314,-0.1524184421125169,0.6985188862526258,-0.7542781345643568,1.2321427876259787,0.7203542054490084,0.11763615364488907,-0.06856500729392066,0.5544391753331305,0.408721816949844,1.488825626081487,0.027124399519703274,0.08195069268931135,-0.0014851343008751487,0.669613846252066,-0.6661189972786127,1.504228695981981,0.09999030501898719,0.14300673188164734,-0.40419475655430753,-0.22432152189902085,0.4633036272704642,-0.5929466387011719,0.17924123792872773,-0.5191634322078993,0.505587746948054,-0.3597333333333333,-0.3597333333333333,-0.03918940581218772,-0.9952554299144035,0.6745,0.1058039215686274,0.368810018878647
adversarial_block_gan_ensemble_paths,adversarial_block_gan_ensemble_paths_24,-0.5337463548047755,-0.7520188071713314,-0.6437805881611199,-0.6636430948202175,-1.2827025519111535,0.5020967560977273,-1.462207122791639,-0.033394505377101626,-0.13489999999999996,0.8651963350785342,-1.8404961240310052,0.05919662447257297,-0.9708465863453813,-0.892330196336732,0.9893878493174753,0.9889265559433079,-1.2610858340245692,-0.5707307692307693,1.3593769230769217,-0.994000000000001,0.05919662447257421,0.44966666666666666,-0.4637187500000019,0.7181738749999994,1.1524989320803074,0.6744999999999998,0.44966666666666705,0.0,-0.6745000000000004,-0.4721499999999792,-0.8229141323792808,-1.7344285714285712,-1.1025612572545305,-0.7950106700273174,-0.1007600528154589,-0.7309609013227395,-0.8357119404589246,-0.9239932029763078,-0.6000937743110859,-0.7698608205489449,-0.127067067734083,-0.6837011321750984,-0.637178402230664,-0.8626094237519374,-0.7680061481465269,-0.8024008254062306,-0.12489479709088795,-0.6368642914562718,-0.7769195615710334,-0.8942141246468833,1.558203208556146,0.7935209800599208,-0.4831693618621372,-0.7192099455199427,-0.35304963412410867,0.028684088985963523,-0.7598267026184612,0.0,-0.8301538461538461,0.2914786001915298,1.2937011431134997,1.1582965580898383,0.25172040788980593,-0.3888564034201679,0.7268993103458866,-0.05583613873759405,1.607495241900541,-1.7050778828808009,-0.421830969682181,0.10473412469187383,1.349,1.2646875,1.1945951796761212,1.7497761965994816,1.3786329459788007,2.00616521474105,1.440891352672724,0.8890452908864728,0.20728227135485622,0.4818736995209946,0.9724415669786829,1.2448820430402763,1.1741209278019151,1.1918111895551247,1.219148685330382,1.2388980105046208,0.4490166249333319,-0.22881498496926553,1.188324486600826,1.4738429571182774,1.3244609934091256,1.6308351230427094,1.372165326330622,0.9885527240622167,0.3577349892526896,0.1657621873527995,-0.2900512719836822,-1.0572426318678194,-1.1237121066995517,-0.7445710831678447,-0.16076806795614676,1.3106526581015727,-0.5517238237214911,-0.1680074730494272,0.8142034419786353,0.49695487396582094,0.6488135126889667,0.7847031916351711,-0.5469432144629929,-0.43317264552342444,0.24745222055834812,0.37702487157811854,-0.2904322549898131,-0.6745,-0.6131818181818183,-0.20883537305770303,1.2054107418712332,0.6297936652203121,0.784703191635176,0.478009163755681,0.4102222222222209,0.16310814488974953,0.37722852597813855,0.3738132599355593,0.52147021497941,0.20349269244897783,-0.2076218906675467,-0.5247370339507829,-0.34484127114072355,-0.6223765792409245,-0.9111192693011803,-0.4340684511830661,-0.2173781498230935,-0.349413022877333,-0.7494077060895329,-0.4006781210116078,-0.5991742456965108,-0.4500911929457769,0.16309062739912844,-0.5915213994149053,-0.4475398150038993,-0.5853637090853104,-1.298591357846946,-0.43045597534702595,0.4888997175657769,-0.3039231320607803,-0.2611703625462258,-0.476263514364173,0.6265018726591761,0.29210413805625773,0.08937980894947382,-1.1624017044116757,-1.13079916599956,-0.2847810583131995,-0.384073266187731,-0.3597333333333333,-0.3597333333333333,1.4169939867092665,0.12166363396081127,0.6745,1.4812549019607844,0.5197745217747184
adversarial_block_gan_ensemble_paths,adversarial_block_gan_ensemble_paths_25,-0.5961028052037721,-1.3217218532848496,-0.9327175986082642,-0.4746968402593121,-1.7621410234868737,-0.5229706612555625,-1.029645191594308,0.9890297054237739,-0.802299999999999,0.25073036649214686,-1.9136976744186016,0.15482194092826954,-1.2206968107725022,-1.2098712069583646,1.0219912511961244,1.0518066926657421,-1.357753039472031,-0.7782692307692307,1.3178692307692295,-1.153750000000001,0.1548219409282702,0.44966666666666666,0.1264687499999997,0.9741466249999993,1.1524989320803074,0.6744999999999998,0.8993333333333334,0.0,-1.349,-0.9218166666666456,-1.0642379248658673,-1.834254571428577,-0.9430002406593272,-0.9559692730561922,-0.295322570804539,-0.9037316426903378,-0.8929871910248827,-0.9361690585910842,-0.27300936603226617,-0.8135313042990302,-0.27240535654976405,-0.780293727155969,-0.6144436754757091,-0.8144359342958511,-0.40704767100819655,-0.9182511351478018,-0.3072862893724964,-0.7718177877614494,-0.8669841216207215,-0.846371664352374,1.4427807486631006,0.5353224367604692,-0.47884108181622126,-1.6151700631209738,-0.6383303080128753,-0.5010412587010212,-0.8960788655764859,0.0,-0.4150769230769228,0.1488208121796108,1.1618351593817395,0.16997208610956402,-0.2914462681150426,-0.47052742064733705,1.3237592377880343,0.5047712854858779,2.0820904889961818,-1.0005882528496497,-0.7708047334978418,-0.14527686785355653,0.0,1.2646875,1.2018438583907025,1.45090989996302,1.171580939366295,1.3569837969284235,1.2439518778386691,0.8279690000910755,0.514371437541462,0.3647987378080978,0.9890809602637857,1.3509169880196812,1.1329834563948429,1.4231183893228119,1.196877039431974,1.0024660876304452,-0.7573112511611378,0.22058857063471193,1.088590632184558,1.6730522976423634,1.1933361637661337,1.578216417676783,1.153785437387847,0.91377602214858,-0.02243738713058397,0.1972084748683366,0.6379779439136753,-0.49864842987051755,-0.4734177307378065,0.36161433011090777,-0.13480614879419334,1.6717140791832448,0.45150197194053826,-0.41860544260773674,0.5210688553478254,0.3344705488373834,0.3095190586237043,0.4395571446473814,-0.8914615703375388,-0.7366869625139196,0.16212385378348254,0.37026470519126625,-0.06790401798200925,-0.6745,-0.6131818181818183,-0.3303544518607357,1.2472087091478399,0.36864340329966805,0.43955714464738516,0.4357970041784892,0.22088888888888816,0.051203064484908724,0.5440863581299462,0.5619281246798449,0.9044231765272184,-0.18055555004530843,-0.5541692380085683,-0.8538547660592906,-0.6968618454746105,-1.4689548371328818,-0.012243277650580236,-0.7986771489407809,-1.2769700018552734,-0.8836833463854706,-0.6975039366314019,-0.23607228328696944,0.05192493697983351,-0.5605666524080684,-1.408229743520964,-0.5828137170149376,-0.4426077799960358,-0.23884617210572917,-0.23132532943443798,-0.7416029450582039,-1.0530079416090057,-0.5442098686602258,-0.2792921834372443,-0.28727856014642,0.9296479400749071,-0.439607423544727,1.266120643178936,-0.672996872731098,-0.5675658588571505,-0.3375942097507263,-0.5758293779035185,-0.3597333333333333,-0.3597333333333333,1.253838763547944,-0.1368882326528258,0.0,1.3754509803921569,0.31327870553870846
adversarial_block_gan_ensemble_paths,adversarial_block_gan_ensemble_paths_26,-0.32891880702841847,-0.9041358335734136,-0.7175048144806244,-0.692858486418645,-1.7550784615462616,-0.3708286818377348,-0.9542963325235612,-0.35530997283371096,-0.390499999999999,0.44142670157068115,-1.5895193798449585,-0.04098227848101293,-1.218225764596849,-1.248164994681147,0.9914255619348906,1.0365390113012782,-1.2047196240599982,-0.7782692307692307,1.7121923076923065,-0.7810000000000006,-0.040982278481012394,0.44966666666666666,-0.3794062500000021,0.8431249999999993,1.1524989320803074,0.6744999999999998,0.8993333333333334,0.0,-1.349,-0.9218166666666456,-1.206618962432934,-1.834254571428577,-0.817137880213745,-1.116139389198579,-0.5484284555852257,-1.0713928489021005,-0.9338852441769777,-0.9153714772347478,0.1354356746655204,-0.9816755914524957,-0.45096497461516116,-0.8726121511816313,-0.6280099727091947,-0.4911446557502821,-0.4133533380726232,-1.0699597208174,-0.5025945585373176,-1.0463120991323824,-0.8776572438746978,-0.8490136457617021,1.4139251336898382,0.37343246998415125,-0.08310876734234686,-1.0820904302082264,-0.2098302962267912,-0.25762711353842505,-1.0085594550973083,0.0,0.4496666666666669,0.10399396824042594,1.1854650488039293,-0.17354209368728252,-0.6386196668969535,-0.09939169725654909,-1.7265377976155805,0.02459125518654645,1.2853785069921515,-1.1122578962568435,-0.35748318559828735,-0.09301458746628183,0.0,1.2646875,1.1235256909529525,1.521462147087151,1.1924333441513666,1.530370336973045,1.2035527783375712,0.8131822490825381,0.36422021795567217,0.41384122418354213,1.00233132396496,1.3601080694013505,1.0924878216661114,1.4283799175525658,1.1454050139706273,0.9509134288125012,-0.8124114742151678,0.29118513133653806,1.0729693466392536,1.6163703837359642,1.1976140509442228,1.8283523823403434,1.1363826386633522,0.8898125120893803,-0.250119071272722,0.23028573234536612,0.6943909283850678,-0.09076297372580838,-0.32567658863757193,-0.9997021895187017,-0.2456893531346431,0.11396898883866738,0.34327802075246694,-1.1227308034549148,0.09216735402406637,0.44853537789400344,-0.6849351294816087,-0.006500124488553864,-0.6889885187524302,-0.625972008988667,0.03915600371117521,0.05062600114179972,0.08553500605092605,-0.6745,-1.103727272727273,-0.012919891279332739,0.9938638511119723,-0.3967742702878613,-0.006500124488553538,0.43784661604705033,0.2524444444444436,0.049465495658466516,0.052239606564486604,0.21798885952989047,0.9210939812516031,0.005326567694659259,-0.5871547775409546,-0.8383594484810214,-0.6036899568089232,-0.9224883957915044,0.11839317998245392,-0.6401259534698386,-1.290570238673323,-0.9406554612330021,-0.24737024525046433,-0.09839987726975875,-0.04439464468994505,-0.4326379767717907,-1.4023838528670538,-0.3548295321741676,-0.449247665723137,-0.1997268063528162,-0.09460405897805552,-0.5207182480857107,-1.0168862616788827,-0.4182385704440986,-0.2223604893827984,-0.10404051188936582,0.6467116104868917,-0.5078876969785118,1.121650323024741,-0.0037386606196397757,-0.12089077916496398,-1.519393022833069,-0.4119005874222126,-0.3597333333333333,-0.3597333333333333,1.2422777376959913,-0.1247770572977623,0.6745,0.9522352941176472,0.3394351066812366
adversarial_block_gan_ensemble_paths,adversarial_block_gan_ensemble_paths_27,-0.9895794086834138,-0.3862663478259758,-1.279269320496437,-0.7677000614568935,0.011056767962333455,1.3736130783513292,-0.7087981771481139,1.1267797832987143,-0.12069999999999996,-0.1306623036649218,-0.34509302325581215,-0.050089451476793785,0.5688554216867471,0.3582737778873527,-0.012539769953327187,0.06943905359006868,0.189417187283193,1.2971153846153842,0.3113076923076923,0.27512500000000056,-0.050089451476792946,0.17986666666666667,-0.21078125000000247,0.08734774999999978,-0.09450491243058506,0.0,0.0,0.0,0.0,0.4271833333333543,0.38370483005365347,1.7274908571428462,-1.0778044573907484,0.15958281421187098,0.6707334166529818,0.1867575630754074,0.06220697502225413,-0.04528656311372878,-2.336916346127397,0.2527248517492438,0.9716484091000136,0.2897667584219354,0.010567818255557231,-0.6484189687417587,-1.2436558854290223,0.1689425593898088,0.784904418865665,0.11571297926420827,0.05211784578320561,-0.21259494846524188,-0.28855614973262134,1.6391123319839902,-0.7484270896393372,0.8698994719707474,-0.8699696147160234,-0.1361660647732213,0.10648402528129727,0.0,0.0,0.916129824344095,-0.6003080193132465,1.1219665572521889,-0.8978222442273702,0.9207448515669422,-0.6736358419527229,0.3869768728411662,-0.9468477095967701,0.7830578725534119,-1.060658707002453,-1.3593968407030959,-0.44966666666666666,-0.5058750000000001,-0.410491585548452,-1.339767579652792,-0.649604082784384,-0.9790483599222596,-0.6278791175732886,-0.7736561611195094,-0.24221594770572433,-0.5293795254132918,-0.7683722219272751,-0.818659400088639,-0.6898300613721475,-0.928987977325727,-0.7959681834927372,-0.4720890015958876,0.04586901457023839,-1.1282461096230332,-0.6024937279960912,-1.0313341465589991,-0.6140817415346537,-0.6979829980213007,-0.5962301251189381,-0.6660540285661352,-0.15739418084956733,-0.8963357001760455,-1.3246156275662755,-0.9692042529123005,-1.4284699845003155,-1.0226972481995036,0.35370072360357296,0.6195518931160423,-0.20817493201918189,-0.30933201814052474,0.20692708347420316,0.3435699924514404,-0.31346763117795956,0.2772907671366423,-1.388658986561604,-1.3038533593619956,0.4768494717646018,1.0151668079150296,-0.19257003110200913,2.0235,0.9810909090909091,-0.7483860384936022,1.4728243835296106,-0.11086085993089442,0.2772907671366427,0.5480026876359074,0.3786666666666654,0.3146823024662395,1.2041671979411093,1.60375175849143,1.637730398269589,-0.36708150307402787,-1.576751502088665,-1.7933029225937431,-1.3120519521577372,-1.7153474165320706,-2.753128510583204,-1.39633111082093,-1.1004381135719703,-1.286022224955391,-1.5065994172893582,-0.7362778965837312,-2.2404872360487444,-1.1551675699516781,-0.8518220666070114,-1.4992681135938462,-0.869199445867672,-0.8512215416149274,-2.499179209961034,-1.348164948959355,-0.8711908092735197,-1.4266905963138785,-0.5883187447866164,-0.6939714174118959,-0.36377528089887634,-0.25373583733369415,-1.541155475961333,-1.0751048809223303,-1.5973203035376737,-0.6404287251800661,-1.1414789551521627,-0.3597333333333333,-0.3597333333333333,-0.5867137466689726,1.1202999054091756,0.0,-0.21160784313725495,-0.5177572724592853
adversarial_block_gan_ensemble_paths,adversarial_block_gan_ensemble_paths_28,-0.5365025618685416,-0.1347165539741923,-0.5619415685045178,-1.0813567683774195,0.13767376808429166,-1.0394303582970639,-0.7338267356803946,-0.07528177664884111,0.6389999999999995,0.29310732984293203,0.14640310077519464,1.1019679324894516,0.9101686746987957,0.49004837159959114,0.33857378873982047,0.15427989514660453,0.24539786389368595,0.7782692307692307,0.12452307692307737,0.6922500000000005,1.1019679324894514,0.35973333333333335,1.349,0.7181738749999994,0.13599487398547605,0.0,0.0,-0.0,0.0,0.4271833333333543,0.38370483005365347,1.7274908571428462,-1.0921155019305562,0.1213146297288225,0.5783947952612118,0.18317226667356018,0.06672604793247024,-0.10204890823574392,-2.051638631380267,-0.025891216146567173,0.7911763178889339,0.04335173613929538,-0.15138742203899216,-0.7585374854082931,-1.4488084111872983,0.12484356293631547,0.9132725343485353,0.12784523148755317,-0.017186815262948685,-0.3338237586994693,-0.4905454545454536,2.0496163095917828,-0.7909818727176343,1.4869075773740614,-0.24534889092148848,-1.1001424891626825,0.06568435310188107,0.0,-0.5188461538461538,-0.20065540134074553,0.040122149465636976,-0.15865996111031555,1.2689545627231194,1.3340760549122146,-1.0482623093751713,-0.01133738632466455,0.08904952227459725,0.49946220746755826,0.5042514580241143,0.07764684135992651,0.0,0.42156249999999995,0.6221412482280846,-1.4716552450149119,-0.1863648069960627,-0.9482159554469565,-0.3753817931168089,0.42931363335031025,1.9740469263912286,1.2663799673983942,0.5435157952250672,-1.1543613907880816,0.06430073997681303,-0.8512057402730762,0.14890618667918562,0.5366726010786288,2.288343056006311,0.8292628718642684,0.7506597281904087,-1.5782240930395992,-0.13054339934917433,-0.6411661808449813,-0.41582139966208215,0.4778019010746685,2.2963335548974415,1.2914950215242236,-0.5463673812142729,-0.4887159918918461,-0.6095934049139532,-0.5082819564075899,-0.14399866627663582,-0.13803356678455833,-0.7498278052065942,0.0011949513378766068,1.2208611419788664,0.3735526734160308,1.6132852033365976,1.0039725031509146,0.19861643707304993,0.4412774802514965,-0.3194645264746542,-0.47404067922092663,0.11483830320424264,0.6745,0.36790909090909113,0.027729427682964738,0.8969168670820366,1.3721342240177403,1.0039725031509181,-0.2610815860213587,-0.0631111111111109,-0.6916524603773739,-0.3187125003716814,-0.7432190456737343,-0.525955215523955,0.4557203972287898,1.192187414566497,0.7856944665024796,0.4787186985137905,0.20756111458365062,-0.6048029297858171,0.8417260146704187,0.6610128566116829,1.3430483057462692,0.7129555394352377,-0.005298854284819856,-0.9222311373649332,0.7972618506159138,0.853211108377185,1.671586200660615,0.018956823764566096,-0.21034582550395467,-0.6058387533527134,0.8307372985399046,1.0698481003844118,1.6126075568593938,0.033130518642155216,-0.029158867899242134,-0.3435655430711608,-0.3342550224395064,0.39813999714529996,-0.8211784627963409,-0.022687208996354492,-0.8689206687030351,0.5407561758630053,-0.3597333333333333,-0.3597333333333333,-0.0652015301559514,-0.817276834865108,0.0,0.1058039215686274,0.40966666076719627
adversarial_block_gan_ensemble_paths,adversarial_block_gan_ensemble_paths_29,0.5538261262507718,0.9703672373763664,0.7448462745391305,0.596213115903791,-0.924918445666266,0.186862147579607,0.42513068066267506,-0.028807843821413107,1.1146999999999998,0.09534816753926731,1.1398527131782952,1.1383966244725747,-0.13652530120481943,0.0037842524702719356,-0.19104708340656584,-0.4003112901861151,-0.754674645273255,0.25942307692307653,1.2037230769230762,1.5353750000000017,1.1383966244725736,-0.13489999999999985,1.0960625000000004,-0.5871522499999999,-0.23049978641606175,-0.3372500000000003,0.0,0.0,0.6744999999999995,0.4271833333333543,-0.0989427549195205,0.47137914285712645,0.5710729800111318,0.14451253899156374,-0.6975017112334069,0.07935018512836935,0.19794116687442706,0.669989272715667,0.32334404185308346,0.2066893057486764,-0.18262485536888365,0.24381192429815926,0.3988450931378565,1.0005296822385994,0.30213654180199445,0.1831408700218314,-0.20828949365430327,0.2222960943151963,0.1729163925028845,0.6567923192016332,0.9810909090909072,0.022659171813113877,0.7868705254433976,0.17295299901328984,1.5893669697976571,-0.3986659730271468,0.18156383154535904,0.0,-0.3804871794871793,0.1538788971422644,0.5995079020026304,-0.6345820686906076,-0.6288379767275769,0.43453167741701626,-1.119527302888529,-0.5118838550205532,0.7101717903663255,0.8720633349731902,-0.8486207357494774,0.11001000539901298,0.8993333333333333,0.42156249999999995,0.5192946156264641,0.6372524627567551,0.582707668322652,0.38631575484747077,0.4970796610198821,0.7681309435610244,1.3926103644966246,0.15066149158846404,1.0731738886480087,0.3487339666982927,0.5038402784189433,0.2674344048330924,0.4490050042374288,0.9894710581329283,1.6985213040908635,0.43015399378655034,0.5334275869539021,0.6503273510106456,0.5815658180524714,0.5165269323063382,0.5770922550320255,0.8460678163855126,1.5410928982601417,0.09701605940783423,1.6245335774421161,0.7318427781368564,1.9776371409532563,1.1624630210021716,-1.6978136233821246,-0.4275896743348368,1.4684130861616942,-0.38863771546723225,0.5309454314102776,-0.4199674279702733,1.3966807900190261,0.5721106566124828,1.8247881926641385,1.2243190694344677,-1.1588776709694852,-1.5577492358271492,2.3198685261661955,0.6745,-0.36790909090909085,1.3050176016018065,-0.003077621085741795,1.2054167943830936,0.5721106566124848,-1.5499746227745022,0.28399999999999903,-1.3698458816913686,-1.5496179777300625,-1.0605820891341866,-0.8114376347117103,0.8423411323328459,1.386742126443732,0.9982287839563322,0.8370640600129851,2.9648398005331655,0.9366913829445551,1.1689264004586346,0.03827304537395004,0.8560501046430147,1.2985719280411652,1.160154314244984,0.5656208002628467,1.348419369349113,0.7366509799735745,1.7646925509661204,1.0887792403181562,1.3573408273727912,0.6493827611343287,1.2919206665427687,0.7875587228857586,1.0170598826215935,1.1074151470893905,1.2354721373632163,0.5254531835205982,-0.705746983543328,3.4210590421573572,0.200452302643779,2.126901732247243,1.4557659854511038,1.3631671875392088,-0.3597333333333333,-0.3597333333333333,0.5613391104617121,0.3772045568901406,1.349,0.21160784313725486,0.24415857265983795
adversarial_block_gan_ensemble_paths,adversarial_block_gan_ensemble_paths_30,-0.474237673079928,-0.7903619453260631,-1.2904383429552508,-0.8435537334332738,-1.8101518450696634,0.1879237366734914,-1.2433394310780899,0.9587055704412895,-0.6105999999999995,0.4838036649214662,-1.9764418604651135,-0.2322329113924057,-1.1572144578313253,-1.1691608209812325,0.9710484357607346,1.033945462864366,-1.2937729346137723,-0.7782692307692307,1.3801307692307685,-1.5087500000000014,-0.2322329113924047,0.44966666666666666,-0.04215625000000285,0.7181738749999994,1.1524989320803074,0.6744999999999998,0.8993333333333334,0.0,-1.349,-0.9218166666666456,-1.0642379248658673,-1.7843415714285742,-1.5228398162731995,-0.959780871226945,-0.20693416151026148,-0.888792579067348,-0.9402933769123106,-1.0398749018985878,-0.27237678162083373,-0.8735734414694671,-0.18406688303328925,-0.8543487984285486,-0.6280039146664277,-0.7918549930355726,-0.841548350720577,-0.9503249627659467,-0.1621790489533981,-0.8125990793283852,-0.885632873356625,-0.9841568519396792,1.6447700534759329,0.48908601965844123,-0.2945159589897934,-1.0989130459024972,-0.559916849094611,-0.5823954380108449,-0.9002871267707985,0.0,-0.5880256410256407,-0.0601292107710097,1.167123244787451,0.9249166125775715,-2.2744127008733095,-0.7062396923501492,0.007300489432294825,-0.1852072624481238,1.718440832941076,-1.344498761587746,-2.7665542682406876,0.03360740088043481,0.0,1.1803750000000002,1.1350808285368263,1.3867827015307783,1.17227435950369,1.5822554018530406,1.2470056675642314,0.7935007997247513,0.43172802485818246,0.4959173030263515,0.99337803837785,1.4163704395965786,1.1499747526019752,1.43218138285098,1.2201550909307672,1.0055689104441674,-0.7683977332795081,0.09762259546795214,1.1334747864055286,1.5739578402877725,1.1888079764896182,1.6381604278979307,1.166219297812755,0.8736283225052592,-0.02838046027513452,0.28863281438203287,0.3852360525300257,-0.6910418847853298,-0.7124321489273686,0.2117290342457788,-0.1346568267964877,1.2464648020875946,0.09911519729347439,-0.5417505965144691,0.37571444543025556,0.3624992764456575,-0.012456123840178883,0.4507595296089099,-0.9407233257133413,-0.8121419670254599,0.2824917411300873,0.4781459048319349,-0.18886860548020074,-0.6745,-0.7358181818181818,-0.3393651320670445,1.2866473982775843,0.12082354587218133,0.4507595296089152,0.4748922629296288,0.1893333333333327,0.16190891168048221,0.5793908799534501,0.7064612305278493,0.9341758107711332,-0.14099863318786238,-0.7658019336527783,-1.0214421344900009,-0.7670169699354774,-1.4658930411159086,-0.3169599255874799,-0.8526510127099394,-1.1207418947827055,-0.952131330582313,-0.7932759315229644,-0.341663661200039,0.35057388841302645,-0.6045450289731068,-0.9088379498493909,-0.7186011143297927,-0.4311853573336885,-0.25725271095769153,-0.18397883206205606,-0.7958046210791874,-0.798150520381552,-0.8043348500673384,-0.2623492689594615,-0.34063528158611894,0.9498576779026228,-0.23833480339754626,1.225966620243241,-0.656710920507936,-0.5691843786321792,-0.2730673000306761,-0.6643159112217738,-0.3597333333333333,-0.3597333333333333,1.252953894504063,-0.0714163561033377,0.6745,1.0580392156862746,0.1567740426757228
adversarial_block_gan_ensemble_paths,adversarial_block_gan_ensemble_paths_31,-0.23444778716045211,-0.4828794154462224,-0.731518493127736,-1.1675010293281196,-1.3029535775184808,0.026739088337714097,-1.6338943579559808,0.0015575045405656724,-0.39759999999999995,0.5614947643979057,-1.7777519379844937,-0.1411611814346001,-0.9303946452476574,-0.8601980702619241,0.7517262093073205,0.5990657354234826,-1.2530511579919057,-0.5707307692307693,1.1829692307692303,-1.020625000000001,-0.141161181434599,0.44966666666666666,-0.08431250000000276,0.6744999999999993,0.921999145664246,0.3372499999999999,0.44966666666666705,0.0,-0.6745000000000004,-0.4721499999999792,-0.8229141323792808,-1.1632234285714396,-0.49340140452784226,-0.6147470904167373,-0.05931532937400335,-0.5505422660595882,-0.5987159295971728,-0.6579747475163578,-0.8934453373686513,-0.6660592806733753,-0.03585480711543113,-0.5951493597259838,-0.5925966989704112,-0.9007992397990067,-0.401705415170681,-0.6503607161224371,-0.10985155636561592,-0.5489827231199002,-0.7375098881577088,-0.7012623675445504,1.6159144385026705,0.6186623421314561,0.08520616045929766,-0.0429267897752316,-0.5386874881016503,-0.6042771586285104,-0.590516748546603,0.0,-1.072282051282051,1.5008989580280747,1.3756180368354178,1.131520424136258,0.194186470956063,-0.2078010823442694,0.14329627995249272,0.158810705536815,2.1542488574643324,-2.488185529126587,-1.5626164732525731,0.48209667734889017,1.7986666666666662,1.1803750000000002,1.2886419437611427,1.623132070416065,1.3756258013038354,2.0812863099493235,1.4305461693178536,0.9313567751324928,0.31423234349044804,0.7659405643983265,1.1253415312334945,1.252542683219311,1.1802378237031284,1.2082540927014127,1.2280475653199627,1.3182356184334902,0.4907870160606067,0.14502367240353722,1.2574624039690976,1.4382376881666634,1.3366853923560371,1.6351996351356433,1.367304914033321,1.1267627252444663,0.42931744481983475,0.46994922997915844,-0.04110057079899867,-0.27756922937112216,-0.45974817198236867,-0.819412666824971,-0.03237854788829927,1.1079715043843956,-0.654017223644219,0.026139951045221845,0.4691271054417927,0.25217568468874996,0.3251375567971693,0.4515948689911246,-0.34702835749365735,-0.1774190175182984,0.044717954079014216,-0.024564931877305483,-0.23242992701099546,-0.6745,-0.9810909090909091,-0.20296399980783092,1.2886995027030745,0.38066474594154615,0.4515948689911308,0.3483859958582149,0.1893333333333327,0.056635337284358274,0.023532956198927795,0.012126672604546243,0.11010467403725031,0.03825926633226302,-0.038459176729931766,-0.2161819350555115,-0.10800359916597715,-0.572502635864383,0.07312200357884686,-0.1771374722237083,-0.6433409862383128,-0.29027440668671795,0.3538023358709134,-0.12312757790181629,-0.47241029635493914,-0.3315136421116659,0.1537184621982052,-0.5056513968936002,-0.42144326099404555,-0.46136141514081086,-0.08694723973555024,-0.21519237866529703,0.4809096787932529,-0.22257522294947055,-0.18407444445399207,-0.22907618516985367,0.6467116104868917,-0.02334731907356292,0.01876879841450995,-0.10678996913750903,-0.6600299954427763,-0.19956055584609142,-0.10471513688270387,-0.3597333333333333,-0.3597333333333333,1.44561100606809,1.2249115559912884,1.349,1.6928627450980391,0.7180635750199027
adversarial_block_gan_ensemble_paths,adversarial_block_gan_ensemble_paths_32,-0.6300864317242052,-1.044604487409396,-0.7669666395917162,-0.9355513662995844,-1.8121230717470582,0.3812664922006764,-1.502547029362531,0.706398527083142,-0.8590999999999991,-0.03178272251308958,-1.5790620155038724,-0.5145552742616046,-1.2933975903614463,-0.9685589190649276,0.9490625890991455,1.0283638285514365,-1.4405599969077527,-1.1933461538461538,0.9858076923076904,-1.659625000000001,-0.5145552742616032,0.44966666666666666,-0.04215625000000285,0.7181738749999994,1.1524989320803074,0.6744999999999998,0.44966666666666705,0.0,-0.6745000000000004,-0.4721499999999792,-1.0642379248658673,-1.9770558571428594,-0.7395714260994214,-0.8073499987544439,-0.10910317559369265,-0.8261273845955598,-0.8149092812463947,-0.8664962377368589,-0.09898327897401421,-0.6967915289571563,-0.279931545077919,-0.60141695579118,-0.6042474239971927,-0.6865970258320516,-0.22024528010950958,-0.7938735494416644,-0.1517803189764164,-0.6367544598070327,-0.7746081953986723,-0.7776625903736978,1.3562139037433136,0.4501697339845845,-0.4944045435670747,-0.9444594109536047,0.03525791684110066,-0.9905837648795048,-0.7831100346636243,0.0,-1.176051282051282,-0.2697209137418533,1.19818120600714,0.6897747048095682,0.2002676965432546,-0.6418292123254555,1.0501298411829225,-0.2439537296525778,0.6698165431345788,-1.4756879665708025,-1.3796867254743317,-0.024843790908980815,0.0,1.1803750000000002,1.2381251734997272,1.4783651781621836,1.2402119208607054,1.7331502268192374,1.2976665005213148,0.8883527407809796,0.3970960323365184,0.5343989914482538,0.998276376199546,1.5220771334934182,1.1396196194936616,1.407260044475926,1.191673754084176,1.0446011835739315,-0.506296544314028,-0.21081420521060082,1.129779666922102,1.8043433274000087,1.251456859893735,1.6406882930426516,1.245531607621771,0.9447942960354757,0.04344842576190731,0.09259737040585853,0.22192092342136532,-0.9582748223186656,-1.053950932421431,-1.036742581910346,-0.14887139353198015,0.955461759412929,0.4875556937001932,-0.5240183562370412,0.24959022648453308,0.29805542241583455,-0.1661797868604781,0.29629075825720325,-0.9236760269802103,-0.7847342227807189,0.27921795969224494,0.4117219249862051,-0.3265978495993142,-0.6745,-0.6131818181818183,-0.3290892817010476,1.2973200263370759,0.0025045625226032446,0.2962907582572034,0.47231737232565235,0.09466666666666634,0.16069669204012932,0.575813496852279,0.5331033111703601,0.6526924678314557,0.16529006258565576,-0.3741414861152606,-0.9091719265790331,-0.7185305819703494,-1.455721834958029,-0.45985098407245895,-0.6676846908306932,-0.9549247048574881,-0.6603314367883144,-0.801959324941756,-0.3747476356229224,-0.0708896789476953,-0.48357182127223824,0.04690750855965784,-0.6583222478089306,-0.4415481167195942,-0.4817959144440367,-0.5234023293448565,-0.5897960154067381,0.09530049025904416,-0.5553863131902264,-0.2796407328304878,-0.4285050762536417,0.889228464419476,-0.19610971500995197,1.0903139373036201,-0.8534218179179294,-0.793306771670789,-1.1772300066952863,-0.5475830056689883,-0.3597333333333333,-0.3597333333333333,1.3092961300922987,-0.04860860497328627,0.0,0.7406274509803922,0.34912067268880703
adversarial_block_gan_ensemble_paths,adversarial_block_gan_ensemble_paths_33,-1.1117758282561134,-0.3013896083791889,-1.494805652097345,-1.5326852826938195,-0.2271656328759832,1.4380568182927624,-0.7894825646833175,1.33540361243829,0.04969999999999983,0.031782722513088946,-0.3346356589147276,0.009107172995780398,0.5688554216867471,0.34152868850601614,-0.072551526158534,0.0584173678833665,0.1836856292489256,1.2971153846153842,0.176407692307693,0.284,0.009107172995780925,0.17986666666666667,-0.12646875000000266,-0.24990224999999985,-0.23049978641606175,0.0,0.0,0.0,0.0,0.4271833333333543,0.38370483005365347,1.7274908571428462,-1.0391370989645952,0.20261523108558807,0.6901868795396835,0.22412771400720324,0.1572622483019501,-0.028123816010661204,-1.8659069821706709,0.26019255417451886,0.9357977432109489,0.35524309142913413,0.012047249647462399,-0.6103562177883977,-1.2745288112731088,0.19269507168269923,0.7067577092791529,0.10158095309444806,0.05558809441843647,-0.17149574549578417,0.05771122994652265,1.5608421488572406,-0.8185991102190077,1.1687629145345424,-0.990503557317088,-1.8171888306854842,0.13128008168188757,0.0,0.103769230769231,0.9275933807893099,-0.6330620735273061,0.9644836925658653,-1.4359759677128883,0.48135951724548404,-0.3501211376446567,0.3908771402718683,0.7273855221744677,0.7792749740857543,0.13172514650449194,-1.5496713933131931,-0.44966666666666666,-0.5058750000000001,-0.45642399654887666,-1.3437087559944505,-0.6807838948233771,-0.9890920205333793,-0.673325648615145,-0.7885111564502633,-0.30266646258011476,-0.6862019009053666,-0.838784621965963,-0.8482689672769843,-0.6440733108353647,-0.9357202603408797,-0.7520290644211897,-0.3760732618122348,0.3729470118205905,-1.1527019997241184,-0.6998477714562243,-1.0241322936090465,-0.621303370576695,-0.6984533313013505,-0.6287257042627937,-0.6460477840814091,-0.13131065367330097,-1.1377099321219235,-1.2101580325583576,-0.8203731646781149,-1.4385917377177149,-1.2091572715313061,0.5767224453837655,0.22313364744345604,-0.16043687073358412,0.16573473847968134,0.26771910554536205,0.30310222507260315,-0.13811530540409644,0.36633465706540647,-1.4766637753834664,-1.3381126620767252,0.5118711975015167,1.0101402667682589,-0.39218911324869293,2.0235,1.103727272727273,-0.8619678015547187,1.4486331649246789,0.024105406848786676,0.3663346570654083,0.6931581403291763,0.28399999999999903,0.4231703943678282,1.1108913971014842,1.5535853212946316,1.6545149897428195,-0.2042851383393746,-1.4718231739462846,-1.7382105266274657,-1.330216638331836,-1.866025796137371,-1.9826652632106678,-1.4018584779880683,-1.0927050908054785,-1.3225117789473966,-1.5540453032651842,-0.7289127688253092,-2.356705097125246,-1.187097983649016,-0.8711212705133494,-1.5135199793380572,-0.8673014345848856,-0.8756266839063306,-2.0976785308247483,-1.3717582261162276,-0.8987847376849519,-1.4244533058648097,-0.5860921635444699,-0.7065409886631651,-0.5254531835205997,-0.1897620799958536,-0.9762596913970135,-0.6803630454374893,-1.5760672880553463,-1.394180670931611,-1.1476324495490653,-0.3597333333333333,-0.3597333333333333,-0.6077255345505921,1.5865065874531041,0.0,-0.3174117647058824,-0.5054674465648736
adversarial_block_gan_ensemble_paths,adversarial_block_gan_ensemble_paths_34,0.3858991948132845,-0.10546997931674226,0.5956388484500418,-0.3520723872830932,0.6202900294751861,-0.6237254431974488,0.1887044983395309,-0.5361420015182652,0.4188999999999999,1.2395261780104714,-1.579062015503873,0.8424135021097041,-0.837355180722891,-1.319478868494315,0.6726690882105953,1.0142981100828528,0.359413434673178,-0.5707307692307693,1.0999538461538445,-0.7721250000000004,0.8424135021097049,0.31476666666666664,-0.5480312500000017,0.3809238749999998,0.921999145664246,1.0117500000000001,1.3490000000000002,0.0,-2.0235,-1.3714833333333127,-0.8229141323792808,-1.5417142857142854,0.06025544122660606,-1.4728857432523053,-1.9496896508386587,-1.4577107186675728,-0.8490056316905753,-0.2812214508658026,-0.030748390038553113,-1.0692402569515993,-0.8143058050159655,-1.0468248583147106,-0.5480614280308196,-0.21463897267626533,0.07651273958862441,-1.3116700713992469,-1.4542241553709587,-1.3632412789022366,-0.7077174329365213,-0.2169380551302535,-2.59700534759358,0.5105722482065462,0.31206826623896466,0.49573818333688296,0.501661135760784,-1.0762290405383632,-1.1582029220260364,0.0,3.355205128205128,-3.409144423790781,-0.006578513987813319,0.15625527398299388,-0.1779249262190406,1.6753172540796142,0.07498978355499741,-1.4350822924679796,0.33781949944729306,-0.8061752882009952,1.6917329458529358,-0.8861713249983632,-0.44966666666666666,-0.25293750000000004,-0.05092211271799368,-0.22638455652998057,-0.0379342925706995,0.4668511769690751,-0.056465617056885034,-0.32776304809886414,-0.6204261630335822,-0.5893515666778976,-0.14832124315285558,-0.1331802705797843,-0.036733662924162754,0.10128897440336754,-0.07385296486001815,-0.0625766301744322,-0.922337204013982,-0.5557600009921558,-0.012588522987029078,-0.38596260686669964,-0.03326295266513297,0.4837057668016829,-0.06433460462071655,-0.293710673760748,-0.8534007059050658,-0.49075010744971864,-0.07658394338951344,0.6072845210926956,0.3829471594583779,1.6412391403627626,2.3553888541373755,-1.5634412264884727,-1.0874472241543445,0.9075336514132373,-1.6326691049267144,-2.0808139664078644,-0.45426017270351465,-1.5119467756392206,-0.014519039775145397,0.025766148991100975,0.23319334322400523,0.2440403431660712,-0.41826138292806214,0.0,0.12263636363636364,-0.13110549168658364,-1.0733501986498168,-0.21922693740529856,-1.5119467756392242,0.5453893722931517,-1.8617777777777782,0.2783305345499134,0.30558058041169023,-0.02841457562890352,-0.3628030706780652,-1.8952564734966697,-0.022058753218653342,0.005548492052242656,0.06780338560543145,-0.2732955556123493,0.48788218541972417,0.006693985864206231,0.018672109962343666,0.02940605981426163,0.02629109933050432,-0.1560717389546456,0.9418138779597038,0.04835232360229663,-0.44573316801385965,0.21301313858217347,0.016349388328701503,0.3868975160648176,0.6971886780596996,0.005447314504356997,0.007692503166593447,0.09680226374690701,0.023129690062609384,0.010447566640512032,-1.6571985018726585,1.122085997688447,-0.0053732656055925565,0.8787434951876727,0.5652420378890134,1.7572728709122392,0.005359042064720287,-0.3597333333333333,-0.3597333333333333,-0.012449261433894195,-2.754150326685798,0.0,-0.21160784313725495,-0.46113649173999044
adversarial_block_gan_ensemble_paths,adversarial_block_gan_ensemble_paths_35,-0.7259448956851511,-1.4756763829893145,-1.1259872073108437,-1.0215199695591652,0.7720706472343164,1.3793761651759662,0.3629443493314745,0.5028920957080087,-0.6460999999999993,-1.3384057591623,0.6692713178294519,-1.5026835443037965,-0.2860530120481927,-0.4365572535098618,-0.38873286855312744,-0.1620214714242306,-0.30712264679688256,0.15565384615384625,-1.2452307692307631,-1.3490000000000009,-1.5026835443037971,-0.08993333333333316,-1.6440937500000021,-1.1743044999999994,-0.3250046988466468,0.0,0.0,0.0,0.0,-0.02248333333331276,-0.3402665474061068,-0.7708571428571425,-2.1374771659758762,-0.13067770065377013,0.3905442403084427,-0.08449951654025159,-0.3911988881370642,-0.44424089550895207,-1.5553794682386106,-0.0982528497528413,0.6541032621719958,-0.04013061261231953,-0.22576938078365455,-0.8241963201616589,-2.4791636039132814,-0.102287784522097,0.5618019655225042,0.08560208716764811,-0.2783367224377345,-0.7467538819091104,-0.6348235294117652,-0.04669099893942365,-0.15632696422214534,-1.0584572429494283,-0.8346392955285702,-1.5773020400454292,-0.17490310611492868,0.0,0.7263846153846152,0.08402758928087864,-0.35787496524149953,0.14324062383848662,-1.5764118006539767,-0.26566480222551675,-1.0000364209719224,-0.9407645114240601,-0.06756439581438833,-0.24213652424044155,-0.4024949988269886,-0.3469386110819578,0.0,-0.3372500000000001,-0.2219841150928199,-0.6141203377919284,-0.413055097647748,-0.5724890432026036,-0.3583807936440444,-0.5771298034318348,-0.19911010193095133,-0.3663010326468322,-0.6127900689511051,-0.12741882330635682,-0.30454761172569195,-0.5763557393681167,-0.23575683611043544,-0.310971513927158,-0.13642538252556785,-1.7461325324822567,-0.25469408039781904,-0.500072076209767,-0.3586139866381182,-0.3473073641646623,-0.38794585310385465,-0.15500902120205584,0.05965562227250283,-0.7501281337992731,-0.830960034337113,-0.807089847177278,-1.3208312662458912,0.2143491164976907,0.28816449746792633,1.575467723649434,0.2985024089927746,0.7732422794434907,0.24997400838805353,0.4430897959743581,-0.37074464656327705,0.3524625069580534,-0.6733197030120588,-0.5341983621850236,0.21858978877195726,0.5349703665897367,0.14234370720896203,0.6745,0.49054545454545456,-0.386331031437159,0.9449544512963677,-0.1549461887380411,0.3524625069580551,-0.06926153906668278,-0.1893333333333327,0.157530521176748,0.7597808808566955,0.742499003318259,0.7400513607954091,-0.05664064244329478,-0.5572744169594489,-0.7007584500968175,-0.3695979984005959,-1.0302690283354505,-2.4578970651065695,-0.5045525641115834,0.0843397341515823,-0.31580284472549075,-0.7913022277410429,-0.5017006344006504,-0.636460033011109,-0.3440438557234824,-0.2945047018456854,-0.053975379469926504,-0.4451234266072811,-0.4472563921599128,-2.1381559632972187,-0.47785965161797783,0.3704720894218144,-0.3693798204032578,-0.35978499057119673,-0.48615686679905856,0.02020973782771559,-0.0932881223301276,-0.6122395365852203,-1.168688033554419,-1.5514536515972177,-0.31724435289035147,-0.48442825344680934,-0.3597333333333333,-0.3597333333333333,-0.35286864007697377,0.8230946392609253,0.0,0.0,-1.1296704563547373
adversarial_block_gan_ensemble_paths,adversarial_block_gan_ensemble_paths_36,-0.8034363505695548,-1.2667844643751456,-0.3242346002768137,-1.4301167782706894,-0.5922736190935298,0.831148907189321,0.4191777516445936,-0.8747928673932841,-0.8235999999999991,-0.7945680628272225,-0.3973798449612429,-0.5464303797468338,0.31205783132530146,0.11246244126182818,-0.10031815962661388,-0.18781847189287362,-0.9518730003815913,-0.15565384615384625,-0.1867846153846117,-0.9673750000000015,-0.5464303797468353,0.2698000000000001,-1.0539062500000036,0.0,0.13599487398547605,-0.3372500000000003,0.0,-0.0,0.0,0.4271833333333543,0.6250286225402398,0.0,-0.8997266347928725,0.28517387487052703,0.646844270152611,0.31773658980647407,0.016570395560568784,-0.10866399728245814,-0.39697878636332307,0.37709649500182707,0.6102249060579763,0.6228966301489562,0.008615153369688981,-0.3512680460072577,-1.0562614809530309,0.32045629702672684,0.9429405588702495,0.3945377789602182,0.024738550387525184,-0.3568463838591698,-0.028855614973262333,1.0161758794510716,-0.7069626419607055,-0.6310373429683892,0.28403078436428997,-2.2505638306100484,0.17057612889985266,0.0,-0.13835897435897446,-0.32622910643921094,1.0894064365355016,0.5423949016056705,0.06182063339355131,-0.5330424014513159,0.6190041745040485,1.2105248535709112,0.20502734318503119,-0.12726299923842446,-1.0411823623843268,0.5471289168502548,0.44966666666666666,0.843125,1.1699037483113357,0.41284378888148965,0.9524829622993934,1.2570282055395658,0.9634546190813972,0.9125647309438557,0.9961336809939783,1.1955686164120136,1.262210698428495,0.7089236882318368,0.9508578966550039,0.914026038910564,0.9411271115924551,1.2220454428162868,0.9379915347032804,0.8453436856201968,1.1748819849054095,0.5045536566909931,0.9676185321801635,1.4211302166427275,0.8777996201861329,1.086404047587518,0.7974576558070041,1.1717593531445967,-0.12940460943240717,0.6482833775290109,0.34598240169400757,2.0803339852157667,-0.3178179672782165,-0.2644392300873589,-0.22649874330307157,0.20569446352572457,-1.674335415226725,-1.9076358798110544,-0.7803321176046252,-1.4675911375702322,0.7607880712459673,0.9425638306811678,-0.13878288076176679,-0.544508003583718,-0.3020857522189326,-0.6745,-1.103727272727273,0.20919256422798566,-0.8751810161369112,-1.0683899010405857,-1.4675911375702368,0.23196025326306793,-0.9151111111111124,-0.06051913394736974,-0.5576199198979298,-0.9336253890407996,-1.658737753441117,-0.5592672758940963,1.0846827589979142,0.9642259319221415,1.4307641712782693,0.5322777993273841,0.5838124313090713,0.9662606593938959,0.9176640375088432,1.2440755159387586,0.8840594674061744,0.24447066983434199,0.9041049449186346,0.6921925334259884,0.20264109630340216,1.6138535397746567,0.3927899051681422,0.7726692934764922,0.6970307919498152,0.8690969467277325,0.6695397789832342,1.3445802717673887,0.2792197565795334,0.3532403603113301,1.0509063670411978,0.9817067349889136,-0.11367472299842406,0.6730352324796144,0.6001479025081091,1.7244905116406244,0.764502259663969,0.0,-0.3597333333333333,1.0526756658883474,0.342551074337009,1.349,1.7986666666666666,0.823818617889047
adversarial_block_gan_ensemble_paths,adversarial_block_gan_ensemble_paths_37,-0.48231660087610084,-1.0052341531124436,-0.6182040326069861,-1.8249276240772117,-1.9467685275331035,-0.4297339357845715,-1.0519083910394669,0.6849225814800368,-0.5821999999999992,0.3990497382198953,-1.8091240310077485,0.29598312236286883,-1.2173506024096388,-1.2324605064944565,0.9608598726736567,1.0112568736572127,-1.2613364574788843,-0.7782692307692307,1.55653846153846,-0.9673750000000004,0.2959831223628694,0.44966666666666666,0.0843124999999998,0.8431249999999993,1.1524989320803074,0.6744999999999998,0.8993333333333334,0.0,-1.349,-0.9218166666666456,-1.0642379248658673,-1.834254571428577,-0.6183549253983419,-1.0161186162490001,-0.42783447171967204,-0.9986376848899282,-0.892987191024882,-0.846343611976006,0.06154479049988385,-0.8414357148877486,-0.4315250371834489,-0.8063618756689068,-0.6153010947157976,-0.5812856238441596,-0.45225401740738747,-0.9618852873580249,-0.3953365519538707,-0.8559586432814223,-0.8657611863442366,-0.7956147550989342,1.9910374331550769,0.41275733801365583,-0.2951713333821942,-1.03023298220907,-0.07004647369649719,-2.4289531005921288,-0.9357948082637154,0.0,0.103769230769231,0.024667211839848577,1.1636861868111388,-0.017309480498444493,1.6352076860043956,-0.24270017495548832,0.20515804334838414,0.1282081743750885,1.5173661734999435,-1.1710898982223517,-1.2664620681006116,-0.1328632443300075,0.0,1.0960625000000002,1.170009070746233,1.509163051514665,1.1743283619647689,1.3664344074179213,1.2480652241002426,0.811025316268392,0.6048479191872546,0.29396139311480685,1.0016308253401325,1.3660260054290385,1.0977448252117186,1.4222242869901784,1.1542973076286285,0.9795904860219881,-0.754941654738503,0.27711327503490996,0.9848855870507011,1.665811726304406,1.1773287589361712,1.7142120732505435,1.1220314800402735,0.8931616514616953,-0.09036683374745941,0.03138168673972809,0.7274387145384543,-0.3269320443540568,-0.3554559409846916,-0.6556165679502642,-0.3537128197351999,1.3695503938536646,0.13324753257249913,0.44043107778225604,0.08128970872096376,0.37309375685657564,-0.5992660506748171,0.20022250784251208,-0.8672710373067312,-0.732315742208798,0.14253639864185252,0.31693064953396805,-0.0670351800644482,-0.6745,-0.6131818181818183,-0.3394104477518656,1.274705616784836,-0.3308359618338402,0.2002225078425161,0.43052686238933335,0.0631111111111109,0.047608482886126104,0.44908904167466523,0.4878366873552549,0.8889208266000582,-0.028560975516960328,-0.5973684569585389,-0.8972544828421967,-0.7054790513324625,-1.3468206326854313,0.03894225043877035,-0.7661466585317075,-1.222853998797997,-0.9396254862064349,-0.49336798868481524,-0.20064893632132297,0.014471338285795133,-0.5048492261535933,-1.3915560275529093,-0.40490673363552726,-0.4285105118695795,-0.246684926010714,-0.08938741144465388,-0.649347756804295,-1.0208157117397243,-0.4434207712101493,-0.23771940462644034,-0.21500856760587023,0.9902771535580511,-0.46962492030448505,1.359459878279527,-0.36817054100043234,-0.4109195173858771,-1.255720485873564,-0.5541440695160158,-0.3597333333333333,-0.3597333333333333,1.259059758500496,-0.21144544981539673,0.0,1.0580392156862746,0.26646032634577715
adversarial_block_gan_ensemble_paths,adversarial_block_gan_ensemble_paths_38,-0.8289642124529629,-0.7730638699826267,-0.9798396929548688,-0.9692749386511593,0.9952910686073753,0.7670318709344791,0.4047451812732841,0.9253409619001824,-0.5040999999999995,-1.684484293193713,1.390829457364334,-1.6347375527426142,-0.7561401297497682,-0.9188217716804591,0.41882831644111035,0.5246395191572678,-1.007716863756704,0.15565384615384625,-1.9612384615384544,-1.526500000000001,-1.6347375527426153,0.35973333333333335,-2.192125000000004,0.42459774999999944,0.23049978641606111,0.3372499999999999,0.44966666666666705,0.0,0.0,-0.4721499999999792,-0.9652951699463472,-1.3989130000000023,-1.9175944450111444,-0.45850789090051336,0.17618393474507987,-0.35261424955403703,-0.6227235906096129,-0.8010105924246439,-2.3204564775144014,-0.4088607557740529,0.529676401262905,-0.36941269038021346,-0.48146649683117587,-1.123951526323014,-2.1441906823884134,-0.4525978247608661,0.446001524221029,-0.33225142018971787,-0.6863923653816636,-1.0082110640576576,-0.11542245989304933,0.5441203446643942,-1.12156155303853,-0.8237066622299196,-0.5540665686278564,-0.6773808603395911,-0.466447927622169,0.0,1.1068717948717952,-1.783021826863756,-0.3421196975347641,-0.2284512912282311,-0.8928892423713052,0.4941834013143205,0.2946183061236177,-0.7001424132613562,0.19141061097992915,0.36298255251566647,-0.9490200382015556,-1.0227321316768776,-0.44966666666666666,-0.4215625000000001,-0.3464612358539118,-0.8252386507435688,-0.3809594823239391,-0.5558699645569248,-0.3206716151070158,-0.5845267989506013,-0.42445088776621825,-1.028401052340635,-0.4919881089786777,-0.3377557224697585,-0.26653912832340226,-0.37157338737341306,-0.2545393242428563,-0.33604805836707824,-0.7028999201324195,-1.568747409623175,-0.5539470275102467,-0.6803352617858386,-0.3423591755087531,-0.32692213599093317,-0.3479792196567348,-0.5655552579060764,-0.5376350521193394,-1.684197452450645,-1.0106611346704912,-0.6620613581299769,-0.6776993533517979,-0.1727187551251571,0.33309774763233785,0.39359840696497483,0.22723013183851543,0.3114585288760943,0.052106929558354054,-0.3259230741823738,0.33358315835565433,0.1893466767980879,-0.531495579915986,-0.4622744401082985,0.3384089630589698,0.6279339637190046,-0.3087597944644767,0.6745,0.6131818181818183,-0.384337274430709,0.7969283020271114,0.3871652089837494,0.18934667679808975,0.5392771751704941,-1.293777777777778,0.1619171059981764,0.7695669970888254,0.7969079601609586,0.5800453595040008,-1.100237502846733,-0.5517951827591584,-0.6309604342543117,-0.42276562398741757,-0.6848245761456049,-1.3288165791443975,-0.5500197324595795,-0.5858660160959066,-0.2666118120133795,-0.8764609865530905,-0.4729534524129801,0.08530279038172425,-0.6565631755097405,-0.6061405518905499,-0.8051956094669674,-0.5365502441368483,-0.43437175631806546,-0.5428971205539737,-0.5785365284162524,-0.5870910586369705,-0.3630286871615149,-0.3701095379820737,-0.4184758665487577,-0.12125842696629212,0.761725916169955,-1.2555704234393248,-1.2112379513999154,-0.7228766395471449,-0.08717131247272802,-0.49878162735143194,-0.3597333333333333,-0.3597333333333333,-0.3796072253214241,0.11257304402848968,0.0,-0.1058039215686275,-1.314699700300545
adversarial_block_gan_ensemble_paths,adversarial_block_gan_ensemble_paths_39,-0.5862048169470584,-0.653669872587626,-1.3533832199444036,-1.2043821593241755,-1.7975792119284857,0.021768486822439724,-1.4262262689692626,0.6509919409475642,-0.7028999999999993,0.074159685863874,-1.505860465116276,-0.15482194092827098,-1.0557956626506024,-1.1042786433301777,0.9622183477519334,1.0498929894727371,-1.2189627963984508,-0.5707307692307693,0.9131692307692294,-1.4111250000000009,-0.1548219409282698,0.44966666666666666,0.1264687499999997,0.7181738749999994,1.1524989320803074,0.6744999999999998,0.44966666666666705,0.0,-1.349,-0.9218166666666456,-1.0642379248658673,-1.1632234285714396,-1.4837087174999213,-0.8618324007984786,-0.10910317559368127,-0.8061304034934551,-0.8470303919299517,-1.010629792466313,-0.28083919792508233,-0.8527884906420942,-0.11914513250993258,-0.8231692822056608,-0.6249892664071026,-0.790716245976005,-0.960490058402048,-0.8552933692669266,-0.1006941050037779,-0.7783612025883311,-0.850052687733548,-0.9648376759936298,1.7890481283422446,0.7149222635831886,-0.38989158483526637,-0.6092444704798776,-0.8326605324116308,-1.6361402600568415,-0.8377695133165312,0.0,-0.9339230769230766,-0.16874743957438892,1.1525367225506231,1.3322738035886097,-0.4175160101254516,-0.5595826479743681,0.7823844347678117,-0.4614618402992318,2.2556197620994105,-1.240136555533405,-1.3653406716325225,-0.024681634161009776,0.0,0.9274375,1.1398641486599503,1.3267466931892782,1.174082402575075,1.6617994585502103,1.2421689312259527,0.7883876605470743,0.280197949660565,0.5340820521876242,0.985915336294823,1.447901075048567,1.1799623141016542,1.5118060194970333,1.2551498639308771,1.004496154409455,-0.7831224504712735,-0.3420782311574909,1.109286670048104,1.3482914734502325,1.164162003061455,1.6209477414048987,1.149397466611736,0.8633574530409348,0.1036530341827474,0.39688335711466444,0.24748406076843305,-0.7686328825367427,-0.9727156962037437,-0.7731630249259,-0.11521302390280876,0.7667460973262542,0.5059630972937598,-0.4094614655876408,0.19590875818120435,0.40366670229648394,-0.4199394185881083,0.2699264391447283,-0.9472109566162344,-0.839540285792409,0.26363773146877406,0.4233910977560055,-0.2237636560217925,-0.6745,-0.7358181818181818,-0.3363997278243238,1.281620988961486,-0.19281072629673615,0.2699264391447296,0.47029844297718365,0.1893333333333327,0.15901466292614075,0.5163900387173387,0.7206378775487539,0.8140637934461227,-0.18094515543642525,-0.7195034185609227,-1.01253223491197,-0.7848228734626806,-1.4672924692703502,-0.45494190418488384,-0.7609801318542165,-1.0123078849024336,-0.8631459413197152,-0.7888247961144469,-0.36681080640186936,-0.003581890297213619,-0.48608776547254123,0.02522228752177159,-0.7416477755037987,-0.43258741066370526,-0.44485230401888576,-0.5694650639071923,-0.6729350634438594,-0.09183002084341794,-0.5516847341265724,-0.2746774155599455,-0.4048924057093928,1.0711161048689135,-0.32577134693304666,1.0219252846826272,-0.6585259762392707,-0.7983378256869688,-0.7499248862076846,-0.623869834161799,-0.3597333333333333,-0.3597333333333333,1.235060965852293,-0.27807842730680865,0.6745,1.1638431372549018,0.1131015624967142
adversarial_block_gan_ensemble_paths,adversarial_block_gan_ensemble_paths_40,0.4967066244889602,0.031939653984735326,0.528728099288177,0.20144761236143954,0.6627097920522105,-1.3249236756018392,0.6265983378962654,-0.06818758219039188,0.9939999999999994,1.2889659685863877,-0.8052170542635638,0.8651814345991555,-0.8581590361445781,-1.3434475008741764,0.6726690882105953,1.0142981100828528,0.37547253544211784,-0.5707307692307693,1.0999538461538443,-0.11537499999999995,0.8651814345991563,0.31476666666666664,-0.5058750000000019,0.3809238749999998,0.921999145664246,1.0117500000000001,1.3490000000000002,0.0,-2.0235,-1.3714833333333127,-0.8229141323792808,-1.5916272857142881,0.33093234805012867,-1.5210188465620402,-2.075041775900955,-1.5494643177839693,-0.8477091514675862,-0.23890985979760448,0.1405479827261617,-1.1290159270329563,-0.8446207638183238,-1.0707248793905233,-0.5465969456484565,-0.08927852309856175,0.2768065360503434,-1.3637696997243047,-1.7559829937669582,-1.3764904227092307,-0.686914368243985,-0.10330073730111082,-2.6547165775401043,0.34118958914386976,0.41832623880674996,0.4747722454161704,0.33747431164201536,1.0446493710873017,-1.1842877908330427,0.0,3.56274358974359,-3.474770642887275,0.0015275044222089835,0.0519500017781542,0.7056437198857772,1.6994759258444423,0.06385986679329544,-1.4625438498019085,-0.7285744094221707,-1.412298282329915,-0.9952381706373814,-0.9180563660943206,-0.44966666666666666,-0.25293750000000004,-0.043204909673105675,-0.16115246021979235,-0.002265452938855673,0.5876234852583982,-0.021566999925917364,-0.3247146091207393,-0.7820083391291616,-0.651875185420032,-0.13894374971968135,-0.05703084701873112,-0.007773647050263191,0.09270238969875047,-0.04130075539604445,-0.06434988479645336,-0.8455591130116766,-0.6869236478538455,-0.005866195976418306,-0.37411501153736504,-0.0032024553713950934,0.5869283226370017,-0.04262147600384678,-0.2797791812663113,-0.9266883553819444,-0.5790614684490701,-0.09616965994432841,0.8236028941113085,0.39792801663032773,0.7170537245532501,2.237997117568467,-1.5301665307224002,-1.3904921829305514,2.1372816589457106,-1.518327455009911,-2.2159960534877796,-0.04082997060275613,-1.6799127900573485,-0.05373244855387471,-0.047479625696715454,0.2303947313818795,0.2339962220931068,-0.4023350867400983,0.0,0.12263636363636364,-0.13297523094512678,-1.4969323506176644,-0.6428962691685279,-1.679912790057352,0.5483446778972285,-1.988,0.28028880999329364,0.3080240071700429,-0.009563589888788436,-0.2801848791063484,-2.0547413865762145,-0.1205676699136271,-0.0963758875153042,-0.00018842621551457177,-0.2972678706907218,0.506763743052127,-0.03366672297226182,-0.1351222746653401,0.044740473147238696,-0.008435519071635703,-0.15237964206253382,0.8211671216171815,0.17064383522196305,-0.2920777682750123,0.5244555310410479,-0.008012852565083616,0.19551994756720362,0.6575005196538087,-0.0034872768946185026,-0.033858930566437684,0.13882857988613972,-0.009855071435803194,-0.016765730943065937,-1.677408239700374,1.0731392651530982,-0.08815754662797973,1.1924843685503987,0.355748184063171,1.164254513122293,-0.03144461467952193,-0.3597333333333333,-0.3597333333333333,0.00628274109662039,-2.7100512770157343,0.0,-0.21160784313725495,-0.41885335015169955
adversarial_block_gan_ensemble_paths,adversarial_block_gan_ensemble_paths_41,-1.0707215120393059,-0.3685657862141819,-1.5197809357805667,-0.9525140016367587,-0.21190019180268185,0.0890584126957578,-0.63808664652772,1.8534133938777182,-0.2910999999999999,-0.1801020942408379,-0.5228682170542623,0.027321518987340563,0.5688554216867471,0.38626377455920946,-0.012539769953327187,0.09801702127227056,0.24564349139578662,1.2971153846153842,0.4150769230769217,0.12424999999999976,0.027321518987342124,0.17986666666666667,-0.16862500000000258,0.08734774999999978,-0.09450491243058506,0.0,0.0,0.0,0.0,0.4271833333333543,0.38370483005365347,1.7274908571428462,-1.1722692174683103,0.17077397496110877,0.6485858806279374,0.1763342780479362,0.06220697502225284,-0.0685205867779745,-1.967703216893595,0.2478564856752634,0.9219540070269849,0.30098479816829393,0.01310974871500109,-0.5991866502674933,-1.2265182304172562,0.16855115263254605,0.7367217101485898,0.07792493142018198,0.05544981498975212,-0.20362077884098145,0.3174117647058816,1.7217692336295454,-0.776464497399044,1.1818629975989579,-0.9343600948670907,0.3682793852234934,0.09448166714837972,0.0,0.103769230769231,0.8812038988989283,-0.6324256253115761,0.7645173587650139,0.9142176913879174,1.211498023294156,-0.6626086154573578,0.3793124951448992,0.3836589923249239,0.802037346212816,-0.43725267521276256,-1.5921102904047633,-0.44966666666666666,-0.5058750000000001,-0.4618636686968757,-1.3406183672913543,-0.6767281895316795,-0.9676333989866309,-0.6868468625398544,-0.7945178497408489,-0.29899566060377714,-0.7118470544025276,-0.8743047565387193,-0.801423596869503,-0.6538176064574365,-0.930490191262954,-0.783820933630683,-0.35616617830626646,0.38028493083452625,-1.2493588078291662,-0.7510795423726702,-1.0111903491012615,-0.6234775804448948,-0.6872808033624288,-0.6424091228699855,-0.6260555049666682,-0.11773079739497767,-1.2199266865296199,-1.2863716977583592,-0.7523869145879263,-1.2340979174092608,-1.2877796827113264,0.5365461295262013,-0.11639037646149379,-0.1221661028869855,0.15147793693064926,0.4360554041391065,0.3729979094445491,0.08987229571901699,0.4025727283436,-1.4744992421511294,-1.3386434837951695,0.5394863846918686,1.027456086197175,-0.4332940739150532,2.0235,1.2263636363636365,-0.8634562281636718,1.5089852661920413,0.19958431914632818,0.40257272834360197,0.6941450106690811,0.3471111111111099,0.43342573225974435,1.117781682656373,1.5895560827941606,1.638443552794458,-0.2388546577436634,-1.4822910743468065,-1.72567113328389,-1.3239469703621316,-1.8516812069921484,-1.9805886530647574,-1.3894818019757396,-1.080659588008972,-1.2892270202407825,-1.5495572476995911,-0.7350599545479819,-2.279875699391726,-1.1854742351059997,-0.8687335647989928,-1.5166217215553341,-0.8570802080496095,-0.8745808824378917,-2.00152826829315,-1.3715891828616966,-0.9057619921724718,-1.4193327719766056,-0.5911161683110594,-0.7107290275737511,-0.3435655430711608,-0.11587616900238173,-1.484031476896345,-0.4698940814191781,-1.3099807510641621,-1.2707779435385846,-1.1498415162643028,-0.3597333333333333,-0.3597333333333333,-0.5995880254400517,1.7340457058918326,0.0,-0.3174117647058824,-0.49464592775586325
adversarial_block_gan_ensemble_paths,adversarial_block_gan_ensemble_paths_42,0.3491888270936138,0.13205381371628488,0.1515610480204797,0.26536117665572584,-1.4018320396963517,-0.6932907382713687,-0.6744279503794333,-0.4963018394013163,-0.44729999999999964,-0.688625654450261,-4.644002667346772e-16,-0.6192877637130808,-0.050564926372155115,0.4456844894450235,-0.728044290819615,-0.7691331072536814,0.228750136748653,-0.2594230769230771,-0.5811076923076909,-0.5502499999999995,-0.61928776371308,-1.0791999999999997,0.8852812500000009,-1.1367011250000003,-0.4609995728321235,-0.6745000000000002,-0.44966666666666644,0.0,0.6744999999999995,1.3265166666666872,0.1423810375670665,0.0,0.455265651629953,0.45959176868262197,-0.10128096306320805,0.23695781020158996,0.748762457559719,1.1863358072396215,0.3690349861928636,0.6155922704415883,-0.13546036047049076,0.7357029772803115,1.0319760945241683,2.027207854269232,0.43230175006816596,0.447297743863529,-0.086211363493623,0.36209617716946957,0.8496997280576402,1.3882355601004104,0.8656684491978579,-0.6304520969434939,-0.04722465038684488,-0.5390276687609225,-0.16448212878790802,-0.7193604908775778,0.4939980792328025,0.0,-0.7263846153846152,2.640738661751634,1.2056540715207027,0.06889258549800838,0.3148075103788568,0.009021635183787983,-0.5385994398807589,-0.23266826031670212,1.658957266786536,-0.019629519198807798,0.27709477015880096,0.44457836815462204,1.349,1.68625,1.0618625249488067,0.11029554446514733,1.0445772236854156,0.6156563050475771,1.1283193603663173,0.8988772027835018,1.1914630699521267,0.7112269238897884,0.9541712242633628,0.4112102369086135,1.0616924594432797,0.4743881965285284,1.2150825473029754,1.145949397661304,1.29322209240462,0.003590118069291568,0.9885531522219463,0.11299832145443774,1.078693543273738,1.0414121819234254,1.1270884287768659,1.017453300722659,1.1050169816512316,0.4002046305082824,0.6462133883979243,1.2359395346497526,2.487877470624989,1.918135399660945,-1.1792250833931956,2.333207746613351,0.10032276445839158,-0.028328822293870716,-0.7729637537578891,-1.725211814204332,0.7120138542000041,-0.7692539673942883,2.2489901949396867,2.218079551531342,-1.4176032574543165,-2.296953199899577,1.0076204225842025,-0.6745,-0.7358181818181818,1.7150295134287852,-2.1299009696060383,0.06264234324773538,-0.7692539673942898,-0.8005924492125086,0.5048888888888872,-1.3321127360327425,-2.75829752277843,-2.4773292978064894,-2.13058142948221,1.0088641897219341,1.5925021198767493,2.30547138696961,2.4488664190690996,1.7529519685884094,1.0663628907520544,1.8546598744235836,0.02520008383618085,1.7539060832419198,3.351223125249332,1.4430961978848293,0.8709671092197021,1.9087057974570412,-0.008008087634135528,1.7618459766892522,1.7962154423106287,2.650796430810152,0.9028423616760425,1.8576915896661823,-0.38995301193245063,2.013821258292048,1.2789202532425077,1.6368370462338258,1.3338426966292132,-0.11551603585442739,0.4600004926449984,0.8500572265182205,2.735516679903441,1.2552535908413187,1.9420638779283903,-0.3597333333333333,-0.3597333333333333,1.187059635792223,0.5079913386018244,1.349,1.5870588235294119,0.44489673847075256
adversarial_block_gan_ensemble_paths,adversarial_block_gan_ensemble_paths_43,-0.45309716161654445,-0.822419587591988,-0.9440361977888804,-0.6006343916068585,-1.401665789938739,-0.8419859303337387,-0.4749626146933331,-1.0213570074726108,0.30529999999999946,1.246589005235601,-1.7568372093023215,0.5646447257383951,-0.9101686746987951,-0.8647752961985058,0.9812369988478129,1.0247469295166578,-1.1570986669192254,-0.5707307692307693,1.1622153846153822,-0.9318750000000011,0.5646447257383967,0.44966666666666666,-0.25293750000000237,0.7181738749999994,1.1524989320803074,0.6744999999999998,0.8993333333333334,0.0,-0.6745000000000004,-0.4721499999999792,-0.8229141323792808,-1.1632234285714396,-1.271139044357902,-0.8446099547140055,-0.16378592333791478,-0.788740525717483,-0.847030391929953,-0.9313763157500083,-0.9148776680580722,-0.7224754673361257,-0.05058818442046346,-0.6545997112284999,-0.6308792451246489,-0.928204160906271,-0.9997450313790084,-0.8164435004617532,-0.15978756765918906,-0.7165827093464257,-0.775824128522731,-0.909722674043669,1.125368983957219,0.8845694910489572,-0.4402765609450606,-0.7610352013542223,-0.5954291918405288,-0.3727029526271562,-0.8004789179198228,0.0,-0.3804871794871793,-0.06255744369219839,1.1366997808968329,0.5314082550023852,-0.16557584132117842,-0.19767578860451943,-0.2572643134895417,-0.08141504688130735,0.5634951516477222,-1.0535297931297594,-1.2013075040561292,-0.05164966410394089,0.44966666666666666,1.1803750000000002,1.0713365258915957,1.4287393676036821,1.2046585089977921,1.466453967545206,1.2910700117554754,0.7984764887413555,0.41079045184632557,0.32694015232982254,0.9811902144967145,1.3488499987136027,1.068249368028254,1.1641512875815727,1.1583265263092368,1.0472923243715737,-0.08024899758205296,-0.00971866510484319,1.065391299732534,1.3349562971837574,1.1736889765879515,1.512769387423919,1.1955131745467025,0.9157691422236854,0.35965402725831097,0.1923681828490808,0.24141266702080158,-1.0717936756535589,-1.0044285344272847,-0.4141024238718536,-0.36467466069691606,0.436015443162714,-0.2607414066469922,-1.2456943123398923,0.7011922530369861,0.4776318399081917,0.45668422168991435,0.6960437807294673,-0.8926761073394743,-0.77957842967196,0.2509142498779417,0.4506316583834035,-0.25936873043703057,-0.6745,-0.49054545454545456,-0.3289616366022113,1.2693500691615995,0.48191439968601835,0.6960437807294705,0.4729525026212462,0.4733333333333318,0.1622672664636607,0.4346203941926942,0.5918827522214963,0.8340174155382712,0.1847890135094159,-0.4853944201560933,-0.9050713659702518,-0.6895970442882184,-1.4357385113365115,-0.7178406848728178,-0.6854256884204123,-0.8875487634007742,-0.6356208924420413,-0.7958429555762367,-0.38531493638284964,-0.2503486488478586,-0.43433645795704007,0.05401813793008766,-0.6554697236561231,-0.4343352294423966,-0.49555334804052065,-0.657456980321446,-0.5978476363310274,-0.4265095103980969,-0.4376753497464714,-0.27805293618361676,-0.4277795982554984,1.1721647940074913,-0.2328168579162142,1.0263864538199479,-1.1846227365675412,-0.808515749480468,-0.6218197178577543,-0.5884901027140814,-0.3597333333333333,-0.3597333333333333,1.247442053303423,-0.2717720456326611,0.0,0.8464313725490196,-0.05767464206074348
adversarial_block_gan_ensemble_paths,adversarial_block_gan_ensemble_paths_44,0.3977796880038332,0.324630053443154,0.3012846965000603,0.514015892229558,-1.2484331487813045,-0.35177726682665417,-0.8268820774199959,-0.9623250020008524,-0.4401999999999995,-0.540306282722513,-0.2091472868217044,-0.4143763713080179,5.052451094715834e-16,0.5228645961933376,-0.728044290819615,-0.7660199703692886,0.15282227414931374,-0.2594230769230771,-0.37356923076923076,-0.6212500000000004,-0.4143763713080165,-1.0791999999999997,0.843125000000001,-1.1367011250000003,-0.4609995728321235,-0.6745000000000002,-0.44966666666666644,0.0,0.6744999999999995,1.3265166666666872,0.1423810375670665,0.0,0.4636398600922823,0.5284812481501108,-0.09035675233168453,0.3217013539255601,0.7694955405815771,1.2267496966812663,0.35350363707288973,0.6706308574009294,-0.10989194655712775,0.7905988188794857,1.0321852730631211,1.9803486620792352,0.4101545574685528,0.5030657390262977,0.017226753020916304,0.4431666485958181,0.8548581694019945,1.382331017123482,0.6636791443850256,-0.46767003800901524,0.031807458355624575,-0.36972973850505797,-0.05544591512223405,-0.6806529206122377,0.553403648154852,0.0,-0.7609743589743586,2.444210605896989,1.1980524341174155,0.08132023950220707,0.27297192463241365,-0.09408256534038312,-1.3549645090194402,-0.23750560362682518,1.8449274093402703,0.08710062569589502,-2.1438396682446967,0.4331616585848459,1.349,1.68625,1.0566309629673232,0.12526692326211397,1.0562461863924832,0.7047790434676068,1.1497117877587453,0.8911610029803244,1.1627726722143705,0.7004777354662407,0.9552157647043358,0.48657376057357277,1.0802857971566546,0.49758507410846686,1.2435124796056873,1.1464390338798462,1.2062321982097433,-0.03331830369106616,0.990560757057686,0.08622578364286419,1.081510814894249,1.0537620028149823,1.1298426572466034,1.0162799696191718,1.0775044821194384,0.4027527879284284,0.633974120187235,1.2721975774075487,2.4653572124109715,2.2265703507904298,-1.1976725260871928,2.1447549177489194,0.15910503232692427,-0.6571295557596981,-0.9525987254941324,-1.895102862310308,0.6036358423129887,-0.8588433746457868,2.2523303190727963,2.2265769821048176,-1.4244513246397361,-2.3078986375753385,1.0065457012811416,-0.6745,-0.7358181818181818,1.7227346742342529,-2.038779971793773,0.08141496532451217,-0.8588433746457881,-0.7971249738024151,0.4417777777777763,-1.3332403792707521,-2.805444414770192,-2.3809913682970674,-2.1783133118298847,0.8962038194028955,1.749663190577876,2.323443490495195,2.4440459701769317,1.75696859654307,1.0641394264305872,1.9019817882081944,0.0069848402871323925,1.8411685085785572,3.357589879378854,1.435074877425278,0.8663569197407044,1.9543094967753165,-0.005516155985656344,1.8036797900590367,1.8020867017275517,2.619595909248269,0.9108521693912561,1.8941267973011298,-0.39500981882083586,2.0669005881842986,1.286436061633122,1.6301713632838275,1.1721647940074913,-0.11008873350431826,0.4625102565316281,0.8795976399089428,2.7357789170850695,1.525101049206462,1.9502224648172102,-0.3597333333333333,-0.3597333333333333,1.1802864448059147,0.4149006223590762,1.349,1.5870588235294119,0.3844119662799279
adversarial_block_gan_ensemble_paths,adversarial_block_gan_ensemble_paths_45,-0.994338552501563,-0.9410270292434983,-0.7416139956591318,-0.6281561224367279,0.6516758216838667,1.564438317791517,0.39627831972788385,0.32114844382906854,-0.3336999999999997,-1.190086387434553,0.9097906976744151,-1.1292894514767933,-0.26604930491195605,-0.43655725350986097,-0.04926338195949798,-0.010124606434241432,-0.6396021147319387,0.15565384615384625,-1.483899999999996,-1.3135000000000012,-1.1292894514767928,-0.08993333333333316,-1.6019375000000022,0.21229887499999972,0.0,0.0,0.0,0.0,0.0,-0.02248333333331276,-0.4826475849731733,-0.7708571428571425,-1.9121648643104565,-0.17974442128794366,0.2934747089291985,-0.13682934117137122,-0.40219442340324174,-0.5439299321404606,-2.5417361158629515,-0.16986587148335017,0.665050767489968,-0.06546031536402008,-0.33185196898912567,-0.9953450465048697,-2.5610208958734555,-0.1729081740577928,0.5483964140307396,0.002975352060256786,-0.5288813314989029,-0.8457941810080908,-0.6925347593582879,0.364174886384466,-1.269635473511772,-0.6401962263433112,-0.31859857863238644,-0.8371711911896821,-0.2225142850284779,0.0,0.5880256410256414,-0.4894073112754416,-0.29601026372374667,0.5373231749154388,-2.742056439760631,-0.5946507397401312,1.1510652359054632,-1.1039390545320005,0.8985551185899128,-0.7543530129516582,0.5209892973434617,-0.2403605574411154,0.0,-0.3372500000000001,-0.21060629875038903,-0.6821446906886183,-0.3687959444360692,-0.4856974787185538,-0.32582167523753647,-0.5374129580618535,-0.2477562520389102,-0.3354940736522119,-0.6244431099841564,-0.20816840665140013,-0.25839019521849843,-0.5542428567986328,-0.1836149658294233,-0.29670132220945356,-0.1795561990524262,-1.8726277694915758,-0.26495172590058286,-0.5943381785214673,-0.31936760928101826,-0.237460145348639,-0.32657929286039145,-0.1547206427082229,-0.03444437284617083,-0.7196905927562511,-0.8924587942458135,-0.5904249363369425,-1.1117374952801922,0.13846584949445234,0.26279403354034164,1.1219907836341223,0.19236939392425487,1.7627245026456624,0.010703602975812566,0.44107532764547386,-0.8325882593605467,0.1471167965672291,-0.7274549841330086,-0.681916433270771,0.2180067335858483,0.5523329987833671,0.27698562219580974,0.6745,0.24527272727272728,-0.3818335902151599,0.8894766835417331,-0.5104208480001827,0.14711679656722998,-0.07476200633293036,-0.3155555555555545,0.16130359853097792,0.7405767744668795,0.8356918492875758,0.8460262696844975,-0.24126768808317864,-0.688933397757771,-0.7864301577552075,-0.6824317725782624,-1.0082857636666853,-1.8118140910346097,-0.6374157359391552,-0.31277345976708815,-0.555781694209451,-0.7881943926389299,-0.4629570578458428,0.09692815857063816,-0.4152046320566416,-0.4477060685383242,-0.141578472991638,-0.44220433414640326,-0.36133558927481624,-1.5102083962364328,-0.5867592593915288,-0.47629613297069845,-0.5099239339346359,-0.3633890228588727,-0.42965748453549735,-0.18188764044943748,-0.28503559210470025,-0.6524367872789721,-0.8535618861827933,-1.4609693348545556,-0.10351313927225558,-0.5688432026657766,-0.3597333333333333,-0.3597333333333333,-0.31415651784178245,0.49216375429670345,0.0,0.0,-0.8615468793916138
adversarial_block_gan_ensemble_paths,adversarial_block_gan_ensemble_paths_46,-0.9929238942764097,-0.1282484620903411,-1.3611905712697976,-0.8722629957784962,-0.13772164368391002,1.271393716131055,-0.882652795344599,0.4785090356062866,0.22719999999999915,0.13066230366492115,-0.21960465116278988,0.15482194092826893,0.6189146987951799,0.3525203369204318,-0.012539769953327187,0.14474698296191696,0.2265670382352223,1.2971153846153842,0.12452307692307737,0.3816249999999999,0.15482194092827034,0.17986666666666667,0.0,0.08734774999999978,-0.09450491243058506,0.0,0.0,0.0,0.0,0.4271833333333543,0.38370483005365347,1.7274908571428462,-0.9686563511818107,0.1596296353866503,0.6901868795396896,0.1566099021782331,0.06220697502225498,-0.04146202669830566,-2.929340523476645,0.2756587829473715,1.1399048415524193,0.259131702238286,0.012706451261888182,-0.7161088856989626,-1.2060256487604941,0.15799335136669718,0.7466635188128062,0.09189940644449733,0.048383841188187275,-0.21362890718705538,-0.6348235294117652,1.6556000914556044,-0.7392329574171121,1.2315448253900514,-0.8385913767743669,0.01637826854024011,0.08903005142150539,0.0,-0.06917948717948694,0.8626615170356937,-0.6449947010285799,0.7372774742060152,-1.6936780720979314,0.43025115843099143,-0.514692313496156,0.27154473462189666,0.32870547153624813,0.8209525962765807,-0.27275741354857275,-1.4150781587109746,-0.44966666666666666,-0.5058750000000001,-0.4279346561559259,-1.324884680675149,-0.7197646415288654,-0.9842540673097607,-0.7228775728126507,-0.7972398610112652,-0.440170970944078,-0.6307563234188011,-0.7107394318677017,-0.792291135050236,-0.7301789181072734,-0.9362865365408056,-0.7998133401160712,-0.5916353534381186,-0.3060792484158894,-0.762539464452378,-0.7005740589404975,-1.0092173532027753,-0.6638931731360503,-0.6985096434561222,-0.6581041361405621,-0.7131708177260987,-0.35086037912736606,-1.1644893567960644,-1.3904926478052169,-0.6030629428238022,-1.3824269423235152,-0.22887505500367064,0.6231175680002127,0.22579535326157799,0.23147466654144955,0.6514327049976474,0.21134555024936325,0.4261167828404976,-0.42173935888287334,0.24567361600930865,-1.4383253475876194,-1.3345564370294767,0.4527181476216679,0.9179427946125727,-0.3296520781626195,0.6745,1.2263636363636365,-0.8634457219562788,1.3327819388542106,-0.19419611551777244,0.24567361600931195,0.6914749037227481,0.4733333333333318,0.38323099504035624,0.9767565249588462,1.4668608204945524,1.662747387822846,-0.32024342674331097,-1.5111201946692303,-1.7804143676089392,-1.293472110597299,-1.85502221310998,-1.9340338656820446,-1.3414785890952508,-1.1228621120332918,-1.234157230396957,-1.4700220500451087,-0.7078199962612145,-0.8083081980520724,-1.068189258607899,-0.9502519818954742,-1.3694917303998118,-0.8151312876124458,-0.7417948947285031,-1.35815503737201,-1.3094746042591217,-0.928368661500385,-1.368526046079457,-0.5710640594750531,-0.6532118323932229,-0.6467116104868917,-0.3836423455444921,-1.4862544555954842,-0.2907546107222657,-1.5440126870636075,-0.3096527039892329,-1.114686750907212,-0.3597333333333333,-0.3597333333333333,-0.647028826817286,1.3548898984847186,0.0,-0.3174117647058824,-0.46150875492675497
adversarial_block_gan_ensemble_paths,adversarial_block_gan_ensemble_paths_47,-0.028176182440449768,-1.2206542105954206,-0.6678356773149097,-0.9203761456852388,-2.254386488500933,-0.4211189493863722,-1.3743926028932345,1.5162110116672978,0.30530000000000007,0.9287617801047124,-1.286255813953486,0.564644725738396,-1.2514819277108438,-1.2204257514709551,0.7883335377324702,0.9170014109016736,-1.2133244138530286,-0.7782692307692307,1.8782230769230752,-0.5236250000000005,0.5646447257383967,0.44966666666666666,0.21078124999999953,0.7181738749999994,0.921999145664246,0.6744999999999998,0.8993333333333334,0.0,-1.349,-0.9218166666666456,-1.0642379248658673,-1.7344285714285712,-0.806622041483054,-0.938720999286455,-0.5721185363934512,-0.860983706320185,-0.8149092812463934,-0.8235790190626588,-0.11365467694949462,-0.9589025832826357,-0.46369343393979146,-0.8312422574656253,-0.7110820025310134,-0.6778995175432584,-0.5128007565211014,-0.9278336706668662,-0.5025945585373118,-0.6953084221399464,-0.7852164328641351,-0.811193807682467,2.5970053475935777,0.2235783035126572,0.22809887133317625,-1.5261667182108316,-0.0622307208151919,-0.9043915292843079,-0.8674603367847722,0.0,0.24212820512820546,0.17152118889138662,1.1933057892711136,0.16633695255794126,0.2238953178550342,-0.00011494601439441037,0.7865437812458941,-0.6094426125639228,2.3464143887995736,-1.919531261667385,-0.11064721914413568,0.16441533330825592,0.44966666666666666,1.2646875,1.1375068205944594,1.6539685685094911,1.2193626559115887,1.700153096500608,1.2633691252956993,0.7906304823225251,0.24744463637596903,0.31426632381494185,1.0500887484468147,1.3677669908860566,1.1079649021061553,1.4341149023427775,1.159568279197993,0.9816315580191115,-0.6805593337952875,0.3416267950970703,1.07941757454175,1.6335500940602523,1.2228254033563728,2.1350472577595294,1.1446164374267778,0.8484360462561938,-0.4970854639170183,0.12252169593830549,0.9166710341821815,-0.03975560967947969,-0.2817564227404008,-0.7119125812452325,-0.05802678518476256,1.3150872086430505,0.04838034931970805,0.21392041665459344,-0.09132432939493647,0.22810155950692595,-0.7292552027754434,0.0649764068686728,-0.6736022514513904,-0.4609400208398892,-0.05009553560516089,-0.020762544205258946,-0.05541530900549679,-0.6745,-0.9810909090909091,-0.33604549976937326,1.0490024117637273,-0.4308868194626285,0.06497640686867401,0.432704757595749,-0.3786666666666654,0.037565324549214636,-0.021695978317767248,0.2462992179618397,0.645250393966774,-0.4262570507262786,-0.14685446582606412,-0.37364597452495796,-0.4849444146813009,-0.6868337293796729,0.16470449539209073,-0.4649821326736259,-1.278877445471405,-0.8018452233842243,-0.2220507769214357,-0.053751402914396604,0.10366802376674883,-0.3278435450277547,-1.3398420421174975,0.09460861669017182,-0.4026473958156799,-0.12156652766904863,-0.14835800230277316,-0.35081568483267017,-1.0168908200741344,-0.10688118254981006,-0.20695738829298557,-0.09249122164116177,1.0306966292134823,-0.5318397616090947,1.4445278008448081,-0.43086378066968245,-0.5170872221844368,-1.1676939374553714,-0.2898908812548715,-0.3597333333333333,-0.3597333333333333,1.2749500850330808,-0.06072214408363276,0.0,0.6348235294117647,0.02183599829388523
adversarial_block_gan_ensemble_paths,adversarial_block_gan_ensemble_paths_48,-0.8790208323499213,0.3548624375350613,-0.04677632185973513,0.14485646379170083,-0.7072662106439456,0.9514892591390364,1.010843099626881,0.7986632613144843,-0.5821999999999995,-0.28604450261780145,-0.7947596899224784,-0.036428691983123415,0.0,-0.3143638773244772,0.21317608920655268,0.16524019525199393,-0.895605423483449,-0.2594230769230771,0.20753846153846062,-0.38162500000000027,-0.036428691983121896,0.2698000000000001,-1.0117500000000037,0.21229887499999972,0.3664946604015378,0.0,0.0,-0.0,0.0,-0.02248333333331276,0.1423810375670665,-0.14973900000000853,-0.43229201179276633,-0.16800134756369753,0.11995305039657518,-0.16963345658806753,-0.23408345601882277,-0.22598687679810595,0.2611374795722324,-0.10222388864909743,-0.04352854904452253,-0.013901768723536006,-0.05481617654820478,0.27519003656755253,-0.06117360478954933,-0.16729823464033922,0.014293058804727319,-0.0991509927335651,-0.16091506429829686,-0.09668395053153815,0.7213903743315503,0.936448636137724,-1.190576061289372,1.6485220168312869,0.8670557231791151,0.22776372226402156,-0.1719041570770645,0.0,0.2767179487179489,0.09417210058662594,1.0211612536040273,1.3670498172985386,-0.7168534487972041,-0.5564962040056534,-0.5142731325556167,1.1188334047121293,-0.2539231509227851,-0.44315484502217545,-0.8272322214507632,0.7126202201538852,0.0,0.7588125,1.2948406843590052,-0.03389781258935253,0.7583457543300198,0.3942586089636517,0.6976168625484886,0.8803162715909283,1.3371384075851884,1.322845016842843,1.2726909040987349,0.4503299222500536,0.7256436987185971,0.5020657799603698,0.5770123924737168,1.2189777806283077,1.6031631340046903,0.9032521870853357,1.3659355018603896,0.11859268127947423,0.7622835968310784,0.9279640226156001,0.4855012673813034,1.0848096535968417,1.235745024011103,1.2640911201347058,0.2656422927330786,1.3329834253160326,0.5666239109427589,1.7237828298410744,-0.49517715333395906,-0.7830839608799756,0.056436836892754395,-0.8430887725247399,-1.2330847024932956,-1.0405648306788582,-1.1507870502532276,-0.8218663197365866,0.45892152185778967,0.3461603384016772,0.016198385759863473,-0.11364880728497649,-0.07471014410544374,-0.6745,-0.8584545454545455,0.22252534628441079,-0.02411907212470598,-0.7553340689173518,-0.8218663197365879,0.4161708775119593,-0.22088888888888816,0.08751173862071224,-0.2223357657713633,-0.13558724688007426,-0.4427498210061278,0.1822892663673758,0.12827568715764415,0.23168331871171002,0.6234497117805207,0.36422108397140046,0.8777634111941469,0.16520897401891868,0.16277279569933203,-0.2354831112902295,0.583821306113558,0.16782592899802531,1.0582887749142098,-0.018582427001187687,-0.001388053534441196,-0.8003693184455647,0.40429355819746715,0.7519477874567211,0.8604110350430094,0.12531908558844035,0.20464476990561103,-0.38329975344046613,0.27480514616166485,0.3358354529309083,1.0711161048689135,1.033973514143156,0.5492653759879965,1.711453912205604,1.0206222218219414,0.9115326821684979,0.20205911855569386,-0.3597333333333333,-0.3597333333333333,0.9170866633488131,0.3923094831281529,1.349,2.0102745098039216,1.2370832380268804
adversarial_block_gan_ensemble_paths,adversarial_block_gan_ensemble_paths_49,0.6031030066558212,0.9906306386464483,0.6017940100260614,0.32991037017432395,-0.830239983803324,0.06090826817382785,1.1508889650468095,0.47105948478164844,2.3145999999999978,1.1618350785340317,1.3280852713178286,1.8305417721518997,-0.1606180014174344,0.034958872362669584,-0.22101344542738366,-0.39821453712247656,-0.688849915405044,0.25942307692307653,1.2867384615384614,1.6951250000000007,1.8305417721518988,-0.13489999999999985,1.6440937500000021,-0.5871522499999999,-0.23049978641606175,-0.3372500000000003,0.0,-0.0,0.6744999999999995,0.4271833333333543,-0.0989427549195205,0.47137914285712645,0.5686087567148431,0.12897032689051327,-0.7724784716904634,0.21583416243080703,0.21074084625618475,0.7029100033109777,0.271806576140738,0.41241512787893364,-0.05648549232193236,0.5451126494883815,0.40731689238333985,0.6679084665134956,0.2508534457721014,0.21561624264075713,-0.3468876104719202,0.48271375873027744,0.13355109434337195,0.6355142897790813,1.2696470588235265,-0.009103299637945645,0.708753561129459,0.3909377164389454,1.3626667562299108,-0.41715708833616055,0.15662457025584223,0.0,-0.4150769230769228,-0.06454985370417138,0.5236065494081039,-1.1089209010581984,-0.7935048318557688,0.4466387535095476,-1.179520322815663,-1.235694302489843,-1.6544709420337738,1.0294803760704612,0.12093611987674967,0.007868294882090378,0.8993333333333333,0.16862499999999994,0.48265058501468033,0.09775077778503909,0.47058328884808137,0.36572152840762095,0.4300189263137298,0.6117353498065213,0.9876962403896062,0.31568528630101333,0.560333563328132,0.07444337236821229,0.33517734975616537,0.12135067250702786,0.2594064127162082,0.743563014736099,0.8938315132625946,0.20707404831334353,0.3863408524692883,0.06617766898393741,0.4618753869224422,0.5565396722197761,0.4810529608683233,0.660255445479557,1.1592474843115417,0.28335993489617145,1.4283195560202298,0.4854747535864441,1.0821197518289936,0.7149036082642437,-1.9831295924180086,-0.3883393463532736,2.0473148067999287,0.20266345457927884,1.5788266477654005,0.4019323745477307,2.2683281121071013,1.2735834836437183,1.6311240521078214,1.0895124181025002,-1.0467432000137853,-1.3257152338626255,2.4630363415261134,0.6745,-0.36790909090909085,1.3065671927596227,0.6225323052757905,1.876311716885849,1.2735834836437232,-1.5394051314506592,0.6626666666666688,-1.3658127946732301,-1.316588322589218,-0.8954745654331431,-0.7588512689617246,1.4599045726074655,1.549271526489018,0.9705124519053175,0.7956454089551858,2.9525976752495224,0.7049863769542987,1.1397171568611402,0.5442086776404513,0.8952825583422571,0.7444679696637255,1.0259422652799468,-0.08629615671540149,0.8650924636060472,0.6568752867374642,0.8708024956780005,0.8576508934977928,0.98124030175453,0.37939012525949645,1.2064304205432341,1.261831615012734,1.0216113141946812,0.9230491262241798,1.0697905066260112,0.5658726591760294,-0.6841613601468732,3.35301952975758,-0.11669799923846598,1.4952069344403327,-0.2074964592011594,1.2688157370385065,-0.3597333333333333,-0.3597333333333333,0.4385547587524686,0.3905164600183434,1.349,0.3174117647058824,0.29876919901886057
adversarial_block_gan_ensemble_paths,adversarial_block_gan_ensemble_paths_50,-0.9802458185128283,0.21581906445200452,-1.2908686968712562,-0.5899207542147055,-0.2640904087404028,0.47440294814929,-1.02857137954267,-0.02757784126941617,0.2981999999999994,0.5826832460732987,-0.7843023255813947,-0.06375021097046514,0.5802325301204823,0.16452838629045186,0.07105869640218423,0.059684074237010255,0.5067396009651415,1.2971153846153842,0.4046999999999997,-0.0976250000000011,-0.06375021097046361,0.17986666666666667,-0.21078125000000247,0.08734774999999978,0.0,0.0,0.0,0.0,0.0,-0.02248333333331276,0.38370483005365347,1.7274908571428462,-0.922574732772286,0.06717460719058535,0.5801629344316624,0.072330769669825,0.06672604793246767,0.006940540247941281,-1.0092674657454008,0.18871069133874963,0.8433830103743,0.26618160613216807,0.030831911626055385,-0.42319020563009396,-1.071666553246677,0.10007214752278036,0.8602517786045814,-0.008752201535577842,0.08174500339034138,-0.13072818194094302,-0.11542245989304933,1.7096287056915276,-0.7593523398741983,2.1367178731509497,-0.7572444087156052,0.0698117253783266,0.010294765171700155,0.0,0.4842564102564103,0.3082711935199216,-0.46142109811046084,0.4739692066658013,-2.6431050786430625,1.1808300779299843,-0.986313832862093,0.11567788186595727,-1.5192314877788036,0.4048949429701167,0.7139352432868772,-0.5415426681640765,-0.44966666666666666,-0.3372500000000001,-0.06862912561527641,-1.4008924428905427,-0.6629143623186716,-1.0081198633375699,-0.7533007835934283,-0.04671993684283347,0.6459045404592564,0.6691343149396147,-0.19404176583901908,-0.9162999131973084,-0.686265059372846,-0.9406809828250337,-0.8399179290506171,-0.22835169883344122,0.5560591323298784,0.4857430598623383,-0.12956208410239553,-1.1110138555726243,-0.6278577301733547,-0.7142765857844092,-0.7602848819023394,-0.07342674804307142,0.6770856798255444,0.5821832017000693,-0.2413199629030003,0.015494566564184036,-0.54328571404214,1.0909698718313743,0.16892032646001207,2.220400353825011,-0.46217713907643937,1.0978774047169177,1.51934570285534,0.43702779441074363,2.103127153120543,1.3423181417933343,-0.758054077135712,-0.7067248091885052,0.25350027941206005,0.6336647327005023,1.0349688958517271,0.6745,1.103727272727273,0.02397522196788638,1.3973666149416348,1.7491588171199632,1.3423181417933407,-0.2667701652012971,0.6311111111111134,0.27865723437858253,0.9069046791535316,1.1569449546802857,1.278630777343755,0.4578781794418391,-0.7195980233659998,-0.9852147190758315,-0.763704043828662,-1.072901195778513,-0.3808938560729335,-0.8345738518155802,-1.0598296282826187,-0.8403849993853016,-0.9820313702588873,-0.30267104569180886,0.5336703898569902,-0.6888043519116783,-0.8418278422169431,-1.164715509113103,-0.3162444248774638,-0.09103380903007786,-0.12268850090861082,-0.8068252012606781,-0.861388223970039,-1.0282237040773112,-0.11571822510767484,-0.2179916632883471,-0.3435655430711608,-0.464308609629426,1.355852534086578,-0.8075817307110333,-0.5437071133576992,0.2775520329486166,-0.639207625587138,-0.3597333333333333,-0.3597333333333333,-0.577580893985144,-0.7514965251129364,0.0,-0.21160784313725495,0.05364465147824681
adversarial_block_gan_ensemble_paths,adversarial_block_gan_ensemble_paths_51,-0.49601915324126516,0.23315067152088254,-0.6035447584541419,-0.8859085738105149,0.44218558821883297,-1.0230908832314853,-0.6506369588058787,-0.14221359883061976,-0.12069999999999792,-0.5261806282722507,0.24051937984496366,0.6147341772151906,0.6241156626506019,0.043553245312457876,0.35111355869314675,0.13820478832536653,-0.11352693285307752,0.7782692307692307,0.11414615384615408,0.772125000000002,0.6147341772151902,0.35973333333333335,1.2646875000000002,0.7181738749999994,0.13599487398547605,0.0,0.0,0.0,-0.6745000000000004,-0.02248333333331276,0.1423810375670665,1.0564597142857084,-0.7077343940403417,-0.03510918140758119,0.2114806223550735,0.04978353235228103,-0.12062690166358231,-0.17204789577191065,-2.007215396460204,-0.08230917311680262,0.7858141462619362,-0.0026321374008879375,-0.21265669485062985,-0.83310268484849,-1.345039139465055,-0.046810780726253595,0.3586124889958751,-0.015923841444035896,-0.12246478655386485,-0.4242632926923744,-0.3751229946524063,1.5417762651303886,-0.6252211286944737,3.0056137380791945,-0.25677508499094104,0.11717104711012626,-0.06316116391712064,0.0,-0.3458974358974359,-0.5086912192768867,0.10050819184746981,-0.22364749196598177,0.7412924476823813,1.1306869954128733,-0.42107585624407934,-0.07446862611940597,0.5776075087018278,0.5243756012914986,0.8197307653291552,0.14937682757552567,0.0,0.42156249999999995,0.6504876964565935,-1.2803755958755436,-0.10583962173931677,-0.9056400755636066,-0.24528917092857289,0.42930639526920406,1.9397844037119238,1.2299069746140934,0.4470006531456353,-0.5188422231294382,0.18792335756036208,-0.6687956326610895,0.2055418058966375,0.5470485704024387,1.6253244571344825,0.7170860102481883,0.7312832738227002,-1.5053792198946325,-0.03350899742497595,-0.4952666690125782,-0.07276716482066346,0.47940563469063696,2.0736377313915706,1.2060625122111097,-0.5879277490878869,-0.494161201970931,-0.6633488368128571,-0.8459677589317462,-0.01986850958865032,0.4925749405191626,-0.2412335922055835,-0.8672775522490332,1.3575170613932204,0.24727348647394823,2.057449797882875,1.1680172976277499,0.4121087606420205,0.6533448087448424,-0.31077168177064207,-0.5043541535677,0.05263020279108788,0.0,0.12263636363636364,0.03567883798717243,0.8999562162281526,1.7140015867519567,1.1680172976277556,-0.2704846971114096,-0.15777777777777724,-0.6900226554009503,-0.3047944567956084,-0.7794921884175731,-0.7967568291412668,0.4362424431320335,1.3756889052717443,1.0549400657257604,0.7380013647688288,0.3340697959489049,-0.65280813933036,0.9903937103999949,0.843053493138399,1.5069350773292736,0.7409275077247067,0.020201346456216115,-2.6765486467632846,0.988079937710622,1.8299632671720931,1.9139989491577556,0.028353918608176088,-0.4241508421341021,-0.6573951372835379,0.9647401741424474,1.142411177602486,1.7265609950551164,0.10403822977601694,-0.017268304744673522,-0.24251685393258424,-0.08814028591339036,0.34250703426731843,-0.8443638825854622,-0.03789787852793814,-0.8875200003040059,0.6517676732147234,-0.3597333333333333,-0.3597333333333333,-0.003623055006266863,-1.0288871923404832,0.6745,0.21160784313725486,0.3997062003172651
adversarial_block_gan_ensemble_paths,adversarial_block_gan_ensemble_paths_52,0.4947671428320805,0.4849926816088005,0.12095663697291227,0.4464356363173845,-1.0144793395187062,-0.7374321112535273,-0.7544509715682973,-0.2444802790685649,0.028400000000000147,-0.19422774869109874,-0.03137209302325557,-0.27321518987341814,0.10922024096385553,0.3132801707330121,-0.728044290819615,-0.7965976192140332,0.4184653572853161,-0.2594230769230771,-0.5499769230769224,-0.5413750000000008,-0.27321518987341725,-1.0791999999999997,1.0117500000000006,-1.1367011250000003,-0.4609995728321235,-0.6745000000000002,-0.44966666666666644,0.0,0.6744999999999995,0.8768500000000207,0.1423810375670665,0.0,0.5459265332820047,0.3707242791803417,-0.18716248632324112,0.011614232477242852,0.7849743032178526,1.2663195077795275,0.4129101870142069,0.504064463426189,-0.20665945775525638,0.7800000026485281,1.0555534613138537,2.380645559293912,0.4978343717990232,0.34805728554717036,-0.2075743532639235,-0.004968487185360579,0.8721844242198922,1.5311847599954846,0.605967914438501,-0.7328892565687767,0.09330054292621139,-0.28859876914671084,-0.22666611361433006,-0.40604941234967423,0.43377330279224846,0.0,-0.7263846153846152,2.788963366765993,1.1732356229423568,-0.01190636887397676,-0.7500747401062319,0.17451064773053895,-0.4031425470302267,-0.19743509173741153,2.0534131913725235,0.35609096181847116,-0.06389391372962064,0.48235898517892845,1.349,1.68625,1.0431687037643664,0.08020618817992478,0.9924123273255847,0.6697248970520736,1.0396089141998925,0.880106638699064,1.1529516594793572,0.7293719620444656,0.9451228606820347,0.3713756278047072,0.9359197780233128,0.5062900826533976,1.1330343524516804,1.1300090399191243,1.5098154289379315,0.22386043422126642,0.9436241755856638,0.21283400804995317,0.9796038316131581,1.015183356471339,1.0432956745188993,0.9340707580636264,0.9797017420383584,0.4913382291846302,0.7493793648286283,1.5425978191795053,2.6575556380638603,2.537132498769319,-1.2280073708438601,2.019305432520053,0.28607135396024214,0.015975870047667536,-0.8196614665165485,-1.8979438064415155,0.8658394993690236,-1.5035431028865025,2.2518286008539015,2.1768579566887634,-1.4252359003354649,-2.2911957276256323,1.1045564680907312,-0.6745,-0.7358181818181818,1.7154855714681794,-2.2592329810801832,-0.36943968315185016,-1.5035431028865056,-0.8012409643377794,0.28399999999999903,-1.3371248416030714,-2.789758927446396,-2.306432985090382,-2.072889639904529,0.8705444577992023,1.3290095918587053,2.0308428717511684,2.423882214759794,1.7640931575176273,1.125245090432421,1.7224855255326101,0.003977956652700992,1.3731871127423196,3.366957124455784,1.4823744537453476,0.9122314155458244,1.7475739940772972,-0.014986254091344117,1.7872207789581709,1.8025440775163273,2.842428201611277,0.9481946693532485,1.6468982605240474,-0.4235726617935847,1.7772746451880246,1.2834152252148316,1.6941150137817367,1.3338426966292132,-0.09993506780193424,0.503982480874437,1.0063819657470419,2.7974136280654562,1.5670437014383385,1.8909672933821589,-0.3597333333333333,-0.3597333333333333,1.1167216500524626,0.5406545795056702,1.349,1.5870588235294119,0.47398606519497266
adversarial_block_gan_ensemble_paths,adversarial_block_gan_ensemble_paths_53,-0.686057658887045,-1.1543393486720646,-0.9078321481597597,-0.7510709122035342,-1.6269678555422689,0.6206878272697657,-0.45402976197456524,0.3030863100386936,-0.02839999999999999,0.7239397905759157,-1.47448837209302,0.3779476793248935,-1.0251373493975906,-0.8634241873377073,0.8589742418028775,1.0415716059256277,-1.2696147124217945,-0.5707307692307693,0.8820384615384599,-1.2158750000000011,0.3779476793248944,0.44966666666666666,-0.21078125000000247,0.7181738749999994,1.1524989320803074,0.6744999999999998,0.44966666666666705,0.0,-0.6745000000000004,-0.4721499999999792,-0.8229141323792808,-1.7843415714285742,-0.8327258175421901,-0.7560517697322817,-0.08464698548840235,-0.7797458150647778,-0.8149092812463938,-0.8361435102092647,-0.533409595885412,-0.7139808375733399,-0.07716028258893277,-0.6020778185902431,-0.6304207996197905,-0.8463917493172171,-0.5084034895398444,-0.7369791854491194,-0.12768693137499654,-0.6794316679096576,-0.7888828810160339,-0.7780963408123016,0.9810909090909072,0.8716970358222048,-0.6971279296992824,-1.5250555233110454,-0.364630090857174,-0.5942347555996407,-0.7161697957716806,0.0,-0.7609743589743586,-0.6042714683924716,1.0180660168332005,0.4009416641173617,-1.486111668433383,-0.7680239603835861,0.5296002450583421,-0.5876226743729805,1.4439305392026118,-0.6146732291821775,-1.7597574691917228,-0.3770855861261953,-0.44966666666666666,1.0117500000000001,1.0179792278587534,1.4363164821444925,1.1130336531098235,1.5673841082369744,1.21088864679096,0.7565663330688285,0.5329985632659253,0.29416703606999456,0.8511721400915452,1.3779384887407622,1.0416173929628798,1.2251025945539513,1.0940078728907185,1.050941917408635,-0.34096453313071073,-0.5135759813912518,1.083446774828242,1.4707633894526042,1.0832419532237954,1.5265872863884158,1.083604296064164,0.8897938345294084,0.3161826614828968,0.1583935807471605,-0.05460985101522306,-1.2790625116270085,-1.3381409969986888,-0.7123651614894231,-0.24693698910525336,0.838471055984285,-0.19302118439784247,-0.1967587278452236,0.6604106634749095,0.5328597942842896,0.2993003698991505,0.5920992596213918,-0.9810465757035952,-0.9128852030466402,0.32489452936579505,0.49127249199136097,-0.3729930994554627,-0.6745,-0.12263636363636364,-0.3261983714117521,1.3188002165274404,0.36077821951924155,0.5920992596213946,0.47272630096499507,0.3471111111111099,0.2616673104052908,0.5692439481400364,0.5139056305421804,0.7739253616555846,0.527989015107571,-0.5219614152108711,-1.0396184816585585,-0.8442413413225547,-1.4731923363054398,-0.8553447227053833,-0.6841512467028603,-0.6431421887016767,-0.5882371813288101,-1.0756939836779202,-0.46261723357645634,-1.365651287809697,-0.6033816445189584,0.17274993743986342,-0.6746081049417824,-0.5690445728980678,-0.7501043761911103,-1.0051777033182039,-0.6383911313380399,0.14193924739478378,-0.44443359224578505,-0.36031364224644236,-0.5280167215345818,0.8285992509363292,-0.2483713636262246,0.9694865449846728,-1.282338797491644,-1.1006704571565848,-0.49264387149540306,-0.6043366389201388,-0.3597333333333333,-0.3597333333333333,1.1480248962145565,-0.9206913049112586,0.0,1.0580392156862746,0.07591850753068567
adversarial_block_gan_ensemble_paths,adversarial_block_gan_ensemble_paths_54,-0.3337344216042539,-0.2566241100253502,-0.9145818125951405,-0.6242694585887394,0.20959800308846555,-1.8456802347965704,-0.3849431137877076,0.6407411647827383,-0.1917000000000001,-0.017657068062827158,-0.61698449612403,-0.09107172995780638,0.10401927710843399,-0.09286804617500106,0.28841470892651355,0.1783925553784629,-0.6833192509312846,0.3631923076923073,0.1141461538461536,0.044374999999999463,-0.09107172995780556,0.31476666666666664,0.9274375000000008,0.42459774999999944,0.13599487398547605,0.0,0.0,0.0,-0.6745000000000004,-0.02248333333331276,-0.0989427549195205,0.47137914285712645,-0.9974271198731913,-0.12248061199775194,0.18055202698324238,0.03367405212031739,-0.32903337612111333,-0.35331855654305566,-2.248040681221697,-0.14830955269681492,0.7791543280628564,-0.10740480405674348,-0.2510956365762594,-0.9519002074284028,-1.4899588672283852,-0.12643351009404316,0.2680156662842183,-0.012978015295587855,-0.43373757778538724,-0.6119381167184587,-0.779101604278075,0.946035796994964,-0.07761404733305477,0.2608204561995898,-0.6375295449070985,-1.0969995735027558,-0.12583896677080053,0.0,-0.24212820512820485,-0.4139545910582131,0.36029361688961775,-0.15948217453556696,0.5220020505717676,0.5890645173135377,-0.65119196141716,-0.1974476329088111,-0.5589481353724347,0.06070845169192007,2.4022470954730037,0.3931332304469467,0.0,0.7588125,0.8175876968524812,-1.1642283360773187,0.08313457488757856,-0.7819217408162901,0.010493167082806974,0.5712868271008977,2.0745271508179095,1.3461955735752258,0.6199501729286849,-0.70824183949043,0.2285518314977818,-0.722639464465583,0.2860746312744102,0.5637345397426414,2.2009033638980657,0.798901040817768,0.8361494557147652,-1.337780294522107,0.13264349881181356,-0.3633473581700377,0.1747560714092886,0.6036701562887099,2.282365600239857,1.265129976335578,-0.46446744571889875,-0.5738309139883493,-0.6041905761001031,-0.2857848838816613,-0.14858451404216821,-0.06141613002085023,-0.20239390613211264,-0.8616580839794584,1.3452554516364437,0.355006940648815,1.8811289553158508,0.6585508225739845,0.6579423610730728,0.8948425292467965,-0.3845499564114845,-0.6816615322279431,-0.0723909420748808,-0.6745,-0.6131818181818183,0.024218732210379314,0.43436963656278976,1.5782898659538616,0.6585508225739896,-0.26754205528004615,-0.3786666666666654,-0.6886550123386186,-0.44321653490065566,-1.0935811852269974,-1.4854137928184967,0.2697466454424442,1.6913110700731957,1.3418408874918688,1.162139748670635,0.3740485814646391,-0.5959737402048051,1.2460864129949805,1.103428503939491,1.720988590751657,1.0023562508988417,0.08267881016399559,-1.5113883920049267,0.999976607964013,1.4582612190487636,2.0759897241229814,0.03463064060119461,-0.28655929707924566,-0.7254160298473451,1.1608160946510824,1.3527747188390744,1.987098343782992,0.11637987720641849,-0.0024073561320964404,-0.08083895131086094,0.07918845637304416,0.27079573839203575,-1.024102703741294,-0.19900947757248558,-0.8227642463956402,0.8743224726869804,-0.3597333333333333,-0.3597333333333333,0.23150520770672772,-0.6970015384548516,0.6745,0.5290196078431373,0.5394914355234555
adversarial_block_gan_ensemble_paths,adversarial_block_gan_ensemble_paths_55,-0.6268540391991072,-0.8295186340578826,-1.397520532280053,-1.130931611497238,-1.5306865144932036,-0.5635060304683152,-1.6065050734231607,1.4025771855515576,-0.7099999999999993,0.18716492146596833,-1.6836356589147254,-0.4416978902953597,-1.442785899152164,-1.18101144703622,1.0219912511961242,1.0783897697467504,-1.360517221983235,-0.7782692307692307,1.0895769230769217,-1.473250000000001,-0.4416978902953584,0.44966666666666666,-0.21078125000000247,0.9741466249999993,1.1524989320803074,0.6744999999999998,0.8993333333333334,0.0,-1.349,-0.9218166666666456,-1.305561717352454,-1.834254571428577,-1.372504528703926,-1.0061733513457514,-0.20693416151025187,-0.9260480005186335,-0.927177489952429,-1.0660645453156663,-0.13665965297155178,-0.8762107319504044,-0.13322809081545237,-0.8546797258095792,-0.621154641248205,-0.7833583752263322,-0.7514285504012914,-0.9803862400363602,-0.1466797411800317,-0.8966847842774116,-0.8725437869446617,-0.987134869992482,1.933326203208552,0.592037082343822,-0.4120350109100576,-1.135950662165794,-0.659064792729305,-0.8007093708871053,-0.951653728431241,0.0,-0.5880256410256407,-0.020837595403815017,1.2127990669578863,1.0971252637209608,-0.0776785221814034,-1.1128728733292004,-0.3057462578162458,0.04067516335709259,1.1471159654898269,-1.5128776185361719,-0.09785752380730907,-0.018157202464287096,0.0,1.0960625000000002,1.127745873452563,1.296199341437997,1.222789226076683,1.4068128409048832,1.3063202391375288,0.7958738365301987,0.39444330833867586,0.5126252014803333,0.9936243663790607,1.3322784437050308,1.1572829401421665,1.4132669377357165,1.2243405433948313,0.9977378928786126,-0.6979888971968804,0.03468448726025989,1.1210622097154308,1.5093910083619009,1.231014460402322,1.8408174297964002,1.1813291346906976,0.8625224945430409,-0.1587071326294743,0.27431329169294877,0.4982588215435193,-0.5611590014613823,-0.37858685554755317,0.324096949448496,-0.08285391072109884,1.1942655754630773,0.04204318550200078,-1.9014984704332178,-0.009396299769980736,0.44689578666884894,-0.8798643961474311,0.14970093195722076,-0.9554430276444082,-0.846751467403948,0.2484909480984817,0.44294889663185005,-0.15549925653575278,-0.6745,-0.7358181818181818,-0.33151097220442927,1.1558189667432597,-0.5468086384770535,0.1497009319572236,0.47507014804070374,-0.1262222222222218,0.16116917440302347,0.5485671165438285,0.7620595067502559,0.8537019936431468,-0.3043444094704872,-0.9247553769812102,-1.0480914888736321,-0.7858057569333629,-1.4649900884645477,-0.21388215809316935,-0.8638356394812687,-1.0984691933744273,-0.9954844467891591,-0.7974958885287882,-0.32691079057138933,0.36140051764434267,-0.6020935325536362,-0.930540836900361,-0.7713005052437468,-0.4176095961587864,-0.22416816590605776,-0.08702261615915198,-0.8010698584542395,-0.7715186233992474,-0.839196415398497,-0.2673373940323935,-0.3214659447770869,1.0711161048689135,-0.3381379304134053,1.4798972899106346,-0.5507216281711043,0.3996351151927149,-0.05579843956098488,-0.6637550483151284,-0.3597333333333333,-0.3597333333333333,1.3087411574353447,0.015733596814753233,0.6745,1.0580392156862746,0.178485582835571
adversarial_block_gan_ensemble_paths,adversarial_block_gan_ensemble_paths_56,-0.8981287317681944,-1.0252400450504564,-0.2780978590651468,-0.944257699322383,-0.6831669723502712,0.7454687837798464,0.6078871009854416,0.08785316007451269,-0.8306999999999991,-1.0417670157068033,-0.04182945736434478,-0.9608067510548512,0.31205783132530146,0.09200279279830906,-0.060907454059016215,-0.17358030591641138,-0.9667781069459646,-0.15565384615384625,-0.5395999999999954,-0.8786250000000029,-0.9608067510548521,0.2698000000000001,-1.4333125000000027,0.0,0.0,-0.3372500000000003,0.0,0.0,0.0,0.4271833333333543,0.6250286225402398,0.0,-0.9626207068380648,0.29617457826840005,0.4728132276160864,0.38007469356743967,0.013845035669376076,-0.08851290301503657,-1.1075702273935135,0.42924552629235885,0.9264352976034231,0.6121017431516456,0.004140552949789634,-0.6689971597676103,-0.9340438750869934,0.3036569351731511,0.7584540686907951,0.3819672178212495,0.014384173965690047,-0.2983077251749109,0.14427807486630964,1.060609484167519,-0.7574265800037525,-1.187384405624907,0.1656148826107497,-1.2017455478897696,0.18765129744780704,0.0,-0.13835897435897446,-0.6385127937935778,1.0588673821248096,0.5298874018828102,1.0508455042764784,-0.5560456060680755,0.5199455808266101,1.143858951925932,-0.5137615163845509,-0.3060536411521749,2.124930478171678,0.5408924547541057,0.44966666666666666,0.843125,1.0883601681696087,0.325771089637496,0.9408347579252643,1.2532413950474541,0.9197496599859313,0.9266076344776174,0.9497957137540038,1.1401713840967314,1.268105701905183,0.7920869139870732,0.9826477919122292,0.9636220393224665,1.0031313008735172,1.22884883358694,0.8434434590504937,0.8161569615650203,1.1834031628835067,0.671697124324375,0.9710673355682277,1.3892243015326131,0.884649045682575,1.0982443425153616,0.8052288519198275,1.0195181116768948,-0.3737960300876629,0.4485377643963051,0.19710153509831835,1.2985352490759627,-0.25727464546524975,0.15514432945718348,-0.09022986675196544,0.7335562642806802,-1.5136577111780685,-1.9368720452112773,-0.4268877930649067,-1.5112659379337212,0.853772430655222,1.0828687195641933,-0.13906716932516464,-0.6149810313976933,-0.353479811629143,-0.6745,-1.103727272727273,0.2147989657374812,-1.1723464555317247,-0.8615483535340865,-1.5112659379337248,0.22348922425574674,-1.0413333333333343,-0.06024862677465384,-0.5786180752261877,-1.0718233048966457,-1.8752530077926004,-0.8554370388382303,1.3021965380819358,1.3798256786785261,1.555655284111608,0.543852338278001,0.33334641237205626,1.2146853025136843,1.252062051356885,1.613907036122151,0.9060539518164208,0.21339861155991588,0.7645631519145843,0.9087148629072895,0.474932277494602,2.0069484602333008,0.4003755101970013,0.6337773615433394,0.513154620891079,1.146982158358836,1.1126678729385577,1.9262321061930343,0.27774273386015114,0.2782702873137138,0.9498576779026228,1.0245038493139431,-0.2931578464807554,0.2738312404046234,0.48381697106761784,1.6215725293246601,0.8923198379794078,-0.3597333333333333,-0.3597333333333333,1.0270772873109164,0.10185191583488067,1.349,1.6928627450980391,0.6641177659470141
adversarial_block_gan_ensemble_paths,adversarial_block_gan_ensemble_paths_57,0.1579561106114616,0.14968186909243852,0.4787283806580056,0.16734704200558143,-1.6661664786712853,-0.5418513589500519,-0.7728962670325042,0.1310633082644526,-0.4614999999999995,0.04590837696335105,-1.1084806201550372,-0.22312573839662503,-0.33979630522088305,-0.2540818117396877,0.24766045657820088,0.08797007950899707,-1.175450134292886,-0.5707307692307693,0.5188461538461538,-0.914125000000001,-0.2231257383966244,0.31476666666666664,0.42156249999999906,0.33724999999999966,0.23049978641606111,0.0,0.0,0.0,-0.6745000000000004,-0.02248333333331276,0.1423810375670665,-0.7708571428571425,0.27573167608013566,-0.17699780135410434,0.06192810135195848,-0.14723540999543755,-0.1822285725726349,-0.06960050884845168,0.16965403097978013,-0.25581576612465723,0.19468883669277257,-0.4932706881740236,-0.0700468514873332,0.020866147858652553,0.18086591783400424,-0.2065245224983131,-0.02167337739687089,-0.2756019660898557,-0.1227200518284382,-0.045121825368917255,1.3562139037433136,0.578280795751773,0.1762081386949853,0.644914942662596,1.2853961670275946,1.4562070017718436,-0.158244267849349,0.0,-0.8993333333333331,1.9303752501848475,1.408546442634276,1.6488982840354771,-1.1332110348105309,-0.3113129293449067,0.07501201926855729,-0.30017822051879933,0.5427515434734904,-1.5217555961445026,1.2807965777636054,0.8787397605554921,1.7986666666666662,1.349,1.321599919057562,1.748885189694467,1.402814755008696,1.9880720154895077,1.4753733458757257,0.9334343793561367,0.3225687636257299,0.6218872720765938,1.3409808859445362,1.0263660459481359,1.2841749609904263,1.1957976807186692,1.412419421056654,1.3223805875519437,0.8187798112574887,0.39188383740604016,1.3684369970114652,1.4305673404242554,1.388213360365981,1.700213634817941,1.4501543566128328,1.1300839815050747,0.35220117664712386,0.43930317444799055,-0.4545222063310157,-0.17974789807488917,-0.21537921335646923,0.007341037189018989,-0.6522771989863763,1.0185514737109285,-1.4420667119533443,-0.1381902976460723,1.4320547669914547,0.31221511031527477,2.110280876738684,1.2765488377903682,0.05897909192247308,0.32078501456660974,-0.21971201725505057,-0.304254748705706,0.2194734483185712,-0.6745,-1.103727272727273,-0.0805928724034221,0.9992817138683543,1.7546649395283946,1.2765488377903738,-0.21544081953743216,0.883555555555557,-0.1796530991626513,-0.4141796087727562,-0.20568673438247703,-0.010569757878180711,0.6647548714404091,0.1589729502274766,0.37359710244388517,0.6275350620322263,0.0012285316042558163,0.27618693599299704,0.15674470010722508,-0.18820358682896063,0.2692307564655484,0.4712988538100688,0.08486730521445993,0.23071464228950028,0.09818899378766403,0.17027556205130415,-0.2062574999004843,0.09061508402851418,0.24666566240118298,0.26363785127751277,0.11361619544055786,0.5314068706017832,-0.03694563004888926,0.17950760467943444,0.12514246570936755,0.32335580524344515,-0.25289737763780945,0.4862978113875726,-0.34449364327301873,0.40350632514197476,0.31183446591768144,0.19346169292228327,-0.3597333333333333,-0.3597333333333333,1.4720940398441742,2.244052826456587,1.349,1.7986666666666666,0.208713870603412
adversarial_block_gan_ensemble_paths,adversarial_block_gan_ensemble_paths_58,-0.8235209676819604,-0.9607360307231011,-0.20873303685193098,-0.47337108357943997,-0.6987206936573416,0.7476661023743133,0.397553484168437,-0.7746606727004145,-0.7809999999999991,-1.1123952879581123,0.13594573643410496,-0.810538396624471,0.31205783132530146,0.10386618767361261,-0.10031815962661388,-0.17995867206729674,-0.9423019587098422,-0.15565384615384625,-0.7160076923076879,-0.8963750000000023,-0.8105383966244722,0.2698000000000001,-1.306843750000003,0.0,0.13599487398547605,-0.3372500000000003,0.0,0.0,0.0,0.4271833333333543,0.6250286225402398,0.0,-0.8048842579047721,0.2815488126935564,0.5335163072502587,0.30034611387523824,0.005866534357842527,-0.07942479950550488,-0.6971520740539209,0.41691132198444963,0.7405760530703932,0.6421140592867436,0.006608406284478202,-0.5000243512045456,-0.8377890139475661,0.31523199588469836,0.8914260548323577,0.3897708542985358,0.012536288886170715,-0.3065086813455073,0.25970053475935695,1.0662891433669166,-0.7212806924962031,-0.39575019919093557,0.1755864088616065,0.38000838522488206,0.16948043187718473,0.0,-0.2075384615384614,-0.27408372728364205,1.0857079858267642,0.7236242618878388,0.8188516882654169,-0.5589008083391953,1.01920730090927,1.1285847522516177,0.4867861023303239,-0.43274259543854415,-0.22446571701202161,0.5389373751742782,0.44966666666666666,1.0117500000000001,1.1622415014489842,0.2633615885007718,0.9302478340686416,0.9805078282624322,0.9538246866023049,0.9023024097982092,1.1556397844604114,1.2143198257301204,1.266459336237307,0.7292207224343773,0.9745403892009661,0.9560517444944595,0.9992931842705184,1.2263518818443666,0.8763593309752445,0.8460835176525228,1.1961299131773249,0.576128342327084,0.978452008534231,1.3996143278447963,0.9158277028900508,1.092179474829229,0.8140476199724166,1.1348651701190395,-0.12537166724316184,0.8714462936599572,0.3152958073304839,1.898661890540289,-0.21781727198639772,0.21321017353845212,-0.4555612352645661,0.8544591171258642,-1.5883006919396752,-2.290490447322393,-0.071273365793919,-1.7117856618430145,0.7560047331721682,0.9574149713965086,-0.15125901209245493,-0.6079392884595393,-0.31236961389336415,-0.6745,-1.103727272727273,0.20848602672861827,-1.4713364525354609,-0.9955414200558949,-1.7117856618430185,0.23240898816808564,-1.1044444444444452,-0.0561589340886707,-0.6205362753538519,-1.0656421048727354,-1.707990731697164,-0.9258405383051126,1.029671863691186,1.2135544599869499,1.433172095398435,0.5156369888680419,0.6242663702397815,1.034895688369092,0.8720779472218341,1.3897687358421054,0.9168185849005495,0.2627767213084173,0.8596697617746842,0.7980297526046419,0.2592546004314219,1.6928867142136867,0.41198869578864494,0.7615466890082861,0.6379821127036038,0.983482236585855,0.8844775783311295,1.5239495893112467,0.28504314555219995,0.3524387201070465,0.9296479400749071,0.9460733163630537,-0.09634394310096188,1.5694875721146442,0.5910876119297281,1.0955683421757314,0.7891174865373113,-0.3597333333333333,-0.3597333333333333,1.0324807845367578,0.33689215449366,1.349,1.7986666666666666,0.7720382858019609
adversarial_block_gan_ensemble_paths,adversarial_block_gan_ensemble_paths_59,-0.9218133957129317,-1.5622979055516284,-1.126164037131646,-0.8378878366889023,0.8010969859649038,0.9296499085865929,0.4046034200361326,0.7859691729026589,-0.31239999999999973,-1.16889790575916,0.9097906976744151,-1.0200033755274265,-0.2860530120481927,-0.42976278507177523,-0.04926338195949798,0.0034857960846901947,-0.6450533933673559,0.15565384615384625,-1.483899999999996,-1.357875000000001,-1.0200033755274256,-0.08993333333333316,-1.6440937500000021,0.21229887499999972,0.0,0.0,0.0,-0.0,0.0,-0.02248333333331276,-0.3402665474061068,-0.7708571428571425,-2.259502817847324,-0.18174957245528575,0.4029845472042351,-0.12275340526765971,-0.4158599530965501,-0.5626847939386558,-2.563766590577092,-0.1678051333521391,0.678221361838916,-0.07121582848391025,-0.337460958047582,-1.0067527975403916,-2.6376659545508914,-0.17370601121127474,0.5425349178189867,0.013755430625097731,-0.5383753844252137,-0.8542487251107809,-0.6348235294117652,0.4232871313869383,-1.2151514221806818,-1.9430855569490864,-0.6020778853428281,-0.29355317319857777,-0.2074764413010799,0.0,0.5880256410256414,-0.2746863479065013,-0.3358561561838268,0.3242610033489202,-1.1983830984110413,-0.4973817258489149,1.3527789528769114,-1.0395407346513637,0.3257804081919179,-0.3775437562291988,0.2761383083056468,-0.41294488960216924,0.0,-0.3372500000000001,-0.21415707831298186,-0.8177664514602146,-0.397187364820083,-0.5437030377941916,-0.35797717292666775,-0.5830468599107715,-0.2617300928532231,-0.2616178219505883,-0.6348511331987295,-0.20066524752549378,-0.2737358133257854,-0.5537706365882811,-0.20343976335435418,-0.3037670012198343,-0.1977487119851353,-1.8759385128726263,-0.26597528067469367,-0.6101353271629502,-0.33855940243411353,-0.3008417542630577,-0.383590602132656,-0.13921613447656167,0.0011523565796390598,-0.6836547907638495,-0.9873719755175141,-0.5683639853209905,-1.278967897190981,0.8970841971345438,0.403197131362944,1.6811679777459545,0.33486174579179356,0.11306108479158271,0.1713566766995164,0.3916399441214873,-0.4505978188087579,0.18249663287348827,-0.656269423389488,-0.5919832618752906,0.13433471353182827,0.45473161627768016,0.28718487582735547,0.6745,0.36790909090909113,-0.38554331208045955,0.9484396021897707,-0.21640807412179244,0.18249663287349063,-0.07294953356824764,-0.28399999999999903,-0.028751430147126517,0.6121554495371825,0.8067423656206887,0.7999693354066776,-0.1539877154274718,-0.5888832852529402,-0.7329673438193912,-0.4331115407960439,-1.0208339310099979,-2.0331287241873057,-0.569065808082929,-0.277866765712171,-0.44394671926402457,-0.6533760209710257,-0.4637955865395124,-0.28751320064722297,-0.3780791436418316,-0.37446030681969944,-0.07477492531587299,-0.43478825595091236,-0.3841459782397033,-1.6993445068908208,-0.5394824818809653,-0.40624542147364956,-0.43477691460060763,-0.34870857054426374,-0.4340326573386956,-0.1616779026217233,-0.3870459364049243,-0.8031553693193564,-1.0281138684970008,-1.5887302333445021,1.2470293634022414,-0.48188409860679265,-0.3597333333333333,-0.3597333333333333,-0.3596147601814812,0.46281416936785363,0.0,0.0,-0.9878694154738442
adversarial_block_gan_ensemble_paths,adversarial_block_gan_ensemble_paths_60,0.5993582339938148,-0.07220818322938079,0.4094518759772609,-0.00956620075114535,0.7454922796966037,-1.0206866067072915,0.5813515835657276,-2.0840896508728335,1.1147000000000007,1.0982696335078537,-0.34509302325581026,1.0017890295358647,-0.8541582947173306,-1.3646083684732992,0.6726690882105953,0.991131044369892,0.41427831868477993,-0.5707307692307693,1.1725923076923037,0.2751250000000021,1.0017890295358647,0.31476666666666664,-0.6323437500000015,0.3809238749999998,0.921999145664246,1.0117500000000001,1.3490000000000002,0.0,-2.0235,-1.3714833333333127,-0.9652951699463472,-1.5916272857142881,0.4438958669968633,-1.5725724632626883,-2.1635911543152044,-1.5760155689166204,-0.8673115415504181,-0.2286350731463434,0.24554150239602376,-1.2708468580778973,-1.377561339945874,-1.291169816669412,-0.5612282791703487,0.16498815085843083,0.41193446924078087,-1.4369960487083613,-1.7545907259248783,-1.4625481292674014,-0.7072649710664369,-0.051995687371684654,-2.019893048128341,0.284832209237563,0.5147488696316513,-0.14385755826670854,0.24119744001771332,1.1908393300088884,-1.2055983561513743,0.0,3.6319230769230773,-3.5311368525203415,0.006820462858028233,0.0631872881139445,0.4681241392209257,1.4071001452867855,-0.6604067057544238,-1.5208835313924245,-0.007800639876481558,-1.1297680799874175,-1.0608171031199045,-0.9292928839121588,-0.44966666666666666,-0.16862500000000008,-0.04937790872979775,-0.1261817493890227,0.007531025248662356,0.5874387791689974,0.002036767317648498,-0.3548268816542771,-0.8491536872747423,-0.7357241485848071,-0.1357904960914459,0.06012463236860119,0.011784831245946235,0.09006137380303002,0.02652392102587679,-0.06252329822230752,-0.8527444299294132,-0.9683119343152135,-0.009551692961166477,-0.3267821917542415,0.008984724276904646,0.5897464120939021,-0.007033341780240458,-0.28970838523312137,-0.9510896347600167,-0.6975265317298915,-0.09248762118286097,0.747201772101184,0.1780406830395866,1.603577213109881,2.376601092427279,-1.640720911823498,-1.140212496262362,1.5438266815611588,-1.3637468295539126,-2.2839326344806383,0.3555571977729098,-1.7471557024822286,-0.053111753825548266,-0.033952205700625064,0.23066850708640502,0.2401905609896048,-0.4177641543153954,0.0,0.0,-0.12348899523132355,-1.8302028514644921,-0.7245743559634693,-1.7471557024822313,0.5355837111991706,-2.0826666666666664,0.27805384790524645,0.30602683109133005,-0.0022710195434249582,-0.34475398249043787,-2.4953253384291285,-0.029943352040212885,-0.03358113192371696,0.010760114694800803,-0.28425963763891016,0.49559831433151685,-0.027112450461211038,-0.15317568367875947,0.08405072566179893,-0.005225492279440691,-0.15267928026852917,0.7537048468517569,0.20580656613214154,-0.013410229029744357,0.5051033065535513,-0.006026288355047327,0.1310581509521171,0.674034824768524,0.009267154162099308,-0.08759446703235288,0.15563732281989895,-0.002980702734713401,-0.022820238618485603,-2.0816029962546816,1.0984371488941933,-0.08769234108193107,1.1671714520383467,0.1454556588295055,1.5326505550542227,-0.011334059210666188,-0.3597333333333333,-0.3597333333333333,-0.011450963713203838,-2.7206784318430524,0.0,-0.21160784313725495,-0.4994408969057703
adversarial_block_gan_ensemble_paths,adversarial_block_gan_ensemble_paths_61,-0.9510129928679376,0.31277599577620596,0.17281518913040186,0.7986934315584384,-0.8307288197803105,-0.0027184311924249405,0.8227068375721597,-0.5807373146696921,-0.7241999999999992,-0.158913612565446,-1.192139534883717,0.05919662447257234,0.1260233549582952,-0.2701397973195564,0.2301943484289251,0.1721022961875425,-0.8652116792404064,-0.2594230769230771,0.6018615384615361,-0.44375000000000053,0.059196624472573914,0.2698000000000001,-0.8852812500000039,0.21229887499999972,0.23049978641606111,0.0,0.0,-0.0,0.0,-0.02248333333331276,0.24132379248658697,-0.14973900000000853,-0.2307829382596349,-0.1323224487111837,0.12142989757261972,-0.1375716620308751,-0.19394298403709243,-0.1321531986190281,0.3121995681634673,-0.06759087976892926,-0.05247070862965122,-0.019524045809493303,0.01497570475013582,0.42553942511030307,0.10773771473297612,-0.1308673425849429,0.0280092866825255,-0.12010979204166164,-0.0800201418508534,0.018965167681876813,0.4616898395721913,0.984648973237218,-1.26819715093931,0.8073881683227623,1.267591426208749,1.6189577610555768,-0.14059518078887878,0.0,0.17294871794871794,0.32990986864414007,1.0434216439821262,1.414042895880231,-0.9059778108322029,-0.45800791500138105,-0.5307692800940109,1.275888355865961,-0.32872793019520935,-0.6990753213200263,-0.7246511743981153,0.7371725882863512,0.0,0.843125,1.3084827543822448,0.04981048454750159,0.7742335703116694,0.5040519807725238,0.7000207074146874,0.8863661753883513,1.3856528268286257,1.3057590978447748,1.2698777545126456,0.4291522639790251,0.7204362389209503,0.5282159638704575,0.5879467303549478,1.2389890080484025,1.562393845383352,0.8987106196789558,1.3823993826144052,0.1521447531538821,0.768905313711853,0.9753520807454017,0.5116605222489243,1.105702656023308,1.283707535659467,1.2443387893970868,0.2560176290380402,0.9634072800387341,0.6610845033837325,2.1708193346522346,-0.5898040988712093,-0.3779335721820053,0.14032363447652077,0.3678238305573005,-0.6564515753149857,-0.9872222480896968,-0.10639960796069892,-0.3630376902675992,0.45320335305822884,0.3671344515375958,0.020918203549300053,-0.06408734028262138,-0.06438133603361441,-0.6745,-0.8584545454545455,0.21339939511064787,0.09127281605619611,0.04851654176449632,-0.363037690267598,0.4219865340696798,-0.03155555555555545,0.09067266597079762,-0.19323551680804632,-0.11783943367954447,-0.21316764668379992,0.20537973150213287,0.17879121914294543,0.3100134101167385,0.5916033829416389,0.35166747969325235,0.9140366666737112,0.11958212589433478,0.07458261851724102,-0.31985309131286044,0.5858672342668294,0.1785595520395614,1.0515547246925478,-0.07583449299693952,-0.012768871178249399,-0.8474324536223188,0.3953852212825914,0.7303419061520803,0.8891750139565738,0.0756699575428167,0.035514809465897045,-0.4524437696189268,0.2798877842587557,0.3455353458337339,1.192374531835207,1.0629673274823175,0.5294783920118116,1.312422830257333,1.1076146744096758,1.619620325464698,0.1798185371671013,-0.3597333333333333,-0.3597333333333333,0.9437777902616156,0.47304054124474887,1.349,2.2218823529411766,1.2339666518796946
adversarial_block_gan_ensemble_paths,adversarial_block_gan_ensemble_paths_62,0.7792986538983883,0.3104159131400348,1.0030496127703532,-0.02754873429492394,0.8114653452168759,-1.2825139186688748,0.5466970710558144,-0.986676375705371,0.9442999999999996,1.2395261780104714,-0.8052170542635638,1.0200033755274265,-0.9829821686746989,-1.3779770249156627,0.6771475774796405,1.0081517457100264,0.5433160566698797,-0.5707307692307693,1.0169384615384607,-0.11537499999999995,1.020003375527426,0.31476666666666664,-0.12646875000000266,0.3809238749999998,1.0579940196497224,1.0117500000000001,1.3490000000000002,0.0,-2.0235,-1.3714833333333127,-1.0642379248658673,-1.5916272857142881,0.5718573702066158,-1.6312058403984961,-2.3055321523121934,-1.6982833020870187,-0.8718687516522386,-0.18006982821031267,0.19405923464817537,-1.191445068609709,-0.8812519704731591,-1.2531862363720856,-0.551773685714138,-0.016751943617186536,0.32291919631038285,-1.4586023223271039,-1.8332475719954422,-1.4611164176271774,-0.686914368243985,-0.0301735252312547,-3.0298395721925107,0.19268490051068046,0.6229561551754623,0.8111976217144805,0.9036563937469163,-0.12671772740621898,-1.2529817795765543,0.0,4.047,-3.417387965511999,0.014803836562927079,0.3126756393142298,2.049021084494344,1.2505674467863115,-0.1260456228616999,-1.407876559878517,0.8002138132893429,-0.9106261486290964,-0.32167145784277085,-0.9532291964617153,-0.44966666666666666,-0.25293750000000004,-0.05119145645724898,-0.011495008232389914,0.03436931083507976,0.586740289921775,0.004495443844456605,-0.26074713796796806,-0.7064979136414142,-0.8003970562842165,-0.13719065583702947,0.008968988407043176,7.313566207098565e-05,0.08083779452554529,-0.009910632157138569,-0.05446040621900351,-0.8018861247219077,-0.811240345926242,-0.00416979282098618,-0.28847348636863235,0.014887755102631491,0.5570991229776469,0.0015686052948417789,-0.27215960395604427,-0.8839173255167386,-0.7451966897648479,-0.11358474464674737,0.740991543648013,0.23250934150935107,0.796212362833888,2.363569765517084,-1.5359946773275037,-1.4716632618192718,1.6792407209099522,-1.3842792647319617,-2.0661186042038033,0.007343573602397049,-1.6939229612286946,-0.05102660026279431,-0.03687793147352187,0.23068316046591883,0.21885455296831113,-0.45239915279966714,0.0,0.0,-0.1295968466843404,-1.537435228827896,-0.48494615715838424,-1.6939229612286992,0.5419760386194165,-1.8302222222222226,0.28070583422738976,0.3128885214201866,-0.05138050120601177,-0.5015052610007117,-2.4341766584976923,0.036550034944047405,-0.04283915213061705,-0.0044035667725739695,-0.2851063108626305,0.45743371684338846,0.03120743731832663,-0.13402999984905833,0.2291376770888032,-0.009853889495461643,-0.17155421980119087,0.753885570487953,0.1990322758730262,-0.13007012964055606,0.5251436891664649,-0.00471658103326161,0.14886434542473378,0.6294397294311603,0.03941894652665473,-0.02972655103989683,0.23677803174168396,-0.003622530033110031,-0.03406329033355466,-1.940134831460674,1.0408504697389034,-0.1240153504028056,0.9337801688111351,0.15018863222132883,1.088618526195833,0.023809778394818706,-0.3597333333333333,-0.3597333333333333,0.020671480317885037,-2.6821194368507157,0.0,-0.21160784313725495,-0.45346600555440025
adversarial_block_gan_ensemble_paths,adversarial_block_gan_ensemble_paths_63,-0.7762605586120666,-0.8238498451105514,-1.2261344033027972,-0.5940076634130105,0.3195733287653053,-0.21468836777624287,-0.011972900814546075,-0.06175694478087323,-0.2414,-0.9428874345549724,0.6797286821705397,-0.20491139240506334,0.19603632993512538,-0.33088979189783635,0.0,0.03791010011459688,-0.13244146815525112,1.2971153846153842,-1.2556076923076889,-0.07100000000000009,-0.20491139240506323,0.2698000000000001,-0.9274375000000038,0.21229887499999972,-0.09450491243058506,0.0,0.0,0.0,0.0,-0.02248333333331276,-0.24132379248658697,0.5712051428571321,-1.0710109891654471,-0.06674515162105167,0.3511433700620701,-0.06406176131855958,-0.2547476843583554,-0.15188375222048703,-2.4046384613720115,-0.17121703102113592,0.6914001711571435,-0.1441410903956909,-0.18463973619317856,-0.9071121209316569,-0.948711189297631,-0.07526944342326727,0.5761886202144653,0.002346516647096312,-0.0735769418408862,-0.36238681446453036,-0.605967914438503,1.1860790349711878,-0.45796008569757185,-1.1369708664328821,-1.021775532827548,-0.027287355362651068,-0.08348321943979825,0.0,0.4150769230769234,-0.44870662917668197,-0.3426373510387947,0.5440527813758819,-0.729426381633304,0.10986643046349791,-0.2190842249299133,-0.5685823023980491,-0.10930498761264267,0.2666830590603887,-0.5312759460220053,-0.33061357396091323,0.0,-0.3372500000000001,-0.23087159213682518,-0.9887897086575341,-0.4198257081910903,-0.6879640580310977,-0.35644295124027053,-0.5609821084671209,-0.0953912963557161,-0.175117456167977,-0.6031459052738766,-0.7461196597364258,-0.3505266681574831,-0.7932230491884894,-0.27360843193380247,-0.31757782959772396,0.016966546920664564,-1.1574716401240295,-0.248880706395626,-0.8974900766001732,-0.3601243633801529,-0.6236260083852111,-0.37496501329639426,-0.15430131320693719,0.1578661176100907,-0.5095587213164766,-0.7721400908754947,-0.2920117914949552,-0.9489090931026901,0.4263267741650615,0.25420229962850505,1.480917784612287,0.21339453852284193,0.04754005338394397,-0.20046744783722875,0.3981648954300571,-1.1819669472178769,-0.1336193613029558,-0.7601002929967626,-0.7130241700797089,0.2187894342953062,0.5703872607727427,0.31414976867981076,0.0,0.8584545454545455,-0.3791028582224471,1.0052842539976017,-0.7793328055940515,-0.13361936130295649,-0.07012532254160282,-0.4733333333333318,0.16030389219127897,0.7529118075101022,0.8139932290592923,0.8934365136439928,-0.5138245558747201,-0.7669243475418285,-0.9636312774047108,-0.7055500501887507,-1.0181652740544564,-1.4864123852582345,-0.7013030640229473,-0.7086158598361469,-0.5922622118675869,-0.7740586098193224,-0.435833165147187,0.3076688416453425,-0.5829032034095181,-0.6157974267076418,-0.7857583800866921,-0.44057517068544405,-0.24591383934182703,-1.0940468215408778,-0.6622608263797304,-0.5925660961187789,-0.607966900541685,-0.3565984918016727,-0.3803222329700341,-0.18188764044943748,-0.29482541075414925,-0.5392387822296335,-0.8169734428419463,-1.3499944521224951,-0.16064399161627008,-0.600375710208533,-0.3597333333333333,-0.3597333333333333,-0.3941470673266344,-0.1406941361461915,0.0,0.0,-1.0192582704461393
adversarial_block_gan_ensemble_paths,adversarial_block_gan_ensemble_paths_64,-0.5854566693973431,-0.07238755872158405,-0.8950676391604866,-0.6184753608012352,0.4628734904121742,-2.41679920561243,-0.3976521266699727,-0.3717524850663685,-0.3265999999999999,-0.19422774869109968,-0.554240310077518,0.22312573839662395,0.28005189990732166,0.06731434906917462,0.33857378873982047,0.15331538873733114,-0.6121983873309349,0.3631923076923073,-0.031130769230769458,-0.15087499999999998,0.22312573839662478,0.35973333333333335,1.2646875000000002,0.7181738749999994,0.13599487398547605,0.0,0.0,-0.0,-0.6070499999999083,0.4271833333333543,0.0,0.7708571428571435,-1.4650029418599744,-0.031784436547836185,0.4962940977398637,0.130908290564045,-0.33852755030744386,-0.4400700896649607,-2.0115650650471038,-0.08647973146509971,0.7369058378155201,0.04127151429510471,-0.2594885652954822,-0.8954324121821134,-2.0442375982775447,-0.04495261832050438,0.9041674313230355,0.02878617845223822,-0.40411674807656855,-0.7261120446814064,-0.34626737967914395,1.1004335302751351,-0.5442195671254542,0.6117676282911453,-0.6720029578570895,-0.6791933316693773,-0.09618571039524891,0.0,-0.44966666666666627,-0.5340916052164061,0.09580236619805763,-0.6415327371001993,2.402732866675649,1.0077502921403776,0.1597053451436918,-0.3036203327340032,0.9010111314092402,0.13466613035560554,0.5743078802497296,0.470092969926832,0.0,0.42156249999999995,0.6506213736662244,-1.4720473277189314,-0.17403592378115953,-0.9414391005561168,-0.4079366981255523,0.4283659191337306,1.9741912065390952,1.2852874415820355,0.5108534259788016,-0.8202976091965747,0.13291074348940013,-0.7483820309918453,0.17833147984540257,0.5602101028434473,1.9639290514218006,0.7769507925795374,0.7394105114141106,-1.5488814988540558,-0.11112536483128607,-0.47972660677592005,-0.4303631052938532,0.500361605653248,2.224987906785348,1.2991080132807766,-0.4691094115723111,-0.48521984185394695,-0.48366371198254965,-0.737785014247569,0.0074708353786482285,-0.8455085827390676,-0.09759836387831522,-0.4430687924769248,1.5555714464649266,0.42496962450973835,2.1905519248089296,1.3655943839989928,0.3410240524317309,0.535707820997546,-0.2958917732602747,-0.4515792766666172,0.141848050806718,-0.6745,0.0,0.026428342433198287,0.8951131530512246,1.816448458171341,1.3655943839989981,-0.25894647162721246,-0.15777777777777724,-0.6897076816361308,-0.25996700520935295,-0.7365292400407325,-0.4196555341254297,0.5738753161045045,1.4048213589743974,0.8511956133291191,0.5650623842164122,0.3271523032882504,-0.45687094420719726,0.8187022936100778,0.4899601918747842,1.2203706792984157,0.7177599277594707,0.049438256547421504,-1.5964918817126,0.8913617729954706,1.3538799036029392,1.716664915908202,0.03384401799810789,-0.30944912688729675,-0.39030950334720155,0.8086938732742743,0.722317472786932,1.5254266953427833,0.10101848696263055,0.04516263909630254,-0.3031460674157296,-0.18109433967479513,0.41616548072473514,-0.7755554696408458,0.08883017048150307,-1.058698326092376,0.5560749406243737,-0.3597333333333333,-0.3597333333333333,-0.0547087683967161,-1.1662447493222377,0.6745,0.1058039215686274,0.4671529258420441
adversarial_block_gan_ensemble_paths,adversarial_block_gan_ensemble_paths_65,-0.10031279319847398,-0.42877834757258615,-0.6998516709527279,-0.19663866180197573,-1.0586876028858414,-0.036435212997538984,-1.968173720925107,1.528095903946961,-0.5751,0.4484895287958116,-1.8718682170542613,-0.1958042194092839,-0.7281349397590359,-0.8439116616968753,0.388732868553127,0.5055828065245891,-1.1268899930312142,-0.5707307692307693,1.4320153846153836,-1.0206250000000014,-0.19580421940928225,0.31476666666666664,-0.12646875000000266,0.5495488749999998,0.8274942332336607,0.3372499999999999,0.44966666666666705,-0.0,-0.6745000000000004,-0.4721499999999792,-0.7239713774597603,-1.063397428571434,-0.4822873333187502,-0.6065140466361123,-0.022902897325957596,-0.5237042667384925,-0.5769714999550375,-0.6295494256900894,-0.848607667653866,-0.6712974851074354,-0.047107799790863,-0.6016280482534361,-0.5952355543864637,-0.881994936237494,-0.3246698255696283,-0.6494119343135386,-0.10981701209237708,-0.5576618397437699,-0.7375098881577102,-0.6697422327158833,1.3850695187165758,0.4946351611286791,0.4629590346930815,0.23316302552259113,-0.46489445168475735,0.9582733958168986,-0.5494389957543482,0.0,-1.1068717948717948,2.1151178022690593,1.3618848674450306,1.3613119744962758,-0.49280911653070225,-0.8730258596781554,2.058407950949521,0.25098918729601066,2.043210218309484,-2.5660065435200017,-0.7828832652800548,0.6576718646634899,1.7986666666666662,1.2646875,1.2884199238475122,1.6705365109377728,1.3766146344546182,1.9090366283025564,1.4233743950358118,0.9413121195954754,0.3470216783454328,0.7041367108016161,1.1277301142141936,1.2506910152635917,1.1682020553502406,1.1795044756523274,1.194750424685238,1.3283667831886432,0.5613876816686271,0.12975168097560788,1.2588022883537182,1.4787999690261824,1.3302589083308458,1.5690914528078668,1.35523283262114,1.1437713932476286,0.4951510960806223,0.45557324303989377,0.5455363421902812,-0.031034063347050812,-0.09210130954255223,-0.7928030741625178,-0.49823407514791557,0.9888952483595997,-1.1609795353111634,-0.1342750714668813,0.6419848337474255,0.1834441384738736,0.7581466658971479,0.6424465211245746,-0.030488549555935197,-0.0013736741509759271,-0.15894661129006388,-0.17176742519423766,0.27208208964708724,-0.6745,-0.9810909090909091,-0.08347733982078738,1.2973232079697523,0.7139458853784242,0.6424465211245763,-0.2101822144770824,0.5680000000000025,-0.09935993688085354,-0.0858823812245791,0.006476256165276731,0.1056427507385457,0.16370150430250766,0.08865628495680422,-0.013823588611396993,-0.01114477558823899,-0.0008031096209926905,0.09392489197850376,-0.13872743988487926,-0.5678917084527926,-0.2587521453511177,0.41162615298481253,-0.08625385800342307,-0.5653898569273897,-0.33543614221356166,0.11336628055680252,-0.5208877538656962,-0.40525752562977896,-0.4181443670669601,-0.1264892906625545,-0.19644909328716836,0.4176939088077546,-0.22559805805137884,-0.169764548530136,-0.18901944382874158,0.586082397003745,-0.2804522322504831,2.230504870582311,0.409969666304257,0.30013100315016,1.126186809283325,0.04736978583707008,0.0,-0.3597333333333333,1.4515056785837175,2.5092949637651825,1.349,1.7986666666666666,0.33401841615349315
adversarial_block_gan_ensemble_paths,adversarial_block_gan_ensemble_paths_66,-0.4775673621383229,-1.0603615371839359,-0.9033362698646268,-0.290797104799537,-1.9006607719702067,-0.7820521587008737,-1.1541986225780614,0.29379569482079443,0.262699999999999,1.0982696335078526,-1.5999767441860435,0.9152708860759486,-0.85960374832664,-0.7755812448396986,1.0459643408127783,1.0332959635988617,-1.0549203220573886,-0.5707307692307693,1.3178692307692286,-0.7898750000000004,0.9152708860759493,0.44966666666666666,0.1686249999999996,0.9741466249999993,1.1524989320803074,0.6744999999999998,0.8993333333333334,-0.0,-0.6745000000000004,-0.4721499999999792,-0.8229141323792808,-0.6779688571428628,-0.8946681935369527,-0.8322011407680048,-0.2625380892115393,-0.7833405237828989,-0.793005236702661,-0.8439084456569879,-0.5617875885997088,-0.8490659207559129,-0.24665200364221948,-0.8278932409154209,-0.627804490444134,-0.791154342730934,-0.5010304018563824,-0.8541090406936224,-0.25008503838249985,-0.7477018713337412,-0.786677045294311,-0.8195953536098367,1.9044705882352897,1.11809894041323,-0.34327224610789525,-0.8218950742166015,-0.5845813181721948,0.1958055040150995,-0.7804789145884142,0.0,-0.06917948717948694,0.5247320038434887,1.0656832202353161,0.5508807219824223,0.07007448113255627,-0.040409974229787204,-1.3239710897108368,-0.6262186110089837,1.6078098983807716,-0.6661276455879424,-0.0019731686933608843,-0.14580635943398637,0.0,0.843125,1.0347748998874093,1.5976339717152361,1.1275010978107929,1.2513330035434307,1.2286212595055002,0.7973992694443678,0.7100864593182064,0.19634950924161954,0.9837073722467341,1.4674943833354412,1.1191579739754631,1.312013237021662,1.1957500684268592,0.9963027076499354,-0.560399008368078,-0.02082654602436024,1.0747942628932747,1.6950989142630497,1.1336658749770498,1.4481786409136166,1.1529242864481606,0.8651350273887268,0.3276415155314111,0.0530600454101133,0.45749395434192347,-0.5563114263331129,-0.5406761387140293,-0.32842831674516343,-0.24048794630212117,1.0294408721746922,0.2017677369709151,-1.0317457292428716,0.5749198965406006,0.415634340241637,0.29920980387830687,0.5354202668581698,-0.9621338781868876,-0.8760317669430804,0.2467226661460089,0.44037275448964064,-0.16895997159085901,-0.6745,-0.24527272727272728,-0.34090900604991126,1.2737628128571628,0.3607085121020379,0.5354202668581717,0.4737232189735426,0.4417777777777763,0.1598823637383606,0.39954353255200503,0.5946949631992349,0.9557458182309876,0.02759558245597978,-0.737867008025922,-1.0432790698827925,-0.8720167677390618,-1.460373714678253,-0.2260233682362766,-0.8664522334059569,-1.3386430144967283,-1.0077525829794765,-0.7889890757028772,-0.31165544200353656,0.34437738595200645,-0.6323539698154271,-1.2133156000978846,-0.7372577309432479,-0.43345855220920143,-0.21166069782036584,-0.14396736534276175,-0.7904533309306889,-0.9267476083637004,-0.6592707613808998,-0.27789119809049717,-0.32024124671864673,1.2732134831460664,-0.41553021419171166,1.1900781579651103,-0.5295143467506885,-0.48756759864024074,-0.6585969940281203,-0.6622496342458802,-0.3597333333333333,-0.3597333333333333,1.1540062792374903,-0.19778054075696305,0.0,0.8464313725490196,-0.23620550410790997
adversarial_block_gan_ensemble_paths,adversarial_block_gan_ensemble_paths_67,-0.5920088008300134,-0.7938698771547568,-1.0592010469238622,-1.6593899509092958,-1.7073061338363429,0.40180700900539734,-1.0568270999657297,0.8199370475059601,-0.6815999999999993,0.1447879581151828,-1.5790620155038726,-0.1912506329113935,-1.2105243373493981,-0.9328615320051686,0.971533605431548,0.9982230032616143,-1.3772921013146242,-0.7782692307692307,0.9858076923076906,-1.7128750000000013,-0.1912506329113921,0.44966666666666666,0.0843124999999998,0.7181738749999994,1.1524989320803074,0.6744999999999998,0.44966666666666705,0.0,-0.6745000000000004,-0.4721499999999792,-1.0642379248658673,-1.7843415714285742,-0.9464466181873332,-0.781141364377029,-0.0846469854884111,-0.7797458150647782,-0.8195872451140737,-0.8954928981803003,-0.4296523636216554,-0.7189792410512827,-0.07383520376367537,-0.6625013589955865,-0.6352867678279337,-0.8476321864675727,-0.6572181686011006,-0.7781658945102281,-0.09935108539193252,-0.6525441588214329,-0.7822706373175878,-0.8697968421232264,1.2985026737967889,0.544541914764563,-0.3954376041170911,-0.7823538525093875,-0.283850123733685,-2.231238989036997,-0.7460009607052304,0.0,-1.2106410256410256,-0.29175797270998816,1.1517033918183193,0.6661803000449616,-1.2864150052860261,-0.6690846363445385,0.7332860781238298,-0.2587603918254851,2.140158271509094,-1.5273327818306492,-2.5140766840082267,0.021241550595873068,0.0,1.1803750000000002,1.2474916832121503,1.3263234997188171,1.1608489752704014,1.4208268937827813,1.2359984255007286,0.8394061308904073,0.5285310174276556,0.6095951191744021,0.9973181141184672,1.521596566823103,1.168600559072549,1.5699929038920124,1.2245456958191419,1.0413561920555474,-0.8365917366984262,-0.201160480690803,1.129189471089951,1.4666419424788992,1.1963599929813324,1.5372292484551433,1.1793618843805347,0.9247946819001726,0.14146103750901873,0.32292673654348775,0.12732006939573873,-1.0064121781491222,-1.1710875716662328,-1.063899837093863,-0.1300423453284171,1.100144212553435,0.20890548347072782,-0.3499258836509242,0.08498390475488092,0.4466597025682968,-0.6962311532446416,0.2234822335035091,-0.9113284668445347,-0.7561347336299301,0.277031720554697,0.4280442514521268,-0.3301407562573183,-0.6745,-0.6131818181818183,-0.34303752629282735,1.2867895631437565,-0.40546866398935816,0.22348223350351384,0.47389655504046624,-0.5048888888888872,0.16294041341884002,0.5814497087472879,0.5528091708975129,0.7243352676645799,-0.39258443607556126,-0.3010968821943587,-0.8571126360443946,-0.7186381686894957,-1.4667013222945327,-0.5867463962420484,-0.6263468087162423,-0.9157910021397848,-0.6341941065410381,-0.7991398626087085,-0.38284856173664134,-0.01802290873993377,-0.44537520969923955,0.08484607674163212,-0.6288564892267114,-0.4346217241385195,-0.4922464327964903,-0.7358719651795965,-0.5495895366115775,0.1778252536816686,-0.44761191637190817,-0.2795013074098748,-0.44427825394360404,0.8285992509363292,-0.10791448830387021,1.0049604333747033,-0.9326029387404817,-0.8676746846504494,-1.2018837697574971,-0.548637403383433,-0.3597333333333333,-0.3597333333333333,1.2368270859877477,-0.1607241520371076,0.0,0.7406274509803922,0.22844495538032336
adversarial_block_gan_ensemble_paths,adversarial_block_gan_ensemble_paths_68,-0.8815811449266053,-0.9931591760217132,-1.1656035389433375,-0.41314884539277563,0.6628702480924431,1.385642533593008,0.24779135682371958,0.2741136884460859,-0.8945999999999991,-2.6379659685863746,2.227418604651142,-2.3405434599156054,-0.5246854712969529,-0.4602629540530398,-0.08419559825805087,-0.004356027431404562,-0.6710632394270153,0.15565384615384625,-2.7913923076922877,-1.3578750000000002,-2.340543459915611,-0.08993333333333316,-1.9391875000000045,0.21229887499999972,-0.23049978641606175,0.0,0.0,-0.0,0.0,-0.02248333333331276,-0.5815903398926938,-0.7708571428571425,-1.7036162708836606,-0.16375676173633297,0.4327873934917795,-0.16682623297990654,-0.3957908217469059,-0.48761923689154274,-2.2283219950800155,-0.13579848637736572,0.6745347746448404,-0.0360478532556799,-0.33136784485715837,-0.9740991241304054,-2.3350346271074467,-0.15244593429884198,0.5416795357927482,0.04477991379957143,-0.548910080578075,-0.8344886138598963,-0.8945240641711223,0.26464937398705707,-1.116377139639213,-0.4622839609786803,-0.6151638141358982,0.9960981771070383,-0.199341295047366,0.0,0.5534358974358973,-0.1792405264399266,-0.21804240658582033,0.47662854210107647,-1.4119038720213004,-0.556922807358458,0.6312285427360261,-1.2304655263811342,-0.6658853305723464,-0.1616289855636537,-0.4904444060281799,0.19577410014635793,0.44966666666666666,-0.25293750000000004,-0.09752820831666957,-0.6991409903483191,-0.3200667693270037,-0.47588802285284426,-0.3266317379737099,-0.3839308471647365,-0.03847451503390163,0.11234655555560102,-0.6166599582138468,-0.16722518260989677,-0.23440356144835117,-0.5250845591079873,-0.1493541116912712,-0.15188781759671538,-0.0498098497232681,-1.5706471650662932,-0.01805635248451148,-0.5351127461292936,-0.24341659964581447,-0.1367296509785143,-0.3238210724933857,-0.0731674593585359,0.11467154595752847,-0.3761233929086457,-0.8574123198529331,-0.5473167499787498,-1.2882193323619677,-0.23322000687772643,0.10768276281026583,0.9299707983093337,0.17625348696464596,1.161702991661021,0.16819123557665006,0.5153556768351669,-0.6318771438903042,0.28852919114816594,-0.6420144570930936,-0.5775661529392051,0.08414328663758308,0.47474488103801793,0.6672781633917526,0.0,0.12263636363636364,-0.38840374328019417,0.9678402089148932,-0.3559362705264925,0.2885291911481677,-0.0757661897791186,-0.0631111111111109,-0.39097017914881294,0.7392072283928646,0.848392038863709,0.8067488744183765,0.019844465088792916,-0.5102683892974329,-0.6982195048133956,-0.4290322405747038,-1.0114094019191235,-2.323007850737245,-0.4988150448585938,-0.28657936101276993,-0.3907578510780752,-0.4377361184737136,-0.4021356451470412,-0.8523467375287983,-0.3367856379750361,-0.39085287905524,0.009823904714857026,-0.44286461379669617,-0.39095535941045173,-2.7296519616231714,-0.4407314265464134,-0.166828214315939,-0.361740029753887,-0.36090850840313293,-0.4160014032209791,-0.18188764044943748,-0.7536567320362242,-0.47827543881090107,-1.0634517065915694,-1.7520015044095378,-0.7193764484534881,-0.4575195103777305,-0.3597333333333333,-0.3597333333333333,-0.2998841606301631,0.6276257571772227,0.0,0.1058039215686274,-0.6921129772925313
adversarial_block_gan_ensemble_paths,adversarial_block_gan_ensemble_paths_69,-0.3487299698021975,-0.9419850483806219,-0.5346071780358964,-1.2022381342942323,-0.13771416081054222,-0.5326114284258436,-0.2416253130267105,0.10318240313469515,4.729550084903162e-16,-0.1942277486911,-0.07320155038759477,-0.7650025316455711,0.13652530120481943,0.11739176150122344,0.21596270475173665,-0.07224326505971775,-1.0031951854270051,-0.15565384615384625,-0.5084692307692319,-0.035500000000000045,-0.7650025316455691,0.2698000000000001,-0.3794062500000021,0.0,0.23049978641606111,-0.3372500000000003,0.0,-0.0,0.0,0.4271833333333543,0.1423810375670665,-0.09982600000000569,-0.4175828918419496,0.20903393720500396,0.30478903855514533,0.3177365898064648,-0.0005071305192060139,0.04024602187332077,-1.0624737968951612,0.2268062504266213,1.0108907425550964,0.14029978185937828,0.0010008844172920489,-0.7245951975243347,-0.6758071991043156,0.23226651301073653,0.2808177351557461,0.37710074743939764,-0.08238423837047781,-0.2640003565014316,-0.34626737967914395,0.9898254849078189,0.023033535567902833,-0.638026939363435,0.19501327041637875,-1.5631023169477007,0.12882334990673322,0.0,-0.44966666666666627,-0.3255692591943943,0.9226937369797974,0.10641909216357973,2.0265529238875586,0.24953950481564122,0.3061037185930433,0.2955497698540872,1.0154297867878421,0.8313537508860187,-1.9658480506467053,0.5534657379408847,0.8993333333333333,1.0117500000000001,1.0383934278338072,-0.0015682364435647318,0.7649869594261748,0.3531885941117574,0.7169908144594186,0.8652165527544933,1.559528029076098,1.0636655503318924,1.0069772194753719,0.30729443528857614,0.7184012183633871,0.18240797127614292,0.8983174409886131,1.0610191690861124,1.3682170235465778,0.5684789738363818,1.0891519134580847,0.12325247448728714,0.7721742239134529,0.3306304068890012,0.8263726717766693,1.0661561438071188,1.6178970800154475,0.9703253434749409,-0.637417907370327,-0.4384851368097504,-0.685919366533567,-0.7927408112973864,-0.10633702289394066,-0.41531423970167564,-0.041982994628114036,-0.8835077942802645,0.0655221051853694,0.398855670317974,-0.666357342013016,-1.095937945416087,0.9719992273602603,1.5281127667799776,-0.41629206221979964,-1.0036452353026064,-0.4431817186080624,-0.6745,-1.103727272727273,0.21101030114452407,-0.9710076058344909,-0.5376893030657784,-1.0959379454160902,-0.25493106845231733,-1.4199999999999997,-0.42525508270201684,-0.9113832651143062,-1.9121999634444402,-2.818547846309706,-1.512185577155365,2.578385552534228,2.367888166837433,1.9349805499726718,0.5537410485670861,-0.4992969210388599,2.124999007027019,2.5585897883068154,3.091084353085025,1.250522058214458,0.1452799540513748,-3.932688474760205,1.536424010840506,3.8151453130715876,2.6038940101086343,0.2937639984272002,-0.6046338055895883,-0.5998239787737866,2.0450917708485488,3.2462375790983784,3.031464638274665,0.2950432397615499,0.03261382459450743,0.6265018726591761,0.6718326646163629,-0.3590193761026052,-0.6423386990971311,-0.09689397315538456,-0.894342254437297,1.455777350969954,-0.3597333333333333,-0.3597333333333333,0.8697518709948618,0.010931998469282556,1.349,1.3754509803921569,0.31835742617262913
adversarial_block_gan_ensemble_paths,adversarial_block_gan_ensemble_paths_70,-0.6870760035174452,-1.0671315980736549,-1.1438667709329962,-0.8188988355127221,-1.7956751455489959,0.16098286192216368,-0.09070920333175017,0.2654098647843906,-0.5679999999999995,0.4767408376963352,-1.9032403100775164,0.072857383966244,-0.9621783132530116,-0.8889185513147049,0.9521268185990182,1.049977005710479,-1.2543607285897203,-0.5707307692307693,1.3074923076923066,-1.2691250000000012,0.07285738396624486,0.44966666666666666,0.1264687499999997,0.7181738749999994,1.1524989320803074,0.6744999999999998,0.8993333333333334,0.0,-1.2815499999999083,-0.4721499999999792,-0.8229141323792808,-1.7843415714285742,-1.1254785787324042,-0.8448045505932148,-0.03927177221099805,-0.811344145294542,-0.8768755643140672,-0.965456363735946,-0.2590850746104425,-0.7886904846185483,-0.06071790187688847,-0.7616007810064307,-0.6164662213015966,-0.7940290198823842,-0.6964169582799088,-0.823256012526979,-0.13086030923049594,-0.7448638174856413,-0.7752479513057906,-0.8881679979431039,1.7890481283422446,0.8307440263695097,-0.6987931899578605,-0.8067445574290474,-0.556369095738154,-0.01490739978437643,-0.8087895263694983,0.0,-1.1414615384615383,-0.25497386165644925,1.1046739308793194,1.1013138751561156,-0.5376225951927442,-0.25515762884614146,0.3977852412693615,-1.1085157054775874,1.2532470414504642,-0.5158035506710841,0.3409451566687509,-0.18370354175649126,0.0,0.843125,1.0685219553427807,1.4854590744424843,1.1592547141041811,1.7373196864023466,1.2645925375161005,0.7566549982894895,0.35693439399053506,0.3599870601584835,0.9728261815153639,1.4186462911535958,1.0718868210362438,1.203646464132281,1.1447070404213335,0.9717296712639987,-0.5406429035049969,-0.12542379681855453,1.0726146584529586,1.413185707119074,1.1076137385861526,1.577200822293494,1.109725987883601,0.859434576589853,0.3062467689641137,0.2285567566454259,-0.021823738375168572,-1.0070468637606493,-0.8703942200139636,-1.8154744410144243,-0.34175242876359163,0.5999203301840805,0.13745757204949807,-0.07763922513645638,1.2371574994492667,0.43322907752124346,1.5604571847805395,0.9965739789897485,-0.8897940207465236,-0.7820347614076313,0.3097769827321346,0.48389630049739696,-0.3452216528349397,-0.6745,-0.49054545454545456,-0.33523942932532186,1.3704983328213565,1.3314732267118143,0.9965739789897506,0.47333783378776334,0.9466666666666679,0.262532667865514,0.5262683034311711,0.7096211939739894,0.7357556782517185,0.6105631373461343,-0.5110290728671488,-0.9244198301250528,-0.7077446698671713,-1.4430780984720286,-0.6411332980016747,-0.6852897350842118,-0.5927627627093738,-0.766881325131276,-0.9119020314888677,-0.42985490901044526,0.01995808691563295,-0.5003503225382879,0.0004987945648906205,-0.7270566536251836,-0.46205158585608763,-0.4608806423616383,-0.712009487750206,-0.6386538579494789,0.016940280065334268,-0.5740487563227147,-0.2971961459515497,-0.453302882656082,1.0306966292134823,-0.1904022985652564,0.8222288158356931,-0.9487728602340751,-0.5776641942423321,-1.3518186239188303,-0.5816795441423782,-0.3597333333333333,-0.3597333333333333,1.2127730294749786,-0.7927688604382622,0.0,1.1638431372549018,0.03530598398591899
adversarial_block_gan_ensemble_paths,adversarial_block_gan_ensemble_paths_71,0.3822100894529845,1.2925845578725619,0.18168531261767873,1.104394026636216,-0.7590888560338814,0.5967927383961672,0.29729632492132546,0.970836865964961,2.286199999999997,1.2889659685863877,1.0980232558139522,1.9762565400843886,-0.20478795180722914,-0.019544754749207454,-0.2115041198794444,-0.37655852040547927,-0.7291756398429641,0.25942307692307653,1.24523076923077,1.499875,1.976256540084388,-0.13489999999999985,2.0656562500000013,-0.5871522499999999,-0.23049978641606175,-0.3372500000000003,0.0,0.0,0.6744999999999995,0.4271833333333543,-0.0989427549195205,0.3216401428571179,0.41582492594527176,0.12561721225708866,-0.46161336815282283,0.13592363703612145,0.19794116687442834,0.5309305825940269,0.13510243415591175,0.4212494589159543,0.11390212511494476,0.5455042862065053,0.3934755148213476,0.5242307136877842,0.20370798449529248,0.17184809434420517,0.018862056215098965,0.4206974629598772,-9.557110969379943e-16,0.502787240649278,0.779101604278075,-0.03738475946411376,0.5518980086442744,0.6056299897278363,0.3214987038288051,0.43065369018881117,0.12765953655128723,0.0,-0.3113076923076924,-0.12044781930606453,0.4332698243060575,-0.391420479059785,-0.5902821651574917,-0.06642650800412399,-0.8734844369338559,-0.678612050353867,-0.7973180526907887,0.26752239157789226,-0.11104950268798026,-0.03622279943646032,0.44966666666666666,0.16862499999999994,0.38555271758323056,0.20938734320470173,0.37184988938394875,0.2302812370569095,0.32243632902647207,0.5221456645428116,0.9621406170292599,0.17182175055937363,0.7889278605606648,0.12041128889317243,0.39701338691733407,0.1391357965547296,0.3911560005919854,0.6830762450122172,1.0085998000865146,0.30872806715814266,0.34743127228333454,0.2387432546738397,0.3555294029139358,0.5327297548584455,0.164779781315112,0.5939430607799059,0.9369596867004955,0.2605303739067986,0.9698545534277351,0.47258754545281684,0.9197219517270243,-0.23565296507638364,-1.654848458635089,0.7734420019876528,1.3003833859920864,0.7200481321052813,1.0746270167685341,0.2360632986458186,1.5239084151597864,0.8630714161470646,1.4842747918826091,0.9311807373683967,-0.5665871721073179,-0.8259774717898601,2.5729337668996077,0.6745,-0.24527272727272728,1.3035558994760812,0.5036625866098734,1.3033421427964225,0.8630714161470687,-1.5418216397003472,-0.1893333333333327,-0.24717710127808287,-1.060113806093405,-0.741331920964667,-0.7714694089635656,0.4505419146012163,1.220939257032344,0.7680767778587867,0.5089045098571697,2.945032389847154,0.5976798293699908,0.8513778456554759,0.44509405791154033,0.686983098867923,0.7351029585004082,0.780631794645409,-0.9183303098410789,1.1498203494485997,0.6335938188047462,2.0152040982199084,0.5878560559941375,0.860351030732706,0.23367857145015836,0.9046684214744779,0.9993402982798478,0.686690394457212,0.6218757211349264,0.8502653279377802,0.586082397003745,0.41942354437089807,2.4928992988278935,-0.48480362723380993,0.23349081086613266,-0.7484088023688364,0.955693012284401,-0.3597333333333333,-0.3597333333333333,0.38520749154860656,0.2830329969588292,0.6745,0.1058039215686274,0.16500314775564418
adversarial_block_gan_ensemble_paths,adversarial_block_gan_ensemble_paths_72,1.1224951751147505,0.32466011713436316,1.4430686298614561,0.9800815776889753,1.7972453559489345,-1.2702450072513591,-0.07036626641920779,-1.7151947440622206,0.9868999999999999,1.006452879581152,-0.39737984496123824,1.0427713080168775,-1.0353168674698798,-1.341517052800127,0.6579199302178724,0.9629030502459364,0.9890530348937155,-0.5707307692307693,1.8159615384615369,0.23075000000000068,1.0427713080168777,0.0,-0.7588125000000012,0.21229887499999972,0.921999145664246,1.0117500000000001,1.3490000000000002,0.0,-2.0235,-1.3714833333333127,-1.0642379248658673,-1.5916272857142881,0.6554932517144476,-1.6007306566349255,-2.3392315232683694,-1.6300745912064267,-0.7154964780971292,-0.026953928954481253,0.2594913416017161,-1.4151816358984206,-1.5672723342734227,-1.5981377868996696,-0.5483983819851151,0.4624599803812625,0.43252027096121903,-1.487374803800717,-1.865493140420802,-1.4974451800331967,-0.6466835071757591,0.12427867760509576,-2.539294117647057,-0.283467543096509,1.0422380487709109,-0.07656389519862082,1.1059501202310345,1.3936311680561244,-1.1867622366723645,0.0,4.116179487179487,-2.61119219280869,-0.0015903747000952653,0.1313005761613509,1.7796766859288442,0.8485988835538729,0.7697340276420959,-1.4450308720782215,-0.16088064712962394,-0.575119464336628,0.5599840321073839,-0.9625646306293836,-0.44966666666666666,-0.25293750000000004,-0.04603582377329112,0.042295578092529845,0.04066013638912439,0.5391000146787954,0.03459743073695763,-0.2545552789518754,-0.6268163885589524,-0.9510684659809319,-0.1333899418003336,0.021856873995121543,0.009690691706613299,0.07799659750308263,0.03392494884163616,-0.059481408629921316,-0.7477723866421238,-0.8405734734645343,-5.2109208443587564e-05,-0.10854615427090092,0.01255760651604741,0.4269778969143913,0.028068657656336586,-0.27551777872393063,-0.7269866933247726,-0.8584198459327674,-0.012938023940597978,0.8613526389223646,0.3003062581924189,0.9237109780560043,2.4219021759474213,-1.8484385786779358,-1.252016639628533,-0.2561191229637963,-1.3659592194114218,-2.13026503147231,0.13372905034316349,-1.5836940070850218,6.89416925399528e-05,0.009590603320267035,0.23240568146464244,0.2238297025729212,-0.4048329618706665,0.0,0.0,-0.13492020957384365,-1.6436963656496653,-1.0302032479390364,-1.5836940070850245,0.5426765455930882,-1.988,0.28203445325964205,0.2937806917737188,-0.002054632150792638,-0.28208968924313665,-1.8785994083940862,-0.002437594048567743,-0.009073858662943475,0.11385418710020295,-0.2851831181269484,0.46414610336919,-0.025720116738078367,-0.27181586958834225,0.1695440758686414,-0.006403116662793209,-0.13081497368086312,0.8640890196525155,0.10617815767933964,-0.7870187995497819,0.5831518069556171,-0.004101066495939383,0.33284966846864983,0.604514798671725,0.0122462838447116,-0.3430750468023693,0.20645167045682866,-0.002891033240519629,-0.0008032727356972919,-2.1018127340823973,1.1099145156349266,-0.10681483052583228,1.1572018663719679,0.13311775532035205,1.0751755279586346,0.0003074173216164044,0.0,-0.3597333333333333,0.02168687219373573,-1.637340473901847,0.0,-0.21160784313725495,-0.5920673192222105
adversarial_block_gan_ensemble_paths,adversarial_block_gan_ensemble_paths_73,-0.5202840183984845,-1.427376530324154,-0.5721454621668576,-1.4323776365311571,-0.05085641570815922,-1.3504179375570273,-0.23134642382295684,-1.2378446082557126,0.2627000000000002,-0.23660471204188568,0.37646511627907187,-0.35517974683544473,0.37620305220883543,0.4504247398670191,0.055533266936161126,-0.08430853241072171,-1.122434609373526,-0.15565384615384625,-0.9546769230769244,0.017750000000000023,-0.3551797468354432,0.2698000000000001,-0.3794062500000021,0.0,0.0,-0.3372500000000003,-0.44966666666666644,-0.0,0.6744999999999995,0.8768500000000207,0.8663524150268268,-0.09982600000000569,-0.5621616915987613,0.42955180338558785,0.6153807577857988,0.5365893414390493,0.12904858041136533,0.030318320496308497,-0.7657801182804966,0.325178427840008,0.9950374407549468,0.3146004248671892,0.06023856519485867,-0.5661188027640814,-0.9891738836581505,0.37044455266228976,0.826498879081942,0.42013241759203107,0.027314258465287348,-0.3617825703238058,-0.605967914438503,1.1220651108132003,-0.16376056158093438,-0.9491770070691261,0.1520056155479546,-2.1894254844973804,0.3285212885621057,0.0,-0.8647435897435897,-0.7333584197121592,0.9540521821093776,0.17220481061090484,1.8345530742202867,-0.0004561607381617228,-0.010217806289569411,0.5195518394316317,1.23968454635351,0.3146388508206376,-0.34825057575274243,0.5771469833578692,0.44966666666666666,1.0960625000000002,1.0835840918182111,0.32063120036834825,0.8442797328924411,0.7389930965107494,0.8292365143194912,0.893880263584102,1.375348801233643,0.9909609596614184,1.2611486654405708,0.3191726310906936,0.8462815824810777,0.1841940986649133,0.9875174308202803,1.2204765247005287,1.9950797749221456,0.6755761384509252,1.0551463926465632,0.36515623903991296,0.8501143080130855,0.3526933266844313,0.8485761277615064,1.0846248660470925,1.5949381380720977,0.8253503655076416,-0.8107132503474173,-0.5558623043791115,-0.5800305173457738,-0.6410188312298541,-0.22824667924001701,0.09296549675754481,-0.3822210620264788,-0.16643121952834203,-0.4083170291311278,-0.3674051265664681,-0.5019001891760677,-1.0283727466962218,0.9811592465265728,1.5773270807571984,-0.4085163992570319,-1.0161836096032792,-0.46877348482102377,-0.6745,-1.103727272727273,0.21247368387370444,-1.1092782716545042,-0.6461544159791923,-1.0283727466962251,-0.24398153264483932,-1.4831111111111106,-0.41633213045079515,-0.9302310455491436,-1.945167930524441,-2.8649342268415476,-1.294706187830455,2.9388979989046295,2.5004724390911246,1.9200486603145812,0.5701622599961031,-0.6790320697369675,2.1459869671852676,3.109258914565941,3.021029962121469,1.1019934686189912,0.06522766887122376,-2.055090837560916,1.642563305033692,3.7129813265372458,2.6051571949173886,0.3992521922857376,-0.3919061527650961,-0.8286844266256499,1.9868500634849307,4.225584175405626,3.051191666118015,0.2977672009158371,-0.06484936668789969,0.48503370786516986,0.7126883358301853,-0.517824317556638,-0.61902114432092,-0.005143216176635841,-1.0862737825608393,1.5004271809721585,0.0,-0.3597333333333333,0.9127202523892143,-0.25778004586239456,1.349,1.2696470588235294,0.390350424131715
adversarial_block_gan_ensemble_paths,adversarial_block_gan_ensemble_paths_74,0.5404302544276218,-0.17890521491070233,0.7026649764185402,-0.40694911195600747,0.6792371281399759,-1.9570305962318932,0.46379452666642307,-2.0756195076410715,0.8519999999999991,1.267777486910995,-0.982992248062014,0.8925029535864977,-0.8858975100401603,-1.3573570789632403,0.6726690882105953,1.0077322213812208,0.3484310502676747,-0.5707307692307693,1.1622153846153833,-0.2662500000000007,0.8925029535864979,0.31476666666666664,-0.8852812500000039,0.3809238749999998,0.921999145664246,1.0117500000000001,1.3490000000000002,-0.0,-2.0235,-1.3714833333333127,-0.8229141323792808,-1.5916272857142881,0.3888415362849267,-1.5152075545951964,-2.049296940654448,-1.5181809808898363,-0.8445641942435046,-0.21352946253536842,0.15616256145664065,-1.0926763955402141,-0.908031274655555,-1.0557620353877475,-0.5196962300141117,-0.06626204164652626,0.2778871213878684,-1.3509266761828411,-1.7668397183884221,-1.373179356661083,-0.6673939485036483,-0.07661009588660928,-2.625860962566842,0.40321445693095376,0.41379475945686933,-0.09792820160344436,0.7158683255155149,-0.30021695559200995,-1.1748578640006353,0.0,3.666512820512821,-3.3968403667377443,-0.006366751871748368,0.18499793102206696,1.8454255959467136,1.4924437857920383,-0.4575989517290015,-1.5428922186042002,0.09929038993955318,-0.8915836127430015,2.159125877643944,-0.9318656812165877,-0.44966666666666666,-0.25293750000000004,-0.039946156615555166,-0.07669911576605562,-0.014700487528313886,0.5276112572111511,-0.03262287308217718,-0.3570586500038357,-0.7299018380788119,-0.710176429847086,-0.1306754864595076,-0.0881830639859935,-0.013463006444037794,0.09669278551230318,-0.05254151021956663,-0.06550661982527843,-0.8598990233037767,-0.5880006499116919,-0.00036219014217821655,-0.3467216440647744,-0.01604580403180322,0.5652100827235736,-0.06713283412415208,-0.31830007127352894,-0.9693769192209194,-0.5724800902154011,-0.09856735145962323,0.9847951909417341,0.3064726084083285,0.9302544316407229,2.1709778130958184,-1.2725695727646555,-1.3449763307843816,1.3576845561654145,-1.445237689082446,-1.6804331005875504,-0.6570210996246916,-1.534392349315844,-0.04485767112122996,-0.023320821306280385,0.22840782522136124,0.23959767070371046,-0.3864453336259292,0.0,0.12263636363636364,-0.12608396371660044,-0.9788572397909449,-0.8420273670831059,-1.5343923493158471,0.5404371938532367,-1.9564444444444444,0.27897338134899796,0.2732315538959634,-0.0063264920529292725,-0.2595598006889242,-1.9785629516961918,-0.1176214695260876,-0.08751849331384214,-0.001221143457173279,-0.27543250394452606,0.5370653071517257,-0.05531761826287136,-0.08913531154587141,-0.027156377765276157,0.006366304049710816,-0.14776533915228,0.8433863566081065,0.1340816812658745,-0.3368653465325276,0.4516290150883611,0.0023967492377832923,0.2613233085785372,0.6693788542108806,-0.033605854914335306,0.015797091426398586,0.12853056195921253,0.003329839409823869,-0.0002045682275536383,-1.5157303370786521,1.078176754270222,-0.07588528101584814,1.3762697515284867,0.2578383232591801,1.1160228957840717,-0.037089203929105495,-0.3597333333333333,-0.3597333333333333,-0.018839813824070715,-2.723525667238265,0.0,-0.21160784313725495,-0.3925964625143142
adversarial_block_gan_ensemble_paths,adversarial_block_gan_ensemble_paths_75,0.2600360565371151,0.517450946833133,0.19765606643528433,0.5301580170121586,-1.7000296414998477,-0.5312197685603816,-0.5325072117017593,0.27906376339788536,-0.7667999999999991,-0.3566727748691098,-0.9620775193798431,-0.1411611814345998,-0.24271164658634498,-0.23485746280604233,0.2884147089265131,0.09801702127227097,-1.1136781019094775,-0.5707307692307693,0.3735692307692303,-0.8342499999999996,-0.14116118143459894,0.31476666666666664,0.3372499999999992,0.3809238749999998,0.23049978641606111,0.3203875000000008,0.0,0.0,-0.6745000000000004,-0.02248333333331276,0.1423810375670665,-0.7708571428571425,0.4779590607953823,-0.20978725755592673,-0.05983063752042595,-0.2072703516139385,-0.05408655391593143,0.04856088368594449,0.12328818674948726,-0.3407117670847305,-0.005964707856618974,-0.508650155882356,-0.07510094198049434,0.006457382370230639,0.3594862004891787,-0.24517135068344967,-0.09889154229750992,-0.32871802520912863,-0.10984988607247888,0.10243264225673601,1.4139251336898382,0.6967740160046672,0.39023134205612997,1.0045471280324663,1.2549559537133623,1.9537902090250827,-0.17096463411382054,0.0,-0.9685128205128206,1.3435832838254722,1.3898896281623843,1.6256447367508609,-1.0122547751631887,-0.38892749223493095,0.06638056366741346,-0.05045278326869248,-1.1383476707580675,-1.9214022542121452,1.463923121822309,0.8271452372483401,1.349,1.2646875,1.3174505710864834,1.6139245999485687,1.3992622854693637,2.193325739038075,1.4519218637290978,0.9328795343186788,0.21021162923202977,0.6704939137589108,1.3492341993915937,1.1888159697397664,1.287536416159289,1.2193330204624089,1.4036498222079534,1.3237359765131864,0.7522375287352498,0.4151397594797492,1.3768864117597865,1.373024487596788,1.373836674183448,1.737301759406688,1.43942871067152,1.1324866682485126,0.33781743458055874,0.47456468219579984,-0.3314912083776986,-0.1398416098263436,-0.19424420737353143,0.37493281909592824,-0.5922557359418404,0.073678490366973,-1.4461470113425605,-0.34881655319719385,1.410966317015428,0.19070683014271989,2.2413310222367704,1.2600630366135424,0.032225299849740444,0.12694140401108386,-0.18485593611109088,-0.23084449472539412,0.31905681030399924,-0.6745,-1.103727272727273,-0.08078280106090696,0.9169448060471035,1.8555324291425366,1.2600630366135426,-0.21016687868682052,1.230666666666667,-0.17447376688002075,-0.3370998813221001,-0.06712410578693974,0.24644397209242822,0.7820056788066749,0.029698244955561004,0.017036103474000412,0.5109447496769834,0.008619822090785843,0.2993823641092686,0.006892204775213631,-0.56141404593345,0.05028784164099537,0.4655679549986927,0.06457701536158258,0.36732019009780853,0.050260588631179236,0.12600309492725634,-0.2531699105750724,0.08571749859676751,0.2726733469010903,0.3241055536171139,0.002606247982168751,0.4308497251776169,-0.1326671040818902,0.17692889091706107,0.10297805462091554,0.0,-0.3868675604049718,0.7314135672848281,-0.06810016681584866,0.3723618206333022,0.6731639950466424,0.08076205830193951,-0.3597333333333333,-0.3597333333333333,1.481878651376065,1.732290221258146,1.349,1.5870588235294119,0.2542807947827072
adversarial_block_gan_ensemble_paths,adversarial_block_gan_ensemble_paths_76,-0.02375977421495908,-0.06863637038839521,-0.2333384197501278,0.0587043895521447,-1.1868916026423078,-0.17689207740113555,-1.936920269978236,0.6096048427855463,-0.7951999999999991,0.17303926701570654,-1.7882093023255778,-0.4416978902953597,-0.7281349397590359,-0.8338524093478747,0.3699232136231367,0.4762548288308183,-1.1256259303347145,-0.5707307692307693,1.1933461538461523,-1.1093750000000009,-0.4416978902953584,0.31476666666666664,-0.25293750000000237,0.5495488749999998,0.6914993592481846,0.3372499999999999,0.44966666666666705,0.0,-0.6745000000000004,-0.4721499999999792,-0.7239713774597603,-1.063397428571434,-0.2713005914517166,-0.5809049601659837,-0.018821427862640527,-0.5305490887077847,-0.5543696851273224,-0.5612728191617377,-0.9048932252218994,-0.6555229625756944,-0.01362599840535678,-0.5952562011230857,-0.5973393268130771,-0.8845670558773557,-0.22185356257827618,-0.6252377583227211,-0.08919770225529627,-0.5411446102082721,-0.6709591511138931,-0.6147386748855883,1.1830802139037395,0.4440370184074854,0.5688243312696258,0.39821726351253395,0.2927458605494571,0.35865441688487965,-0.5210741750987835,0.0,-1.1414615384615383,2.2982071305725893,1.3894488005750227,1.4872865773592772,-1.7158232161553677,-1.1476160551175656,0.7954222871471212,0.2921222159943592,1.7650363218651541,-2.8721824265794305,0.5257418701346775,0.7828203397772084,2.248333333333333,1.5176250000000004,1.3018213565800645,1.6386259347520504,1.3871937648498025,2.106411677648531,1.4324779653263697,0.9303507454252725,0.2574313473748974,0.6975647470221286,1.1545991632593096,1.203010034526289,1.187565243056981,1.2162855091651033,1.2255082191170716,1.3203107655704245,0.4993330628673521,0.21712135241166347,1.2864209206787585,1.4808819757194052,1.348029006603419,1.651029731287294,1.3665457733181894,1.1024232344253928,0.4041102719870896,0.5052819318410997,0.33036264568885715,-0.08614615076898433,0.1228728908323321,-0.20299364837704525,-0.45710633017421903,1.1231058254938278,-1.3819479722463732,-0.12027341229378345,0.17686889810557674,-0.14926787004359376,0.3258151038894862,0.28320038382636353,-0.030505461601749925,-0.008350192448100369,-0.2360486266679148,-0.284969912505603,0.3129789161327105,-0.6745,-0.9810909090909091,-0.08763911551614478,1.1846783174275888,0.38118624459412387,0.28320038382636836,-0.21224945360632896,0.4417777777777763,-0.18085419603156389,-0.2335493487158855,-0.06194657439289627,0.02202206521129663,-0.02095882763144886,0.0373096603019895,-0.08395969719347132,0.0019747256239972116,0.009803487911758483,0.28659248070010307,-0.08361061984149896,-0.5336100601973577,-0.24028509690053032,0.4736729175133975,-0.007913425553500882,-0.5833781845093189,-0.3110253608893143,0.15924458964914023,-0.5001870118124186,-0.40164169794498744,-0.3911876896545055,0.00695435460228728,-0.155936310913797,0.5232126046436566,-0.23709183960013025,-0.15312516598844075,-0.1422173697575689,0.36377528089887634,-0.4571984141003469,1.321475606301691,0.25187167445141934,0.5748076319372005,1.1203288055455622,0.09170642603930196,-0.3597333333333333,-0.3597333333333333,1.464046479645425,2.7697263802531205,1.349,1.6928627450980391,0.30626001718721857
adversarial_block_gan_ensemble_paths,adversarial_block_gan_ensemble_paths_77,-1.0170174917178576,-0.72984024336414,-1.1490993837543215,-0.7745442490054043,-0.263554242294724,0.6700542928123768,-1.028143040880936,2.5026442661948343,0.844899999999999,0.7380654450261783,-0.20914728682170486,0.02732151898734051,0.5802325301204823,0.180548677068491,0.09046548323471357,0.07178921540603898,0.5213862574322398,1.2971153846153842,0.062261538461537536,0.3904999999999997,0.02732151898734203,0.17986666666666667,0.21078124999999953,0.08734774999999978,0.0,0.0,0.0,0.0,-0.6070499999999083,-0.02248333333331276,0.38370483005365347,1.7274908571428462,-1.2139485838489876,0.03431674945682807,0.3720477781332826,0.06477082685491464,0.056128330825365405,0.02331896818027053,-1.1677124589972698,0.12479731188757334,0.8200867530560806,0.1733042656376792,-0.00808059909869223,-0.44884901736421096,-1.0305361470915768,0.0588414112784785,0.6961616402226345,-0.031282378309147936,0.03965942892508694,-0.10386454547465539,-0.2019893048128343,1.775103538535182,-0.7477818408846557,-1.009240557566058,-0.74377739077678,-0.9045300088525773,-0.002933335576194614,0.0,0.3113076923076924,-0.21454294669414242,-0.3520946490306327,0.6031549985358594,-2.14486002437169,0.7190653517728978,-0.9293926686585533,0.24405347415374218,-1.3035002781359466,0.7132871779117583,-0.8562159215118454,-0.18893279366626836,-0.44966666666666666,-0.25293750000000004,0.07058853939135469,-1.394486325526311,-0.6089909815351291,-1.0201544085646679,-0.7267151301374036,0.06658884763692124,1.0141937285304552,0.8614657456527447,-0.03776014063361552,-0.9238060998721142,-0.6454161675220019,-0.9651145652228769,-0.8301741818128046,-0.04422775197921042,1.0080866911632063,0.5735284289415056,-0.0037092386811030578,-1.2394234651516263,-0.5909141242880322,-0.7056652581746353,-0.772298054117277,0.18539283825969377,1.10687032718655,0.770668178418143,0.09112153929332907,0.15812568481727812,-0.5979940205061521,0.8538958028070821,0.07209708371460759,1.2407180325262033,-0.16977870069936213,2.3570568103640332e-06,1.5010137093155351,0.3178789975768355,2.236190630117512,0.8532122505146903,-0.6272181668655142,-0.6192919698798196,-0.044763873343729665,0.3069856150318662,1.5893588789706732,0.6745,1.103727272727273,0.03410081758520373,0.9021446937499735,1.8515759402219694,0.8532122505146954,-0.2672949480248562,0.6942222222222243,-0.5424853325426978,0.5397687228490073,0.8699260653345509,1.1872557486858701,0.37870862076749695,-0.6983028327212283,-0.9409995836448412,-0.7055745436816935,-0.6290097457667222,-0.4904452570576109,-0.7259245980082708,-1.03060232687402,-0.7822617609324606,-0.8260277048722129,-0.23877960437954965,0.35058752227947854,-0.6139332514030638,-0.8439375448461841,-0.9200807875654,-0.30792422774804595,-0.03314769729532967,-0.4422389616137506,-0.7209688852031864,-0.811860747119951,-0.7580534034083684,-0.09539152821852255,-0.204900326448598,-0.4244044943820217,-1.40196780422608,1.2194241749602004,-0.5014923610183989,-0.9103909272952518,-0.36234423361087276,-0.43670274720125263,-0.3597333333333333,-0.3597333333333333,-0.5170504634774887,-1.2504669522475809,0.0,-0.21160784313725495,0.1364882556797669
adversarial_block_gan_ensemble_paths,adversarial_block_gan_ensemble_paths_78,-0.6058810687018292,-1.0403591073200322,-0.578241171792383,-1.649807423827387,-1.8990596074673642,-0.6176946507678571,-0.9688064203724885,0.5938837338419294,-0.5395999999999995,0.4484895287958116,-1.8195813953488345,0.2458936708860755,-1.2034452476572963,-1.1993385780282344,1.0219912511961242,1.037291617308168,-1.3475092930977721,-0.7782692307692307,1.2244769230769221,-1.0650000000000008,0.24589367088607605,0.44966666666666666,0.0843124999999998,0.9741466249999993,1.1524989320803074,0.6744999999999998,0.8993333333333334,0.0,-1.2815499999999083,-0.9218166666666456,-1.0642379248658673,-1.7843415714285742,-0.8797842657967855,-0.9770867054777956,-0.32619172743468194,-0.9307679894165664,-0.8919761612499061,-0.9354705652571794,-0.10444769232007128,-0.9122288915575215,-0.4413389099416682,-0.8596128040283136,-0.6374925787112486,-0.6759161220277038,-0.4157880557362029,-0.9593547397936332,-0.33488378989744083,-0.8259756026209066,-0.8681168695099649,-0.8364906350103215,1.587058823529408,0.5757212092449964,-0.5044712503356286,-0.9882463670300394,0.004757700868821949,-1.638512722228156,-0.8880632574909257,0.0,-0.44966666666666627,0.14960635409336326,1.13280325898043,0.4011029701843224,-1.9842282624344647,-0.4681013228438304,-0.21884782169819283,0.12491740478757846,2.2660530703211417,-1.2652702098542061,-0.1370137675011745,-0.18394191276380842,0.0,1.349,1.1828808275094183,1.4942695941615591,1.1551276756293989,1.3412632700362166,1.2242548046378845,0.8311795067185768,0.5674473870713054,0.3249746315009259,0.9719884804132767,1.346211072769666,1.1033838714847282,1.3807501132712827,1.1663007685006634,0.9837953692294447,-0.6856509804270396,0.12571735652107136,0.9219996072215253,1.6819325475835019,1.186710027241369,1.7886944576179342,1.1454160165745615,0.8942651829843753,-0.08290703302232444,-0.022858040423603707,0.7201900779464108,-0.8308559936092754,-0.6606439387762469,1.0264440063892746,-0.17203635013598048,0.7826710424152133,-0.12612196417231364,0.0512410751844856,0.6021643693254201,0.4467313524309923,0.3081013966255471,0.6277857418761446,-0.9305121054032216,-0.7637321607490816,0.180004786586669,0.41692322405845955,-0.04851409986765588,-0.6745,-0.6131818181818183,-0.33864468759443084,1.3281101066433025,0.3675522484113465,0.6277857418761459,0.4392901465783648,0.1893333333333327,0.05818059822169342,0.5799108466540547,0.6045150613998336,0.9665604245917269,-0.05669479142217775,-0.5050960428898765,-0.8577892398359686,-0.7574373217852514,-1.4819045368614332,-0.18790195692757375,-0.8262959544753812,-1.3244484318056913,-0.9542456932086758,-0.7231719600325971,-0.24904523636069834,0.07079148399414763,-0.5890438163909758,-1.4235825211608877,-0.6481698272534478,-0.4503988832758531,-0.24003843154747295,-0.24644198764399514,-0.7143620333479236,-1.0649374907815559,-0.42173146658915267,-0.27998346156401305,-0.2799766193088013,0.9700674157303384,-0.44473156956205534,1.3063722020047528,-0.9940206168151381,-0.7515350474643273,0.29714662596541536,-0.6125467101602352,-0.3597333333333333,-0.3597333333333333,1.2046422204437357,-0.14207023380931477,0.0,1.3754509803921569,0.3016849512701178
adversarial_block_gan_ensemble_paths,adversarial_block_gan_ensemble_paths_79,-0.5828531197005178,-1.48560803236274,-1.2891278910803472,-1.0633378366996924,-1.779402881283447,0.7152141027497003,-0.5492538909236742,0.2829096714163801,0.29819999999999897,1.190086387434555,-1.683635658914727,0.3324118143459899,-0.7421375347544026,-0.8385957966343941,0.8975835335012781,0.9839746131246078,-1.1338734349277941,-0.5707307692307693,1.1829692307692283,-0.8608750000000016,0.33241181434599154,0.44966666666666666,0.0843124999999998,0.6744999999999993,1.1524989320803074,0.6744999999999998,0.44966666666666705,0.0,-0.6745000000000004,-0.4721499999999792,-0.7239713774597603,-0.8776208571428736,-1.375347807853791,-0.6858360846362593,0.0015220960943828233,-0.6642665928008867,-0.7930052367026619,-0.8896229545449803,-1.161230678469579,-0.6699882844602865,-0.03010931560062638,-0.5792314508153039,-0.628260594548099,-0.9711651529574284,-0.9163121288464516,-0.6698223726007585,-0.09056012819286549,-0.5237299847478749,-0.7577230614016953,-0.8665518069860165,1.471636363636363,0.8578025768671043,-0.5453271218454827,-1.5749620765281707,-0.8832962576878031,-1.39430588422815,-0.6789672384505796,0.0,-1.1068717948717948,-0.168029709035686,0.9809262953728629,1.0830703521939906,-1.9842412877680284,0.535104369228529,-0.32967709653136656,-1.177111440145748,1.0859888797633113,-1.0599890383941113,-1.4896080898179254,-0.16155571103257027,0.0,0.843125,1.0105469653272454,1.3067873978073974,1.0336989484873589,1.4388913844859235,1.0876154135518883,0.7721218171954533,0.5913401296386448,0.36325293101496936,0.9928378059440969,1.1741573287973721,0.9653408076812976,0.9390183256552413,1.0567124511848232,0.9994885362574031,0.15753832705265777,0.28060490161709284,1.053783635311407,1.3663697417524208,1.0274256143847262,1.5076968109941216,1.1031925284912838,0.8581755482635314,0.5967444184710166,0.29664446689745283,0.09805214574105216,-1.0696835383805954,-1.0510638037805675,-0.8725173132373502,-0.10550741343046227,0.40904288972791697,0.005850546554787447,-1.068478060310559,0.49565646676603264,0.45895716652972457,0.08394190891270699,0.509320798217942,-0.9248630169533834,-0.8116226920560252,0.2470751567904735,0.40793250143304355,-0.32137903151861874,-0.6745,-0.24527272727272728,-0.3281742194207511,1.22523572177772,0.19501978221033484,0.5093207982179417,0.4738912988354823,0.4733333333333318,0.15949590078272316,0.3303014916627556,0.49046178004637714,0.6858060471085259,0.4979364111111062,-0.517830569006104,-0.885571301787381,-0.7363229529461209,-1.453344591950264,-0.7327822179662629,-0.6298181492089866,-0.6615711189561858,-0.6986665017872891,-0.8029720696704671,-0.4010965611748503,-0.09287896972123075,-0.49916217710910754,0.13600910054431214,-0.7851360924021881,-0.4321160102129986,-0.47241740801513604,-0.9259044364680371,-0.5686874398034747,0.2984392317348107,-0.4978872434606291,-0.2733045091918519,-0.46364925673467244,0.788179775280898,-0.3210076071581877,0.9367488652337649,-0.9879193115938675,-0.8604979789858002,-0.8183215348535234,-0.5427545307422648,-0.3597333333333333,-0.3597333333333333,1.0663090394851442,-0.4733474201671452,0.0,0.9522352941176472,-0.035900325336883275
adversarial_block_gan_ensemble_paths,adversarial_block_gan_ensemble_paths_80,-0.2717978809940379,-0.2971640912765026,-0.6870386264768052,-0.5424150746490213,-1.0857710144216204,-0.1165056257505112,-1.753159245715539,-0.40890477509485756,-0.24849999999999978,0.7663167539267017,-1.8614108527131754,0.08651814345991489,-0.9303946452476574,-0.8672254583175005,0.741239735018866,0.9048505742786774,-1.2394107264403367,-0.5707307692307693,1.4527692307692293,-1.0117500000000008,0.08651814345991576,0.44966666666666666,-0.08431250000000276,0.6744999999999993,0.921999145664246,0.6744999999999998,0.44966666666666705,0.0,-0.6745000000000004,-0.4721499999999792,-0.8229141323792808,-1.1632234285714396,-0.516147739898381,-0.6307127359042917,0.03787651264742109,-0.567086571305078,-0.6009023707240382,-0.682328344293557,-1.0017733409960319,-0.6805896402633633,-0.009898398501038084,-0.6095158471326664,-0.6103198562843578,-0.9307976320412608,-0.46415954786018565,-0.6654683824852323,-0.08170811948688055,-0.5688553127232355,-0.7428399931205919,-0.7487247657512353,0.9522352941176448,0.6468077067875502,0.08538790264233684,-0.0016790938586617697,-0.4999564478677252,-0.43084182646254493,-0.606722045544554,0.0,-1.0031025641025642,1.3667475178924917,1.3654787120125484,1.298552480515288,0.04412456465640847,-0.09679739096430306,0.7057349338201437,0.26844199709577543,1.7142751182333429,-2.784595959588922,0.4509544037083601,0.4647257156351188,1.7986666666666662,1.7705625,1.2729422247208875,1.6028736704881208,1.3624716342038994,1.974781015282342,1.422011853334843,0.9271687106830511,0.3398105988282946,0.7438935749800375,1.1106273833842786,1.2585853510465617,1.1684592053187688,1.2092544994585464,1.2163904103235161,1.2531723199312848,0.41229346406255235,0.1240019146009253,1.2350601794863802,1.4329355036903109,1.327826051991476,1.6623914355161504,1.3648567099930513,1.0653665504312555,0.3645270856244091,0.4536227477658087,0.07053357307891613,-0.03940177889662224,-0.47499133627957335,-1.0585459299942865,0.02958686000812949,0.3106179731713869,-0.44561005492202194,0.5776696912704589,0.6690414954136369,0.180145640873908,0.8153636826961826,0.6067378541077977,-0.33986893753794095,-0.1857463322014739,0.04727874157072881,0.0020102316434348583,-0.22661484003826324,-0.6745,-0.9810909090909091,-0.2079144549115977,1.2983873074404242,0.7579850341011786,0.6067378541077996,0.34282184411725586,0.3471111111111099,0.05141836312032591,0.05635600256457672,0.02118966388818317,0.08785400557279863,0.12485261782222291,0.03479943347382728,-0.17146956491240814,-0.10916209772066561,-0.538084904188272,0.050226982422508566,-0.21026423489097731,-0.6774045210670467,-0.2852404117864855,0.2893595748894666,-0.14362686948833261,-0.4367227363920154,-0.3526536165235128,0.15421911255844625,-0.534837212271167,-0.41510046741183615,-0.4615369221534628,-0.17660955251609,-0.24184799611159244,0.4461001927582399,-0.23605208349955153,-0.1891308783599559,-0.250442096560867,0.5052434456928826,-0.012459984766675057,0.2085664038240118,0.06309141911412765,-0.641423075570783,-0.19400996053940045,-0.11431412845756972,-0.3597333333333333,-0.3597333333333333,1.4389762841374558,1.1411423327771035,1.349,1.6928627450980391,0.7154437310440906
adversarial_block_gan_ensemble_paths,adversarial_block_gan_ensemble_paths_81,0.017883800272847337,0.36022136507966435,0.07919040991913108,-0.8144015330583093,-1.521366876932675,-0.3808701132282672,-0.9635141676025134,0.9164367353882998,-0.7525999999999993,-0.6109345549738217,-0.5646976744186034,-0.7968776371308006,-0.5139776045357897,-0.32181067182899376,0.21855027632940732,0.15463978559782668,-1.100006631551106,-0.5707307692307693,-0.020753846153846154,-0.9939999999999969,-0.7968776371308013,0.31476666666666664,-0.12646875000000266,0.3809238749999998,0.23049978641606111,0.0,0.44966666666666705,0.0,-0.6745000000000004,-0.02248333333331276,-0.3402665474061068,-0.7708571428571425,0.3785591568462518,-0.31144303706985144,-0.010671293570567914,-0.28084148418897287,-0.15559815051639667,-0.09143875135990896,0.2774389000144363,-0.23325921363153534,-0.03449763326160561,-0.46509824125356486,-0.06643920874589383,0.1882303290778008,0.27270584882139914,-0.3127527279546216,-0.0905601281928619,-0.3618493855334616,-0.11231005173628557,0.020275416214640768,1.6736256684491952,0.4989997574644456,0.218060753971226,1.5206882274444067,1.0348112663564604,0.00998221760936472,-0.28448069830517125,0.0,-0.9685128205128206,2.3935766277788004,1.4674944904230809,1.5546997558490088,-1.948460608043662,-0.556679606486929,1.465745537902692,-0.01596512748016403,0.4899410012995892,-1.8666947733186314,1.1086473931197267,0.9546890915275121,1.7986666666666662,1.854875,1.3562717452949573,1.4670413411691465,1.4471594101674514,2.251793601558742,1.485481035748605,0.9583090307500831,0.20334473975122197,0.7885562087623447,1.3536279638997737,1.2227684463898207,1.2959278757117663,1.1763372955774538,1.4631794869291987,1.3303565075173047,0.8537535503423145,0.43730775212481576,1.417451824969097,1.3617534351896252,1.4184890490252353,1.7111715562943233,1.4518569982302796,1.1433456250111727,0.36717669800086017,0.565498942402672,-0.14418614904245527,0.11388916233768079,0.12465672409271268,0.5012676008509562,-0.8268558060364313,0.031410855191866295,-1.4553969374658111,-0.049737094929832096,0.6292859137688085,0.1856504438328712,0.7303604172977491,0.5878992604445761,0.13850461985285795,0.15310350145245313,-0.2472614239496286,-0.3863835699307248,0.23589840626602676,-0.6745,-1.103727272727273,-0.08443292154558384,0.8868211195978252,0.6925591930450171,0.5878992604445789,-0.21021177335182617,1.0413333333333343,-0.17510409406952518,-0.42403348399711505,-0.28659067677657823,-0.14413161821111586,0.6740524700027694,0.0858385163169762,-0.02217018012629704,0.4886786589417844,0.028043096875313017,0.49448116687279975,0.13392595339390392,-0.5001133138664822,0.08941274231068043,0.698783640751619,0.17874746026362492,0.392371702824887,0.15516745554884426,0.11089651087028737,-0.22412150134178158,0.10213873510181441,0.31904705302055647,0.41089957034537905,0.14601625401901344,0.40763068362834587,-0.1307398287000825,0.19800299028051802,0.20976192429197363,0.282936329588014,-0.3854829969470057,0.6555084718420074,0.29867471461830775,0.6128760602051031,0.720388055789748,0.1971780315947284,0.0,-0.3597333333333333,1.5202622619881234,2.5914156801287533,1.349,1.4812549019607844,0.41405673403084664
adversarial_block_gan_ensemble_paths,adversarial_block_gan_ensemble_paths_82,0.9241322425929455,0.7216742652895942,1.168392983753584,0.637111641114564,-0.749202303865245,1.1173314530073717,0.7686386977767965,0.22231075925917967,0.028400000000000147,-0.22247905759162326,0.010457364341086427,0.7149130801687761,-0.28005189990732166,-0.6830594265161859,0.1755567793465725,0.6053630755815956,0.09722903003978076,0.25942307692307653,0.18678461538461447,0.5768750000000005,0.7149130801687766,0.2698000000000001,0.2950937499999993,0.16862499999999958,0.3664946604015378,0.6744999999999998,0.8993333333333334,0.0,-0.6745000000000004,-0.4721499999999792,-0.7239713774597603,0.47137914285712645,0.7504392057544695,-0.8117607518264346,-0.7876896222083152,-0.9834429317521813,-0.33877147852465456,0.30787274643912926,0.07737871377915048,-0.5464991419464028,-0.28922796683464724,-0.5809107395412061,-0.19037031387607906,0.1504596294615666,0.3454081007856864,-0.7225666827080668,-0.5845068032232412,-0.9578889473360387,0.03975714105624971,0.33598124731876644,1.0388021390374318,0.5821615320708884,1.9887917136790814,-0.14533310919937897,2.7937139146337078,1.3674660549274127,-0.6020980934836881,0.0,0.8647435897435897,1.4151981485249074,0.9633143491096952,-1.4958744224358798,-0.554760303068087,1.2357527410513334,-1.6787293252901188,-0.768098649790219,-1.4991350839286635,0.6961063281644325,-0.514011465261134,0.02798253254532222,0.8993333333333333,1.349,0.8234954900404287,1.26337264294141,0.9947642064604186,0.9030782373862275,0.9654168175556322,0.8159135604234758,0.7267189161639914,0.01785375693688999,1.0933274248415548,1.1019049064093949,0.939418377053011,0.7858676036600477,1.2821632467086235,1.0108566733062394,1.2027543546870134,-0.011554995295059817,0.7940614201541569,1.5539739862444595,0.9792553899907632,0.9628679443064672,1.0183145802784357,0.832872167952738,0.7400864974771089,-0.13466711930541478,1.7329440692874287,0.7079471802557944,1.9647489998003345,-0.5911725975165533,-1.8108885573938558,-1.7382786222983755,1.7921604657043642,-1.0937176753142281,0.34165826337531385,-0.22842237611518487,0.7579090775963299,0.22660218426340253,1.7948774318778309,1.038586087790713,-1.0911300319306108,-1.620494544763731,2.563451883686726,0.6745,-0.49054545454545456,1.3142290510917796,-0.003379681463946868,0.7137630169399793,0.22660218426340048,-1.55186367550979,0.599555555555558,-1.3756345345936958,-1.6441653004142485,-1.5177946205027992,-0.8674194239016719,0.9333853418694765,1.0037129029104594,0.523857705007027,0.7934088664278679,2.9754814225697963,0.9126540467847503,0.9079504955217285,-0.7909289739328678,0.67528551158157,0.7592861956763781,1.1904127404837945,-0.11108152095919621,1.3158819962601604,1.0568173456983911,1.2017265817713065,1.0216364093130967,1.3455346836202746,0.5006207233646275,1.020801727639198,-0.3292101759860012,1.0349224943599542,1.0982288396295297,1.2266038890978979,0.3435655430711608,-0.8502169813528938,3.3516095156068295,-0.22898317907683047,2.443657833716666,-0.5132628106234699,1.2753411434141504,-0.3597333333333333,-0.3597333333333333,0.9583398776189254,1.31632824079483,1.349,0.9522352941176472,0.7672128894575081
adversarial_block_gan_ensemble_paths,adversarial_block_gan_ensemble_paths_83,-0.8958837962380751,-1.2747538468952762,-0.5880658346264215,-0.6031279095075333,-0.7202874980531301,-0.8471545328831676,-0.3057071374467099,0.6136502092708357,0.22719999999999976,-0.610934554973823,0.8784186046511637,-0.27321518987342014,0.3220596848934201,0.3968226025720077,0.1688689020381316,-0.03366673049622926,-1.169577647105069,-0.15565384615384625,-1.4527692307692313,-0.7100000000000019,-0.2732151898734172,0.2698000000000001,-0.5901875000000016,0.0,0.23049978641606111,-0.3372500000000003,-0.44966666666666644,0.0,0.6744999999999995,0.8768500000000207,0.7239713774597603,-0.09982600000000569,-0.7999659606519346,0.380918648901114,0.6555456840244456,0.5611714704409899,0.04911115918725093,-0.11598038051496248,-0.7794492910840607,0.37921956667281886,0.9993657946568609,0.5950148263109297,0.005956550964943537,-0.6071440075036639,-0.9510511573828655,0.38119969331591547,0.8593190688138286,0.4145987882013946,0.029146850663117885,-0.3952227717879136,-0.17313368983957197,1.1204651703998516,-0.779052347370698,-1.353945238240849,0.17776588167611013,-0.4309795897355831,0.27491138412894556,0.0,-0.7263846153846152,-0.6650117964036515,0.8955883886796995,-0.4455855914109695,1.9478330124480918,0.014146778546824796,1.1155803594658453,0.37618523721315933,1.136163482248782,0.17648349426816173,0.8438587430690913,0.7310252288379416,0.44966666666666666,0.843125,1.0435946427631526,0.16162758299932392,0.8050273675581399,0.5288598243053871,0.7754792365224807,0.8916802821352818,1.4140370111227716,1.0531288148258855,1.2439358781418113,1.0843950683872008,0.9548080283718555,0.6808600002652558,0.9643054409159769,1.1991641089802616,0.8715424003074449,0.4989204167565386,1.02232958930055,0.2966501919939651,0.8338980881810132,0.3412324434589401,0.7854801938355804,1.083941972905931,1.4290941069933496,0.839416174161586,-0.8433697410485015,-0.19371182340945528,-0.6367399160352484,-0.7142299814783213,-0.153564593576939,0.24282891966131454,0.01198844988788218,0.38497107842582057,-1.2917342139086119,-1.720979901917376,-0.3014987902208201,-1.4443108558456095,0.914175613857868,1.4714192782080717,-0.3740863745922672,-0.964026799825007,-0.4834735522724986,-0.6745,-1.103727272727273,0.215049259874662,-1.277769786841302,-0.8690314813577605,-1.444310855845613,-0.00029403497856102186,-1.451555555555555,-0.4188202686693864,-0.9179776257831775,-1.7802032011085265,-2.790557946683375,-1.249321842906984,2.462841437795907,2.3782402103803486,1.6552540103760132,0.53345777703647,-0.7048899498616982,2.0654554881001577,2.7202321328850383,2.920513162768867,1.0335891829129953,0.058926432047979,-1.4417566716978683,1.571179766962919,3.252011597258246,2.5080183958955136,0.39246485991287666,-0.32548078557901156,-0.5860493367740099,1.8915874047896055,3.2493794556770657,2.981473721274102,0.263449565825877,-0.010586327062935495,0.788179775280898,0.7539386378066277,-0.5343534075757076,-0.2803732113089372,-0.5060556792127094,-1.133523457368804,1.3959916638307845,-0.3597333333333333,-0.3597333333333333,0.8294599268985072,-0.05792486685301692,1.349,1.2696470588235294,0.5474838346207201
adversarial_block_gan_ensemble_paths,adversarial_block_gan_ensemble_paths_84,0.6280709111412631,-0.5404568926155502,0.7557309353006401,-0.21588409224681412,0.6334019936233708,-1.4319695993080876,0.5234121446783493,-1.2227082904611053,0.8235999999999991,1.2395261780104714,-0.982992248062014,0.8059848101265819,-0.8581590361445781,-1.3514606815589103,0.6726690882105953,1.0036568421871035,0.4905853896245328,-0.5707307692307693,1.1310846153846141,-0.2662500000000007,0.8059848101265822,0.31476666666666664,-0.6323437500000015,0.3809238749999998,0.921999145664246,1.0117500000000001,1.3490000000000002,0.0,-2.0235,-1.3714833333333127,-0.8229141323792808,-1.5916272857142881,0.2939974128071117,-1.5576969839459625,-2.12653278793983,-1.5623995647622413,-0.857919483644947,-0.2216327897330806,0.1862867943973954,-1.169389465282199,-0.8835427912812,-1.1015348981931488,-0.5503291089521615,-0.005158016321598476,0.2934707785735112,-1.3949450190894737,-1.752306674000187,-1.404826269757739,-0.6653530307258977,-0.090379531538675,-2.3373048128342226,0.2888906762671483,0.485937135645017,-1.2548931167129405,0.6394112043006749,0.5515490134635795,-1.2099457683352566,0.0,3.839461538461538,-3.3882832328038206,0.00916398130906674,0.29879011820579837,1.8619942007227466,1.4914319022760454,0.12857690010737835,-1.4233751188217538,0.8468565370310683,-1.010195188487623,-0.4557938506217516,-0.9245226244461477,-0.44966666666666666,-0.25293750000000004,-0.038998130524543866,-0.059030239992481956,0.008780498550907625,0.5998845840135936,0.006919760648094949,-0.34181001050848114,-0.8457859352590523,-0.7266512801436479,-0.13195039662228064,-0.018729765023972455,0.0010017415403235118,0.10350208939349498,-0.024280704971543207,-0.06440738871042347,-0.8709266340025151,-0.7493729403577339,-0.0025407317664559075,-0.3315598246588959,0.0026800042777158214,0.5885790879761503,-0.027820526418317906,-0.28822901233665016,-0.9647877142527531,-0.6199059711809355,-0.06784133740211967,0.8554794959704297,0.15832347965369514,0.9916856476323205,2.2707273135327424,-1.3836946724013606,-1.2656865068026524,-0.003042267283947721,-1.3934669687257104,-2.09125855248916,0.02508785143690563,-1.730698254343429,-0.036873116128297447,-0.026715518668029646,0.22832835361330397,0.22529999842886378,-0.4140549042500721,0.0,0.0,-0.12687352186500261,-1.552354088046536,-0.7145067164069465,-1.730698254343432,0.5401867257828941,-2.1773333333333325,0.2794893428639232,0.28343890567883023,-0.0296458764999122,-0.3543989192871642,-2.552928954786081,-0.014895031240682532,-0.020327344866777734,0.0036965851071207242,-0.269621481976053,0.5141711096404791,-0.016812337710844935,-0.11955097141659003,0.09372247820821845,0.006892031402407738,-0.1426743576782738,0.8021527266440843,0.20427936856859483,-0.19652410127853404,0.5496258442916403,0.007541687679888449,0.1882992305160028,0.6568221161915373,0.02059952975499135,0.043430033004496084,0.18991551031808213,0.0028540659109103183,-0.006596730965118481,-1.5561498127340818,1.0923926725550663,-0.06107229409194413,1.068314056447825,0.1563565416196508,1.5932756017262266,-0.004979671568777255,-0.3597333333333333,-0.3597333333333333,0.008806301562220786,-2.698636017169475,0.0,-0.21160784313725495,-0.4394599884480036
adversarial_block_gan_ensemble_paths,adversarial_block_gan_ensemble_paths_85,-0.2282171950312446,-0.7554825345001409,-0.6517448277451232,-0.890698602295923,-2.1544540330644026,-1.0336705481616097,-1.5976325314996789,1.1131494802660817,-0.6389999999999995,0.5473691099476434,-2.1123875968992207,-0.1229468354430391,-1.2663216343635422,-0.9428488651800848,0.8046352386717953,0.630504934725789,-1.4118000257009364,-0.7782692307692307,1.5150307692307674,-1.4377500000000016,-0.12294683544303789,0.44966666666666666,-0.5480312500000017,0.7181738749999994,0.921999145664246,0.3372499999999999,0.44966666666666705,0.0,-0.6745000000000004,-0.4721499999999792,-1.0642379248658673,-1.7344285714285712,-0.960120228846835,-0.6699824621007998,-0.24138512967602674,-0.5586992845341809,-0.7690871714740903,-0.8207701761361025,-0.5036332001687558,-0.7257026224844728,-0.19281095952352295,-0.6353909279500707,-0.6350227373137903,-0.8378309812338558,-0.653662340599536,-0.6708423155710012,-0.25154445777431295,-0.5111547955107887,-0.75120036642879,-0.8200030709663695,1.1542245989304811,0.41768657866175096,-0.10731850604662294,-1.1206524103292703,0.06904619804267895,-1.6158424893080188,-0.6613267307830676,0.0,-0.3804871794871793,0.24120001102578437,1.2032596042794665,0.9552407749908494,-0.9675903409907777,-0.8618093907015362,-0.0036994835772926242,-0.46806175917457615,0.5631378605777954,-1.6220812144256895,-0.18064251522762081,0.2964512543171515,0.44966666666666666,0.9274375,1.193481794461377,1.5104989420487656,1.230924445362766,1.318897540914808,1.3183426362307844,0.817749738505874,0.5178637562731891,0.4132834740024622,1.0539138239922254,1.3905243595334655,1.1619055029371483,1.455518486979194,1.2278726087945273,0.9913533778776563,-0.8162412175492573,0.35745488510815315,1.1198557850525401,1.5411876172918062,1.222595488264054,1.709869238357908,1.2006430632477547,0.8949345010217676,-0.11121559844610106,0.44243351429737426,0.764132966852812,-0.5453571609954777,-0.39903968330431594,-0.19802709300696605,0.1630494121917996,1.0138189770108916,-0.030970076724487428,-0.49962418608837694,-0.4176299793488845,0.01880753481541143,-1.0667086528130318,-0.19556932534289145,-0.5485551847512704,-0.37995557326616286,0.004144215369840705,0.04374283938737057,-0.12766745023720114,-0.6745,-1.103727272727273,-0.3367187468016294,1.2849551563072084,-0.690620085973346,-0.19556932534289123,0.4707915407463874,-0.5048888888888872,0.03911777071797492,-0.011377802956687284,0.12648684634509094,0.5055510388823925,-0.5808478413659812,-0.005850540008716865,-0.3657747018679383,-0.1442553475523152,-0.4684050434282672,0.017895283371001658,-0.38822518544729673,-1.1890892216131372,-0.5764727225805548,-0.24810530276824957,-0.0879290600499242,0.304463709975518,-0.36764801365467836,-1.0382181172567428,0.1328462465044867,-0.420646335954381,-0.13844076539628544,-0.08100044570511827,-0.33806022849717415,-0.8166684172430423,-0.19379342338230568,-0.20169709105053385,-0.1408762646938435,1.0509063670411978,-0.14838715521218684,1.6079204616730136,-0.8576150804568906,-0.4267148885260894,-0.5763894171502849,-0.2560687884218434,-0.3597333333333333,-0.3597333333333333,1.319236866268351,-0.14966219427161573,0.0,0.6348235294117647,0.2535616718518838
adversarial_block_gan_ensemble_paths,adversarial_block_gan_ensemble_paths_86,0.5840236372607559,0.09399037531806571,0.8183161897941984,-0.005178796361998731,0.7259467288433243,-1.7308902958410641,0.36808225711230297,-1.520692176986928,0.8519999999999994,1.267777486910995,-0.9829922480620136,0.8014312236286917,-0.8581590361445781,-1.342179961384046,0.6726690882105953,0.9982230032616143,0.40546458418636727,-0.5707307692307693,1.1518384615384603,-0.2662500000000003,0.8014312236286923,0.31476666666666664,-0.7166562500000013,0.3809238749999998,0.921999145664246,1.0117500000000001,1.3490000000000002,0.0,-2.0235,-1.3714833333333127,-0.8229141323792808,-1.5916272857142881,0.4029738538423603,-1.536394071558616,-2.12653278793983,-1.5241071407185243,-0.8430244248999952,-0.20116852748860967,0.17619709514668572,-1.1659377275082463,-0.87640349987692,-1.1764060192062071,-0.5391248983191508,0.01287587925507906,0.3111608180096796,-1.3813775970750268,-1.7230188867901355,-1.3924671316847523,-0.692979300807033,-0.061068319196437494,-2.3661604278074853,0.3209048232876623,0.44971459765542754,0.815807618722679,0.5922178565937184,-0.560927679956237,-1.187438340165456,0.0,3.701102564102564,-3.3098483807267662,0.022325911644403226,0.4160648787962631,0.41728987252110233,1.5051503909234738,0.7957623446649928,-1.3289289751101319,-0.2096372131178221,-0.9969375743116041,1.2866666044918253,-0.9420587792626738,-0.44966666666666666,-0.25293750000000004,-0.024731454262886726,-0.13997409498862826,0.010091532244676966,0.5745753959671678,-0.005108013804448161,-0.32722397635049727,-0.8137163125095604,-0.6141150103713371,-0.11537859055902691,-0.011532851701123784,0.015447560570681605,0.15061588932819883,-0.0030829385464666696,-0.048474975962206165,-0.892839300394656,-0.6302059888458653,0.021460666600364848,-0.36931611221734345,0.009659758075867293,0.5884400655745459,-0.016999571933176527,-0.28188423977739,-0.9348072852142291,-0.47637192251148336,0.009795255911998951,0.6552230551314994,0.29850591838924506,0.9262776871847611,2.2112334551924175,-1.005521927213778,-1.179471875632087,0.015086921728075789,-1.4243783612257126,-2.0974373969918823,-0.02619947425938717,-1.6934943240377514,-0.04421505172283352,-0.009732194250524061,0.23323671202258459,0.22920023482946966,-0.4162105367846981,0.0,0.12263636363636364,-0.12381854081865946,-1.5092332352905284,-0.7879536054097154,-1.6934943240377556,0.5420282830813304,-2.0826666666666664,0.28206054519213275,0.3021809355406878,-0.04645683142098397,-0.3684615685572948,-2.3667033782515645,-0.04807076546675015,-0.060171333855332874,0.01951522564677561,-0.2829874770676997,0.5106701406029837,-0.011533603746958662,-0.1744098198593076,0.10967666214424356,0.021780466863146625,-0.13184672120272517,0.7966652690444004,0.22248356750043854,-0.1899921319094146,0.597726717814202,0.0035085956700472353,0.17449511788663039,0.6744377674403653,0.027437310340871508,0.0032703125026099797,0.20381130619276688,0.010792922965947301,0.002896237871407997,-1.7582471910112365,1.0913545601256005,-0.021457395532102734,0.8662225362285395,0.23817931498196365,0.9059003979832452,-0.0035658365700509107,-0.3597333333333333,-0.3597333333333333,0.020637317320421757,-2.6947722041087596,0.0,-0.21160784313725495,-0.4041097892088184
adversarial_block_gan_ensemble_paths,adversarial_block_gan_ensemble_paths_87,0.8192053418389053,-0.41317756182924126,0.6571516924322858,-0.6001649135734398,-1.158970331348135,0.6163455868312234,0.77491989882652,0.1563681291885262,0.11360000000000012,0.37079842931937235,-0.7424728682170532,0.34151898734177183,-1.0386630758327426,-1.0948849273739647,0.34275371205759486,0.5990657354234822,0.3317053817164923,0.25942307692307653,0.15565384615384636,-0.8963750000000011,0.34151898734177216,0.2698000000000001,-0.12646875000000266,0.16862499999999958,0.6914993592481846,0.6744999999999998,0.8993333333333334,-0.0,-1.349,-0.9218166666666456,-1.305561717352454,-0.6849065714285878,0.45808522554918607,-1.1286309014557034,-0.8138480149008815,-1.155821806136239,-1.030510254012559,-0.16161209387938855,-0.05936417186112701,-0.9216843382922703,-0.33102092013326284,-1.1301558392675304,-0.3857414240908798,-0.15223033444175899,0.001493667138222477,-1.053635040073496,-0.6470337890141801,-1.1082683236409447,-0.22306459405639611,-0.21525640510807828,1.558203208556146,0.0035107964337876777,2.7841427221887303,-0.31477716530569577,3.617664772135515,-0.9100559087697271,-0.8895294940720967,0.0,1.2798205128205131,2.054614690086237,1.16071920015878,-2.0563607788952463,0.07776048749983294,0.5559838860960288,-1.6923562064171858,-1.054467404368479,-1.6251201648600049,1.341995898637541,1.5333982788357814,0.21223036139944768,0.8993333333333333,1.4333125,0.996911642889848,1.3157177267821163,1.1238275946556415,1.6726876011331393,1.1160459569571173,0.8502920344186923,0.4632588599282299,0.21018721403477014,1.1082204085941492,1.129772286841988,1.0938192118829726,0.9065112474198983,1.3046817780816544,1.0090517372922858,0.5380182543986527,0.09589713594544631,1.083080539876594,1.649403456147912,1.1209649997434457,1.1604974503780419,1.0857283507244282,0.8310509078584621,0.20263752916270225,0.09940110167015977,2.1574798312636467,0.9721143439101321,1.9732960469340803,-0.36662651014248365,-2.2822579384416692,-1.1834203291161007,1.7004489336480997,0.6448345583766105,0.8055653799403595,0.5032884647920904,0.6230714233480591,0.5158511294556694,1.8850798165442606,0.9058777135794002,-1.0766493575364586,-1.446548653406977,3.0027213406548636,0.0,-0.8584545454545455,1.3047918433414503,0.036659795456353624,0.6099803340761798,0.515851129455671,-1.5511116942487415,1.1044444444444452,-1.370937295534184,-1.396330108263896,-1.433516719625958,-0.5463015850652041,1.38587782333109,0.5380874326280941,0.1547110646897157,1.037635245499284,2.965848108688998,0.9539213008520455,0.7053145467941444,-0.782440787339338,0.37781239570484776,0.6111035767869091,1.1981795248586367,0.08978786305868938,1.168588065497584,1.083121762687165,0.7623604894383793,1.079903002640861,1.5283835488820154,0.5417922472387396,0.8946926232034694,-0.15464335671577958,1.032199903338228,1.1415389020320632,1.2182837126908053,0.40419475655430753,-0.8780439727477825,3.5305392939765348,0.46317246568397336,2.207773235583073,0.0207598986703546,1.141452466595887,-0.3597333333333333,-0.3597333333333333,1.1037284571131527,1.9882307925045037,2.0235,0.7406274509803922,0.6693074329673601
adversarial_block_gan_ensemble_paths,adversarial_block_gan_ensemble_paths_88,-0.6184584753189032,-0.0858060393832241,-1.3791763015790006,-1.4487964947392697,-1.5170774775530957,-0.0555061021362832,-0.9591091418242387,0.6251749447034128,0.170399999999999,1.020578534031414,-1.620891472868216,0.6101805907172982,-0.7561401297497682,-0.8163374758460847,0.951350547125717,1.0702960096689247,-1.2200414472388952,-0.5707307692307693,1.5772923076923058,-0.807625000000002,0.6101805907172996,0.44966666666666666,-0.04215625000000285,0.7181738749999994,1.1524989320803074,0.6744999999999998,0.44966666666666705,0.0,-0.6745000000000004,-0.4721499999999792,-0.7239713774597603,-0.8776208571428736,-0.752932210630873,-0.7080347381184898,-4.373146423748718e-16,-0.6851068788742003,-0.7927052236889859,-0.8329078744022139,-0.4806711807130109,-0.6889476428722572,-0.07380566387384897,-0.5477808929406305,-0.5962815091574882,-0.7821171722547948,-0.5489590187325336,-0.6916705523046449,-0.09587387538927503,-0.6319919381127939,-0.7615208253101095,-0.7596066786325111,1.0676577540106942,1.0583748953603551,-0.5950369722951735,0.5892334952030881,-0.8887920445662276,0.18035415327165266,-0.6783412959157483,0.0,-0.8993333333333331,-0.7780850357770285,0.9628641976772494,0.5838649723346776,-1.455221102486869,-0.628046192638898,1.010787308054951,-0.6979186639877479,1.189268665860204,-0.8782495365524017,1.2752843984366053,-0.4655902333314047,0.0,0.9274375,0.9892609139502204,1.2984203987307246,1.0415348766703587,1.402418832213297,1.1199086542430052,0.765668230474766,0.7099282870595249,0.3001818730060604,0.7628828352445469,1.3314202805668658,0.9689606292488341,1.091112750228267,1.0282967311801354,1.0349733347883527,-0.03130847400345811,-0.7531144340606445,1.047737607684259,1.4361827877459756,1.0102781692261076,1.4826406343954857,1.0200911890091418,0.8797870541278776,0.5145432163596281,0.11272306170577116,-0.07934054236666284,-1.2965433726327555,-1.3083723572878023,-1.3149807740497383,-0.12046291527092896,0.25935920644346105,-0.2676575787754972,0.09712184019835633,0.5722745415313332,0.48137034435332593,0.20101648246180095,0.544889969258563,-0.9737516315132296,-0.9079840458905126,0.32592619694736347,0.5386945938347479,-0.37063858239511127,-0.6745,-0.12263636363636364,-0.33068874089326267,1.2597508815776777,0.28513046683918747,0.5448899692585631,0.4725353842541227,0.22088888888888816,0.2621718079415834,0.5711535332035723,0.6265438858871767,0.7421878094267093,0.2136633219633493,-0.5075159975438851,-1.009712703741264,-0.8557237565041133,-1.4665430282511998,-0.8479642243290739,-0.6957916762345085,-0.7091011084896713,-0.6143987477980262,-1.0825218951777305,-0.4653921539235687,-1.0527305561333278,-0.5476198110638757,0.10135571315269776,-0.6756130150449209,-0.5738658123388194,-0.6664413793840944,-1.1504456517943018,-0.6331502079990674,0.17210216851843657,-0.40156238534291944,-0.36187315367006523,-0.5322867909820886,0.9094382022471916,-0.16089638964851574,0.9240728696776908,-1.1792361396421087,-1.1592397318866314,-1.3174029404130991,-0.6212279808307443,-0.3597333333333333,-0.3597333333333333,1.0837007230911204,-1.176788305590614,0.0,1.0580392156862746,0.017437042910158948
adversarial_block_gan_ensemble_paths,adversarial_block_gan_ensemble_paths_89,-1.0298044855283048,-0.2900287606084479,-1.3902220811476615,-0.39870686295724245,-0.4202783636378421,0.10417226278963744,-0.7151648052074435,1.8223824063700984,0.6744999999999987,0.6674371727748695,-0.3555503875968995,0.06375021097046225,0.5802325301204823,0.17379726881203147,0.07105869640218423,0.10605457468288976,0.5471634928541595,1.2971153846153842,0.34243846153846036,0.26624999999999877,0.06375021097046452,0.17986666666666667,-0.4637187500000019,0.08734774999999978,0.0,0.0,0.40470000000000284,0.0,0.0,-0.02248333333331276,0.38370483005365347,1.7274908571428462,-1.0397204412430678,0.020250415935518257,0.3720477781332826,0.03367405212030813,0.053777211747835674,0.006884520918831138,-1.1668040987790622,0.20043372903202036,0.7274853439537824,0.2860363576420463,0.014192216664814107,-0.4284539448132891,-0.9721399955550644,0.056571632829689314,0.6070602823509758,-0.010200512346713105,0.02521859225949137,-0.10825700067506805,0.3751229946524063,1.7885704771438278,-0.7477884627193244,-0.7169148563818449,-1.082698952564152,-0.1756898857549209,-0.012403762203287384,0.0,0.4150769230769234,0.6645125844831192,-0.5462039779063057,0.5539450821436945,-2.4846247376134714,1.1219104401278845,-1.4002970613457506,0.20993404685940667,0.8375231721343843,-0.05576996395535273,-0.5447467606591896,-0.6256424415076107,-0.44966666666666666,-0.4215625000000001,-0.2376342895805396,-1.3642902627569728,-0.7487628296660631,-0.9908661496377588,-0.8048445089157897,-0.7919045886431326,-0.007546429126025546,0.4935892731449439,-0.34859824207664625,-0.8711898780228412,-0.7219011821918991,-0.9339252279080404,-0.8524567272664545,-0.3931341666057426,0.1297351669020086,0.3768484367236432,-0.2810104670969761,-1.06497912395484,-0.6758503906331371,-0.7302398919105068,-0.7512561171075304,-0.2963727187575414,0.25689985673861926,0.45136199260755616,-0.24014213236505189,-0.22595765788701502,-0.47286252012597607,0.6673923979283699,0.1198002227534806,1.6399000110261548,-0.05797420370812999,0.14465035909999302,0.7425677404534794,0.423009937684207,0.6143635773672234,0.7099237472814214,-0.7751372311848206,-0.8244446224211316,0.2787479928472803,0.6700271974494132,1.3591586323937752,0.6745,1.2263636363636365,0.03241293983385245,1.3950822032745345,0.6032780251188324,0.7099237472814222,-0.27076303413054964,0.5364444444444426,0.3046663763966763,0.9084298327499134,1.1430791761120118,1.3446496967329316,0.23675978278766702,-1.2006754735172527,-1.269625747765389,-0.8320336668943372,-1.0683765666948453,-0.48165280647047726,-0.970075317316743,-1.1202501351527134,-1.0336564877700816,-1.0443360829006725,-0.31765577420224433,0.400450742604527,-0.7570481324466054,-0.8608123053771523,-1.2714629216230136,-0.3327456544745638,-0.16156655774419668,-0.23609915429443182,-0.9054250130765198,-0.8960037646486243,-1.1981650126690242,-0.11489120750976561,-0.22889092283219215,-0.40419475655430753,-0.5486972205933396,1.454741301101919,-0.9288717249729429,-0.46236239582809985,-0.7232796774232908,-0.7375360736797959,-0.3597333333333333,-0.3597333333333333,-0.6688941617643533,-0.6965153497982817,0.0,-0.3174117647058824,0.14689524601568718
adversarial_block_gan_ensemble_paths,adversarial_block_gan_ensemble_paths_90,0.5623876480800992,1.0500801663439585,0.7751568469796217,0.7938548161362804,-0.7133222487237204,0.32685435145745056,0.5986309230800937,0.383876559297435,1.1998999999999997,0.06709685863874358,1.3071705426356595,1.1611645569620261,-0.13652530120481943,-0.00011257501627867112,-0.19104708340656584,-0.4003112901861151,-0.7603458726844592,0.25942307692307653,1.193346153846153,1.6773750000000018,1.1611645569620255,-0.13489999999999985,1.1803750000000002,-0.5871522499999999,-0.23049978641606175,-0.3372500000000003,0.0,0.0,0.6744999999999995,0.4271833333333543,-0.0989427549195205,0.47137914285712645,0.5773069216116198,0.14419218493595762,-0.620009857016357,0.042710673553190213,0.2107408462561856,0.6684054689655677,0.31566313809549096,0.21161585317519743,-0.17178467142107173,0.20984449272464092,0.3913039672531125,0.9730951312585663,0.28852008466067003,0.17928932089931757,-0.142544017628099,0.250030302629904,0.18361060117617112,0.6575455487931247,0.6348235294117632,0.022651807673359704,0.8188571765401883,0.5431929999741386,1.588894041588188,0.3873746676048571,0.18332110356301082,0.0,-0.44966666666666627,0.1370965577391319,0.5899141264905904,-0.8462318816330757,-1.3174725619584797,0.847376795555673,-0.7108529772301423,-0.6560176576926194,-0.7230290331725513,0.5578630196111257,-0.947458670307975,0.04027836411216736,0.8993333333333333,0.42156249999999995,0.4986294694347777,0.5463307272634451,0.567497981519198,0.3988334814002699,0.46081315075252466,0.7480500382803792,1.3542980103886568,0.1269619876178948,1.0903204010477632,0.3419672694808398,0.49558999465257675,0.2915425054799879,0.4442966960673007,0.9781735244949872,1.6468681382791173,0.45267706098133087,0.4174613456315254,0.609669373754225,0.5755086753030912,0.5359230093391326,0.5601833897623508,0.7992713723261201,1.5028436568858836,0.05084595514869108,1.566246234209594,0.9615006416659561,1.9934196667076824,0.5509991120742703,-1.910195294870542,-0.847438756935793,1.8590474930327543,-1.7838416178701408,1.0049867800048555,-0.3070799525849196,2.157529640612894,0.9426903545707821,1.811040582075802,1.196963081859132,-1.0737354940278285,-1.4113187358155774,2.4226697013343057,0.6745,-0.36790909090909085,1.2965825826740176,0.005042284030958604,1.7910316614518935,0.942690354570786,-1.541443990984589,0.4102222222222209,-1.366855790094697,-1.3264160290716915,-0.870847250395444,-0.7346829615989772,0.9162947519345788,1.46174758361072,1.0198496211354549,0.8248950783108734,2.9464520062763366,0.9576329587954795,1.0933215414342188,0.10604002388418172,0.8261484607265998,0.73701411173772,1.1188593358336372,0.5484662947080411,1.3034298005579938,0.7621594137250243,1.661349520072357,1.0297912347634266,1.292458626547508,0.5940065059086306,1.2218215816672529,0.7834345207098132,1.0014111750943555,1.0997028632006502,1.1899329405566765,0.586082397003745,-0.6244114550385507,3.3503582979956903,0.2808386666303365,2.1635364731969786,0.29039683868267946,1.2961868925664897,-0.3597333333333333,-0.3597333333333333,0.5636051227987414,0.38235737554390853,1.349,0.21160784313725486,0.2324908376378427
adversarial_block_gan_ensemble_paths,adversarial_block_gan_ensemble_paths_91,0.5900076092715668,0.34446074274188915,0.19617608514279827,0.22855205223163697,-1.0790265824087228,-0.496581940162785,-0.675623594620457,-1.3233780458026558,-0.15620000000000012,-0.38492408376963366,-0.020914728682169603,-0.05008945147679394,0.09101686746987962,0.3119878809519407,-0.8201009549475663,-0.6282254759392891,0.5879891411084501,-0.2594230769230771,-0.5603538461538461,-0.7366250000000003,-0.05008945147679307,-1.0791999999999997,0.7166562499999983,-1.1367011250000003,-0.4609995728321235,-0.3372500000000003,-0.44966666666666644,-0.0,0.6744999999999995,0.8768500000000207,0.1423810375670665,0.0,0.5706178524085791,0.2692060708400222,-0.16431559021958583,-0.11758094906669482,0.748762457559719,1.2688661998128936,0.48796303798849633,0.2777572659593769,-0.13675355671798242,-0.2913844433005326,1.032938478783726,2.4051090356852063,0.4921710662395628,0.28621127398607166,-0.056217240287837464,-0.2522461053706823,0.8548581694019945,1.5110592308379698,-0.028855614973262333,-0.780221591319203,0.14881763117097935,-0.4634877851049239,-0.15212762086274254,-0.7539029019908043,0.3586055497896949,0.0,-0.44966666666666627,2.6421502523963083,1.1054833000004856,-0.21180371336208514,-1.2952080697949222,-0.3352910819182913,-2.797125341858224,-0.13408472562328075,1.3284471489303507,0.31194176716977623,-1.1663478327210843,0.4606295190125696,1.7986666666666662,1.9391875000000005,0.9975736306683505,-0.045415562457708746,0.857636593544197,0.34326084669736673,0.8603551698618614,0.8237063075267429,1.260226931627677,0.7941898059678365,0.9512845144251179,0.3614437146191861,0.8581384786240006,0.5106561210466992,1.0804000480647267,1.1419332302410277,1.7288262834888626,0.3522653442527838,0.9314588819964846,0.1959681154694374,0.8614553265349268,0.9714129696058458,0.80571481838391,0.9107974005944058,1.0312173009041827,0.6583076722951207,0.9075149794943648,1.4631279305281344,2.8050551154689543,3.296431204733823,-1.2323480401338536,1.4433552457947167,0.06308739295153958,-1.5248700968237041,-0.8471729400988532,-1.7978698393546066,0.6707441179974211,-1.0990892464087472,2.242206800289235,2.050038813714075,-1.427236778196937,-2.1345814105362906,1.387837586475138,-0.6745,-0.7358181818181818,1.7236709975846447,-2.095202607117633,-0.48889469152195714,-1.0990892464087485,-0.8050005069595982,0.3786666666666654,-1.3389175315434536,-2.7405171262566443,-2.117689826557223,-1.2315598170967106,0.7325353614365543,0.9829632535025026,1.694768211210216,2.322201483719926,1.7629115398087938,1.154517260221855,1.458194220793276,-0.023191837431370647,0.7930280860341071,3.3478480702039177,1.4777049466445278,0.9876347995237101,1.4290601309690651,-0.11603140182861921,0.6461673275284744,1.7833593569756836,3.0279286558901073,0.9751890924717898,1.4322641786621184,-0.44601142386555714,1.1321962824403689,1.251153984647344,1.7335575033415844,1.4348913857677912,-0.12165404673217906,0.6023598773889526,0.7621389827876959,2.894647182969752,2.2413975449204955,1.7321852431963234,-0.3597333333333333,-0.3597333333333333,1.0074669582013853,0.4975831579658708,1.349,1.2696470588235294,0.47031569135004087
adversarial_block_gan_ensemble_paths,adversarial_block_gan_ensemble_paths_92,-0.805845502150333,-1.249382486958747,-0.23165014380039797,-0.5342557003833959,-0.7184692343460855,-0.06441209328106022,0.14200215137474628,-1.2158054124785895,-0.7525999999999992,-0.8863848167539233,-0.15686046511628293,-0.6921451476793213,0.31205783132530146,0.11246244126182818,-0.10031815962661388,-0.18781847189287362,-0.9393894050653072,-0.15565384615384625,-0.4254538461538413,-0.8874999999999993,-0.6921451476793247,0.2698000000000001,-1.1803750000000033,0.0,0.13599487398547605,-0.3372500000000003,0.0,-0.0,0.0,0.4271833333333543,0.6250286225402398,0.0,-0.8593313021216943,0.2788414520455218,0.5867872693056124,0.31442972978260786,0.019335611972547948,-0.0905598183136228,-0.5632856962130078,0.39539530374333476,0.6970265949571891,0.6255460486581381,0.005476275664966647,-0.4429261127930094,-0.9451769613919148,0.3120699576905756,0.9021726827824733,0.3966116220613405,0.024738550387527095,-0.32678156866605257,-0.028855614973262333,1.044585485441585,-0.697934799047383,-0.7655348511962063,0.3251696573236592,-0.9885758133869645,0.16509656853388027,0.0,-0.17294871794871794,-0.24399559075462138,1.0857986620983127,0.37139814254069675,1.8470860623773084,-0.6416642383759547,-1.1954128292552368,1.1128415809717749,-0.9150283102982975,-0.381219081654525,-2.4156475557834995,0.5761468718311648,0.44966666666666666,0.843125,1.1660027806412998,0.3067770430966616,0.936666382523145,1.1936174266894062,0.9571733352309348,0.9030518911887662,1.1058445466019167,1.2119039217462237,1.2699173794449181,0.7088480122562371,0.9686034735931109,0.8998349433402751,0.9803041989886622,1.2276086620442253,0.909129664849416,0.841415022338968,1.1575259495373251,0.5506580792980674,0.9759923724088763,1.393571701847425,0.9039293272894868,1.0961413700223297,0.8218893921104766,1.1295731745385105,-0.12911423274447154,0.3639600472787887,0.33754281761956906,1.8106493641354708,-0.29441714272633307,-0.06877109845319182,-0.31242262967835727,-2.1674788413466266,-1.6407264664826675,-2.1179614683960297,-0.4173227616170667,-1.4737669418962092,0.7661143230812075,0.9985179443384276,-0.14187886867916785,-0.5409680948568265,-0.296510702898693,-0.6745,-1.103727272727273,0.2134530231870577,-1.1803884485011242,-0.745396317677707,-1.4737669418962127,0.22709273851375772,-1.0097777777777788,-0.058326579476195246,-0.5512372908052555,-0.9574553047822647,-1.6767562982061412,-0.7277784318599485,0.9981759986487941,1.1744038522672926,1.4394967220832509,0.5427670765700588,0.5426892949452927,1.0059625894597697,0.8642149813273481,1.3462652146914624,0.9301494803282269,0.2595744842724859,0.8763314849688831,0.7633071363487772,0.25106472941345565,1.6927422886282628,0.40577051527642205,0.7818971305847517,0.6762318837058181,0.9437555978767069,0.7752727465610271,1.458326332908884,0.2739148652206571,0.36226882028096596,1.1519550561797758,1.0270600463397175,-0.031064922724716813,0.31570503859171783,0.5481757971063542,1.5991085945598944,0.7758605255398812,-0.3597333333333333,-0.3597333333333333,1.0412885653880564,0.34256677668056523,1.349,1.7986666666666666,0.8072000623061757
adversarial_block_gan_ensemble_paths,adversarial_block_gan_ensemble_paths_93,0.9645088899071401,0.8404837031266598,1.7125009335786696,-0.46366671247122904,-0.7179624753689379,0.8205377053697366,0.9612813224488208,0.1750510475463303,-0.5182999999999987,-0.32842146596858557,-0.6378992248062001,0.1275004219409282,-0.9275052208835347,-0.7803046720961221,0.3843070673931291,0.6485894298996816,-0.0690608336648384,0.25942307692307653,0.16603076923077015,0.026624999999999836,0.12750042194092862,0.2698000000000001,-0.8009687500000011,0.16862499999999958,0.6914993592481846,0.6744999999999998,0.8993333333333334,-0.0,-1.349,-0.4721499999999792,-1.0642379248658673,-0.5850805714285826,0.7076987074547658,-0.9128644036980695,-0.8292631850204111,-1.0122126590133207,-0.4649964203237167,0.11161761826259056,-0.05532007698981564,-0.606543157127415,-0.30446438952621846,-0.5608561937762131,-0.38391736852070896,-0.10356525408456896,0.22069340322800268,-0.8135982805393958,-0.6939806485995552,-0.9894149048945815,-0.2258629341317359,0.08162720149431563,1.211935828877002,0.32114605253106904,2.4378683626018502,0.5333352952184787,3.973103992532701,-0.5861036304379771,-0.7101352509145991,0.0,1.7294871794871793,1.4067075554316248,1.0829985317846407,-1.2850609916383364,-0.3831712072192271,0.9437335497402923,-1.5998443485756966,-0.6763934379842182,-0.6917078800147792,0.4364490598281053,0.7450735551854133,0.07452194585321804,0.8993333333333333,1.6019375,0.933238886513535,1.2123437965702935,1.0956682689197026,1.7675767647761913,1.1051015157438022,0.8371465035362958,0.4561029690150043,0.15398805384391376,1.1043123052196597,1.083037500674687,0.9834384373273181,0.9022084692185515,1.281781944738726,1.0170165679166105,0.8776775982115923,0.09692402321208694,0.9484296419219649,1.5440374807675337,1.0786504686497425,1.1869132147094432,1.0926804104766519,0.8471126178401525,0.4059415838305319,-0.06210791847795643,1.7146289316790626,0.771632380600376,1.651323270108441,-0.6849425368377066,-1.9177672889926805,-1.3407091955214763,1.6351115207234344,0.9608809184258618,0.49223542102110585,-0.039046087577590614,0.7822696620395563,-0.09478886793907584,1.9227107458986266,1.1573775971194775,-1.0393722076272571,-1.573629836969185,2.36684068665587,0.6745,-0.6131818181818183,1.3047209334496686,-0.07268220468417118,0.7325130228173666,-0.09478886793907494,-1.5463038994217646,0.4102222222222209,-1.3617391350711008,-1.2313311486406089,-1.5338803543747157,-1.4438193353162228,0.8015991437527261,1.0029155846284623,0.6500886333977495,1.0031749369657281,2.946692849435079,0.8739063236699206,1.0527649755691997,-0.5977831234556733,0.9084851300524727,0.7516884747472705,1.1735678859571117,-0.055003903070593316,1.3439578393490752,1.1013520378030555,1.2796038448114404,1.0431836519640452,1.3711796802058325,0.5029017510791105,1.1801156491763471,0.3915156221155175,1.185937040544875,1.1010981171783538,1.1748573888425988,0.1616779026217233,-0.6478361834714815,3.3686225799070786,0.19828719549738652,2.1117680151020504,-0.013586360774093125,1.3204783778133615,-0.3597333333333333,-0.3597333333333333,1.060666325225809,1.6114069059274263,2.0235,0.9522352941176472,0.719767097948713
adversarial_block_gan_ensemble_paths,adversarial_block_gan_ensemble_paths_94,-0.9812804171298787,-0.19056980649234515,-1.596224126661851,-0.5298448680673106,0.07854459490433006,-0.2012635867651189,-0.44131793686933035,0.40974426340607667,-0.8022999999999991,-0.9075732984293183,-0.19868992248062076,-1.065539240506329,-0.01300240963855387,-0.23002539672272004,0.23950960610853897,0.14129615502175852,-0.2057566485114381,1.2971153846153842,-0.3839461538461522,0.11537499999999995,-1.0655392405063286,0.17986666666666667,-1.4333125000000027,0.08734774999999978,0.23049978641606111,0.0,0.0,0.0,0.0,-0.02248333333331276,-0.0989427549195205,-0.29947800000001706,-0.8187372769072356,-0.09858472489090737,0.2934747089292116,-0.030001944710520922,-0.286400841029087,-0.19924060391928142,-1.0146759802569334,0.06047013160255426,0.854905015550328,-0.033269364617430776,0.009998620332200687,-0.519889950966904,-0.6481388754110372,-0.07620302307200656,0.5230085036793451,-0.04056915714007357,-0.07749989960352169,-0.2672291259478405,-0.9233796791443846,1.0787305957782196,-0.5081370805412203,-0.45554393621462885,-1.029080271960154,-0.129156905721218,-0.12067678011913878,0.0,0.5188461538461538,-0.9834923500087723,-0.4346642208944488,1.0388595544652284,-0.3403874849833376,0.3470587114858159,-0.8902834662077121,0.2748033158263839,0.5334099236530815,1.0093288179681308,0.9728521617560721,-0.7963892130850919,-0.44966666666666666,-0.5058750000000001,-0.21733423086442294,-1.337621192163925,-0.5243032138010633,-0.8576532500257283,-0.4645747483995658,-0.6870312942943149,-0.2661595528444047,-0.05213091586003024,-0.1919168198109878,-0.8096732725098471,-0.4754060463198633,-0.9256577436878536,-0.5329134332379132,-0.34699763280713813,0.5483691029097905,0.1714826429481121,-0.2500244621454249,-1.0251609662857757,-0.4681047405206022,-0.6267145602177229,-0.4567564839056557,-0.6012306714115909,-0.2060437896149726,-0.04083819264198441,-1.3771993969508596,-0.8742430270258476,-1.64735265114293,-0.3327101904448536,0.15910351074546167,0.5482846827874074,-0.18436172746471172,1.1548913361972448,0.0033081980360466765,0.4530626450784487,-0.8639203396860438,0.04359780685201672,-1.1964810793772336,-1.225325650431645,0.5502876505669085,1.0778853081531212,-0.2241270048261578,-0.6745,0.7358181818181818,-0.6230849670069981,1.4283025675914354,-0.534536718110893,0.043597806852016086,0.5471266741449046,-0.3786666666666654,0.46439394853908844,1.275937952909171,1.4637922655573328,1.594717966525812,-0.5346006970194047,-1.6562531539093597,-1.7633911927571426,-1.1779064308973615,-1.441067017513982,-2.4648568691327544,-1.3783561262690902,-1.1167365612997806,-1.2969590272332971,-1.5009765424084864,-0.7257231570470499,-1.2757546785916623,-1.1767884438707727,-0.8731583310272363,-1.5638385566646322,-0.8168095916605647,-0.8103908973002953,-1.9014686495687605,-1.350299801989193,-0.9070098988771418,-1.3886552160926797,-0.5795564520552882,-0.6849373024224347,-0.12125842696629212,0.30798825083245646,-1.5832769152544022,-1.1523295455940108,-1.6478522724634392,-0.2525542214079294,-1.1317823396280007,-0.3597333333333333,-0.3597333333333333,-0.4819794655397554,-1.2637479445037672,0.0,-0.1058039215686275,-0.24012096945716954
adversarial_block_gan_ensemble_paths,adversarial_block_gan_ensemble_paths_95,0.4054683359056633,0.6574336826122554,0.13834728863306228,0.5538997052646021,-1.1377592127388438,-0.4407725684994186,-0.5760863122218675,-0.8276582499028731,-0.2485,-0.5544319371727745,0.09411627906976716,-0.6238413502109711,0.048542329317269296,0.293262865756831,-0.728044290819615,-0.767243076323076,0.34965847484095347,-0.2594230769230771,-0.6744999999999988,-0.62125,-0.6238413502109699,-1.0791999999999997,0.8852812500000009,-1.1367011250000003,-0.4609995728321235,-0.6745000000000002,-0.44966666666666644,-0.0,0.6744999999999995,0.8768500000000207,0.1423810375670665,0.0,0.4710819708788526,0.4095964068277989,-0.10128096306320675,0.14748669823566526,0.7487624575597186,1.1755936279651016,0.37806216196124653,0.5693801381981398,-0.1491459629682532,0.7153118640354439,1.0197184216391724,2.079974520456125,0.4533634752558842,0.3971494703315094,-0.07717737867271325,0.29103846218762947,0.8490864777794758,1.397436768752907,0.6636791443850256,-0.7237643546084663,-0.010402987511356323,-0.12268800469401694,-0.16871816808029919,0.45019992197593367,0.43981480961286634,0.0,-0.6917948717948718,2.6913993459308667,1.206230325348065,0.06520970300546924,0.2349453405570482,0.17996952445259692,-0.006053474650380877,-0.11436618318048765,1.6581630678639059,0.24475630057755504,1.1991656481705142,0.46106445522324485,1.349,1.68625,1.054391180585689,0.1533600565608014,1.0561701624462179,0.7908222249921162,1.1212888954890434,0.8987216915764843,1.1124753704981776,0.6903466290489481,0.9546164832078787,0.3578425749688032,1.0327215636763896,0.49609543258164956,1.1951146846909935,1.1437736274694155,1.3827309719292458,0.06771391171589504,0.9904984406422364,0.16921509694076853,1.06056760822861,0.9779833741177735,1.1220155391244897,1.0183703787976968,1.1152356430148918,0.43067777972452376,0.6484677088337966,1.3149430464997525,2.4616396218721825,2.50734907377947,-1.1977660409785083,2.419345161385757,0.40255127936315543,0.11102285047230744,-0.909141505592573,-2.0620436717643242,0.9243565039272612,-1.102058963437937,2.262565824734486,2.229898181971644,-1.4299645119581554,-2.3091690792807755,1.0163045951498577,-0.6745,-0.7358181818181818,1.721579348266211,-2.308432332050842,-0.2067386307547509,-1.102058963437939,-0.8064871790932109,0.2524444444444436,-1.3362119191004582,-2.8157389896920653,-2.414631682145232,-2.2390654272564334,0.7572035641829237,1.501059116239204,2.2493727007826196,2.449901414868911,1.7455763620852667,1.0864711810354104,1.8701425993297547,-0.023491582788905476,1.604929644555748,3.348987155316228,1.4567672928565205,0.8780685114432202,1.8847361117618866,-0.01731603728933375,1.7726182275913314,1.8085940003954395,2.713554427719278,0.9138943017093252,1.8413449125512291,-0.42745853181614885,2.023805070379837,1.2909798931814156,1.6613589630143695,1.2732134831460664,-0.0993360440031659,0.48026449185817205,0.8882581413159394,2.7616800066357388,1.1514622073041547,1.9498687857195733,0.0,-0.3597333333333333,1.1746931644140317,0.533950347427611,1.349,1.6928627450980391,0.4990297061217259
adversarial_block_gan_ensemble_paths,adversarial_block_gan_ensemble_paths_96,-0.3869938507375068,-0.9166990491376575,-1.1942582336679577,-0.09125848383513144,-1.5475107100976124,-0.7541869661504171,-1.0499147954937242,-0.3652632399555752,0.4330999999999997,1.2324633507853406,-1.5476899224806178,0.8697350210970455,-0.6598722891566268,-0.7537775672363831,0.9649352979084884,0.9758746840223321,-1.0091176538395783,-0.5707307692307693,1.2348538461538445,-0.7455000000000007,0.8697350210970464,0.44966666666666666,-0.16862500000000258,0.6744999999999993,1.1524989320803074,0.6744999999999998,0.44966666666666705,-0.0,-0.6745000000000004,-0.4721499999999792,-0.5815903398926938,-0.5781428571428571,-0.9299111925065983,-0.6919638457873246,-0.03927177221099017,-0.6731503564531259,-0.7340576587265366,-0.7689342804200637,-0.5179373449440694,-0.6492294930002545,-0.0231420216461911,-0.6340373870359922,-0.5470849845545546,-0.7950479781229131,-0.6735939291055083,-0.6916661422715833,-0.12486402233403064,-0.595994078810426,-0.7362308896922155,-0.7559008171619007,0.8656684491978579,1.1399386335686061,-0.3502068375406461,-0.617874540072324,-1.0608963822073194,0.8046222110024454,-0.6544878359536945,0.0,-0.5188461538461538,0.11653515759534358,0.9679818097118915,0.4975660969616693,1.210646297231665,0.41366119174716665,0.18350503530097967,-0.6058730705014735,0.7319110369251868,-1.08251447436225,-0.8192009887119317,-0.306985876640578,0.0,0.843125,0.8454671784346792,1.1382816207058049,1.0495611561212552,1.211881094802456,1.1552418427117268,0.7603607682338394,0.7612204670769795,0.16981119527786476,0.9900160542467434,1.2348489179656907,0.971241102540507,0.759366767776789,1.1405424392460146,0.9811767660532417,0.46873335368431507,0.0874231728236559,0.9790927752179671,1.2914663895439318,1.0245225032916205,1.3863789098568093,1.0685261055751731,0.8523169142748201,0.6174967277632801,0.09990227254457122,0.2926988561534815,-0.9152620718592275,-0.7453792191443293,-0.7346392944299364,-0.2516016129249984,0.6550975897178822,0.026232489956528566,-1.6851390687354562,0.556739461359842,0.4262064968824234,0.24893504248308249,0.5670282157776513,-0.9389163373863084,-0.8459985310486137,0.23936792046868693,0.42658095184246475,-0.2770152398885069,-0.6745,0.12263636363636364,-0.33751849570073167,1.2546376546500242,0.3220127216196053,0.5670282157776525,0.4724364330392852,0.3155555555555545,0.16218301684560504,0.33943773662341653,0.4716719003006769,0.8118806075125423,0.18237225503777746,-0.4925231811100821,-0.956594804899542,-0.8766922988098047,-1.4369045561619753,-0.5042391701330124,-0.7208367146393938,-1.1016085433702463,-0.7320673266552488,-0.796158353061946,-0.3553342801728703,-0.1289001530443755,-0.49326721706688387,-0.13167260427947716,-0.7528512992281507,-0.42671843275632254,-0.42704088982606087,-0.5377316092209606,-0.6406714659383721,-0.7235424162961879,-0.4560922730626094,-0.26909223900721346,-0.40293940992007105,1.2327940074906354,-0.34065606777379115,1.0598874387450268,-0.9028538849044807,-0.7248739074524078,-0.8626650004109314,-0.5831756533706881,-0.3597333333333333,-0.3597333333333333,1.0800918275184401,-0.4549458017681474,0.0,0.7406274509803922,-0.26234335762090677
adversarial_block_gan_ensemble_paths,adversarial_block_gan_ensemble_paths_97,0.9403336242807883,1.1412593485603189,1.5253473763880352,1.116524251756489,-0.509334787472072,1.5051106655694984,1.0395370652660736,1.2504329522789757,-0.7738999999999993,-0.9428874345549724,-0.10457364341085405,-0.10928607594936739,-0.28005189990732166,-0.6830594265161856,0.2301943484289251,0.6589828179306547,0.11725846720655664,0.25942307692307653,-0.4773384615384592,0.41712499999999914,-0.10928607594936675,0.2698000000000001,-0.8852812500000039,0.16862499999999958,0.46099957283212284,0.6744999999999998,0.8993333333333334,-0.0,-1.349,-0.4721499999999792,-0.7239713774597603,0.47137914285712645,0.7241449248998638,-0.8191169385952065,-0.7883250268233228,-0.9678500398828547,-0.4058040768936795,0.2545233811619323,-0.07936121927682648,-0.7808108989728162,-0.2968504918215636,-0.9278352411147095,-0.37587899175027933,-0.05425134904917051,0.3445786617134336,-0.7937617637670982,-0.5520266196853366,-1.0417946641317315,0.04219952630479599,0.1916013610056731,1.211935828877002,0.7355568350395838,2.0095985673425214,0.8559637801848697,3.0685986643645555,2.5352977546394753,-0.607476968517102,0.0,1.1068717948717952,1.5105703878441132,1.0286150224140338,-0.9294194129556124,-0.7959090460594686,0.9184936986382939,-0.20435322720698756,-1.018174456481011,-0.08647571422693316,0.2719698330332818,1.275549739829859,-0.07802150061611152,0.8993333333333333,1.6019375,0.9015509538539553,1.2013689235443668,1.0881155991672826,1.3770611349504593,1.1293506554969779,0.8404570610937651,0.6574773579635155,0.03838846988724672,1.102765177533163,1.1953212387528753,1.0569695601674416,0.9064334644693227,1.3354661695323244,1.0070973808180457,0.8448728562076815,-0.01651668267524509,0.8728206077618399,1.694386328553036,1.105202795614095,1.1802493488930756,1.125461543506067,0.8454749336656509,0.5445267987208512,-0.22223176177133605,1.6659830396417996,0.956324677910691,1.7080175421263841,-0.844683928963396,-1.9753563734762443,-1.2484452776475619,1.4446440534743656,0.5739050502144557,0.6483960204859077,-0.014063240437394334,1.0501888939575414,0.46397283025858,1.9212256757877817,1.22821344687469,-1.0474012247364457,-1.5448272096228703,2.3704884748340658,0.6745,-0.49054545454545456,1.2957422396124583,0.005802711337564541,0.9387267606213496,0.46397283025858316,-1.5382909557251645,0.5364444444444426,-1.365685454283437,-1.279371442223154,-1.5368915088412916,-1.1210716405051608,1.1752454124352392,0.9289498831543826,0.7913990839702159,1.2115717970967959,2.937240177666852,0.9191964029537568,1.0471616052530652,-0.3732897184478849,0.6776588716072254,0.7613404024159358,1.1680031499162233,-0.029368705673786726,1.1557448332662161,1.011011517263256,0.7913878962669281,1.0341643159691636,1.463793783014758,0.5247787773128957,1.1109683056887638,0.4174816534546574,1.0726125237056372,1.100337514384884,1.2024470723218286,0.4446142322097387,-0.6535278009992511,3.3742340872045316,0.2770848537673317,2.142450738420524,-0.09576720611901876,1.3166145657039026,-0.3597333333333333,-0.3597333333333333,1.0426539595965998,1.3936702682621636,1.349,1.0580392156862746,0.7601806374195501
adversarial_block_gan_ensemble_paths,adversarial_block_gan_ensemble_paths_98,0.6404775331591803,0.9468402894339013,0.2385125798149143,0.702242705505142,-1.0417985125156128,-0.07705798317512799,-0.3773919452925499,-1.1939274611431805,-0.3904999999999996,-0.49792931937172735,-0.1986899224806198,-0.15026835443038003,0.060677911646586244,0.06397998232829014,-0.8201009549475663,-0.7203520532634967,0.9093056226115074,-0.2594230769230771,-0.38394615384615316,-0.7011250000000001,-0.15026835443037956,-1.0791999999999997,0.8852812500000009,-1.1367011250000003,-0.4609995728321235,-0.3372500000000003,0.0,0.0,0.0,0.4271833333333543,0.1423810375670665,0.0,0.6434212108465205,0.12195984841920442,-0.15532140541130685,-0.3510382752353,0.7487624575597186,1.2948625530382256,0.38560532679057236,0.3630415496560135,-0.1526844483960491,0.41670905501021266,0.971153987847027,2.2461410925472918,0.5115648967568046,0.14638409359956125,-0.1117059395211327,-0.45533058887031524,0.8548581694019955,1.572198792444302,0.8368128342245955,-0.9487749894794759,0.15840144875564244,-0.0742624308610262,-0.04581899258204879,-0.09868269455158836,0.2589670773816415,0.0,-0.3113076923076924,2.69666370550862,1.0906776578530082,-0.4603843393474581,-0.40964882449136597,-0.1924002467657947,-1.390385777566446,-0.07138247926518344,2.147627738764667,0.3133015721244386,-1.8821709677938785,0.5522399200715828,1.7986666666666662,1.7705625,1.0154013508785866,-0.11279554856623492,0.7943303280032734,0.5578288965491085,0.6784843853490528,0.822699205060999,1.1334865588919907,0.8891000200152276,0.9522676112255496,0.3431639676461197,0.8786518070695581,0.4935750290431993,1.0674869517211425,1.135249302384501,1.6482739227832837,0.29526197696671064,0.9443749573082291,0.1633506941778692,0.8153967058968004,0.9829372681129299,0.6379449507541439,0.9137362008855241,0.9872565439233482,0.7298498705921131,1.0548292999133155,1.7724354806695857,2.9372770860279385,2.8875584722989958,-1.3551049412910245,2.1909815898105482,0.029955154586168084,-0.756217631419427,-0.7398234356501427,-1.6168243954955075,0.6229439078923282,-1.3071630978252102,2.2398084091816806,2.001328931417983,-1.4163736878584052,-2.152103095062534,1.5135108915419149,-0.6745,-0.7358181818181818,1.7146310033756704,-2.0550136170764364,-1.0720094728485874,-1.3071630978252142,-0.7911335814838785,0.3786666666666654,-1.3242676581931836,-2.783738647938749,-2.017698094159116,-1.1655349866452782,0.7837044760977161,0.4809752764067276,1.25087866137407,2.3019142600179086,1.7439311763251397,1.2015382424878707,1.2736485958279262,-0.035838362153938694,0.24079167543035207,3.348554299420153,1.5267527433366845,0.9057471921349135,1.590772194784776,-0.10174986661195341,1.4502496499338016,1.7861449899964161,2.901010578115775,0.9870244038119695,1.2789996599936715,-0.40613225241200684,-0.09500885618125574,1.2806372635808032,1.7875573240239775,1.596569288389513,-0.14643067516742875,0.639015158033903,1.1020216653347636,2.9184035510737765,1.7833150457090372,1.6650132892960334,-0.3597333333333333,-0.3597333333333333,0.956613398132176,0.5311250108197196,1.349,1.9044705882352941,0.5198185809762151
adversarial_block_gan_ensemble_paths,adversarial_block_gan_ensemble_paths_99,-0.9632005935851206,-0.5020564628567942,-0.9788544216847461,0.0416717943581352,-0.2618747637395872,1.2833327961004135,-1.1848337041634078,2.3212800441138572,0.9229999999999988,0.9005104712041886,-0.334635658914728,0.14571476793248947,0.5802325301204823,0.16205950586233023,0.0,0.04499004552428996,0.441076407544172,1.2971153846153842,0.18678461538461721,0.2839999999999996,0.14571476793248958,0.17986666666666667,0.3372499999999992,0.08734774999999978,-0.09450491243058506,0.0,0.0,0.0,0.0,-0.02248333333331276,0.38370483005365347,1.7274908571428462,-0.8502738382991234,0.08052224471164354,0.48005147646855034,0.11426038904617136,0.15531683093712087,0.06312557900919646,-1.0068157995889389,0.1815235814961518,0.8120931694562862,0.269285848506769,0.026108734249214643,-0.3789049565316833,-0.8959648155007408,0.11598874906879038,0.7821990262106615,0.0031583578881447835,0.11950697129845819,-0.10922679988579312,-0.17313368983957197,1.6524430097308866,-0.7559943149877261,1.2935879532636738,-0.7016437481232494,1.9147689349600847,0.027108612471985087,0.0,0.2075384615384614,0.048156494972005234,-0.4360273278209956,0.5538753480412998,-2.5027040178245445,0.8969796956664782,-0.7113003398777067,0.07079032532507111,-2.8890771734758594,1.1823281295639225,1.843297531917641,-0.5042341190552254,-0.44966666666666666,-0.3372500000000001,-0.03794565819800806,-1.3678683158003069,-0.6365306279258947,-1.0102340934531229,-0.7299463613139332,0.008013717168845297,0.8266086488772558,0.6693686605186115,-0.10088218638762401,-0.8912926251944997,-0.6623299096967658,-0.9556628566726162,-0.8209738497089183,-0.19409936886574275,0.7418026624344375,0.5192345392861785,-0.09078753166245078,-1.1172025743966814,-0.610413550536955,-0.7082046674885477,-0.7508457559296292,0.057119298558752106,0.823457312813504,0.6034392745067769,-0.24088388170276157,0.01703646103774118,-0.35202335184383104,1.3124044429683563,0.10891211654438913,1.7516919036517373,-0.6239417410347997,-0.5173843375236796,1.5555637870017092,0.35256600185396086,2.293031395947945,1.1494831596875714,-0.7553796481643079,-0.7020257430195298,0.17648428484574408,0.48574204640877583,0.9178075945542906,0.6745,1.103727272727273,0.031338921475505974,1.395094924739538,1.8953254937632495,1.149483159687576,-0.25826669070357,0.8204444444444461,0.16196954199110813,0.6881126920641771,0.9564846113594243,1.219680777461831,0.3743053314136922,-0.6593438935975314,-1.0562057512684917,-0.7655422477537827,-1.0763601832286114,-0.4131599534281967,-0.7852871511772024,-1.0997950107577958,-0.7481193066049204,-0.8985867848084312,-0.2898039840298971,0.5402954854388925,-0.634218516498657,-0.869974068133772,-0.9694798891649542,-0.3016968871472207,-0.05442917037250397,-0.13628302999507372,-0.7494454379818892,-0.8707391336387443,-0.7732469926561364,-0.11530957013049539,-0.21681717574046044,-0.5254531835205997,-0.6372079589054115,1.2264535480913898,-0.8210450133266963,-0.44837764644108824,0.39733862297352057,-0.5738047555241346,-0.3597333333333333,-0.3597333333333333,-0.5547168104103426,-0.8408787102793751,0.0,-0.21160784313725495,0.0824559610402481
adversarial_block_gan_ensemble_paths,adversarial_block_gan_ensemble_paths_100,-0.6478356680147853,-1.1307838003099429,-0.7692802840827769,-0.9869993794237755,-1.6879980849646057,-0.8427326142343395,-1.2816648826554513,0.6079239226529323,-0.6886999999999993,0.2931073298429322,-1.8091240310077492,-0.07285738396624529,-1.2206968107725022,-1.1956771643379853,1.0219912511961244,1.0780442233394871,-1.3701040807890799,-0.7782692307692307,1.2140999999999993,-1.4377500000000012,-0.07285738396624454,0.44966666666666666,-0.16862500000000258,0.9741466249999993,1.1524989320803074,0.6744999999999998,0.44966666666666705,0.0,-1.349,-0.9218166666666456,-1.0642379248658673,-1.834254571428577,-1.0465538820051612,-0.9197290614103925,-0.20693416151027635,-0.8943858510816511,-0.900523896426988,-0.9596533919358954,-0.7173023157340334,-0.7578024696866851,0.0014401766735304333,-0.736583523677707,-0.6276210220161546,-0.99251202588018,-0.5685533690166036,-0.8943821488718179,-0.18187161004822164,-0.7715868985080552,-0.8609057725825848,-0.8787537509759117,1.125368983957219,0.578077657079421,-0.5376921727659792,-1.259894796618605,-0.14620907168259484,-1.3443992575374164,-0.8759893492281889,0.0,-0.3113076923076924,0.15636025293106362,1.192257742311539,0.4869528962452784,-0.6822265854235836,-0.9630716695328875,-1.6470730153279785,0.29042895277533964,1.5615324279344023,-1.7308731871782133,1.0176537978217532,-0.03636730411214302,0.0,1.349,1.2365025987197953,1.4115542121319296,1.203092577063127,1.3969968006920503,1.292824352207724,0.8403006097613269,0.5429617595118148,0.4345255394454363,0.9822415859613327,1.32606630220277,1.1311163461392957,1.408581531158176,1.1867918707677163,1.026099743129056,-0.7515498066401719,0.20415387791143425,1.129142432968826,1.5597295943868716,1.1946186270788755,1.5965589112178948,1.160958690016927,0.9038227192700601,-0.006970701653303755,0.2561637428925714,0.44137545809104306,-0.9564608505701269,-0.7405059260072969,-0.32799337186907107,-0.3229489011941171,1.068887701563851,0.5553570753515937,0.4804432668871677,0.19407602537525506,0.5326920747472078,-0.6061467547635859,0.30876450946738065,-0.9286459528235568,-0.8210463308936028,0.2879861249032238,0.4785251745847246,-0.21052846310491105,-0.6745,-0.6131818181818183,-0.34081411928944183,1.271767319132208,-0.33613194487585835,0.30876450946738165,0.4764153132042946,0.3155555555555545,0.1627083043628038,0.5758996327453769,0.6161097027929755,0.9004949669168958,-0.026897928367324436,-0.6947206421834311,-1.0069936939759128,-0.7663898912476413,-1.4666029159325178,-0.2541252284331696,-0.8269736781405128,-1.1530055784916948,-0.8733479709338013,-0.8097603793370417,-0.32473574110800985,0.02322821144488233,-0.484294379530419,-0.8713579236260328,-0.6328117662818408,-0.43894370704680014,-0.38705624498809776,-0.13369303740609678,-0.7351423851967989,-0.8116513315443188,-0.6055892401150113,-0.2819052489532106,-0.3380029389301121,1.192374531835207,-0.1996034222629322,1.2978251214896936,-1.0177729543500669,-0.6673361313527366,-0.7367550833491757,-0.6548886853188466,-0.3597333333333333,-0.3597333333333333,1.2876990126823482,0.11688602453926343,0.0,1.3754509803921569,0.2831492363899443
adversarial_block_gan_ensemble_paths,adversarial_block_gan_ensemble_paths_101,1.0411252057580296,-0.003941394170533709,1.1414360648281674,0.9691578822707464,2.046804884356018,-2.059722974629704,-0.45905775181791575,-0.9455958218424755,0.5253999999999996,0.7592539267015708,-0.7111007751937967,0.5965198312236284,-1.0679312449799194,-1.385434746484749,0.5227516599293056,0.9055796244760572,1.612746123444305,-0.5707307692307693,1.7640769230769215,-0.035500000000000045,0.5965198312236286,0.0,-0.8852812500000039,-0.7060328749999994,0.921999145664246,1.0117500000000001,1.3490000000000002,0.0,-2.0235,-1.3714833333333127,-1.0642379248658673,-1.6415402857142911,0.49247025280374274,-1.5693779787707884,-2.3254158282324826,-1.6226253210919064,-0.6368575664368842,0.0009257995724380597,0.2862301477641095,-1.3691938988119416,-1.5589200000671877,-1.5883940212861438,-0.5738527664798407,0.544889110837975,0.3229324139919113,-1.463972852300531,-1.8493084687186179,-1.5039343779713719,-0.7143801095917901,0.11843170277079547,-2.45272727272727,-1.0915759963244882,1.0778202643558767,-0.9853321277089404,0.6852777981810633,1.378209787255768,-1.1585497505578561,0.0,3.8048717948717945,-2.097936234149623,-0.05254029860282055,-0.318640709767606,2.074263644223009,1.0023385863686942,0.7178466377116236,-1.327211832898392,1.0345286758885894,-0.43299283954929346,-0.6980530227883914,-0.9941161806100423,-0.44966666666666666,-0.08431250000000008,-0.04612127460339313,-0.018911804023209123,-0.02656165987114708,0.20633629855227226,-0.03370416742367964,-0.31059276102669336,-0.5905610354476507,-0.8340715900006704,-0.1252103513571705,0.006377885130173863,-0.006371760853417017,-0.014352912576607901,0.0024875730089771726,-0.06341985382893485,-0.6979003812556996,-0.6902925626595168,0.003547639739431006,-0.1867392025358587,-0.02937642934237006,0.12992402925140095,-0.04045685497609347,-0.290339126743813,-0.6849981931172557,-0.6094232506081082,-0.011632422780192199,0.7736466286556991,0.21554729791187124,1.0824676893648817,2.4779364628624347,-1.92752696746066,-1.0586630484997268,1.2307485847457662,-1.1911900764717431,-1.78382438315991,-0.017266105540248565,-1.4562411152783967,0.041865869812255985,0.05533837495266364,0.23310842471345142,0.24030416754157705,-0.3893438139324234,0.0,0.0,-0.13384898671277295,-1.5167441450898465,-0.960256514398843,-1.4562411152784014,0.5432217889309818,-1.9564444444444444,0.2790575887390722,0.2975057670213338,-0.004994009621012257,-0.2948930532868587,-1.954637548530638,0.035503499058470875,0.008771680844965398,0.13524964024553737,-0.2843162610670129,0.4181002144290606,-0.03169541627730913,-0.2897958632381236,0.1565149479072066,-0.007492443684797879,-0.11984992468696062,0.8355575751464236,0.12949956050737838,-0.7738528657915049,0.5320648377718991,-0.0021200509862449287,0.29534401918941255,0.5860462585404347,-0.0017984143777948112,-0.2688159399884464,0.14030086253690194,-0.0038985433545994245,-0.001376053509702925,-2.3039101123595502,1.1727583139739306,-0.12096976282304771,1.0466615465726292,0.07061551116489337,1.106481239758945,0.0017986011464057848,-0.3597333333333333,-0.3597333333333333,-0.03101659765174055,-0.8838901119229184,0.0,-0.21160784313725495,-0.6612121443995278
adversarial_block_gan_ensemble_paths,adversarial_block_gan_ensemble_paths_102,-0.7893060919169195,-1.2628246299180352,-1.183010092402081,-1.170166423308947,1.2696010940312952,1.3609702215881843,1.0291353794301652,1.231286623438288,-0.6460999999999993,-1.7339240837696288,1.2548837209302248,-1.516344303797467,-0.5741063948100095,-0.5709105593894164,0.40614921571052465,0.5280261287403949,-1.0390487464834588,0.15565384615384625,-1.8263384615384537,-1.3401250000000022,-1.5163443037974678,0.35973333333333335,-2.065656250000004,0.42459774999999944,0.23049978641606111,0.3372499999999999,0.0,-0.0,0.0,-0.02248333333331276,-0.7239713774597603,-1.3489999999999995,-2.5576682520306093,-0.33987990540303037,0.40528437535001355,-0.26696758523472086,-0.6491273301921513,-0.832487425567538,-1.965910279703348,-0.2720508867092553,0.5179579845998143,-0.17363497818979276,-0.41925315862898077,-1.0299352510016953,-2.530883888084086,-0.30903711206136286,0.5206829064038441,-0.1831841521484554,-0.6068635129703087,-0.9893027181570528,-0.9810909090909092,0.5957502253658662,-1.04309336486984,-1.2355629262842798,-0.6943953323793777,-0.28843005385157683,-0.365742988867002,0.0,0.9339230769230772,-1.8539798651951036,-0.28787575845839536,-0.1824321921220076,-0.7708384631405205,0.12221210914604219,0.4829027377301382,-0.36413686349651353,-0.3848104766470885,0.3586746292380962,-0.7888270132477577,-0.99566210628322,-0.44966666666666666,-0.3372500000000001,-0.31544262434946146,-0.44675296373592854,-0.3009977108711287,-0.5405482750188715,-0.2447006784887788,-0.5511840668371148,-0.504832799059729,-1.3658815111042204,-0.622830719561064,-0.07636510329366356,-0.28942055116687665,-0.5449260841131432,-0.21328681113895395,-0.2959373944135886,-0.12699818976290442,-2.227944234384623,-0.5826325138168323,-0.26310486740997246,-0.26614758427393936,-0.1665946989497802,-0.195008992534271,-0.5172622022035613,-0.4552076802476734,-2.2645760165901003,-1.0762800369942451,-0.7920626393327139,-0.9536133400833808,0.03943136055350602,0.375830113297767,0.5155065382125392,0.20108836528916135,0.045864185032820755,0.3705222996102512,0.3393507317290677,0.010229040213781007,0.2776921099737857,-0.5301971420595583,-0.4712170863488449,0.32961033412664303,0.6132191184362491,-0.3344422364211851,0.0,0.36790909090909113,-0.37796536149939614,0.946117533358695,0.13828400378248037,0.2776921099737933,0.5358900684816894,-0.883555555555557,0.1574317850437317,0.7548111953348535,0.7017172482640506,0.5719660713284186,-0.8682444503941075,-0.3087422024266454,-0.6150699907308637,-0.40838886710016237,-0.6915032160196909,-1.778957042166648,-0.5263553737185295,-0.10152561130100697,-0.24888905775794792,-0.9598171609706371,-0.5284871704248548,-0.29255578220945433,-0.3797874116249343,-0.17321669952203625,-0.409888739759301,-0.41426851111188384,-0.4611544865730662,-1.0111921184431927,-0.5111372006016521,0.2982886973810325,-0.32913196290155244,-0.3599202353925427,-0.4739369165394843,0.1616779026217233,0.7370488415210484,-1.272817091071646,-1.1589948568289319,-0.9067616830004839,-0.04807295714126059,-0.4722297484910699,-0.3597333333333333,-0.3597333333333333,-0.27732133103730916,0.0024922817099102476,0.0,0.1058039215686274,-1.158747062308854
adversarial_block_gan_ensemble_paths,adversarial_block_gan_ensemble_paths_103,-0.9413660039507815,-1.1438177448365574,-0.8805875193213716,-1.0558944966709614,0.5750330986769249,1.1763483623977111,0.7298441633369315,-0.14282940856883494,-0.42599999999999955,-0.9216989528795791,0.37646511627906726,-1.1475037974683544,-0.2940544949026883,-0.48092912915671004,-0.18899224715371,-0.10657524736167057,-0.53110869143923,0.15565384615384625,-0.9546769230769198,-1.3223750000000012,-1.1475037974683542,-0.08993333333333316,-1.3911562500000028,-0.45613062499999957,-0.23049978641606175,0.0,0.0,-0.0,0.0,-0.02248333333331276,-0.4826475849731733,-0.7708571428571425,-2.234885566895436,-0.1590597002443307,0.26457955468830857,-0.08449951654025108,-0.3984402140718193,-0.5465442471931213,-2.361778467914682,-0.13031001278154894,0.6816661762762752,-0.035406071372708715,-0.3256595190735854,-0.975836146785514,-3.237830052546111,-0.12494577819297499,0.6320643481446688,0.05403958796653629,-0.5279470522053316,-0.8988574032329895,-0.4616898395721933,0.11021533022646643,-1.2381072469040706,-0.6182035825154544,-0.47848703323844705,-1.1819720142735584,-0.2078241789470215,0.0,0.7263846153846152,-0.09365070130978552,-0.33308983951097004,0.4315189433286134,-2.70974320566213,-0.49281382721448536,1.9306872190132698,-0.6858538322422126,-1.0755910464645488,-0.4906953888060821,-1.0817001963430177,-0.31091567193987485,0.0,-0.3372500000000001,-0.21309939626139265,-0.6057100138827114,-0.3997315594429035,-0.5393069617797868,-0.3708864763479646,-0.5185090685633821,-0.1731707155542284,-0.3381353781833979,-0.6233762992382882,-0.07767150747765379,-0.2942033327176287,-0.5624356900566779,-0.21468966259335898,-0.30134956621327375,-0.05382638019212624,-1.779388718915536,-0.2616391630716873,-0.47477617011911766,-0.3412071770674289,-0.2791141884669636,-0.4054720376315312,-0.18859435401253077,0.05051079413042319,-0.8247626795738076,-0.9145620863268479,-0.8363183757838832,-1.1519575491112524,0.23873232671757855,0.22430992392086893,0.5383401922441123,0.1467314816691306,1.4651008094916145,0.3842042309245518,0.2727585048080497,0.13106894264826127,0.40850745854758697,-0.6731277300082673,-0.5439629034438592,0.21787348829119138,0.5301259028390022,0.11389825606257693,0.6745,0.6131818181818183,-0.3848708075373841,0.9504605572491406,0.23129281012494896,0.4085074585475908,-0.07128497041563837,0.09466666666666634,0.1632747371291519,0.7355872324787931,0.7206491678568798,0.6209795399905375,0.07957083618187216,-0.5153458004274459,-0.6413827128015108,-0.39150194121569754,-1.0191220449718832,-2.589376028320617,-0.47854848512409726,0.24697604056706038,-0.28892469941874666,-0.7982081769731251,-0.5092415126177369,-0.9896158535889831,-0.3386363420909656,-0.21903783789591325,-0.06320055420199558,-0.4430038827073086,-0.47634354522158,-2.083069432044729,-0.464595965304713,0.4834052863705968,-0.41497134757070153,-0.3556147107493903,-0.49445791738999795,-0.12125842696629212,-0.11227975703323989,-0.6930034610619883,-1.2512269083893255,-1.498208288422643,1.1634611597277889,-0.470634037097839,-0.3597333333333333,-0.3597333333333333,-0.3340994374643178,0.7540979408880406,0.0,0.1058039215686274,-0.9993526650171335
adversarial_block_gan_ensemble_paths,adversarial_block_gan_ensemble_paths_104,-1.010333358977178,-0.2816327637191619,-1.6559001083244627,-0.5898481875984513,0.09291671566172653,1.2368644744441342,-0.4031756014927421,0.24493620988439,0.1277999999999995,-0.03884554973822016,-0.11503100775193723,0.19580421940928244,0.5688554216867471,0.32281582452128554,-0.012539769953327187,0.0873002833914447,0.13845432092904114,1.2971153846153842,0.32168461538461607,0.470375,0.19580421940928308,0.17986666666666667,-0.04215625000000285,0.08734774999999978,-0.09450491243058506,0.0,0.0,0.0,0.0,0.4271833333333543,0.38370483005365347,1.7274908571428462,-1.1440813571573227,0.1910964162432487,0.750189869738363,0.23426009436364142,0.06220697502225327,-0.06681124915057772,-1.6051280462901627,0.22743237591867552,0.9333656792015242,0.29004319716515714,0.027004508588530728,-0.5789700266929428,-1.193988094786167,0.18018252026647671,0.7217926411031877,0.11469277050453272,0.055416914818782914,-0.19764181753818863,-0.05771122994652467,1.6620924971922606,-0.7550201573537296,1.1822764474879786,-0.9796091536888781,-0.6631558511607863,0.12495073301629932,0.0,-0.03458974358974347,0.9594670767968871,-0.6082009540423087,0.5611269100880594,-1.821543491309614,0.26851070035041047,0.8377034857342712,0.32911844363740245,-0.40580860848771,0.666062208819324,0.09077720603872536,-1.4621795537257978,-0.44966666666666666,-0.5058750000000001,-0.43342113377932046,-1.338975078587613,-0.6564651253519945,-1.005912083651585,-0.6262408254530609,-0.7913709598901169,-0.2517674895210092,-0.5438011243365318,-0.7456719301921308,-0.8639885758916427,-0.6114792344070556,-0.9436780052940468,-0.715239946598555,-0.33064368040269704,0.5804718597078687,-0.8911442665754304,-0.5981925830654815,-1.0010333289024531,-0.5980982697713205,-0.7075397954466062,-0.6062831944401004,-0.6191769176707849,-0.03386649624231202,-0.950882804379848,-1.3596263547705125,-0.8682109290230949,-1.5096740717559003,-0.06894512214498812,0.6211384889576206,1.0393874986864222,0.01630422353260705,0.7330680257988859,0.35265169740147395,0.5064460722079583,-0.26101772435181664,0.43273032978502773,-1.3778559849540088,-1.2899786255902,0.5182918889404858,1.0304729959072896,-0.3575164383863732,2.0235,1.103727272727273,-0.7476188740605726,1.4207320621620807,-0.07049089000876312,0.43273032978503057,0.690453038147761,0.5680000000000025,0.4334711523202949,1.134510277647454,1.5753277744663048,1.6793134948841058,-0.322546825704707,-1.5700934422467376,-1.7519049112463927,-1.3231465360578918,-1.7262507000074476,-2.175249610402689,-1.4026216228314168,-1.1017731765314194,-1.2668718982265899,-1.5093855774104383,-0.7381853864746206,-3.866053125475,-1.187806257068518,-0.8368738265076431,-1.4727343088236946,-0.8940732030536952,-0.9296617484525912,-2.3919733588935825,-1.3745608394223394,-0.8820674260625526,-1.4028944450290917,-0.5996783223508946,-0.7224558414105505,-0.5254531835205997,-0.030873334040863693,-1.541751263788399,-0.6871211322869517,-1.665324030717093,-0.3835233655304563,-1.1453208545970968,-0.3597333333333333,-0.3597333333333333,-0.5754067460506246,1.54669779134909,0.0,-0.21160784313725495,-0.5322282534843362
adversarial_block_gan_ensemble_paths,adversarial_block_gan_ensemble_paths_105,0.3137630810661036,-0.15827101242927108,0.4859013681070852,-0.4279911762679365,0.12463087819388546,-0.6496936700707585,-0.2109297984909661,0.23031427674674745,1.1856999999999986,1.2960287958115184,-0.5333255813953478,1.3478616033755253,-0.6712493975903614,-0.844749932725958,0.6778442313659362,0.9468661684820742,0.259064245128391,-0.5707307692307693,1.1829692307692283,0.11537499999999955,1.3478616033755273,0.31476666666666664,-0.16862500000000258,0.21229887499999972,0.921999145664246,1.0117500000000001,1.3490000000000002,-0.0,-1.349,-0.9218166666666456,-0.3402665474061068,-0.8277078571428708,-0.18105366719474236,-1.240629112952225,-1.7131423865542816,-1.1405061232695035,-0.7492642558583629,-0.21738352877499542,-0.41166948130157205,-0.8894512641148921,-0.6196967126462728,-0.9267451750400562,-0.5566522985441821,-0.5035169675185711,-0.12597579422977698,-1.1021691944476562,-1.216032795739989,-1.1320901988742067,-0.5820158674247925,-0.1749288103136126,-2.2218823529411753,0.6433054228560409,0.2687670467956979,0.5349206080380815,0.43830390347471604,-0.24511820690921765,-0.9813426783953649,0.0,2.905538461538462,-2.5884279893863265,-0.07170160531636398,-0.08751281982076672,1.8589398451805434,2.56997610307894,-0.003696610207712355,-1.4559203703308845,1.0901622849147248,-1.6256275595449594,-0.9711516221194935,-1.2446605232018952,-0.44966666666666666,-0.16862500000000008,-0.10616458957983478,-0.21111710784241244,-0.09857898152575581,0.4365140962742445,-0.10306996262577527,-0.42965536807820565,-0.8360799592027358,-0.841881684444953,-0.16813887892198706,-0.15061942719871393,-0.08473844145646399,0.09422537318744409,-0.09160182883762519,-0.22896892315976683,-1.30059669088283,-1.0930349907375492,-0.13868160637500884,-0.39259131853701407,-0.109252008949314,0.5244445383816561,-0.1630359981914221,-0.4370141547911487,-1.1102901478523592,-0.9502684515138059,-0.231636769524245,0.74142462018013,0.3302096502699471,2.230293833214285,2.258311732351608,-1.4159662512460571,-1.4616235443584444,0.6459895031510058,-1.486996571053783,-1.4624873392802387,-1.0466458145902244,-1.1965964250643402,0.1977570582399916,0.22965398551271615,0.24750865820606693,0.1867663804689089,-0.42515216262598143,0.6745,-0.12263636363636364,-0.12727960490544132,-0.3475215912509788,-0.6751779960895252,-1.1965964250643415,0.5424959485222212,-1.7986666666666673,0.27511416991508253,0.24118267446230005,-0.16890116018731435,-0.37346487415185037,-1.8839894879671883,0.09879794416280474,0.26261550425367575,0.678199462613725,-0.2794761786619941,0.394795981465603,0.16064381279484535,0.04766813927378048,0.21323670597415467,0.055253095200680176,-0.11421222316193455,0.9723382344958982,0.06178572151932276,-0.42602395250269315,0.11592490732038073,-0.011986342608078836,0.40245031659146496,0.6905881937476761,0.1207920013759451,-0.028446724998291817,0.3042767145738892,0.0009436516614790857,0.060819697674149006,-1.6976179775280895,1.249430238320294,-0.3032320581523628,0.8905394157774611,0.28200461899974294,1.3417478140033232,0.13028692787262894,-0.3597333333333333,-0.3597333333333333,-0.07255189580817173,-2.3824766074354025,0.0,-0.3174117647058824,-0.4121046358693766
adversarial_block_gan_ensemble_paths,adversarial_block_gan_ensemble_paths_106,-0.5881032431014034,0.1689891110408327,-0.7538920832848333,-0.7053758434725783,0.18200642179631701,-0.5309194765706533,-0.1932026647925906,0.2890953513415199,-0.3265999999999997,-0.17303926701570685,-0.5856124031007734,0.01366075949367042,-0.5562141900937078,-0.1621711149331136,0.33857378873982047,0.12745031545200283,-1.0949327932483108,-0.4669615384615385,0.2282923076923072,0.07100000000000009,0.013660759493671015,0.35973333333333335,1.0539062500000005,0.7181738749999994,0.13599487398547605,0.0,0.0,-0.0,-0.6745000000000004,0.0,-0.3402665474061068,-0.5781428571428571,-1.4019483587227777,-0.22591710043698493,0.3137247396334571,-0.04156249402898904,-0.6395285741806485,-0.6296096829102079,-1.18523489865648,-0.2012127509331189,0.7320628992443009,-0.3215390127612696,-0.2515662545113484,-0.8404242422877461,-1.758954187479459,-0.19977142059015113,0.8242799242314878,-0.12687459713397317,-0.4447176489593468,-0.8385590442597985,0.17313368983957197,0.3925981066929315,-0.2691324947536084,0.865589492688125,-0.3707165728512696,-0.1945555719330606,-0.262746202698504,0.0,0.17294871794871794,-0.5416985194748933,0.1280014816560915,-0.5243933249693459,-0.38527621274046187,0.6839367830299184,-0.8635133915436746,-0.23608316086482345,-1.7021483267676516,0.6237580363059364,1.0860023613423528,0.5652489828020734,0.0,0.42156249999999995,0.6065646312591422,-1.1121745141376576,-0.14345335442740642,-0.6889937538641361,-0.3929524322603808,0.4345157538373886,1.670208284892753,1.254611815950777,0.4652796295883968,-1.0729963219776977,-0.02848773681079553,-0.7175408479418546,-0.00504907114074141,0.5435901342901546,2.539580473644071,0.8321176187906556,0.7245007242987769,-1.3744435976009532,-0.10392800073713053,-0.30163931833404223,-0.4553696990372764,0.43618260797688674,2.009644824969353,1.2566429720415524,-0.6231615142763113,-0.43790876173823834,-0.46314939701708063,-0.8769076402495417,0.04110193129981696,0.18418604622200235,-0.29343450764952844,-0.6189126430281772,2.3192163219619064,0.5690668064484328,3.469669385522669,1.9297701406547803,0.3334936854200493,0.5688555816490877,-0.28817523342243956,-0.4113045092856855,0.07152526377236648,-0.6745,0.12263636363636364,0.024142841409516308,0.924384638009058,2.8009675267571486,1.9297701406547871,-0.259290321481397,0.03155555555555545,-0.6861399511292129,-0.2636674416913558,-0.7004347146492937,-0.4454335072432633,1.2167542274621206,1.4649454264779262,0.9569458313576997,0.5602889486185751,0.3133056485576568,-0.6048105504872218,0.9271262382224593,0.723269348735127,1.3025046531502846,0.6955702451611403,-0.009680730850227984,-0.7140314010975142,0.6973277220363816,1.2394902662644396,1.5222389230958524,0.013588412452717264,-0.17287598560456516,-0.5574627099376861,0.9005064034550239,1.6725941713363606,1.574346304870898,0.10473093206789962,-0.026469304473509852,-0.12125842696629212,-0.16403665979563198,0.3874350339455716,-0.7271337264384393,0.09594909140537537,-0.7254815882398971,0.5961320202130499,-0.3597333333333333,-0.3597333333333333,-0.034566702116401817,-1.035087984496285,1.349,0.1058039215686274,0.28253929171929726
adversarial_block_gan_ensemble_paths,adversarial_block_gan_ensemble_paths_107,-0.8452806136868722,0.5049958831227296,-0.8697399954520727,-0.47411782401280794,0.31750460948540093,-0.25073645769754926,-0.650813862064115,0.8361527006307177,-0.8377999999999991,-2.058814136125653,1.4535736434108488,-1.3524151898734196,0.5721060240963864,0.21753670136484296,-0.04780787294705883,-0.2324871749723882,-0.069984391777239,0.7782692307692307,-2.023499999999996,-1.0561250000000002,-1.3524151898734171,0.17986666666666667,-0.08431250000000276,-0.24990224999999985,-0.23049978641606175,-0.3372500000000003,0.0,0.0,-0.6745000000000004,-0.02248333333331276,0.6250286225402398,1.0564597142857084,-0.6772703128432098,0.10655450339056309,0.2840228045995074,0.15162054327471786,0.054994999980778544,0.025261345704053664,-1.0633112246640803,0.08724673072781183,0.7564105087821617,0.01637354673952114,0.016416144381669853,-0.425426318704654,-0.9792302995789511,0.1286184650962031,0.7214666037626472,0.03388704576094366,-0.004755718714713339,-0.1539940175581309,-0.43283422459893095,1.0730584799855003,-0.8246220191581968,2.284034485755883,-0.3226570481542912,0.48296472967671883,0.06841761789380112,0.0,0.2767179487179489,-0.4157031884066168,-0.14289961369227186,0.4411946563597164,-2.310511530747718,0.8295606172804194,0.555727629147296,-0.019850140360050846,-2.016866296476818,0.3798324340657454,1.4615108489513347,0.05208510527462806,0.0,0.0,0.25884704493541694,-1.3470620329202656,-0.4851140906259913,-0.9541087584785726,-0.6824640931148275,0.27499439112903656,1.4166437266620981,1.1295509578835623,0.48897312835132467,-0.9688055248721676,-0.23996992981828758,-0.8733080284763118,-0.5588290725914152,0.4845305280986707,2.7830503482374045,0.7140875384428544,0.37480055642125504,-1.1839887223401597,-0.4092512501682926,-0.6023391298523265,-0.6991407055474606,0.3838315512587648,1.7830203623338032,1.1063529885625811,0.30622864436594305,0.35380182114097974,0.32411782113426807,-0.9991217899645666,0.11219123159705074,0.730578456344534,-0.1408664407866521,-0.9319301920652583,2.018574199151437,0.316109861917203,3.243867050489718,1.646377083980071,-0.059174801366393866,-0.25155216773178696,-0.12655207860411202,0.15880214878567694,1.3026594146508803,0.0,0.8584545454545455,0.02964807516368249,0.8907806185092619,2.627170583631147,1.6463770839800784,-0.2624105143385565,1.1991111111111115,-0.5472029050754246,0.21828043998634125,0.5454414021862813,1.0449557275431798,0.8778210584339387,-0.4284651304578893,-0.5899313436014186,-0.4973769291510172,0.2326767845856622,0.19866708345920878,-0.4392003000270589,-1.0700956985300178,-0.5857487669255903,-0.0480820884232129,0.03622125853036182,-0.13490562261795652,-0.022966194079919663,-0.7228492029268279,0.1387595927059522,-0.16110643871903368,0.12051190605798034,0.07561654558822656,-0.36540045719217285,-0.8817059394878897,-0.39825169562927293,-0.028344362884603656,0.12122087986801841,-0.6467116104868917,-0.6999650142914682,1.0311937861171223,-0.45931169288190843,0.9103186649488163,-1.3249930796682776,-0.2247480658060572,-0.3597333333333333,-0.3597333333333333,-0.3610730142925587,-1.2335210078385581,0.6745,0.0,0.44301390845097116
adversarial_block_gan_ensemble_paths,adversarial_block_gan_ensemble_paths_108,-1.1958836662688748,-0.11776918806885826,-0.8039623775654237,-0.6594908429645491,-0.01701200444193503,1.1065659358170092,-0.9734337300796825,0.5296315171155566,-0.8590999999999991,-1.5149764397905747,0.6169844961240291,-1.6028624472573847,0.3640674698795185,-0.267095217171694,-0.07255152615853354,-0.1537508489420526,0.014637193323652911,0.7782692307692307,-1.1933461538461512,-1.0117500000000004,-1.6028624472573834,0.17986666666666667,-0.16862500000000258,-0.16255450000000007,-0.23049978641606175,-0.3372500000000003,0.0,0.0,-0.6745000000000004,-0.4721499999999792,0.38370483005365347,1.0564597142857084,-1.2963299528790464,-0.044625335580565396,0.26695552425655955,0.01945634073525781,-0.11217914666717828,-0.2589495364202766,-1.6301856572845113,-0.06564588363919752,0.7164327437430948,-0.10379193191912972,-0.15293726661760554,-0.6346967347381588,-1.5612488625064003,-0.039272176516236594,0.6829147211983647,-0.03600717690137556,-0.24257588076331799,-0.4467543273512636,0.34626737967914395,0.9414859577383043,-1.3462217960820206,2.2150903552048558,0.04036573892542618,2.0648074459250583,-0.0804874360467412,0.0,0.3458974358974359,-0.5580852002641835,-0.2248784169837994,0.3183011828141339,-3.357677860469934,0.34574916544880646,0.024469717197511166,0.21285797345095026,-1.8773217891795,0.6389136078529707,1.9073111781992773,-0.11198979998776275,0.0,-0.25293750000000004,0.19365152241575792,-1.4154409120434215,-0.5222829808307243,-0.9339346238989197,-0.6781412916283721,0.192371445116553,1.1919030369237622,1.0749997843933004,0.16166946961221348,-0.9485605727018781,-0.3091108115470868,-0.8901838425511642,-0.6156046276470103,0.29537967561316164,2.2296898530364277,0.6720872094408843,0.23613044815737322,-1.2237830109054435,-0.4361559078911928,-0.5602463986287858,-0.6805102529950022,0.3218369471261245,1.4713533628079611,1.0518410449873592,0.255838611169893,0.08193798062641414,0.15853810331187862,1.342690196044888,-0.00883707650797931,0.8406944500357375,-0.3312148179085699,1.307581529259288,1.8879327662928276,0.5256546120787915,2.6935129205548076,1.6159823964946505,-0.24849723212306637,-0.40710032602146445,-0.06816670897982392,0.2794883983294958,1.5857720958256463,0.6745,1.103727272727273,0.026704392532043025,0.9273850796743837,2.2035706000193755,1.615982396494657,-0.2590492249511108,1.5462222222222215,-0.546338072389393,0.44298059064372186,0.9426220410011651,1.2238997287375688,0.6840392971180169,-0.5303744407876587,-0.7761259744404324,-0.6001795559606596,0.16584383788923426,0.11357516024663307,-0.5840401819849012,-1.1906396990284795,-0.7055283517074686,-0.6169739746077771,-0.009091600197339593,-0.4747318131072334,-0.1251528759822831,-0.6922541168534138,0.12356918231925508,-0.2895195607055452,0.00010421344297810847,-0.05276810836345634,-0.4686123112964757,-0.9228725795805104,-0.5520802777101782,-0.04061939696508285,0.03712026994379962,-0.6467116104868917,-0.8865468334975519,1.0585473147493498,-0.7177423004139741,0.8045486525214715,0.010844887466905718,-0.3524636135969286,-0.3597333333333333,-0.3597333333333333,-0.42149264811505643,-1.2458935175993464,0.0,-0.1058039215686275,0.4163638555553093
adversarial_block_gan_ensemble_paths,adversarial_block_gan_ensemble_paths_109,-1.1035914852106665,-0.3145120736710057,-1.559124122570632,-0.7874866540143965,-0.6652102140005391,0.7539335210202467,-1.2263416757268435,1.2720080406440892,1.2140999999999986,1.1547722513089007,-0.28234883720930193,1.5254514767932488,1.2042231696014833,0.7944691058125996,-0.018440838166657734,-0.29237843010065906,0.3547388728099758,1.2971153846153842,0.15565384615384592,0.3283749999999994,1.525451476793249,0.17986666666666667,0.8852812500000009,0.0,-0.23049978641606175,-0.016862499999999083,0.0,0.0,0.6744999999999995,0.44966666666666705,0.4826475849731733,2.6411492857142718,-0.9462898965013795,0.3929479203673488,0.7450770388976796,0.3531206569541848,0.3893310383965582,0.21132983418391688,-2.168451087217974,0.2875595536580842,0.9677181951812661,0.3608947498762307,0.02720920209798025,-0.6058084873728988,-1.0418499074439245,0.3931264562054441,0.7202915164773817,0.2604478281523465,0.4609274494462275,0.04685381214304816,0.028855614973262333,1.8190407001347808,-0.6004273488062442,0.5341767086905561,-1.0741620634853881,-0.4038135360258717,0.3012522029390385,0.0,0.0,1.9499122538206295,-0.8047940942976959,1.033624781533123,-2.5383885944021265,1.629275880405136,-1.8409065699550975,0.42572923658583567,-0.3583158452450265,0.7576551779584567,-0.8489710464668265,-1.527788902434468,-0.44966666666666666,-0.5058750000000001,-0.5481582199475558,-1.3383110904951598,-0.8498597439852364,-1.03548787579887,-0.8984424163410735,-0.9211650978359005,-0.6042927848466051,-0.8592737994718554,-0.7849130587749923,-0.8336900502892205,-0.7418035013323331,-0.9526539708226974,-0.8085795521520442,-0.6292942853595516,-0.3759509624386149,-1.0272908032082637,-0.6818386509228322,-1.0167084050023056,-0.7949124270808916,-0.762094035392297,-0.7997722144636467,-0.9113863869370276,-0.4765058116400217,-1.209876171773268,-1.2813976339582707,-0.8676233240827694,-1.6705660975757584,-0.934194946668751,0.48551522216206605,0.3253302774220624,-0.6954941701524074,0.4055800487899683,0.10602461129106042,0.191373592611259,-0.2939850363605819,0.13229555456616815,-1.4384664647405077,-1.3777856851708372,0.530210161084153,0.9941146465076693,-0.3593550593295631,1.349,0.9810909090909091,-0.8678869387943707,1.3709124672362112,-0.09586537539381644,0.13229555456616734,0.6889598082663594,0.1893333333333327,0.4340419378149252,1.1805982561510537,1.6042833974543191,1.6787679934518174,-0.2126654032416678,-1.7752037409650634,-1.8670963560057288,-1.3415604614197743,-1.7776973760428019,-2.058261002789755,-1.4274616002826124,-1.1826967427137918,-1.3798365123211784,-1.5467554763171862,-0.7288917926739471,-1.6904179127528265,-1.1197075235036238,-0.8555639355848057,-1.4222764851438943,-0.8651605148963284,-0.8326834271630063,-1.8596767583681157,-1.365633111634402,-0.8833755038073577,-1.4733070486897495,-0.5914972161339551,-0.6947852290165494,-0.26272659176029983,-0.2439341245072666,-1.4422992434349693,-0.7907882714222313,-1.7448315335058906,-0.7379066219770671,-1.1762993508095283,-0.3597333333333333,-0.3597333333333333,-0.8291358737846232,1.9692349821318071,0.0,-0.3174117647058824,-0.7288106556626394
adversarial_block_gan_ensemble_paths,adversarial_block_gan_ensemble_paths_110,-0.5439186124712954,-0.8845073941076513,-1.3023734529041429,-0.6964520836634169,-1.781241581577193,0.7986593881979357,-0.6120721151760937,-0.873637908276112,-0.3123999999999991,0.8157565445026183,-2.0287286821705393,0.013660759493670724,-1.1305253012048198,-0.9023153805589834,0.9308935106528397,1.005367495182165,-1.1894381312585134,-0.5707307692307693,1.5669153846153836,-1.1537500000000007,0.013660759493671171,0.44966666666666666,0.0843124999999998,0.6744999999999993,1.1524989320803074,0.6744999999999998,0.8993333333333334,0.0,-1.349,-0.4721499999999792,-1.0642379248658673,-1.7843415714285742,-1.1066678454953012,-0.8632232827854328,-0.06756854497778297,-0.8662935991308083,-0.8437633604419894,-0.9384357794561126,-0.4023974395236182,-0.8017520435584076,-0.27570639195443936,-0.6674700743026369,-0.6314283920816093,-0.7328193959212901,-0.5789489210111354,-0.853933197757362,-0.13816067599294096,-0.7387212824408644,-0.7777652084005469,-0.854344396584571,1.3850695187165758,0.6653843211174716,-0.47330288165909845,-0.6283234337891996,-0.944434173047285,0.09907812751472884,-0.8227094036150444,0.0,-1.1068717948717948,-0.12642661969283406,1.1012404898848656,0.9544339999619693,-0.3105407204414688,-0.15734566330224156,-0.4307604543734571,-0.7380728708031611,0.6518701884969514,-1.1624981385219297,-2.0482947058848278,-0.15200536224112995,0.0,1.0960625000000002,1.1061333575335994,1.4095791504377981,1.1717442905013549,1.6456549587269502,1.2589043997539866,0.7875449220612656,0.41696087851010616,0.42878742345968895,0.9900041997243985,1.531832978338349,1.0803873150648717,1.196183212337831,1.1647933309690748,1.0043796867695216,-0.10558922553038172,-0.18660810521153998,1.07930251456499,1.61916097918786,1.1918655401505416,1.5793632151545183,1.2175744687109729,0.874746765398155,0.22153938216381974,0.08716032973827081,0.3719959482876525,-0.885179302376614,-1.0643349811339085,-1.7949032953091433,-0.31789156870558816,1.0761964853391892,0.2765121208916021,-1.7739168620511965,0.824588138939524,0.44228168856825,0.7463771840866578,0.7685650245412428,-0.9108765231702769,-0.7841818703703907,0.2626280406852803,0.4349163112506418,-0.30033371128007974,-0.6745,-0.49054545454545456,-0.3414015016507714,1.2937091390578241,0.7048870775474877,0.768565024541248,0.47328649583810756,0.599555555555558,0.1693137818633649,0.5222831259743902,0.5939625107920306,0.7210590676962761,0.2655745304004453,-0.47162453445248675,-0.9348190953244163,-0.7465383462219459,-1.4283417684166975,-0.6275901516239036,-0.6711910764520449,-0.9261133912646513,-0.682305837166767,-0.815678829608358,-0.3848945371310695,-0.09166214764106649,-0.5115291748245752,0.076747133291694,-0.7465741309464581,-0.44041641547021476,-0.4849447882776886,-0.9192621203844109,-0.5859142904646941,0.17176390008332645,-0.4536972261518096,-0.2770651897962518,-0.4558645208455665,1.0104868913857668,-0.2699781990262184,1.170725335419559,-0.7815644740740164,-0.8647503294897082,-1.6061856854686327,-0.5666395513936925,-0.3597333333333333,-0.3597333333333333,1.2012081026037875,-0.2639129292393077,0.0,0.9522352941176472,0.08391691078485572
adversarial_block_gan_ensemble_paths,adversarial_block_gan_ensemble_paths_111,-0.06667618053754812,-0.4758405877343834,-0.788832737754418,-0.09569229061128325,-1.9632909129693106,-0.5030893290934646,-1.8698956236933784,2.13405750119809,-0.5040999999999988,0.3919869109947649,-1.6836356589147257,-0.31419746835443113,-1.4562698795180724,-1.2526349676667998,0.9893878493174748,0.9265739557155233,-1.2205602511364437,-0.7782692307692307,1.1518384615384603,-0.8608750000000005,-0.3141974683544302,0.44966666666666666,-0.8852812500000039,0.8431249999999993,1.1524989320803074,0.6744999999999998,0.8993333333333334,0.0,-1.349,-0.9218166666666456,-1.305561717352454,-1.9340805714285827,-1.008990465537834,-1.0761875954787123,-0.5572926402797034,-0.9950125273114812,-1.0304420470672795,-0.9719462591869188,-0.24197698930657166,-1.1174883289030986,-0.45903643694110574,-1.0999360921443693,-0.7912708295573647,-0.8172269371924115,-0.8276040118679266,-1.0782909691503906,-0.4937293020467949,-0.985934492544667,-0.9683228424662048,-0.9883106120256596,1.9910374331550769,0.2748267437277801,0.16881059116045685,-0.9793015328152884,-0.019362341025940002,-0.02958409351223818,-0.9709958313621514,0.0,0.6572051282051282,0.3683400423062391,1.2766118389441383,-0.039266431492953696,-0.44029050056037905,-0.8106461105139252,1.5998721686986093,-0.4418895255686036,0.8776296165697911,-0.7369559020459497,1.8318904185688385,0.1092793211852901,0.44966666666666666,1.6019375,1.168271992946834,1.6353595326728294,1.2748018096116305,1.8036857379917537,1.3290068862885693,0.8141310887061505,0.1615752872145216,0.48808906049049083,1.0748804663231806,1.3574074304724986,1.1608678356364757,1.4201149728142004,1.2352630093683639,1.0407312997906166,-0.45535353906552295,0.42402220869010065,1.1195568196579622,1.6151405280142193,1.2778372101130693,2.164693224333962,1.2410122384736186,0.852736443984169,-0.47812219623947994,0.3541436491479565,0.8474454141007963,0.15369049523070014,-0.2699956918558368,0.009336747752118502,-0.030788374616324936,0.23567531328009814,0.39236819306334536,0.6198519209190848,0.1531828419304424,0.03345317522357842,0.02115424613709415,-0.011002613442560268,-0.40260716330691626,-0.39189675040384453,-0.05435971395622269,-0.22318127757836692,0.054132492091146574,-0.6745,-1.103727272727273,-0.017452713252393406,0.9972847391758347,0.14669298410687262,-0.01100261344255831,0.4408593906160093,0.22088888888888816,0.028176455451848683,-0.5047213200640059,-0.07993076767401586,0.6344023526826876,0.1283655391746878,-0.1990477863225924,-0.5053474402619406,-0.4457447335587807,-0.4323331681575078,0.21057953459217724,-0.39701738316323537,-1.2860888017677012,-0.7538714140796894,0.09085983409535757,0.0272105487284163,-0.24914901569599193,-0.39875208586698047,-1.4269971671666974,0.038250682955584536,-0.4144933312477335,-0.16138117886755882,0.0010281331276917637,-0.3221498829048485,-1.0479635812732426,-0.2691634824887406,-0.18486164438975325,-0.013223367163561572,0.4648239700374543,-0.46819788915081245,1.2097296121652752,-0.1749340374538233,-0.4694528677462482,-0.38936383490220666,-0.18592525428422507,-0.3597333333333333,-0.3597333333333333,1.3465737817613834,-0.09336813047035471,0.6745,0.5290196078431373,0.13965033952508216
adversarial_block_gan_ensemble_paths,adversarial_block_gan_ensemble_paths_112,0.05578783197722596,-0.07580316795665745,-0.24779319552028,-0.5160711958767178,-1.0489288005722404,-0.15246258503852111,-1.4963049859359894,-0.5298016657395772,-0.8164999999999991,-0.12359947643979043,-1.3803720930232537,-0.59196624472574,-0.7281349397590359,-0.8277629002630389,0.33188591143137913,0.44428351144867384,-1.1280226522962216,-0.5707307692307693,0.7886461538461533,-0.9141250000000007,-0.5919662447257382,0.31476666666666664,-0.16862500000000258,0.5495488749999998,0.46099957283212284,0.3372499999999999,0.44966666666666705,0.0,-0.6745000000000004,-0.4721499999999792,-0.7239713774597603,-1.063397428571434,-0.010575874628505793,-0.5219514741518324,-0.06395558593924801,-0.4499309384958279,-0.4641217368502928,-0.41822430459726867,-0.40432742177514325,-0.6052701753928506,-0.005804314883827885,-0.5758727531650526,-0.3514106743670854,-0.6937304659438589,0.08548580782387882,-0.5422538581477409,-0.10830511556949607,-0.5391928933201783,-0.21307201317433946,-0.343392415892438,1.2985026737967889,0.33106291004601596,0.602190463806833,0.3548777158577476,0.19666093065619905,0.11694817511631382,-0.481575983715967,0.0,-1.1414615384615383,2.2658660404074586,1.3979821816534344,1.5010796030451203,-0.1801225931707942,-0.7774060809876459,-0.3104834320612813,0.1663103378150629,1.1593496241242363,-2.4759138742282363,-2.0609488558320272,0.7571771260732316,1.7986666666666662,1.68625,1.271309511827951,1.6651699924541117,1.3896462831029557,2.0206466874873814,1.4319520953000417,0.9552356599328335,0.2602581581059595,0.5324877991643643,1.1898191792074615,1.209910105917603,1.1939082413571773,1.1928749772822385,1.2151885846945922,1.3345191199969564,0.6770028087995978,0.25154626143716025,1.2606978937297024,1.5085150534934155,1.3395226160993539,1.633474251766752,1.361573911194363,1.1530216932426691,0.4350546554768882,0.4011990099516883,0.3078710216911324,0.09754665989727473,-0.17154730307723348,-0.6889293893135346,-0.46600762205256585,0.42613368932024226,-1.3748335224857275,-1.2843761054303886,-0.04939932066831786,-0.2306269256112116,0.0015434402739131889,0.08746511802709672,-0.15890818924658176,-0.0751438820561576,-0.2358055061977735,-0.32368022979155375,0.2150308594554008,-0.6745,-0.9810909090909091,-0.08196050875767376,0.979888092120241,0.13159881729606018,0.08746511802709742,-0.21334988685226466,0.15777777777777724,-0.17522189097049964,-0.22443020224162236,-0.2586628591271799,-0.13596880349796603,0.1756342897958326,0.10842763314305487,-0.07789607826468095,-0.05979057991000583,-0.06908225474834231,0.4246350758704624,0.04211714118333072,-0.488734482773642,-0.14338076980690928,0.5494289673898817,0.09765993287304521,0.1048238515224033,-0.2534892769447436,0.1685958934328056,-0.5131088979467768,-0.0148366879175306,-0.20129209502825635,0.5073918621444365,0.03608232604357999,0.43733251015263647,-0.19297038099081867,0.13994849039335233,0.10022638952897113,0.40419475655430753,-0.582998696492264,1.4656247595957763,0.055566112338577084,0.477777888737676,0.7187050150668317,0.11480180604126522,-0.3597333333333333,-0.3597333333333333,1.4803813990528725,2.7129509365701736,1.349,1.6928627450980391,0.18174850667216647
adversarial_block_gan_ensemble_paths,adversarial_block_gan_ensemble_paths_113,-0.0887085484758571,-1.0622771170295582,-1.0599306752737128,-1.724094077966223,-2.258946756374086,-0.8117774037343549,-1.4212487268428111,-0.05695608815869508,-0.14910000000000043,0.7027513089005238,-1.6208914728682156,0.22312573839662328,-1.1945963855421688,-0.9618983090403627,0.808031426367488,0.9203205625125366,-1.2255721000654798,-0.7782692307692307,1.8159615384615366,-0.8076250000000016,0.2231257383966244,0.44966666666666666,-0.12646875000000266,0.7181738749999994,0.921999145664246,0.6744999999999998,0.8993333333333334,0.0,-1.349,-0.4721499999999792,-1.0642379248658673,-1.7344285714285712,-1.1527118569923291,-0.8839553850843849,-0.3422824055787203,-0.8115710332915105,-0.8152127049776117,-0.8649329165189682,-0.15196260864976027,-0.8928994293690996,-0.4317804119290798,-0.8009888063155007,-0.7024350082228471,-0.6871939176324918,-0.8715130459016345,-0.8753938821904667,-0.3200204436054009,-0.6358378243228577,-0.8122471464390165,-0.893811261844632,1.9910374331550769,0.3455061457740348,0.14723817488567104,-1.567778347508404,-0.40495249600872957,-2.666920746679045,-0.8355337239539955,0.0,-0.10376923076923039,0.5204389277400108,1.210550849041187,0.2738280077938869,0.5842861683952847,0.17007587655322465,-0.5146250521012439,-0.7237428203227814,1.5338841308886217,-1.5165138046697537,-2.098885433778931,0.21458624655625225,0.44966666666666666,1.349,1.1363293010022042,1.6696601833102958,1.2246593875160123,1.3484865208586103,1.2961594626498638,0.8095966786003385,0.4315408719151287,0.27186924704592585,1.063421784203256,1.350202957831133,1.0776842864836171,1.3143569858289819,1.1138503170000313,0.9870742769639858,-0.46175810853777977,0.22884707041966268,1.0814402312453542,1.6526227355244096,1.1894881593793432,1.5781869775877986,1.154792434325386,0.8559125238711003,-0.11158435875533607,0.1868849743617864,0.7927538687117729,-0.05459312495512378,-0.06528337845043457,-0.18776165064333816,-0.2738561392160882,1.2633651634407264,-0.09529977884699198,-1.1666681810181012,-0.20430075177664206,0.031155146170172537,-0.6698738598458298,-0.005152857370847554,-0.645555696453535,-0.44625930342833414,-0.01921056879112943,-0.024698084124613322,-0.13105219618150077,-0.6745,-1.103727272727273,-0.34151187443619524,0.9498514342127546,-0.3851818187664327,-0.005152857370846764,0.4376341029916268,-0.1893333333333327,0.03804212539454017,-0.018108494010594146,0.10195613114596426,0.46559311091413896,-0.15337376672264016,-0.05850386970559579,-0.2898299614165179,-0.5125247184920172,-0.6942270173924494,0.1034672932709447,-0.41426570127052975,-1.2037361638610515,-0.6225450009157592,-0.2604868736093482,-0.08268966890444251,0.2630956875975205,-0.35154917858933216,-1.3912562195083402,-0.010044974989053875,-0.38970822984763875,-0.12009552122677439,-0.056302367164240606,-0.35309871476868493,-1.0101814019130737,-0.0723580014639263,-0.2082361436310575,-0.10571584874770064,1.2934232209737822,-0.46667387599931104,1.3644943212562093,-0.48870583873214984,-0.05730352921779977,-0.8198428983999294,-0.25293715019094026,-0.3597333333333333,-0.3597333333333333,1.3270321680685095,0.057948261510206184,0.0,0.4232156862745098,-0.011459285957727052
adversarial_block_gan_ensemble_paths,adversarial_block_gan_ensemble_paths_114,-1.1106232635236606,-0.6455619622118459,-1.311584571378157,-0.9028588148356118,0.4482533189249986,1.1682525658694516,-0.4099193669248712,1.655529477588487,-0.5537999999999995,-1.2677774869109923,0.7006434108527089,-0.7376810126582276,0.22404151992585764,-0.19315541358074928,-0.02507953990665347,0.13604837155666327,-0.1794071633938269,1.2971153846153842,-1.2763615384615337,0.36387499999999945,-0.7376810126582278,0.17986666666666667,-1.0117500000000037,0.08734774999999978,0.13599487398547605,0.0,0.0,0.0,0.0,-0.02248333333331276,0.0,0.5712051428571321,-1.190042608943734,-0.009548151306489859,0.4181408480937319,0.05843029944179758,-0.13656767816205698,-0.21290057622587294,-0.8411654201650015,-0.0326407297658399,0.6623581088537261,-0.0958334182695006,-0.02095650818932428,-0.4235964056155305,-1.1108249979270246,-0.05011159847125538,0.5511991172949914,0.007169684553504733,-0.12828315668415502,-0.4081115200843807,-0.28855614973262134,1.1290438363719222,-0.7757145033184119,-1.146717584696561,-0.8085993160246453,-1.0155457196982047,-0.04267512006590791,0.0,0.6572051282051282,-0.6188180928631157,-0.46894073125929625,0.4976520436457636,-3.6714387017492935,1.3160499352884347,-1.5757481466478669,-0.35111074293452205,-0.9757461080725927,0.5486796655805671,0.16871779094256018,-0.9961408895295959,-0.44966666666666666,-0.4215625000000001,-0.3814257286030612,-1.2638644444805303,-0.5358509591122307,-0.8081501289900003,-0.44169647404046686,-0.7338837544097713,-0.2683512502776499,-0.6212760755115123,-0.42338295984962804,-0.751085641161006,-0.4523810681830784,-0.8967545602667287,-0.3682620538247673,-0.34705775234456226,0.44151691177169256,-0.2946119508003576,-0.477342069419006,-0.9223637192260175,-0.4769513491383236,-0.5887968486107131,-0.4358935961819277,-0.6047098441109471,-0.23749634096340633,-0.8770192236946525,-0.7361150626464982,-0.2129388950115146,-0.33335897061353686,0.5840881888984403,0.5006861403364954,0.8980046648132287,0.016450999361916293,0.28864743289816047,-0.10497492669348425,-0.13168461632052852,-0.2464542871276796,0.05016870631796659,-0.7882294452018865,-0.8280797388952398,0.4257698623124861,0.7807950770302202,-0.17339056654086318,0.0,0.7358181818181818,-0.3970816838803172,0.9532748740347865,-0.059281613228728595,0.050168706317967604,0.5444447838815443,-0.5048888888888872,0.2948302862369396,0.9664784168301573,1.0077959253401827,1.1428963167881194,-0.6216903624792727,-1.1186413644042135,-1.1993394271174116,-0.7243139114728072,-1.0265611304859106,-0.6035794084514045,-1.0216737335430928,-1.0220489190078865,-1.0491085538705598,-0.9799569631484554,-0.4906626959809544,0.2759929205989201,-0.9665165622236034,-0.7945954573881837,-1.478332354057551,-0.5613396479414561,-0.45991397700867254,-0.006511080799228808,-1.0301042586372513,-0.8630384168356504,-1.2761823368661247,-0.3680613326030792,-0.41000422527418173,-0.08083895131086094,0.567489426766129,-0.7071139548553338,-0.6988003965445355,-0.1609930475735467,0.7192853932619306,-0.8179472576273346,-0.3597333333333333,-0.3597333333333333,-0.4921818459203096,-0.2581860334577852,0.0,-0.21160784313725495,-0.7962808112516006
adversarial_block_gan_ensemble_paths,adversarial_block_gan_ensemble_paths_115,-0.5978769756005672,-1.1590132243896782,-1.33756141727199,-0.3936176116059715,-1.769622806830612,-0.34610717597544577,-1.4810009499895167,1.2667436811925281,-0.007100000000000156,0.7451282722513088,-1.4744883720930209,-0.03187510548523288,-0.8821634847080634,-0.8725565802906957,0.985765249108736,1.0318181703262248,-1.2492983207472554,-0.5707307692307693,0.8820384615384608,-1.4022500000000013,-0.03187510548523178,0.44966666666666666,0.0843124999999998,0.7181738749999994,1.1524989320803074,0.6744999999999998,0.44966666666666705,0.0,-0.6745000000000004,-0.4721499999999792,-0.9652951699463472,-1.1632234285714396,-1.2787358373761157,-0.7972867911822218,-0.10910317559368608,-0.7511387127560468,-0.8327089470213148,-0.9297481397419222,-0.7545075645654594,-0.8188697427870838,-0.093789057214671,-0.81582469084446,-0.6406005503337584,-0.9115856393108122,-0.7269864954682722,-0.8323874593374162,-0.10544426642407093,-0.7553162638037323,-0.8031237201706543,-0.9290968196425177,1.471636363636363,0.8000018247656419,-0.5032175885034715,-1.0797528033671955,-0.9264977383021425,0.775579464256288,-0.7563753826063333,0.0,-0.9339230769230766,0.031477525605792235,1.1104745414419492,0.6813530670747912,-0.3618952384988745,-0.10591567311763456,0.03625966936624389,-0.15377732136514896,2.0859875885918044,-1.536779664590203,0.22463244220856343,-0.22349270727666595,0.0,1.1803750000000002,1.1625513724305927,1.3175653159020502,1.1543410696474734,1.3857006104411613,1.2247454587830473,0.8137258659146485,0.5046373007976596,0.5015435046309321,0.9845954108567689,1.4840339700162564,1.1622833526291596,1.572299308344032,1.2260646683612981,1.0305574949227332,-0.7569033258374293,-0.19666539884676978,1.110431278741048,1.4115977788994418,1.191080112918443,1.571011936334591,1.1635782241733759,0.8856388075190302,0.08158949844281826,0.3574101929307654,0.307139854375186,-1.0542472228037603,-0.8175708188078048,0.6051293145188829,-0.21318619287852425,1.0159448043578148,0.2929731615633467,-1.3227151856074029,0.16517294273517605,0.30402433572154186,-0.3385790739799304,0.2504017592089506,-0.9200549934306439,-0.7798836948609624,0.2640163613953176,0.42283166128321586,-0.28098646379091285,-0.6745,-0.49054545454545456,-0.33887410250400146,1.2824070991120713,-0.1301887911315576,0.25040175920895524,0.467174042655927,0.1262222222222218,0.16252699844627416,0.565501373019042,0.5218447235758459,0.7631774871486319,-0.1783497392868147,-0.5276850881659607,-0.8935399845863784,-0.7606203508446314,-1.468456346860225,-0.3733374979641174,-0.7218143908686829,-0.9883063602967542,-0.8068472776378057,-0.8038758370576997,-0.3352614640812948,0.03332101093083638,-0.5314249957226287,-0.3416470478425035,-0.7049169365212741,-0.43431409723278064,-0.37539083945775953,-0.3706790258988083,-0.6640303630090051,-0.5327932113160465,-0.5194609960142947,-0.2747085123937267,-0.37986258473342255,1.1115355805243445,-0.20205692019566224,1.1089170953475243,-0.9678563605383862,-0.6521021798660759,0.5006957062989045,-0.5773382884534817,-0.3597333333333333,-0.3597333333333333,1.2081019566215874,-0.19705315513413882,0.0,1.0580392156862746,0.1892575557083759
adversarial_block_gan_ensemble_paths,adversarial_block_gan_ensemble_paths_116,-0.3711960832180462,-0.7513596629664389,-0.5640725157646383,-0.6353758373509846,-2.045909545455985,-0.33916402404303425,-1.1086873829122272,1.231096369633617,-0.2910999999999999,0.7804424083769634,-1.9450697674418578,0.5600911392405057,-1.0922024096385543,-0.9158670343554928,0.810069138984903,0.9901008440256203,-1.3769261491556573,-0.7782692307692307,1.7329461538461526,-1.0827500000000012,0.5600911392405064,0.44966666666666666,-0.08431250000000276,0.8431249999999993,0.921999145664246,0.6744999999999998,0.44966666666666705,0.0,-0.6745000000000004,-0.4721499999999792,-0.9652951699463472,-1.834254571428577,-0.3874845499628049,-0.761485631611684,-0.28490877051773006,-0.7698820638232775,-0.7546725580100296,-0.700676114825056,0.12616131669061834,-0.6157733503628844,-0.37944016152460297,-0.5087252377785998,-0.4910416417129923,-0.47482676166923543,-0.2882514622654888,-0.7253274074989726,-0.31795911937791205,-0.5248588864282056,-0.7540194288683553,-0.7031850541724154,1.7024812834224574,0.4445174900007303,-0.2712126344718734,-0.7308855826300148,0.1347732266120966,-0.5606429940509279,-0.729434613607512,0.0,-0.17294871794871794,-0.6104032933668246,1.0776826736539546,0.08593670474983262,-0.6955959975747841,-0.8813438714884106,-0.6164114023570627,-0.3245628434626124,2.737349934059729,-0.6368351513533682,-2.3842723098034195,-0.017715694443556935,0.0,1.0117500000000001,1.126417802822007,1.5954473720077929,1.1121720895773626,1.201134673703204,1.1646805849674144,0.774853697532427,0.639858898994088,0.2023247892103456,0.9837509719672333,1.360030326719585,1.061939972342119,1.385107056856444,1.1204105576509564,0.9495253292714716,-0.7622220118700608,0.06651449732042548,1.012746188457656,1.6455478481888097,1.0862121539944196,1.4612444344554647,1.0682274225961441,0.857222290435401,0.09125727203940513,0.09229955804285996,0.8691126840154947,-0.9118550928325229,-0.5104376928002413,-1.024465969401437,-0.18229310831032727,1.2203140211944414,0.33270060013527825,-1.1998782858257182,-0.5177528572921998,0.04159648402259348,-1.293420706261821,-0.4404108416550192,-0.7416937166754628,-0.7099667826880776,0.03250234177001583,0.16062620382417014,0.020819228554385522,-0.6745,-0.6131818181818183,-0.33601487821851683,1.0864319235123188,-0.865117226817653,-0.44041084165501976,0.4352626107691484,-0.2524444444444436,0.03588610045788542,0.17227082274733743,0.30267416311113404,0.7686093642230688,-0.4932042637472144,-0.4898498382219503,-0.8805808121829172,-0.7112659301713842,-0.6924534713595561,0.006750262760572666,-0.66546751793951,-1.213970941230678,-0.8142788530298636,-0.2652029907785066,-0.14594228541465307,-0.06360064186822878,-0.4398771643323946,-1.3949737348903386,0.016312992571008152,-0.4363977104674778,-0.22624576799272444,-0.14872783639464243,-0.6104296907791178,-1.0577763780792118,-0.6540408040252893,-0.24366967045244672,-0.18757836219666124,1.1721647940074913,-0.5321679497233727,1.6914779950314642,-1.243022558637718,-0.6280059030612576,-1.5711221300566343,-0.4602103704522165,-0.3597333333333333,-0.3597333333333333,1.1762755431620358,-0.7843873390731254,0.0,0.5290196078431373,0.21888530330105793
adversarial_block_gan_ensemble_paths,adversarial_block_gan_ensemble_paths_117,0.06070712005584746,0.14528354652013678,-0.029018970815964756,-0.584542410865284,-1.4785008687349677,0.4703825262004636,-1.261192700604973,-0.0073189740657174165,-0.08519999999999966,0.45555235602094263,-1.1607674418604628,0.036428691983121514,-0.4975588755020079,-0.4043660699253195,0.2633351690198601,0.45834993521327416,-1.0943404970642663,-0.5707307692307693,0.5707307692307685,-1.1093750000000013,0.03642869198312243,0.31476666666666664,-0.12646875000000266,0.5495488749999998,0.3664946604015378,0.3372499999999999,0.44966666666666705,-0.0,-0.6745000000000004,-0.02248333333331276,-0.3402665474061068,-0.7708571428571425,0.33008356581548753,-0.3822011211039563,-0.018311544877460888,-0.3212288461703203,-0.18222857257263575,-0.19037918664652234,0.13064672953043618,-0.4823746827347459,-0.027857028995404782,-0.5651390357494402,-0.19090932672730787,-0.18499397763012376,0.1876715467702704,-0.4223321561365012,-0.08910225778664749,-0.3917752706335833,-0.1771760961427656,-0.17947410649267811,1.1830802139037395,0.6363070081789812,0.39597629299096004,0.8088926687604485,0.9680611954777949,-0.6447857927984579,-0.3605577260857536,0.0,-1.072282051282051,1.4237587122886557,1.345945004065828,1.3287023332804018,2.3535298192431826,-0.7730459449110401,0.23623650459373194,0.11658918851046107,1.0346361325749505,-2.2010143699348808,0.6054296401160364,0.7850820701524548,1.349,1.5176250000000004,1.2481010455575918,1.628268049803671,1.3855078375510295,2.0198405077809185,1.4408495511648534,0.9273389972807686,0.24709435854097195,0.5399428078327746,1.3364195402313581,1.2297929607599778,1.2498635082924765,1.191406431596677,1.2484850149172344,1.3153010594411811,0.8174091494597263,0.4163147944969208,1.3281479842439479,1.4178808415428745,1.3482500738989864,1.6070426584830364,1.395187975380167,1.127007739674592,0.47491986004429465,0.37662095803182466,0.07535051852783232,-0.4356253629571199,-0.2179275880520348,-0.3561711672603598,-0.5302742298943954,0.4358266104469544,-1.5245209850506296,0.7755754499898401,0.5691690667094771,0.3799266993846804,0.3385885465840191,0.6018104408666715,-0.03370384963136464,-0.07644275047518782,-0.19699347152508645,-0.18428652340427726,0.38329898544525987,-0.6745,-1.103727272727273,-0.08321622278973603,1.0117676304269916,0.3910177872713996,0.6018104408666751,-0.20917654253456092,0.5680000000000025,-0.17058081283292173,-0.07175411076073818,-0.04319138262948591,0.180249239627974,0.39461103157043137,-0.002111399251225646,-0.1866498688592714,-0.03901275385110297,0.0005007606266209238,0.3413526681499681,-0.05754147763672587,-0.5007115265857367,-0.1814823785423591,0.5497373617378982,0.08520301662221666,0.6750044579038909,-0.05205791337624163,0.15247465547501896,-0.5132870409602918,0.07086173549202406,0.25091052912839507,0.3448602384093625,-0.027205393661642846,0.518829917126731,-0.22752505270600354,0.1592679440396173,0.11982650196500462,0.04041947565543118,-0.4548678047411364,1.298923334975428,-0.5139821195987206,0.40463336196005567,-0.1489501170906561,0.019228828536682275,-0.3597333333333333,-0.3597333333333333,1.4456285976399175,1.839893838696889,1.349,1.0580392156862746,0.22940031888353732
adversarial_block_gan_ensemble_paths,adversarial_block_gan_ensemble_paths_118,-0.7887310270635431,-0.389700706190819,-0.9252632040644516,-0.09749552742733789,0.5692892981320219,-0.45753191883595845,-0.4536444549740934,0.8860251659767304,-0.8874999999999991,-1.1477094240837682,0.03137209302325464,-1.3524151898734176,0.5461012048192782,0.08793137100795727,0.11375362743374912,-0.06129448513522515,0.037253314026614574,0.7782692307692307,-0.6122384615384594,-1.1271250000000006,-1.3524151898734174,0.17986666666666667,-0.4637187500000019,-0.16255450000000007,0.0,-0.3372500000000003,0.0,-0.0,-0.6745000000000004,-0.02248333333331276,0.4826475849731733,1.0564597142857084,-0.7545320332699805,-0.0642868341639538,0.3534711394420179,-0.03722317024044055,0.007019927245246652,-0.12647338672206235,-2.206257423718863,-0.06014553747994966,0.7412102927221821,-0.024182708378580397,-0.17106242686211642,-0.7137545048686187,-1.1768929703578255,-0.07818851148563581,0.6199144684124318,-0.0879786231975306,-0.14790664195960104,-0.3385135628876253,-0.4905454545454536,1.2969881560661674,-0.8322247524519232,2.38205179035331,-0.3399095763094449,1.075800731470609,-0.09715422779062265,0.0,0.103769230769231,-0.41668158787391546,-0.025170572919157325,0.5795839463073611,-0.9786835271120308,0.8480341007304764,0.7098433392756984,0.061184921185033526,-1.581652096166767,0.5585680430207666,0.1589279846769048,0.020802367141415295,0.44966666666666666,0.0,0.4686897787888665,-1.2553678947245546,-0.36993639081111956,-0.9041978175583602,-0.5933287180050233,0.34238742718452775,1.613356985397287,1.2180101862468606,0.6823337906568984,-0.9963317150076749,-0.14222386996755432,-0.8730372842354217,-0.20819987773022433,0.5567625126521649,3.1768282330575137,0.7563671149852069,0.6965897684737479,-1.2353456957706477,-0.30989033500059493,-0.5216812558825292,-0.6436265651578613,0.4793289172153189,1.946696696723036,1.2181188275154433,0.22373453322854026,0.1337827551381036,0.3428336215814816,0.9233273516867434,-0.09439746509640141,0.5926874666656379,-0.41210015678491674,-0.27618481605701733,2.6575871338080934,0.46586940954788914,4.272916902565724,2.1971723922738002,-0.012786404588199006,-0.07051253113596616,-0.12255347046049068,0.06113511385384031,1.0045558235784753,0.0,0.7358181818181818,0.03234913454309432,0.898387731345106,3.4192160626514383,2.1971723922738113,-0.26317811802037056,1.451555555555555,-0.5393969953896325,0.10316954114738193,0.2876582194925096,0.94693759014564,1.2017152362099672,-0.1478521242342156,-0.2416025954239601,0.04289185786520609,0.2186057093804203,0.1838405773390127,-0.2645920190182189,-1.1109477487471764,-0.38629345404063326,-0.05805554654200662,0.07434961611755485,0.0275702423846228,0.12957255560519645,-0.25462903146881216,0.2954632465743266,-0.07500582933143836,0.14437000430342867,0.1882734530623536,-0.18784220393202375,-0.8836611200988995,-0.1253777099996081,-0.012167949721824488,0.14204226142531384,-0.5658726591760294,-0.6033700225046547,0.9443997829549284,-0.577488713192976,0.8147536712979189,-0.10252993247116556,-0.11129697467007829,-0.3597333333333333,-0.3597333333333333,-0.1929962055933367,-1.0945534553661418,0.6745,0.1058039215686274,0.3942715224629287
adversarial_block_gan_ensemble_paths,adversarial_block_gan_ensemble_paths_119,-0.9199062294205662,-0.15332807052033154,-0.04224141666084918,-0.4896399773043878,-0.6495727465830565,0.9512909256231777,0.778760915485172,0.07341979557326583,-0.7312999999999993,-0.9216989528795783,-0.07320155038760034,-0.3141974683544266,0.28005189990732166,0.09433421748667899,0.24046852969320534,-0.12703447422506567,-1.0216378954513778,-0.15565384615384625,-0.5084692307692263,-0.559124999999995,-0.31419746835443013,0.2698000000000001,-1.2225312500000032,0.21229887499999972,0.23049978641606111,-0.016862499999999083,0.0,-0.0,0.6744999999999995,0.4271833333333543,0.4826475849731733,0.0,-0.31851523529597503,0.17194461267404107,0.3254535434103719,0.14196823023797026,0.005866534357841245,0.007048804277602959,0.13983427031796303,0.17086877956722604,0.26873491955992745,0.5504478858118961,0.05734207424178301,0.15766228739427998,-0.04385515681104459,0.16422541549488823,0.32776026853715673,0.23634470177631406,0.06458040062449535,0.08640051035880228,0.9233796791443826,1.0582828065785883,-1.04738120091252,0.07869272727406178,0.6024997094130573,-0.8447130213347245,0.1065839811088618,0.0,-0.2767179487179483,0.29341994869196447,1.1747419253502682,1.163957878744992,-2.1727464879911293,-1.1133235928444714,-0.9988981472914423,1.4959592195004234,-0.7330964423419672,-0.609556412178468,1.6559491063015468,0.7108987685255145,0.44966666666666666,0.843125,1.3488897754092,0.2187207042587437,0.948483058246219,1.046628033570694,1.0068324843959062,0.9425807867817583,1.3485534444914682,1.36942433803206,1.3115365741021574,0.6171129579694418,0.9425898146057033,0.8620784630236086,0.7616913810300028,1.3173513038720541,1.5828116031605992,0.8999400378151317,1.3107562991898931,0.24718290935990403,0.9476318642270846,1.1691038689010917,0.7672474660978362,1.1415977471464391,1.1398852205735284,1.290968013346893,0.4805549787827033,1.0894335712512961,0.7858479606600756,2.1992897290100384,-0.35210962096103987,-1.9946343695270674,-0.0934218226596175,0.7618380133603794,-1.576947393893811,-1.8563191601653861,-0.6638352815278166,-1.2971652331879822,0.9035025185894934,0.9879985916773667,-0.12451982794209566,-0.607042864476394,-0.16239948239279914,-0.6745,-1.103727272727273,0.22264714176391517,-0.9731280790186072,-0.6040407724874899,-1.2971652331879857,0.4118422856549195,-0.5679999999999981,-0.0010644328436401084,-0.7278135589501039,-0.9299453978642694,-1.4128969883734077,-0.3395328616566744,0.7656804608203259,0.7916417939953757,1.5498577383552017,0.7802725082613104,0.8885521413342552,0.7501484382493335,0.5919534204112998,0.3382168455440482,1.599908219842029,0.43361883403798684,1.0436354796135139,0.49214185343208167,0.0330784483741632,-0.3484263118930468,0.5389711482731898,1.1892854990751653,0.9026595565420031,0.6622619273545499,0.43434545809576036,-0.13762593285126146,0.3224885517750081,0.5785745005108504,1.1115355805243445,1.147365142779748,0.5610659048547659,1.2688345413329214,0.8667498415870161,1.240588478706792,0.7249331591920475,-0.3597333333333333,-0.3597333333333333,1.109744793349519,0.40124083576071706,1.349,2.116078431372549,1.17756336574694
adversarial_block_gan_ensemble_paths,adversarial_block_gan_ensemble_paths_120,0.48617033654282604,-0.2579325964259659,0.5356461999811141,-1.352962278810308,0.85404007950853,-1.3922623942507057,0.45311522563295525,-0.46904991207163416,0.5608999999999996,1.2395261780104714,-1.3699147286821682,0.5191088607594928,-0.8858975100401603,-0.972340105708191,0.6579199302178729,1.0146901858589803,0.13773268608923075,-0.5707307692307693,0.9858076923076906,-0.5946250000000005,0.5191088607594937,0.31476666666666664,-0.421562500000002,0.3809238749999998,0.921999145664246,1.0117500000000001,1.3490000000000002,-0.0,-1.349,-1.349,-0.8229141323792808,-1.5916272857142881,0.17163724667455849,-1.4117606230837387,-1.7865716841739339,-1.3760450597435887,-0.839641259409239,-0.2909180361724324,-0.034221862353878266,-1.0393469943332951,-0.7758637451951078,-1.0003189611385268,-0.5452481653027915,-0.25858342168785,0.05568838909711523,-1.2577105633193062,-1.4095753176577661,-1.2429287183069364,-0.6929793008070334,-0.22036208601712215,-2.9432727272727237,0.2927085677790483,0.3866393794326795,0.6371531020268117,0.4967579119491861,-2.2750791655823455,-1.105350929122445,0.0,2.9747179487179487,-4.040376522703186,0.02447621165105157,0.15622094565830882,0.8680956536203407,1.3848248593883568,-0.06333823113807086,-1.3573885688727814,-0.04427291233459521,-0.8916250626821122,-0.4089277981189285,-0.8529566754716628,-0.44966666666666666,-0.25293750000000004,-0.03796360155092655,-0.2008126513711848,0.015141109749536077,0.5636103876031017,-0.004802309311433629,-0.28986311313707547,-0.7354957540670257,-0.710645230805841,-0.1309680205830263,-0.09467594277644988,-0.018166140760769858,0.0900384806104566,-0.042908981793638085,-0.0659987954544681,-0.8863531801109399,-0.6640893203386892,0.0013127739984923623,-0.3296323252272555,0.01645385998563976,0.560688695841023,0.006294138482604485,-0.28531102402098446,-0.9101784950297382,-0.660324998215874,-0.27208478611444536,0.7773700270393529,0.05326912808936484,0.47727293751986744,2.311780316596469,-1.7722362053034701,-1.3203082266471553,0.9087913995322772,-1.6608428660639023,-2.0841228102488008,-0.5042934144854386,-1.6816893329810974,-0.02408995308424545,0.03321277907854431,0.2343211393530833,0.22596041260893085,-0.49476392543338404,0.0,-0.49054545454545456,-0.13337602658517564,-1.1072661192410904,-0.674658841831719,-1.6816893329811013,0.5466326108371135,-1.988,0.2818121617277423,0.3035261671246399,-0.08295582397704986,-0.6678210658635183,-2.372595683591972,0.2463277757441222,0.07539045418727247,0.08492640357952613,-0.2975593808365188,0.3304835657819744,0.15991299436356515,0.07185818560628275,0.3340766252388549,-0.008449629194136605,-0.20004018902546786,0.8594070649412507,0.09783196128397952,-0.24043499372258945,0.19643433231256596,-0.003711562646269174,0.24971506106240524,0.5570274623661594,0.14120653296797034,0.17933599170883935,0.5797084192811585,-0.004033010580505796,-0.06507592190439711,-1.7178277153558053,1.0954985917134281,-0.2659193905514819,1.1362563281705336,-0.02915287394223857,0.99573793107158,0.0826305910585305,-0.3597333333333333,-0.3597333333333333,0.03401059549497841,-2.9457280498564242,0.0,-0.21160784313725495,-0.4088053470331703
adversarial_block_gan_ensemble_paths,adversarial_block_gan_ensemble_paths_121,-0.2634433589918034,-0.5844118625297624,-1.2284848041314382,-0.7890937122545268,-1.5413502902400658,0.20554052994749705,-1.1296925253049543,0.1427841843356158,0.6318999999999984,1.1759607329842927,-1.171224806201549,1.0382177215189867,-0.6861271547729381,-0.8216437441037879,0.9576424316987899,0.9713633311046087,-1.0884300415479462,-0.5707307692307693,1.4631461538461517,-0.42600000000000093,1.0382177215189872,0.44966666666666666,0.0843124999999998,0.6744999999999993,1.1524989320803074,0.6744999999999998,0.8993333333333334,0.0,-0.6745000000000004,-0.4721499999999792,-0.7239713774597603,-0.6779688571428628,-1.1190222591470729,-0.7277017938519051,-0.0846469854884076,-0.6590778510252351,-0.7907862182001624,-0.8646838094026553,-1.2310453933445882,-0.6745188836075987,-0.03928468516512928,-0.5683220310167548,-0.6224099693592837,-0.977555978413384,-0.8952491212291328,-0.7178757856395195,-0.10715820404608425,-0.6147292085602846,-0.7569621974228031,-0.8512287916351365,0.8656684491978579,0.9034501784070722,-0.3013877894284987,0.21050310143938744,-1.0305851989691677,-0.4231078267882595,-0.7128924245747684,0.0,-0.5188461538461538,0.10161116298529484,1.033758391824264,0.6747209499185967,1.6514390661299652,0.38735701666429523,-0.5107433101334148,-0.46269928379281683,2.558549301362797,-0.9865284831010463,-0.6599886181789819,-0.1296425887666029,0.44966666666666666,1.2646875,1.05708995986185,1.3296384324104402,1.0894923022257965,1.3944245229937,1.1463555803796928,0.7891409366731488,0.6294767279003255,0.3007987697304467,0.9888708824293465,0.985646322328951,1.0048834591331801,0.9030842055695649,1.1600393720768576,0.997206634327724,0.22420481549683574,0.3127536861031384,1.1269073386007473,1.2250577809245804,1.054028211124099,1.484541659508451,1.0917744493671357,0.9227584351357692,0.6584073405569241,0.38349561243421093,0.21835049917669833,-0.8011727057246738,-0.9493008274448889,-0.8694152108180898,0.026168157785060552,1.3695556762258283,-0.2041845889703739,-1.1658134129702518,1.0420067173749836,0.5456718043654748,1.0222745551739643,0.9716305245574941,-0.8492082258202744,-0.7194161941874202,0.25198524315165066,0.4789182046778013,-0.26356722536655425,-0.6745,-0.24527272727272728,-0.33123395567267183,1.270414988864233,0.917241479039734,0.9716305245575008,0.47919024739135935,0.5048888888888872,0.16306730683983037,0.533346943917221,0.6789685730025453,0.8356708607084009,0.3764151466701892,-0.47600624510004985,-0.8395749083826596,-0.6503474340847433,-1.4221258376091301,-0.6908080958833556,-0.6856022999417839,-0.9592504803621139,-0.723167154258458,-0.8008738387606398,-0.3811838587406351,-0.124232574613272,-0.48161863833420177,0.04389006723356922,-0.725740780158964,-0.4361104530742402,-0.4498145958581268,-0.9005398077709222,-0.6109044340735387,0.0805776083061011,-0.585580556969692,-0.28151823524491315,-0.4451267402404107,0.8690187265917604,-0.142517745864418,1.0011563715243996,-0.8224379371208694,-0.7585149877504573,-0.9396421628443374,-0.5797893552432654,-0.3597333333333333,-0.3597333333333333,1.1159505251399326,-0.30052508998383487,0.0,0.7406274509803922,0.080007625822502
adversarial_block_gan_ensemble_paths,adversarial_block_gan_ensemble_paths_122,-0.6473322704535177,-1.148078223387356,-1.017987501281382,-1.929528571401814,-1.861408789058519,0.5071805201462312,-1.1262540133574725,1.062439085860009,-0.8235999999999991,-0.5049921465968581,-0.8261317829457353,-0.5008945147679328,-1.1880096385542174,-0.9168412412271303,0.9117150389595164,1.020728152811348,-1.314302268994016,-0.7782692307692307,0.238669230769231,-1.4377500000000003,-0.5008945147679323,0.44966666666666666,-0.29509375000000226,0.6744999999999993,1.1524989320803074,0.6744999999999998,0.44966666666666705,-0.0,-0.6745000000000004,-0.4721499999999792,-1.0642379248658673,-1.7843415714285742,-1.4845314827196086,-0.8376291857967865,-0.1263689128833873,-0.7887405257174841,-0.8919761612499061,-0.9839977584897801,-0.5882754719947894,-0.7559750702269876,-0.07254316144115806,-0.7052542723875451,-0.6082556612134574,-0.8857082166659069,-0.9335074792126313,-0.827850010765923,-0.11919071628378687,-0.7003070583427164,-0.8373329480545657,-0.9209096116651658,1.4139251336898382,0.5742003812552419,-0.638652302215553,-1.2768236244590616,-0.49463566656247565,-2.6557536665869805,-0.7971314488188386,0.0,-1.072282051282051,-0.2033385397957828,1.1367830069596006,0.9886968167768015,-2.2758284817231593,-0.41398424566029735,0.36346013679525546,-0.05160830431657894,2.317301712220795,-1.558833916699455,0.17954252818041905,-0.10490360046701563,0.0,1.349,1.2392585168159642,1.3540964638278072,1.1510735897401625,1.3509838944984751,1.2442822506222637,0.8453157537572176,0.5971074566475904,0.49237990330251746,0.9761518175587753,1.4590214733053317,1.1393323997451097,1.532126322885764,1.1930535093482022,1.0385123111541381,-0.6628102471106708,-0.23308691804385578,1.1289130652968744,1.4793260590022663,1.1702085304944378,1.4822127231493802,1.1587199829420045,0.9024693795061185,0.24141744652011962,0.32913362073623986,0.2817582391697362,-0.9153251463596009,-0.9686921455449263,-0.43253620910428425,-0.19357818612290514,1.1941211133998286,0.14844454184355038,0.27246098747597747,0.6144886310804112,0.5131022823626149,0.23808228400452547,0.6232046946804246,-0.8845981252368874,-0.7147959596839878,0.2798265549699603,0.45481592920016367,-0.2867217575484742,-0.6745,-0.6131818181818183,-0.32681597148753483,1.2921592686183359,0.3136595030942842,0.6232046946804283,0.47316349030002897,0.22088888888888816,0.16467018469245168,0.5767648716851338,0.5706463930068106,0.8145057724803254,-0.050530699291670506,-0.44978985732830956,-0.7166872452825508,-0.6448303244645694,-1.446157795025451,-0.45962753581519505,-0.6782391783493018,-1.018164512240908,-0.6615053368171753,-0.7998665489160539,-0.3539367545767206,-0.240704266854054,-0.41303767232535227,0.12811059310297926,-0.6087288497300846,-0.43008167547969306,-0.5034568688255936,-0.6329090862938772,-0.5837184100059084,0.0666502629759646,-0.4535695258087483,-0.2733658716380525,-0.41788272666364273,0.889228464419476,-0.0939707775320772,1.0929718419310777,-0.8835263698540816,-0.7097407780758924,-0.829763059099651,-0.5711898523010948,-0.3597333333333333,-0.3597333333333333,1.232708772785172,-0.1847223353970703,0.0,0.9522352941176472,0.3438086014809304
adversarial_block_gan_ensemble_paths,adversarial_block_gan_ensemble_paths_123,0.2313029054092013,-0.375642488068506,0.3353453249051501,-1.2198584499848817,0.6803587631829073,-0.7446669527614338,0.04783777881904231,-0.34442168991293515,0.08520000000000029,0.7875052356020948,-1.4012868217054242,0.7558953586497887,-0.7281349397590359,-0.921990620405785,0.6869007318877833,0.951266770178524,0.22167263983596566,-0.5707307692307693,1.0584461538461525,-0.6212500000000007,0.7558953586497892,0.31476666666666664,-0.7166562500000013,0.33724999999999966,0.921999145664246,1.0117500000000001,1.3490000000000002,0.0,-1.349,-1.349,-0.4826475849731733,-1.5417142857142854,-0.1744573877626087,-1.3392078244352357,-1.7940545249902966,-1.2127428813284558,-0.8225090689554947,-0.3125010460452781,-0.2902098486813818,-1.0169431352375373,-0.7319483799781694,-1.0621985544737689,-0.5484038773612777,-0.37166151986837503,-0.15749219875767662,-1.2099478475138232,-1.3627429036213337,-1.241309111369831,-0.6919258437763826,-0.27676200001840273,-2.3950160427807474,0.3275681574933179,0.10384997856358197,0.14831143079960943,0.3335345061719379,-1.71234629570383,-1.0655062879542416,0.0,3.0093076923076922,-3.2333100279930735,-0.04351984747766507,0.27964413657982407,2.454153202811833,2.448055215221892,-0.9910060424572659,-1.5136591299426896,1.4289309129718488,-1.6177149370677604,1.0388565101735456,-0.9306133892428288,-0.44966666666666666,-0.3372500000000001,0.004819250570343241,-0.1916868134274798,-0.06816826372017541,0.4396142703344338,-0.07239536323598908,-0.3601905836668575,-0.726602413999254,-0.6373327144153169,-0.11902496918200454,-0.13519835543017605,-0.06343703416672762,0.06664753985279459,-0.07513604989088032,-0.2077207632107867,-1.1427834129774006,-0.4490993927969208,-0.07226801687013062,-0.3809421694726492,-0.06726842949245614,0.4925696501155752,-0.1275114437122326,-0.310526935672146,-0.8792666477113474,-0.66269306192928,0.006651249193244904,1.1344137111744055,0.39280402095064304,2.0604740956520846,2.4301274406777478,-2.219087389140675,-1.3077807892478739,1.7403199043316584,-1.3357556511538597,-1.3877586550477623,-0.8587013165308764,-1.7128784224115177,0.4893442515114638,0.6055537386443212,0.1631482136944326,-0.0492288603826627,-0.37723356931119917,-0.6745,-0.24527272727272728,-0.12678858188626918,-0.5937288909523475,-0.5305197079664251,-1.7128784224115208,0.5324095493455638,-2.0826666666666664,0.16041043225767124,-0.045142260662183006,-0.4881646190288565,-1.1887362532440982,-2.3229911526640294,0.2956428299175507,0.508978525428414,1.021353162809989,-0.04944987067597983,0.5216563293202964,0.3941969649564183,0.061900148036173844,0.39752438348685637,0.526177630096754,0.015739815952531773,0.8693403373604517,0.09941764808207364,-0.4337717490368032,0.012427164048692513,0.010560273268381106,0.46870022317844295,0.7398507276637141,0.27202989507194153,0.014132367662123524,0.4340992820056347,0.12686947442272345,0.1652391700420561,-1.7380374531835208,1.3868641887929598,-0.20933711738028632,1.4499938576956566,0.14202898007010356,2.7991374558589177,0.3757650022029907,-0.3597333333333333,-0.3597333333333333,-0.06174245633551402,-2.879943125773771,0.0,-0.3174117647058824,-0.3174593217636897
adversarial_block_gan_ensemble_paths,adversarial_block_gan_ensemble_paths_124,-0.793967039698045,-1.0811039504447124,-0.26377353730018505,-1.0193092458699293,-0.7203825467483657,0.10083663325032352,0.46363849448446176,-1.333683644705863,-0.7170999999999993,-1.3666570680628245,0.6065271317829417,-1.0928607594936695,0.31205783132530146,0.12496608284468741,-0.05015907981330694,-0.14766819342844667,-0.9874224622169936,-0.15565384615384625,-1.182969230769226,-0.8875000000000018,-1.0928607594936706,0.2698000000000001,-1.686250000000002,0.0,0.13599487398547605,-0.3372500000000003,-0.44966666666666644,-3.703392248687959,0.06745000000009178,0.4271833333333543,0.6250286225402398,0.0,-1.0413472709894387,0.3084576966059594,0.4962940977398602,0.4189761051009022,-0.012309313040506469,-0.14948769687992056,-1.3710078377097956,0.43244086509512325,1.1769232108892758,0.6056859953088121,-0.01413203665621095,-0.7641226195515165,-1.1308240123680728,0.33090564836179337,0.767789387390667,0.41686163819472694,-0.032040974857366164,-0.3861994267302655,0.3751229946524063,1.1171905306054246,-0.7028972960401667,-0.9857317324383479,0.2608797326656762,-1.4369494663522413,0.19397957984501593,0.0,-0.03458974358974347,-0.5836381091183266,1.0699004162471122,0.13767087323703758,-0.3657832933839105,-0.6916385071844692,-0.3748692465802941,0.8325247738540564,0.6861393382153121,0.09697973918351235,-1.3958356765554973,0.5885744723805204,0.44966666666666666,0.9274375,1.0869608821407253,0.5695564962890738,0.9804461518562178,1.5284301217854872,0.940188548276485,0.9026543439258143,0.7324832503612707,1.068866022807173,1.2636053707014259,0.8453926230396492,1.0420971720551562,1.0351637318511813,1.0378627668616383,1.2257602116455306,0.4916128585408506,0.7247573510143887,1.0735532054008046,0.920438637548993,1.0156188415189054,1.5589515580754512,0.9127793612774159,1.0885455663259334,0.5704417163818174,0.8933693379374386,-0.35356032454921005,0.5994286270541813,0.011154932134317206,0.58522481069646,-0.2385078466157812,-0.9504444693052114,0.14659151519156435,-1.0325387504385588,-1.4103779613924128,-1.9880021539142128,-0.1539250114537661,-1.54315260989835,0.8431239731606679,1.2279936907795739,-0.2411856573661132,-0.7458244690767392,-0.36617894688503094,-0.6745,-1.103727272727273,0.2136295325534043,-1.4018454156339677,-1.077461183782067,-1.5431526098983526,-0.00169137276788801,-1.4199999999999997,-0.19321080060512008,-0.6828803077972544,-1.3651015450250579,-2.0875880352937832,-1.1879062870245747,1.6815604374293485,1.547360023761159,1.5475855436076686,0.5322614671993393,0.3027292230712216,1.4364177945789276,1.3354686854370286,1.8562651707511808,0.9943551900866471,0.23442426707424244,0.6591808277635226,1.1594005711455917,0.46517860750482365,2.56288756642933,0.3952759793408682,0.4713796205806706,0.4173568353921532,1.3475966905449372,1.2995395727741366,2.1961753799755357,0.2776545984004207,0.28523021612341515,0.788179775280898,0.8896399431124751,-0.21003582405655366,0.38487822546268263,0.1269544106814821,0.19138055586025718,1.0411274132665786,-0.3597333333333333,-0.3597333333333333,1.0335622885234446,0.08028158143203794,1.349,1.7986666666666666,0.6300573163303365
adversarial_block_gan_ensemble_paths,adversarial_block_gan_ensemble_paths_125,-1.0700527938773243,-0.6512243245870788,-1.8725395709083668,-0.817824995932916,-0.05463045314473531,0.3687682442911328,-0.7446535040462869,0.5544035996445614,0.2484999999999993,0.2931073298429319,-0.4287519379844952,-0.004553586497891337,0.5688554216867476,0.35874452337196727,-0.012539769953327187,0.10343994887461615,0.18784255577053274,1.2971153846153842,0.30093076923076945,0.20412499999999967,-0.004553586497890121,0.17986666666666667,-0.04215625000000285,0.08734774999999978,-0.09450491243058506,0.0,0.0,0.0,0.0,0.4271833333333543,0.38370483005365347,1.7274908571428462,-1.4697818680366934,0.19651134897578929,0.7194282499474955,0.22395862700670055,0.11132097412260773,-0.055439279556452344,-2.7199426204757917,0.28784589413002953,1.0582942429808733,0.31080849678962985,0.009154472448778992,-0.7163676658184961,-1.2445427341218067,0.18336010622617907,0.7643328158020886,0.08416164163179744,0.064601891277225,-0.21401209968305857,-0.17313368983957197,1.6792929486313866,-0.7847759725684565,-0.8787138197244768,-1.2031183325795651,-0.893660178496912,0.1125761902097687,0.0,0.06917948717948753,0.8639284472026875,-0.6310433435458859,0.7097440879328695,0.5834178770347835,0.9955527361111776,0.08765905730314989,0.30498264894210014,0.987939904691392,0.6143632288256053,-0.02985292633010492,-1.6081979530936708,-0.44966666666666666,-0.5058750000000001,-0.4903590290653708,-1.2868199601234838,-0.6752248206940098,-1.0060033629856373,-0.6897832740667529,-0.7872490175031591,-0.2797119870886779,-0.7971843867989187,-0.826737708927644,-0.8254068713084887,-0.7332098880764701,-0.9245797109160483,-0.8095941687233938,-0.5845263754234349,-0.2697291445787512,-0.832055542394897,-0.7257223683209884,-1.0274276822961104,-0.6483719272810194,-0.7108136647134193,-0.6594737398168258,-0.6690875366585065,-0.22152707979814049,-1.2511998285749961,-1.2482507979778021,-0.7101906430191791,-1.2928701493850094,-0.4132864662067482,0.4539338557338306,0.05461005024958423,-0.1602919199499596,0.25007395288135464,0.4653263264672412,0.4681889780682394,0.011968175546662924,0.48344470254526933,-1.46584639752873,-1.3259703261209657,0.5373921817727474,1.0159117255899697,-0.4404238362874601,2.0235,1.2263636363636365,-0.8606256520957339,1.5167753345762578,0.1396225922629458,0.4834447025452732,0.6865254445949357,0.4733333333333318,0.43792005196125494,1.1249252935680913,1.552884383741472,1.6521130299218647,-0.19362900497192767,-1.3775800287681548,-1.6969929624614468,-1.3132691670761611,-1.8630666946590269,-1.9018405970588423,-1.3543671391963443,-1.120272808731462,-1.2572100336996566,-1.5225315488552944,-0.7227108580736302,-1.1121824603573345,-1.071531985727958,-0.8747163583156402,-1.3712692814460066,-0.8398559718113168,-0.7786751562184391,-1.482238193988425,-1.312867302015758,-0.8868215381454413,-1.3861555648251358,-0.5820560634363349,-0.6865227271047807,-0.3435655430711608,-0.1050148875858934,-1.4605116466706602,-0.927998485142222,-1.4219042119547667,-0.5740704350678215,-1.1345851140769065,-0.3597333333333333,-0.3597333333333333,-0.5975701460215946,1.7155276143142568,0.0,-0.3174117647058824,-0.5192327211070888
adversarial_block_gan_ensemble_paths,adversarial_block_gan_ensemble_paths_126,-0.6684779956390202,0.14117959543815625,-0.7421022190466878,-0.9945718404299723,0.5078645913249855,-0.04968921747241862,-0.8019125752709254,-0.15923227449337218,-0.922999999999999,-1.5926675392670147,0.6378992248062001,-1.115628691983123,0.7395120481927716,0.3081564547658641,0.17634051496865594,-0.16215239989607935,0.3547751450277732,0.7782692307692307,-1.214099999999998,-1.0472500000000007,-1.115628691983122,0.17986666666666667,-0.33725000000000216,-0.16255450000000007,0.0,-0.3372500000000003,0.0,0.0,-0.6745000000000004,-0.02248333333331276,0.6250286225402398,1.1562857142857141,-0.8981554964848977,0.03374451293390534,0.28402280459948376,0.01856599461033544,0.04367872179784356,0.0515398961753182,-1.7035188457752257,0.01968572525837201,0.7470049081366087,0.21565410652637385,-0.1588185071518866,-0.6297606193134038,-1.225068257347859,0.04171665095889604,0.625187515944078,0.005142074897063304,-0.21202137911229949,-0.19231415338385194,-0.4039786096256686,1.7569764945093524,-0.8307711203815081,2.032830994930326,-0.5718356278558833,0.1131898318500295,0.006114255798143511,0.0,0.06917948717948753,-0.1078765674053928,-0.1855562487119499,0.26053799216460705,-0.3993244270297863,1.0777072678190593,0.29000018575541103,-0.42368690892446226,-0.8814105300831038,0.5044423215787465,2.385979873045747,-0.03782480991318218,0.44966666666666666,0.0,0.24369241160659846,-0.9745291437930382,-0.48183518828040706,-0.9456614355316316,-0.6505242009440874,0.28131914722574514,1.2692437699793429,1.054802859482686,0.4239258726947133,-1.0455849262415524,-0.2560913402204387,-0.8837429749903576,-0.6809644421524462,0.4667990803852551,2.7592928469672313,0.7833375998878765,0.3762600716374786,-1.3061051344348218,-0.42755438767850473,-0.5387903005917749,-0.7325191829969244,0.35323076885822396,1.6702422647158193,1.1968313474940497,0.16429145229807504,-0.11388556614624987,0.14355662978527498,-0.9162403360881253,0.12479675766830903,0.43261780848841414,-0.26796158394511577,-0.21195222683637863,2.178413357532824,0.5082317226468845,3.282329061680758,1.7665829324201232,-0.07251993663878091,-0.2624667475990399,-0.1210483131464644,0.13391591353788895,1.2196336093726285,0.0,1.103727272727273,0.025937763284181257,0.9025497527048013,2.6567742631967515,1.7665829324201276,-0.26136796453282723,1.3568888888888888,-0.5374628532885953,0.01183744118677992,0.4653241446388267,1.0650772348100164,1.0415809756096988,-0.4735635307515649,-0.5038566424479146,-0.48070342989622056,0.20366492350739918,0.009407682602932888,-0.36588253349027405,-1.0676929216590236,-0.46750451683929334,-0.07686917805068492,0.005344038047343971,-0.33985429735343586,-0.02792590856380653,-0.23933652042526105,0.05868866867593088,-0.1866746479064607,0.025986295875098247,-0.06889326293700829,-0.2996112993407629,-0.7389298777884531,-0.2971933159107915,-0.0360822551247916,0.05772180416075698,-0.970067415730337,-0.748850880139711,0.9634527567454799,-0.6488995224931967,0.8210560704312931,-0.987199612531701,-0.20871756187437404,-0.3597333333333333,-0.3597333333333333,-0.37504882530178346,-0.9832078497397941,0.6745,0.0,0.3960974080775249
adversarial_block_gan_ensemble_paths,adversarial_block_gan_ensemble_paths_127,-0.4615392306589829,-0.5483945389721157,-0.9899911748769936,-1.7487348375540033,-1.4435035446100364,-1.3165323575554146,-0.7030855803672268,-0.3530301806749966,-0.05679999999999998,1.0347041884816757,-1.9764418604651135,0.3870548523206743,-0.9101686746987951,-0.8519590635760752,0.9884289257328088,1.0175131314471002,-1.1444695803093012,-0.5707307692307693,1.4838999999999982,-1.109375000000001,0.3870548523206752,0.44966666666666666,-0.5480312500000017,0.7181738749999994,1.1524989320803074,0.6744999999999998,0.8993333333333334,0.0,-0.6745000000000004,-0.4721499999999792,-0.8229141323792808,-1.1632234285714396,-1.2249597007959618,-0.8351835759664392,-0.10910317559368608,-0.8025087297247072,-0.8470303919299521,-0.935421758624474,-1.0611434918031126,-0.7085677511768481,-0.028990493497493084,-0.6262330371168108,-0.6217654730528244,-0.9727324235368656,-1.130159406324337,-0.7982098603522387,-0.10864277593404581,-0.6704783936281105,-0.7769195615710343,-0.9228781259805604,1.2985026737967889,0.8790491658630328,-0.45295446930497296,-0.4885928955507724,-0.5269497589919669,-1.1119264160910682,-0.8036910734757304,0.0,-0.17294871794871794,0.05977036010089419,1.1480954141161956,0.45849408954696286,-2.651292231627495,0.159183875036218,-0.9727530006552703,-0.17020362085330948,0.31155380957036827,-1.1918551384608824,-1.0463037099728432,-0.04530878835621942,0.44966666666666666,1.2646875,1.0894873123191748,1.4642287978646513,1.2148145684375384,1.489509428778902,1.3037506421515692,0.791923067260743,0.4525497961619149,0.31606040390993456,0.9901453444484138,1.3943890671930836,1.075392249945357,1.1984977116991533,1.1612819208115384,1.0256156906121656,-0.23156948831002744,0.03464812205690229,1.0716424508747362,1.3749505790045418,1.172927928228773,1.5247163220729958,1.1757891782726801,0.9226222914407899,0.3289132416280732,0.20013332659883307,0.27835222785737024,-0.6155459336189768,-0.9996658055446199,-0.43847884977267365,-0.3448407401383558,0.6401121954868361,-0.2282605962786426,-0.612867026078022,0.590632324183204,0.47177514274902616,0.25025270192100774,0.6158448928758877,-0.8895496266546412,-0.7628333083887053,0.24919227780570494,0.43572265300920027,-0.24858005900115254,-0.6745,-0.49054545454545456,-0.3340775686805726,1.283627307061015,0.32302690591649985,0.615844892875889,0.4705303489556204,0.15777777777777724,0.1591507820958944,0.42150683679615564,0.574969198477305,0.8733179223383521,-0.04411522141337452,-0.59285815713711,-0.9084822891212142,-0.6634389619466656,-1.4470241633766825,-0.5908469083556135,-0.6974877631674872,-0.9475255530756231,-0.6848699994932064,-0.7856980238747758,-0.37191092131265163,-0.17004645331599602,-0.43379869129401044,-0.023057890730870764,-0.6234856461958034,-0.43155075445449376,-0.4800510980366024,-0.5511921393466304,-0.619500309556242,-0.7194202488937689,-0.43728626179647617,-0.2703700709989125,-0.40437760411553764,1.2934232209737822,-0.2276207934711983,1.0326939328247808,-0.5426477388267907,-0.761036476829816,-0.6388404902836535,-0.5890946605280849,-0.3597333333333333,-0.3597333333333333,1.2543724269862926,-0.1892247453786925,0.0,0.9522352941176472,-0.04447411296803883
hashimoto,hashimoto_0000,-0.4329244209597707,0.4896958312920993,-1.1703460627165585,0.5540074566583961,-1.2231399171970052,0.08318621547812806,0.5635297823601542,-1.80135877914379,-0.7270556693258289,0.001942425820408909,-1.4345122519659335,0.2181355956573914,-1.3032268722113072,-1.2992575707690759,0.35227886070525444,0.6149321901492436,0.6675437448725956,-1.151203705153846,0.8946777873165459,-0.6494478980500382,0.2181355956573919,0.058721970000000186,3.414656250000001,-0.007475948399125034,0.8380202802750963,0.9826404517375003,1.2046256987033335,0.5059461277456447,-1.7475300989349953,-1.2574344665999797,-1.3699409758622931,-1.763484865892577,-0.18014937675082376,-1.4309732079797157,-2.1133433742583145,-1.0846908414526764,-1.0164856477338884,-0.31606028449322465,0.2671358224149042,-1.1979809072864824,-1.6415365202385508,-0.8417167255811331,-0.7361496599583415,0.3569029710489114,0.10494529088999066,-1.3453714532844399,-1.8884409908255053,-0.9485957036666861,-0.9654650467110881,-0.12083039193996427,1.125368983957219,-1.3343739108911363,-0.9899652018651564,-0.9757060711334662,-1.360111050038799,0.9728329452024275,-1.1721205944285815,-1.0,-3.770282051282051,-0.7375673435393922,-0.20892152885773868,0.6690002366577502,0.9712021174681242,0.3228877357622356,-1.4762648247557013,0.5165925372741197,0.5114096203475241,0.022118893606040243,2.136981286676195,-1.0560827265187787,-0.44966666666666666,-0.4215625000000001,-0.25425196912388237,-0.29339343085189484,-0.1892428162612229,-0.4050738202476324,-0.10405567846647634,-0.4566950904140087,-0.3921216635189105,-1.194815325917154,-0.2856736402395053,-0.16067487716160483,-0.2707722118280238,-0.22853261033737898,-0.29656741247351265,-0.3469666117432516,-0.9091644180697518,-1.3246629098932403,-0.30146620562649157,-0.4186045885839046,-0.2129127740618453,0.020834881220990833,-0.172067620164386,-0.5042349898891835,-0.6681021880368361,-1.3619976718918476,-1.6126217091335198,-0.36290806937221287,-1.910373477860932,0.25264818472025485,-0.25224431033394246,-0.10799925634376376,0.034252971455397824,-0.003242950062814834,-0.816527256029078,-0.12811786552752275,-1.6334336330282624,-0.6036573061671532,-1.1813995685945635,-1.2338427922062873,0.6719417817301795,1.1348872182466865,-0.4216721261189524,1.349,0.12263636363636364,-0.4919488927278782,1.2685926938949714,-1.126820487267591,-0.6036573061671546,0.8861804512929508,-0.1893333333333327,0.514960241606767,1.3430900644844705,1.3271997040928873,1.3418465983738792,-0.2903572724983721,-1.8041956998331858,-1.7732456479315517,-1.2392659376984483,-1.2889335412663312,-4.481134308971685,-1.3150208632266487,-0.33646536066164107,-1.2667772131277686,-1.629639222462573,-0.8322898561461701,-1.9670006716232384,-1.1154107265900544,-0.946102358362573,-1.3302220849188078,-0.8686643903502455,-0.8449593128788235,-4.162752470148389,-1.3088056907690453,-0.3837755771066819,-1.2998928755662091,-0.6241040962131948,-0.7920197927380447,0.0,0.8385446427119071,-1.9439882521634582,-0.5124585230880566,-2.0310926456304172,-0.3063697296194079,-1.1248849289265646,-0.3597333333333333,-0.3597333333333333,-0.10842813946052007,1.0947736681356437,0.0,-0.21160784313725495,-1.1918352899902083
makieda,makieda_0000,-0.6933088337961998,-0.8123754185520866,-1.3222542805895257,-1.0877308149576534,-1.415971010800411,-0.15072463530532573,0.11424725260758266,0.3545029613072345,-0.31303728701760897,-0.21151838291399777,-0.508663359664899,0.08380155758264884,0.6239699830062143,0.45393681901805283,0.12128011419223583,-0.4302834971281972,-1.2035302885609258,0.4934791630181367,-0.07635712771713751,-0.24140019819127792,0.08380155758264812,0.28160813785331174,2.1921250000000008,0.36918164077806614,-0.11896120700070884,-0.5349959161354031,-0.5694106698180492,-1.73408895283775,0.738708222506308,0.5363114437594138,0.5931271637161651,0.22429285666529583,-0.9336052704776479,0.6378698589655719,1.5061927163115505,0.635583857791327,0.133525700348464,-0.17807010393892928,-2.0453451576084243,0.538025372009369,1.4032929875304172,0.5601168671069678,0.14569766251929914,-0.8821818976702052,-1.1565606573398193,0.6286521224921662,1.7076629705258515,0.6487526374314114,0.16813523195669872,-0.44148585627103537,1.2696470588235265,0.818446285790749,-0.8015914586025273,-0.4834438508865682,-0.3257549279249759,-0.2381696913376269,0.4419972367503946,-1.0,-3.770282051282051,-2.0561848514579832,0.3143320544461698,0.021667389066482187,-1.3147354190472753,1.0880819044702754,-0.8070170833376517,0.9116208492512087,0.12971923125006254,0.39915785993562,1.1448334706028496,0.23813538012219898,0.0,0.0,0.3947030893191139,-0.15373994848223754,0.151700611559145,0.5961118718709764,0.14602962181544563,-0.08530368948138724,-0.38657001590806267,0.7190870155897422,0.5072818537133674,0.0025472032069810534,0.2569735588856853,0.26530852224173684,0.25905471236661237,0.3455171986483813,0.11062790336539279,0.8445722692214908,0.4951125892270158,-0.13464447126114795,0.15683532566679648,0.7346325576198438,0.051430883192639325,0.11704571589689572,-0.32790890437476894,1.0878306522090166,0.6604530072276364,1.1432708860950265,0.28719177704617377,0.2987184419984396,0.1972478158665811,-0.5178648051032803,0.7291639457094412,-0.03713489046261952,0.44191620690004196,0.4857229183716532,-0.05831841552281117,0.309143627443918,0.8382167612384162,0.28509191548283697,-0.35076577804270714,-0.48952206102388096,0.7679476436789551,-0.6745,-0.49054545454545456,0.5545123811231891,0.6497699055274555,0.08552397247303387,0.3091436274439221,-0.23363079421456576,0.6626666666666688,-0.16758975912806104,-0.9538626006998399,-0.33321666766701674,-0.1361380824187806,0.517533429257801,-0.11412123747504532,-0.3731224381461909,0.6551145582462674,1.0147992405034427,0.5101125729487791,0.21613808949031862,-0.16345153365934575,0.00584763946431006,1.4948577367034477,0.3457740258463795,-0.15884899700523825,0.3542349245617085,0.20356299953950002,0.5937211204201454,0.15955804042840885,0.3065342355046622,0.33522197497695866,0.28247226412583964,0.13137542829904383,0.1021903337862438,0.297450732064105,0.42721416862788547,-0.6871310861423215,0.39991355865944483,0.2586437432512052,0.9769514594560508,-0.07383602996117457,-0.45589440215291455,0.3310234260923907,-0.3597333333333333,-0.3597333333333333,0.17896371566568262,-1.6504297370992003,0.6745,0.21160784313725486,0.33238602467921036
setsu1,setsu1_0000,0.116033861065511,1.7206068479143326,-0.6604652959247422,0.3335693531658949,-1.1358588327791561,-3.7859818592499894,-0.8550086797824101,0.4042669656884375,2.144798174311297,0.10209381852005268,2.647063827766019,0.9428454834161943,3.6664779807228918,3.0629992298279203,-1.9703360447234948,-2.47747587565162,1.5517197806910743,3.3824323756923063,-0.3298830582675898,2.814521274880375,0.9428454834161946,-0.6721004887333333,2.7823125000000024,-2.143935874790374,-2.428216808044427,-1.5493837481875008,-0.9531389177999994,-0.16298999625700575,0.9441895843500008,2.2508679919166847,3.565988295924937,5.527623115578263,0.7334877966085089,1.6994211184393455,0.5571886038898517,1.064000546352225,2.047949059221468,3.073083113450532,0.2716147879639408,1.6961332196851293,1.2088456726791066,1.2549225813073017,2.376141179759411,2.958492501862728,0.3449359109045109,1.6777304726045585,0.8671543650396587,0.8131870990732647,2.6926941025401754,3.1234564557781783,-0.028855614973262333,1.88478373710563,-0.19186544093588606,1.5354034418957196,-0.5312073808924008,5.117898651443003,1.7866001619030834,-1.0,-3.770282051282051,-1.5341524617465137,0.09195381430550313,0.45300066347768053,3.8488399037302234,-0.6823409125287654,1.3586553698012591,0.6932256151612405,3.474229977992243,-0.07629964548087227,1.3760519165931628,-0.34888566829877965,-0.44966666666666666,-0.4215625000000001,0.38548742285697846,-0.3379444044035012,0.1864244303998027,0.1304463368368353,0.1077304469823259,0.4098885969722686,0.6357262801719044,0.38956485805470453,0.06613452673832464,0.17176918403451796,0.21647677317784694,-0.025377719211536275,0.022493410340494572,0.7321617312376623,1.4783400349247502,-0.4641035827575343,0.27956769089407746,-0.12250920956687442,0.20222138625694944,0.5054094382643782,0.05601841135646806,0.6488830991411103,0.7141337993696638,0.056958036577056496,-0.46865299396214766,-0.21425111275748376,-1.7618548519781905,-0.7262426122905066,-0.1426840324673198,-0.058639021891847005,-0.7934687383448282,0.24396804249618606,-1.5925274372425995,-0.8387134493694234,-2.1346133525620687,-1.587226059886792,-0.14157491457353838,0.2834118800983323,-0.11846356860348754,-0.38193456282640453,-0.4660868561350994,-0.6745,0.36790909090909113,-0.2733767745753301,0.26345822718485956,-2.0717337721176974,-1.5872260598867953,0.31974697839178184,-1.6724444444444455,-0.05890472464062177,-0.2817440168958452,-0.8414148454916354,-0.9717988519496682,-1.60685374558715,0.7815363345828724,0.7157590118487641,0.30285485805935836,-0.4937340379397275,-1.1439565699311203,0.7519386164137651,0.7753998282089861,1.5662732473069498,-0.07778810957854959,-0.26089522245214314,-0.4743302449686581,0.45144035002900773,1.0639428101356698,1.2865993400155087,-0.14946528368628534,-0.37621727223048207,-0.7397024137474427,0.655108423257585,1.497807692923592,1.3823022270356042,-0.15030509249500104,-0.2918341852048063,-0.7073408239700371,0.31335264580842825,-0.6136432154815634,-0.16504744001339366,-1.7113335891072115,-0.15648381104213185,0.4005296694751113,-0.3597333333333333,-0.3597333333333333,0.2149178273123784,-1.9101676323213812,0.0,-0.21160784313725495,-0.2742032029187729
setsu2,setsu2_0000,-0.6055859289195819,-0.9396879494655594,-2.6854423540767858,-0.3399244468141609,-0.4250110384639078,1.4589794056872638,0.48936431488916793,0.3352361833900912,-0.4606445902789595,1.2227374796851544,-2.849657602890437,0.41768726410319146,-2.5067097554210944,-2.9932950590833247,2.209412321525618,2.8062405614033517,7.564532302753335,-1.629382801230769,2.7214988842221173,-1.8504594129793888,0.417687264103192,0.9293647533466667,4.257781250000005,2.594110932870399,2.7319726623395133,2.5456633908937505,2.7414643977833335,0.22175621698512754,-4.1021449548549995,-3.3870760304366465,-2.9426031043388807,-3.131117908735715,-2.14471338030937,-3.33006413182135,-3.284427076200166,-3.2312755772108246,-2.210187814384818,-1.7358405913189117,-3.216093897833534,-2.952579080360103,-2.4545814921576388,-2.7991018621773853,-2.072681151229839,-1.4480139613752137,-2.9960734657640087,-3.1402513979138935,-2.973268202589579,-2.9402963934874697,-2.3005002058866233,-1.609004190929958,0.4616898395721913,3.068093043824286,-0.9249221265899606,-1.1665931286801317,-1.6870416685773453,-1.4386518998788096,-2.825747352165179,-1.0,-3.770282051282051,12.184687488495978,2.509278072456715,1.8862487824274186,4.484474433202825,1.1200598374731878,0.3189980764269178,1.1492338794612222,3.3625395727377456,0.6737361215545498,1.4564147063706885,2.7671200950794734,5.396,4.805812500000001,1.8207541075208726,4.1589886803255265,2.6605532553537117,7.929111551101028,2.4218384470923993,1.384322608750274,-3.4062015731020985,-0.301795126013542,2.0544162405314683,3.3384705574097917,2.4334996613926223,3.5108180912218354,2.5528209269753104,1.9840874239304516,-1.8108367921912232,-0.6792113622550634,1.985587514113868,3.8509862062832427,2.566981469541448,5.338778072976156,2.380780520941205,1.6576283786579393,-2.370480022707433,-0.5066754958581724,-1.105348454116785,-0.6224955111696177,-2.6612238307308904,0.20756963725651864,0.2673348305821219,1.9030968729351103,1.1542722106039645,0.23514196193693818,0.21638390422223586,0.1852480856808492,-0.07098120704941549,0.14180758500805696,1.6643311814428519,0.78850539383669,-0.41774762518809344,-0.33029012546860015,3.3119037789773644,-0.6745,-1.103727272727273,1.7300557308759852,0.9124109956004868,0.07577759647366915,0.14180758500805826,-0.12684437973786739,-0.28399999999999903,-0.4281720209194007,-0.784814422324807,0.16832488737647905,0.6829296758132593,-0.4400520105404819,-0.9522458332614824,-0.08773247173841218,1.0168975046705413,2.2825105756226978,-3.509224244180446,0.44526862097144637,0.5158446314585088,0.41167542087999764,0.5582867311873967,0.118918045690443,-7.563967802966981,0.46698470312840373,0.7299323671734935,1.3500274584463554,-0.15407625570895683,-0.33789667996149586,-4.90850146816316,0.6077801887550763,1.0895574773521355,0.9092102206755566,0.011181162321304445,-0.06837513757200359,0.0,2.8813522011688,-1.6047221383251804,-0.9476330878554257,-2.350581226140609,-0.7156570057672822,0.3685354768608387,-0.3597333333333333,-0.3597333333333333,2.7413580157382724,9.264573285843678,8.7685,6.348235294117647,2.9119301317512076
quantgan_5y_1260,quantgan_5y_1260_0000,-0.7091425514777945,-2.1903461265844917,-2.0424078459746657,-1.294170903716999,-1.5022603518688373,-0.605363826213331,-0.5129600497486666,-1.567235300598887,-0.5377858052180073,1.261902598408796,-3.021265110755821,0.39534452290065264,-2.735284794709917,-3.0194986133652284,1.9971574602488005,2.631069054985225,4.201287272360289,-2.015619142,2.6868540826017173,-1.9960999953125111,0.39534452290065386,0.7740350207,4.890125000000004,2.226858095896249,2.6334947804473305,2.48600396706875,2.67868267074,0.5223700909359928,-3.9473407431449994,-3.298245675476646,-3.002643134215449,-3.739446652507372,-3.9893902332946687,-3.229751955702903,-3.179866910572532,-3.1140062974733915,-2.1792708465157613,-1.797135944537512,-5.660542102780643,-2.865652323071377,-2.2681705424484013,-2.741097175233144,-2.038524515269857,-1.5440718984305686,-6.240865447108809,-3.0566170402085033,-2.740163168949137,-2.815723529715089,-2.317838570887586,-1.7302718666064605,0.4905454545454536,-2.673375464445254,-1.0418888012591951,-2.0475767616336285,-1.4959626249252067,-1.8071817263018022,-2.7655112797580905,-1.0,-3.770282051282051,12.184687488495978,2.509278072456715,0.28153897261231114,-0.6872364283040155,-0.23160485574484366,-1.6889862256301038,0.0970509747367485,-0.841308553833238,-0.5692808294136147,-1.9575444168935747,2.7671200950794743,5.396,4.805812500000001,1.8207541075208746,4.1589886803255585,2.660553255353721,7.929111551101066,2.421838447092403,1.384322608750286,-3.4062015731021122,-0.301795126013542,2.054416240531467,3.338470557409809,2.433499661392627,3.510818091221851,2.552820926975315,1.984087423930453,-1.81083679219125,-0.6792113622550634,1.9855875141138688,3.8509862062832743,2.566981469541456,5.338778072976189,2.3807805209412107,1.657628378657942,-2.3704800227074654,-0.5066754958581724,-1.2161442943243523,-1.3263997622685362,-2.19173280743301,-0.7722228823570055,-0.38225702940060075,-0.16937753057652413,0.23151962776681762,-1.7328214969493478,-0.13024992456060278,0.42796684907920324,-1.0877826334338012,0.01943304259269197,0.5278874769700006,0.6417898260264104,-0.9991222764228265,-1.1508702836915061,1.8042484821268876,-0.6745,-1.103727272727273,0.6151290227600753,0.7384832490779408,-0.7068404382157258,0.019433042592696157,-0.9956274920297554,0.1893333333333327,-1.031764741350191,-1.3366551859928977,-0.31576773761496213,0.08180725042089183,0.5106907689515955,0.20835778198039828,0.5898618349563954,0.6692107455529466,0.03134713928894667,-5.9175435447220055,1.1300542927303359,1.4152506220260912,1.4849317069702106,0.7868972966731117,-0.019989483337304933,-13.190909136198735,0.9577337730843829,2.4224958161708137,1.8538713380947427,-0.026641601263092438,-0.6244072344692324,-9.879829736246261,1.1701452771228493,3.2144363519413215,2.1604528701255523,-0.026490329400228226,-0.34426936044570067,0.02020973782771559,-1.9374301258488258,-1.7319683200120246,-1.4786246802615872,-2.191831345548429,-0.9592699054732837,0.7216909066187805,-0.3597333333333333,-0.3597333333333333,2.7413580157382724,9.264573285843678,8.7685,6.348235294117647,2.911930131751207
mcgan_5y_1260,mcgan_5y_1260_0000,0.888393628285926,5.925806486909341,3.296997673644788,3.437585976445477,3.3075292234310485,-13.069629824787008,7.826269400016804,2.3496293670231276,-0.7387304610509993,-30.492226694553814,43.698573729147924,-20.25122070164517,13.116088633825395,14.54863965555947,-12.841860109012128,-17.414414570845956,-0.6292364060989968,9.144075089999998,-43.94353854661604,-0.9643306069749995,-20.25122070164518,-5.2872714993333325,0.5058749999999989,-14.50956696261499,-14.6337260180094,-15.155021798750004,-14.745035360033333,-7.95134295930858,15.156916064550009,15.823580510466687,14.755209975663886,16.534086464547144,1.6263854957743618,14.308171656864717,1.8964370976229517,14.210054735256684,12.92400772151746,18.721827282127993,0.4641937420376373,15.51826435721067,2.793555341448335,16.59867884283765,13.092909427893238,16.127545339609306,0.8852871600384415,13.843929960399223,2.1474842776147756,13.43700556544294,15.10189591290656,19.04151635960375,-2.741283422459891,-0.021948833521011752,0.2408164546939631,7.355111274267395,2.5817886300648207,4.23500303228852,13.603561501437166,-1.0,-3.770282051282051,2.813989789896851,-0.6970246852609684,5.256613383197598,17.69645970727292,-13.442041900269516,-6.141935187315143,-6.507875717032784,10.630947795323603,1.4147079840093892,-2.1226232784520067,-1.666979279074194,-0.44966666666666666,-0.5058750000000001,-0.48878802328478316,-0.7841198518725803,-0.678745613522389,-1.0350536577453648,-0.6680521278613795,-0.7970547004501902,-0.4012016180709247,-0.7732290979618939,-0.6176366605343558,-1.1110406399206736,-0.747511837203766,-1.042016740198549,-0.7402895309965916,-0.6793366412699524,-0.45475706084789214,-0.3430643000962928,-0.5833249448026674,-0.8336321533723396,-0.6578704484749136,-0.6682072907287885,-0.6335420507635364,-0.6835678328925621,-0.24391718292494557,-0.9304580065179386,0.5481892184404566,1.3009060391273495,2.2285669190326307,4.251291550694658,-0.5311464464790137,-1.5887623573686496,3.8280795029848202,4.889507835190041,27.988473317620336,0.4861631426926381,53.44017488728719,22.03690992131884,5.388128077582071,7.630194182627151,-0.835454143961788,-1.9097035161797853,-0.08537263969212162,3.3724999999999996,1.839545454545455,2.2703294071277895,1.5332802984730505,41.262576444133366,22.03690992131894,-0.2558962734679418,4.196888888888888,-0.47241516976633197,-2.590058176243508,-1.7775009646344637,-1.6922635978584348,7.742054655176905,12.388816758907641,11.89887192459763,7.678576434878053,4.53816219895093,1.203110552729598,4.9298304276424,0.025970087660953618,5.923091480309557,5.620144027397426,2.3931345072159265,0.9159127746614775,4.68343969403409,-0.2784401684831736,7.734275874648617,2.6671437754301333,3.0137583755298665,0.9779775258547696,4.71292383857819,0.21938026609744415,7.551355779253706,1.7801329242389867,2.5614876935999953,-0.46482397003745285,2.6257543923582585,-0.23458377444699507,0.7970579549716899,2.206502415502384,4.950482546020217,4.3443321349300765,-0.3597333333333333,-0.3597333333333333,-0.7449738203809496,0.38472845558960184,0.0,-0.3174117647058824,-0.36220247590993054
