sp500,DGS10
0.010734,-0.04
-0.004145,0.02
-0.001921,0.02
-0.004794,0.01
0.002909,-0.0
0.000543,-0.03
-0.001736,0.06
0.007234,-0.01
0.001224,0.01
-0.007701,0.05
-0.001351,0.0
-0.006427,-0.04
-0.009465,0.03
-0.003021,0.01
0.001039,0.04
-0.000597,0.01
-0.004782,-0.02
-0.006957,0.01
-0.004348,-0.04
-0.006519,0.02
0.000183,-0.09
-0.002008,0.01
0.003401,0.02
-0.00538,0.04
0.008258,-0.01
-0.006319,0.03
0.012854,-0.05
0.000626,-0.07
0.001403,-0.04
-0.008976,0.04
0.009759,0.0
0.013667,0.04
-0.005766,-0.04
-0.000256,-0.02
-0.001574,-0.03
0.002444,-0.03
-0.001159,-0.0
0.014471,-0.01
0.00852,-0.06
-0.00303,-0.01
-0.005524,-0.0
-0.011162,0.02
-0.000296,0.0
-0.002018,0.05
-0.006483,-0.06
0.009758,-0.05
0.007132,-0.0
0.00022,0.04
0.004368,-0.02
-0.003869,0.02
-0.002458,0.0
-0.01216,0.01
-0.006875,0.04
-0.002741,-0.02
-0.00132,0.0
-0.001387,0.01
-0.001661,0.07
-0.012596,0.01
-0.00303,0.01
0.003134,0.06
0.008704,0.03
-0.011881,0.08
0.003017,0.02
-0.003089,0.04
-0.001466,-0.01
0.004736,0.03
-0.0043,-0.06
-0.005497,0.01
0.002094,0.05
-0.007451,-0.02
0.008291,0.02
-0.010163,-0.02
-0.01951,0.13
0.009798,-0.04
0.006007,-0.04
0.018336,0.09
0.012678,0.04
-0.019343,0.06
-0.00044,0.08
-0.019523,-0.03
0.006605,-0.06
0.024718,0.12
-0.002918,0.04
-0.001827,0.12
0.025309,-0.05
0.006477,-0.03
-0.003488,-0.04
-0.015458,0.04
0.016417,0.01
0.011899,0.09
-0.002772,0.06
0.009876,-0.01
0.004866,0.06
6.7e-05,-0.04
0.001308,0.01
0.001519,0.02
0.00046,0.0
0.000967,-0.02
-0.013469,0.0
-0.010565,0.03
-0.000681,-0.04
0.000204,-0.04
0.008598,0.04
-0.000121,-0.05
-0.012329,0.03
-0.000547,0.0
-0.001215,-0.0
-0.000326,0.02
-0.009865,0.01
0.000956,0.03
0.009387,-0.02
0.011029,-0.02
0.002486,-0.02
0.0047,-0.05
-0.009558,0.03
0.001784,-0.07
0.007253,-0.05
-0.002691,-0.02
0.006746,0.01
0.002399,-0.04
-0.005537,0.04
-0.003451,0.01
-0.001313,-0.0
0.003746,-0.03
0.003335,-0.02
0.001239,-0.06
0.003748,-0.04
-0.005212,0.06
-0.009443,0.04
-0.006168,-0.05
0.004612,-0.05
0.000565,-0.0
0.010499,-0.01
-0.000171,0.01
0.010165,0.06
-0.006258,-0.01
-0.015632,-0.07
0.008782,0.01
0.010531,0.04
-0.006436,0.01
0.006312,-0.01
-0.013175,0.15
-0.003777,0.05
-0.013957,0.03
0.008297,0.0
0.00027,-0.02
-0.000372,0.03
-0.022316,-0.06
-0.030075,0.06
-0.038348,0.06
0.017051,-0.14
0.005137,0.0
0.003703,-0.1
-0.021648,0.21
-0.001447,0.03
-0.008699,-0.01
-0.011958,-0.02
-0.003053,-0.08
0.000967,0.01
0.005385,-0.02
0.009189,-0.01
0.0155,0.11
0.006037,-0.03
-0.004942,0.16
-0.001668,-0.02
-0.004513,-0.04
-0.005224,0.02
-0.003706,-0.03
-0.006709,0.07
0.018493,0.07
-0.006457,-0.03
0.021296,-0.01
-0.001452,0.11
0.035663,0.07
0.01763,0.03
-0.008026,0.06
-0.010472,-0.01
-0.023958,-0.01
0.008659,-0.02
0.007884,0.12
-0.007855,0.02
0.007908,-0.04
-0.008417,0.04
-0.002205,0.04
-0.003068,-0.06
-0.000174,-0.09
0.006028,0.02
-0.012088,0.01
0.003305,-0.01
0.005518,-0.01
0.012744,-0.02
-0.003673,0.04
0.003934,-0.0
-0.010681,0.07
-0.008012,-0.0
0.000839,0.02
-0.015308,0.12
-0.003798,0.09
0.011924,-0.15
-0.014253,-0.01
-0.006199,-0.02
-0.00806,0.02
0.005681,-0.03
-0.011523,-0.07
0.003283,-0.05
0.011346,-0.03
-0.002334,-0.01
0.013734,-0.0
-0.010219,-0.04
0.00497,-0.01
0.014299,-0.07
0.006088,-0.03
-0.000683,0.01
0.011221,-0.02
-0.005115,0.04
0.007984,0.09
0.000128,-0.01
-0.006232,0.04
-0.005902,0.03
-0.00373,0.03
-0.013396,-0.01
-0.010309,0.01
0.00347,-0.04
0.005486,-0.01
-0.002892,-0.05
-0.008273,0.04
-0.004955,0.07
-0.006924,0.01
-0.010288,0.1
0.003274,-0.04
0.003065,0.05
-0.001968,0.07
-0.001287,0.09
0.011116,-0.04
0.010358,-0.01
0.018193,0.03
0.017469,0.07
0.004568,-0.01
0.014537,-0.1
-0.006232,0.08
-0.00679,-0.05
-0.006263,0.02
-0.004219,-0.05
-0.014118,0.01
-0.0202,0.06
-0.002572,-0.09
-0.004698,-0.03
0.006166,-0.01
0.002752,-0.05
0.013493,-0.01
-1e-05,-0.0
0.003211,-0.01
-0.002224,-0.06
0.006524,0.04
0.006005,0.02
0.0017,0.02
-0.001492,0.0
-0.00565,-0.08
0.005441,0.05
-0.012771,-0.01
-0.012751,0.11
0.001682,0.0
0.003882,0.04
-0.000576,0.03
-0.00157,0.01
0.005007,-0.04
-0.005946,0.01
-0.002299,0.05
-0.000851,-0.07
0.002985,-0.02
0.0038,-0.02
4e-05,-0.02
0.005572,-0.02
-0.000883,-0.06
0.006546,0.01
0.005907,0.01
-0.004923,-0.01
-0.008206,-0.03
-0.014925,0.01
0.009095,-0.02
0.009851,-0.05
-0.006406,0.04
0.013391,-0.11
-0.017,-0.02
0.004764,-0.05
-0.011433,0.04
-0.014013,0.05
0.001244,0.12
0.015557,-0.07
-0.008645,0.02
0.001072,-0.04
0.000513,-0.01
-0.003798,-0.06
0.01197,0.02
0.002777,-0.03
0.009087,-0.02
0.009088,0.04
0.003629,0.04
-0.001749,-0.07
0.012993,-0.03
0.007415,-0.02
0.006815,0.01
-0.006024,-0.04
0.002068,0.03
-0.005067,-0.01
-0.003666,0.04
0.006071,0.0
0.001517,-0.01
-0.005834,0.01
-0.000904,-0.05
-0.000968,0.03
0.003226,0.02
-0.003634,-0.02
-0.002719,0.02
0.005633,0.02
0.002052,-0.05
-0.008158,0.04
0.001628,0.02
-0.000954,0.04
-0.004465,-0.02
-0.010188,-0.03
-0.004309,-0.01
0.001896,0.01
-0.004764,0.07
-0.001194,-0.02
-0.001773,-0.06
-0.005082,0.03
-0.011523,-0.04
-0.005278,0.05
0.006345,-0.01
-0.002047,-0.12
-0.000124,-0.01
-0.005637,-0.07
0.006847,0.03
0.003356,-0.05
-0.007076,0.06
0.003126,-0.04
0.012632,0.02
0.008906,-0.01
7e-06,-0.06
0.012763,-0.03
0.006599,-0.08
0.001568,0.04
-0.015865,-0.04
0.002938,0.04
-0.008605,0.03
-0.001076,0.08
-0.005133,0.02
0.000946,0.01
0.001939,0.0
0.005762,-0.08
0.007577,0.06
0.012646,0.01
0.009932,-0.04
0.004766,0.01
0.009639,-0.02
0.00704,-0.03
-0.004641,-0.01
-0.011986,0.1
0.003374,0.04
-0.003616,-0.03
-0.007167,0.09
0.005952,-0.0
0.004681,0.04
0.006659,0.06
0.006958,-0.0
-0.007517,0.03
0.006611,0.01
-0.001165,0.02
-0.00038,0.05
0.004002,-0.04
-0.007698,0.01
-0.006098,0.04
0.007156,-0.05
0.012052,-0.02
0.005331,0.08
0.000122,0.04
0.008927,-0.05
0.018001,-0.01
0.001161,0.03
-0.00507,-0.03
-0.01372,0.0
-0.010261,0.04
-0.001515,-0.02
-0.002667,-0.07
0.001467,-0.04
-0.005201,0.02
0.007212,0.01
0.005215,0.05
0.002315,0.1
0.010493,-0.02
-0.003602,0.05
-0.008035,0.05
-0.007506,0.0
0.005903,-0.01
0.004991,0.05
0.001534,-0.03
0.011253,-0.02
-0.010988,0.02
-0.00515,0.02
0.000296,0.04
-0.007767,-0.06
-0.015956,0.04
-0.003645,-0.01
-0.012655,-0.07
0.005792,-0.04
0.005176,0.0
0.002024,0.01
0.000301,0.0
0.000994,0.01
-0.012471,0.0
0.007617,0.01
0.005695,-0.02
0.007529,-0.06
-0.00447,0.0
0.008722,0.01
0.001747,0.0
0.012578,0.04
0.008445,0.01
0.007098,-0.01
0.001744,0.04
0.003447,0.01
-0.003786,-0.02
-0.002269,-0.02
-0.006842,0.02
-0.009888,-0.02
0.003048,-0.04
-0.003546,0.01
0.005026,-0.01
-0.000294,-0.05
0.005261,-0.02
0.001509,-0.03
0.005316,-0.07
0.004012,0.01
-0.003234,-0.09
-0.019129,0.03
0.011997,-0.07
-0.00461,0.1
-0.014867,0.18
0.014763,-0.04
-0.010295,0.07
0.004352,-0.04
0.012734,-0.08
0.009857,0.04
0.006702,0.03
-0.006649,0.03
0.00361,0.01
0.008219,-0.07
0.000657,0.03
-0.008863,0.06
0.006819,-0.07
-0.004171,-0.07
-0.002514,-0.06
-0.012808,0.15
0.005974,-0.02
-0.009478,-0.08
0.002452,-0.0
-0.006863,0.01
-0.001761,0.07
0.017691,-0.1
-0.008679,0.02
-0.011058,0.02
0.012049,-0.08
0.009607,-0.08
0.01289,-0.01
0.000667,0.01
0.015471,-0.13
-0.007176,-0.0
-0.002737,-0.04
0.007656,-0.05
0.005831,-0.04
0.014684,-0.1
0.014645,-0.07
0.00043,0.05
0.002576,0.09
-0.008891,-0.04
0.003509,-0.03
0.005454,-0.02
0.003988,-0.08
-0.008679,0.06
0.001103,-0.03
0.004909,-0.01
0.005549,-0.01
0.005419,-0.04
0.002282,-0.0
0.000495,-0.03
0.011889,0.0
-0.002775,-0.03
-0.009684,-0.01
-0.00262,0.04
-0.010969,-0.01
0.00987,-0.11
0.008536,-0.08
-0.001204,-0.08
0.007771,0.08
-0.012983,0.04
-0.00936,0.0
0.022056,-0.03
0.011028,0.06
0.006171,-0.0
0.010909,-0.07
0.004395,-0.01
-0.007535,-0.01
0.00531,-0.05
-2.7e-05,0.04
-0.006842,-0.06
0.001298,0.02
-0.005097,0.01
0.008376,0.01
-0.003319,0.02
0.004128,-0.01
0.010146,-0.0
0.011302,0.01
0.008169,0.01
0.005055,-0.02
0.003185,-0.03
0.002167,0.01
0.010047,-0.01
-0.005332,-0.03
0.005311,-0.0
0.009243,-0.03
-0.009468,-0.01
0.012379,0.07
-0.004909,0.01
0.003277,0.03
-0.01105,0.01
-0.011139,-0.1
-0.013519,0.09
-0.021459,0.05
-0.010994,-0.01
0.010048,-0.12
-0.001397,0.07
0.001889,0.0
0.014167,0.01
0.004457,-0.01
0.004721,0.01
-0.002993,-0.03
0.001595,0.12
0.001855,-0.01
-0.01706,0.08
0.018063,-0.07
0.000581,-0.12
-0.003875,0.13
0.006209,-0.11
-0.003343,0.11
0.043054,-0.4
0.014748,-0.21
0.0179,-0.28
0.004321,-0.26
-0.002323,0.06
0.002252,0.15
0.010192,-0.44
-0.019191,-0.04
0.019482,-0.18
-0.00174,-0.26
0.010383,-0.15
0.032578,-0.24
0.011726,-0.14
-0.005301,-0.04
-0.012907,0.07
0.011117,-0.01
0.010469,-0.05
0.001691,0.06
0.002456,-0.1
0.008859,0.02
0.00863,-0.07
0.006974,-0.14
-0.024006,0.01
-0.010736,0.09
-0.013122,0.13
-0.002324,-0.01
0.00156,-0.04
-0.009019,0.09
-0.010451,0.0
0.00732,0.04
-0.004609,0.02
0.002562,0.0
-0.000776,0.01
0.003252,-0.01
0.000201,0.07
-0.010184,0.06
0.029479,-0.19
0.000963,0.02
-0.010488,-0.04
-0.005369,0.04
-0.012181,0.04
0.000992,-0.01
-0.008623,0.06
0.002833,0.04
0.003202,0.02
-0.000602,-0.0
-0.008911,-0.06
-0.015675,0.12
-0.010537,0.09
0.000982,-0.02
-0.009761,0.03
0.001651,0.02
0.00292,-0.08
0.006398,-0.01
-0.000224,-0.01
-0.001339,0.18
0.002131,-0.02
0.00916,0.04
0.002467,-0.04
0.00305,0.1
0.008066,-0.03
-0.006761,0.02
0.00425,0.03
0.018117,-0.05
-0.004006,0.07
-0.010527,-0.06
0.01875,-0.03
-0.00166,-0.1
-0.00071,0.02
0.000751,0.04
-0.008896,0.05
0.003667,-0.03
-0.004028,0.07
0.001545,0.06
-0.001357,0.02
0.010284,0.0
0.00749,0.04
0.003512,0.1
0.018166,0.12
0.013364,0.02
0.004539,0.06
0.001792,-0.06
-0.013962,0.03
-0.003059,0.06
0.005277,-0.02
-0.004161,0.03
0.003997,-0.0
0.001634,-0.09
-0.000104,-0.01
0.004195,-0.02
-0.000213,0.01
0.01029,0.05
0.006303,0.04
-0.005422,0.01
-0.003263,0.02
0.000104,0.01
-0.008828,-0.01
0.007246,0.06
-0.000806,0.04
0.000596,0.03
-0.014978,-0.01
0.002197,0.04
0.007282,-0.01
-0.000241,0.06
-0.006767,0.03
-0.00238,0.02
0.012953,0.06
-0.002796,-0.11
-0.00058,-0.02
0.001376,-0.01
0.001916,0.05
0.01114,0.04
-0.005594,-0.01
-0.006508,-0.02
0.006491,-0.01
0.006132,0.01
0.004172,0.0
-0.011163,-0.02
-0.001715,-0.06
0.000304,-0.03
0.00232,0.09
0.000218,-0.03
-0.003544,-0.08
0.003764,0.02
-0.001832,-0.02
-0.005208,0.02
-0.012312,0.04
0.00196,-0.04
0.009608,0.01
-0.005119,-0.02
0.016159,-0.0
0.008776,-0.03
0.007957,-0.04
0.001183,0.01
-0.010421,0.01
0.002938,-0.04
0.000971,0.02
0.005189,-0.01
0.017525,-0.04
0.005785,-0.04
0.007559,0.04
-0.004929,-0.01
-0.001579,0.03
-0.000364,0.04
0.001478,0.01
0.003908,0.05
0.004239,0.0
0.0025,-0.04
0.001966,0.01
-0.004765,-0.02
0.003635,0.08
-0.001053,0.09
-0.004967,0.04
0.001606,0.06
-0.010862,0.05
0.016719,-0.12
0.000311,0.04
-0.016595,0.02
0.011129,-0.09
-0.002608,-0.09
0.003956,-0.12
-0.01722,0.06
-0.004959,0.2
-0.011847,0.11
0.007027,-0.09
0.019938,-0.11
0.001992,0.02
0.004174,0.01
0.010659,-0.06
-0.00129,-0.01
-0.010364,0.29
0.002393,0.01
0.010279,-0.05
-0.00788,0.11
-0.010445,0.06
-0.010798,-0.01
-0.012304,0.05
0.000608,-0.04
-0.00669,-0.01
0.003933,0.02
-0.013584,-0.03
0.000426,0.01
-0.006973,-0.03
-0.010746,0.01
-0.000261,-0.01
0.000721,-0.07
0.011303,-0.02
0.008244,0.01
-0.004832,0.04
-0.005736,0.05
-0.007581,0.02
-0.010963,0.07
-0.005364,0.04
-0.000773,-0.04
0.007438,0.07
0.000438,-0.04
0.006695,0.06
-0.006975,-0.03
-0.000751,0.0
0.013449,0.06
-0.016597,-0.01
-0.003592,0.01
0.004154,0.01
-0.002614,0.05
-0.00077,0.06
-0.01257,-0.04
-0.006789,0.01
0.009913,-0.02
0.000807,0.06
0.005504,-0.07
0.0141,-0.01
-0.000204,-0.1
0.001109,-0.01
0.007367,-0.03
0.00789,0.01
0.019026,0.02
0.007686,0.04
-0.002471,-0.05
-0.003169,-0.05
-0.010553,0.01
0.006007,0.01
0.000319,0.04
0.004237,-0.01
-0.002744,-0.03
0.015865,-0.04
0.001999,-0.04
0.002016,0.03
0.006743,-0.0
-8.3e-05,0.02
-0.009245,-0.0
-0.000295,0.1
-0.002015,0.04
0.006837,0.03
0.004106,-0.07
-0.002274,0.04
0.002664,0.06
0.0025,0.04
-0.001422,0.04
0.015327,0.03
0.010666,0.05
0.016721,-0.04
0.002983,0.02
-0.001933,0.01
-0.011742,0.01
-0.001186,-0.09
-0.004605,0.05
-0.005902,-0.03
-0.007008,-0.02
-0.004851,0.01
-0.006118,0.07
-0.00062,0.02
0.013437,-0.0
0.00524,-0.02
0.007784,0.03
0.019819,-0.13
-0.012726,0.02
0.007979,-0.0
-0.002737,-0.01
-0.003464,0.1
-0.002596,0.08
0.012982,-0.09
0.009056,-0.0
0.002212,-0.06
-0.010003,-0.04
-0.009775,-0.03
0.001057,0.01
-0.011963,0.04
-0.003698,-0.01
-0.001905,0.12
-0.0046,-0.04
0.009267,0.07
-0.004287,-0.02
-0.016166,0.06
-0.012851,0.09
-0.005072,-0.04
0.001114,-0.01
0.011143,-0.03
0.000676,-0.04
-0.007138,0.03
-0.013478,-0.01
0.001699,0.0
0.002195,0.02
0.004968,-0.07
0.000258,0.0
-0.008018,-0.03
-0.007993,0.03
0.008933,0.13
-0.008432,0.01
-0.001164,0.01
-0.010291,0.09
0.01238,-0.1
0.010795,-0.04
-0.00756,0.0
0.023404,-0.12
0.005413,-0.09
0.007283,-0.04
-0.001177,-0.03
0.008018,-0.07
-0.007574,-0.03
2.3e-05,0.02
0.000704,0.01
0.015907,0.07
0.033419,-0.1
0.018573,-0.02
0.004662,0.04
0.005284,0.01
-0.014489,0.03
-0.005573,-0.01
-0.00787,-0.0
-0.003095,-0.01
0.008025,-0.06
-0.00984,0.12
0.010926,-0.02
-0.004776,0.01
-0.002026,0.05
0.003921,0.12
0.005715,0.02
0.019758,0.0
-0.009941,-0.05
0.006468,-0.01
0.001273,0.01
-0.008576,0.09
-0.009162,-0.06
0.01743,-0.05
0.001278,0.05
-0.006018,0.09
-0.011204,0.1
0.00172,0.06
0.002156,-0.08
0.00819,-0.03
-0.000936,0.04
-0.010045,0.18
-0.000754,0.18
0.003615,-0.06
0.000578,0.06
-0.010762,0.03
0.002733,0.03
0.000404,-0.01
0.003805,-0.08
0.003943,0.04
-0.004072,0.07
-0.01534,0.1
0.009286,-0.07
0.004937,0.06
0.009372,0.01
0.006504,-0.06
0.01155,-0.01
-0.004431,0.04
-0.012299,0.07
-0.003206,0.01
-0.002959,-0.03
-0.002059,0.0
-0.019851,0.06
-0.02914,0.5
-0.00544,0.03
-0.013863,-0.03
-0.002062,0.03
0.000814,-0.03
0.000645,0.07
0.009284,-0.05
-0.000434,-0.21
0.029761,-0.37
-0.011284,-0.08
-0.008531,-0.04
0.004498,0.02
-0.004043,0.06
0.003935,-0.1
0.002347,-0.06
-0.003623,0.04
-0.000929,-0.04
-0.003374,-0.11
-0.007542,0.02
-0.002675,-0.01
-0.000225,-0.01
-0.004953,0.08
-0.001599,-0.03
-0.001823,0.02
0.021891,-0.07
0.003479,-0.06
-0.00504,-0.08
0.006424,-0.12
-0.009383,0.07
0.005902,0.09
0.013286,0.06
-0.004906,-0.01
0.01197,0.06
-0.011123,-0.08
0.015827,-0.05
-0.007901,0.0
0.010347,0.02
-0.010709,0.15
0.012537,-0.05
-0.000896,0.1
-0.003889,0.07
0.003983,-0.02
0.005146,0.09
0.007929,-0.05
-0.004396,0.09
-0.015267,0.19
-0.007691,0.09
-0.003385,0.02
-0.016513,-0.02
-0.000883,-0.06
-0.009219,0.03
0.002909,0.0
0.009367,-0.01
0.01825,-0.13
0.001204,-0.08
-0.00236,-0.05
0.001937,-0.02
-0.006515,-0.09
-0.009409,0.01
0.013098,-0.07
-0.023269,-0.13
0.003302,-0.06
0.008349,-0.11
0.0027,0.01
-0.00212,0.01
0.003538,-0.04
-0.001094,0.03
-0.000296,0.08
-0.000934,0.04
-0.012622,0.38
-0.005488,0.37
0.011053,-0.07
-0.029766,0.47
0.011269,-0.03
-0.001949,-0.09
-0.001272,-0.14
0.003308,-0.07
0.001776,-0.11
0.008809,-0.03
0.015686,-0.11
-0.001716,0.03
-0.00911,0.22
0.009572,-0.17
-0.034371,0.68
0.017425,-0.08
0.00419,-0.06
0.023162,-0.27
-0.014873,-0.04
-0.004824,0.01
-0.009024,-0.05
-0.007713,-0.02
-0.002053,0.07
0.005188,-0.04
0.00409,0.06
0.005133,0.01
-0.009289,0.01
-0.003136,-0.01
-0.012436,0.08
-0.009688,-0.01
-0.000315,-0.11
-0.018993,-0.05
-0.002273,-0.06
0.01643,0.03
0.004577,-0.02
0.001058,0.01
0.001747,0.11
0.00558,0.11
0.005834,-0.01
0.001451,-0.08
-0.010197,0.1
0.001548,-0.0
0.007466,-0.07
-0.001644,-0.11
-0.006273,0.0
0.002077,-0.0
-0.000591,-0.13
-0.005361,0.1
0.01546,-0.01
-0.010127,0.02
0.011899,-0.04
-0.001788,0.09
0.029,0.11
0.004962,-0.1
-0.004982,0.06
-0.00144,-0.01
-0.01447,-0.03
0.01009,0.06
-0.011953,0.03
-0.007986,0.06
-0.004776,0.02
0.001577,0.03
-0.009692,0.13
0.001057,0.01
0.003662,-0.07
-0.03161,0.08
-0.01344,-0.03
-0.039096,-0.01
0.003847,0.07
-0.005159,-0.01
0.001359,-0.08
-0.003795,0.0
-0.011203,0.13
0.003364,0.01
-0.01151,0.02
-0.014235,0.04
-0.004693,-0.04
0.061848,-0.09
0.006438,0.08
0.001222,0.01
0.028283,-0.1
0.021464,-0.03
0.004856,-0.11
0.010686,-0.15
-0.01349,0.32
0.026657,-0.13
0.007667,-0.13
-0.019383,-0.32
-0.02172,-0.2
-0.019993,0.16
-0.015771,-0.14
-0.000227,-0.06
0.013751,-0.03
-0.010372,0.06
0.029527,-0.28
0.019761,0.31
0.010889,0.02
0.010534,-0.1
-0.003016,-0.01
-0.012987,-0.06
-0.002797,0.02
0.004411,-0.02
-0.002297,-0.06
0.0041,-0.08
-0.001606,-0.02
0.016974,0.11
0.053679,0.09
0.022723,-0.05
-0.011933,-0.05
0.016938,0.08
0.000444,0.03
-0.006275,-0.04
0.005379,0.09
0.031832,0.06
0.022003,0.05
0.020107,0.02
-0.015016,-0.04
0.010135,0.03
-0.022208,-0.06
0.000567,-0.01
0.002275,0.07
0.021058,0.06
-0.008893,0.08
-0.016545,0.12
0.006544,-0.03
-0.0054,0.06
0.003187,0.04
-0.001952,0.03
0.006816,-0.03
-0.001143,0.02
-0.009027,0.07
0.010614,-0.08
0.01018,-0.19
0.002925,0.09
-0.007474,-0.04
0.01488,-0.11
-0.002719,0.05
-0.002764,-0.07
-0.00526,0.04
0.003295,-0.04
0.009895,-0.12
-0.017677,0.07
0.008923,-0.62
0.010505,-0.28
0.018833,0.1
-0.002658,-0.01
0.015746,-0.15
0.001644,0.0
0.031137,-0.39
0.02798,-0.16
-0.001532,-0.1
-0.01019,0.1
0.007492,-0.1
-0.01003,0.08
-0.025254,0.19
0.030001,-0.18
-0.023801,0.45
-0.00742,0.04
0.003699,0.04
-0.002224,-0.06
0.007588,-0.01
0.001947,0.01
0.010477,-0.03
0.005491,-0.03
-0.002125,0.03
0.005726,-0.01
0.004735,0.02
-0.005461,0.05
0.012101,-0.05
0.001578,0.02
-0.005758,0.01
-0.001782,-0.01
0.004581,-0.04
-0.00563,-0.01
-0.000754,0.05
0.000637,0.04
-0.006022,-0.05
-0.003511,0.03
0.010424,0.07
-0.000909,0.09
-0.00348,-0.01
0.003336,0.06
0.001233,-0.0
-0.005543,0.0
0.013893,-0.02
-0.007168,-0.05
0.003615,0.01
-0.008562,-0.09
-0.004041,0.03
-0.002502,-0.04
0.007565,-0.11
-0.00613,0.13
0.006615,0.0
0.004007,0.05
0.012172,-0.21
-0.022833,0.17
0.015587,0.34
-0.030482,0.52
0.008534,-0.0
-0.004608,-0.27
0.005327,-0.31
0.017962,0.15
0.002028,0.13
0.008201,0.02
-0.008173,0.23
0.007389,0.06
0.004482,0.0
-0.001243,0.18
-0.007008,0.04
-0.00645,0.17
-0.008374,0.1
0.014299,0.17
-0.0026,-0.09
0.033517,-0.27
0.030772,-0.13
-0.024629,0.11
-0.007297,0.01
-0.009987,0.15
-0.000639,0.21
-0.00677,0.09
0.005092,-0.03
0.006577,0.01
0.004482,0.09
-0.014024,-0.03
-0.008354,0.05
-0.004482,0.02
-0.007987,0.01
-0.001338,-0.02
-0.008361,0.06
-0.002046,0.01
0.000335,-0.04
0.010588,-0.04
0.003031,-0.07
-0.008294,-0.04
-0.009638,-0.07
-0.000204,-0.02
-0.001579,-0.03
-0.010452,0.04
0.006017,0.01
-0.006589,-0.06
0.031981,-0.04
-0.000379,0.01
0.004344,-0.12
0.0188,-0.05
0.008908,-0.08
0.00187,0.01
0.006572,-0.02
-0.002582,-0.02
-0.00783,0.01
-0.006372,-0.03
-0.000745,0.03
-0.000483,-0.04
0.00298,0.02
-0.000588,-0.02
0.000342,0.04
-0.013678,0.08
-0.003947,-0.02
-0.005499,-0.06
0.004823,0.05
-0.009136,0.01
-0.004986,-0.02
-0.001333,-0.01
0.000601,-0.03
0.002624,0.0
-0.013993,-0.01
-0.003891,0.02
0.001686,0.0
-0.005802,0.1
-0.007504,-0.02
-0.009833,-0.05
0.006081,0.01
0.001954,-0.02
-0.00342,0.04
0.011989,0.03
-0.008399,0.08
0.000632,0.01
-0.003108,-0.05
0.006344,-0.05
-0.01169,0.04
0.004396,-0.08
-0.005223,0.08
-0.000746,0.08
0.007965,0.06
0.006192,0.01
-0.007863,0.08
0.012188,-0.05
0.002624,-0.07
0.002019,0.01
0.003614,-0.05
0.016142,-0.02
0.003628,-0.04
-0.011251,-0.04
-0.003871,0.05
-0.002816,0.01
0.014281,-0.07
-0.018109,0.03
0.001089,0.01
0.01127,0.07
0.000708,-0.01
0.013339,-0.05
-0.004066,0.05
0.0179,0.03
0.000204,0.05
-0.002658,0.01
-0.007575,0.02
-0.001235,-0.06
0.00971,-0.01
0.01969,0.05
0.007982,-0.0
-0.005006,0.1
-0.011143,-0.05
0.002302,0.01
0.008667,0.1
-0.008848,0.08
-0.007779,-0.03
0.018454,-0.04
0.005608,-0.09
0.003724,0.01
-0.006372,-0.09
0.010177,-0.1
0.002354,0.06
-0.011441,-0.01
-0.013051,-0.02
8e-06,-0.04
0.005635,-0.11
-0.003184,0.07
0.018721,0.06
0.002761,-0.09
-0.013137,0.06
-0.012912,0.08
-0.01235,0.12
-0.011811,0.13
-0.001261,0.08
0.003977,-0.03
0.003655,0.01
-0.000343,0.03
0.006591,0.12
0.0006,0.09
-0.005616,0.01
-0.00562,0.07
-0.001551,-0.07
-0.006674,0.1
-0.006488,0.02
0.010689,0.01
0.013511,-0.06
0.019464,-0.04
0.007903,0.07
-0.022735,0.1
0.005854,-0.06
0.005806,-0.02
-0.002352,-0.06
0.007008,0.09
-0.001175,-0.13
0.008465,0.02
-0.012938,-0.03
-0.006981,0.06
-0.001391,0.02
-0.001628,0.03
-0.014971,0.03
0.010781,0.04
0.00342,-0.03
0.013837,-0.14
0.010334,0.02
-0.008268,0.01
0.005819,0.01
-0.00642,0.02
-0.002026,-0.02
-0.010845,0.09
-0.013351,0.01
0.006036,-0.06
-0.009583,-0.07
0.005975,0.07
-0.009767,0.03
0.015268,-0.04
0.01886,0.04
0.006793,-0.12
0.001624,-0.08
-0.012204,0.19
-0.025977,0.3
0.021239,-0.26
0.001902,-0.18
0.015675,-0.14
0.002959,-0.07
0.014237,-0.33
0.029891,-0.16
0.005225,-0.14
0.001985,-0.17
0.005138,0.04
-0.009283,0.15
-0.012451,0.29
-0.011685,0.08
-0.042606,0.48
-0.012763,0.02
0.004364,0.11
0.003105,-0.05
0.017722,-0.02
-0.007133,-0.07
-0.001499,-0.0
0.013284,0.02
-0.013997,0.02
0.007808,-0.13
0.003514,0.03
-0.008546,0.03
-0.018286,0.03
-0.017764,0.01
0.001034,0.01
0.002373,-0.01
-0.001711,-0.03
-0.001982,-0.04
-0.00988,0.03
0.000459,-0.03
-0.002167,-0.07
0.010416,0.04
0.001712,0.06
-0.004612,0.02
0.001352,-0.01
0.001952,0.05
-0.001809,0.04
-0.004632,-0.04
-1.4e-05,0.04
-0.018943,0.01
0.006412,-0.0
0.007457,-0.05
-0.019608,-0.04
-0.000217,0.06
-0.010242,-0.05
-0.001377,0.0
-0.008552,0.01
0.006893,0.11
-0.001965,-0.02
-0.001859,-0.03
0.001117,-0.01
-0.001332,0.03
-0.007088,0.09
0.024603,0.02
-0.006595,0.08
0.013683,0.05
0.005065,0.01
0.00165,-0.0
0.005389,-0.06
-0.011202,-0.02
-0.001179,0.04
-0.021251,-0.02
-0.002897,0.04
-0.001062,0.05
0.004914,-0.05
0.008617,0.02
-0.008781,-0.01
0.008467,-0.03
0.005403,-0.03
-0.00482,0.05
-0.009677,-0.02
0.001771,0.06
0.001416,0.05
-0.006644,0.02
0.007487,0.01
0.006465,0.03
-0.007149,-0.33
-0.001933,-0.29
0.013456,-0.33
0.020227,-0.2
-0.020538,0.02
-0.001634,-0.05
-0.008887,-0.04
0.004627,0.08
-0.009732,-0.06
-0.007554,0.0
0.006896,0.03
-0.003605,-0.07
0.003898,-0.01
-0.008999,0.06
-0.011428,0.0
-0.001124,-0.02
0.009163,0.0
-0.008167,0.01
-0.008715,-0.06
-0.002096,0.03
-0.017223,-0.02
0.010766,-0.02
0.005735,-0.1
-0.006618,-0.06
0.002808,-0.05
0.005331,-0.0
-0.010867,0.06
-0.00436,0.04
-0.003811,-0.06
-0.008849,-0.01
-0.005046,-0.07
0.003255,-0.01
0.015003,0.03
-0.000694,-0.0
0.000558,0.01
0.003119,-0.04
-0.001982,-0.04
-0.005961,0.04
0.005666,-0.01
0.001795,-0.01
-0.002811,-0.01
-0.002543,0.01
0.000281,0.06
0.005676,-0.02
0.005948,-0.04
-0.003099,0.05
-0.014744,-0.0
-0.00188,0.03
-0.000997,0.06
0.015588,-0.01
-0.001165,-0.05
0.014747,-0.01
-0.008935,0.03
0.001581,-0.0
0.009498,-0.01
0.003308,0.02
0.018176,-0.1
0.003309,-0.03
-0.004005,-0.01
0.003601,0.02
-0.011695,-0.04
0.000722,0.02
-0.004883,-0.02
-0.006176,0.04
-0.001445,0.06
0.007761,-0.06
-0.004624,-0.04
-0.007274,-0.02
-0.001961,0.08
0.001776,-0.0
0.01223,0.01
-0.000291,0.03
0.006649,0.04
-0.005752,-0.01
-0.006781,0.01
0.004447,0.03
0.005705,0.02
0.001629,0.04
-0.003477,0.0
0.005916,-0.03
0.003883,-0.02
0.001229,0.02
0.002354,0.05
0.008115,0.03
0.013258,0.05
0.010958,0.06
-0.007098,0.02
0.008425,0.05
-0.0058,-0.0
-0.004166,0.04
-0.007757,-0.04
-0.007246,0.02
0.002365,0.04
-0.001186,0.01
0.008286,-0.05
-0.002244,0.04
-0.01056,0.03
0.002474,0.05
2.3e-05,0.01
0.005155,0.01
0.005748,0.02
-7.6e-05,-0.03
-0.0026,0.05
-0.003563,-0.0
-0.009309,0.01
0.005132,-0.03
0.004653,0.06
-0.00449,-0.01
0.004411,-0.11
0.009072,0.0
0.005389,-0.06
0.007634,-0.01
0.012374,-0.07
-0.004726,0.07
-0.005724,0.04
-0.007394,0.02
-0.012545,0.04
0.000464,-0.0
0.005192,-0.04
-0.014853,0.07
0.001776,-0.06
-0.015881,-0.0
-0.020339,0.06
-0.003648,-0.1
-0.009538,0.04
-0.009611,-0.0
0.009069,0.01
-0.003326,0.01
-0.01056,-0.03
-0.009096,-0.0
0.012297,0.01
-0.006389,0.04
0.001454,0.03
-0.000398,0.0
0.000756,-0.04
-0.004545,-0.01
-0.002088,-0.03
-0.005338,-0.03
0.000915,0.05
0.004864,-0.05
-0.005014,-0.06
0.004918,0.05
0.002329,0.03
0.001067,-0.0
0.002542,-0.03
-0.007008,-0.06
-0.014418,0.06
-0.004792,-0.02
-0.009553,0.03
0.001722,-0.0
-0.009448,0.01
0.00632,-0.05
0.002201,0.04
-0.002507,0.02
0.014347,0.0
0.003718,0.02
-0.00275,-0.0
-0.001158,0.03
-0.000447,0.02
0.011476,0.01
0.009346,-0.02
0.000257,0.06
0.003356,0.02
0.010409,0.0
-0.002063,-0.02
-0.010564,-0.04
-0.004883,-0.02
0.005639,-0.07
0.008891,-0.0
0.007233,0.02
0.000493,0.02
-0.000828,-0.01
0.001811,0.07
0.006952,-0.09
0.010861,0.12
-0.006369,0.04
-0.0093,0.03
-0.002331,0.04
-0.006128,-0.02
0.004854,0.03
0.009687,-0.04
0.001114,0.01
0.00356,-0.03
-0.002175,0.05
-0.000102,0.03
0.009877,-0.04
-0.002367,0.02
-0.000229,-0.05
0.004806,-0.04
-0.006475,-0.07
0.004867,0.04
0.004097,-0.0
0.001718,0.01
0.004689,0.01
-0.000142,0.03
0.012289,-0.06
0.007995,0.05
-0.00207,0.01
0.003968,-0.05
-0.008576,0.07
0.004632,-0.01
-0.005206,0.03
-0.004642,0.02
-0.008591,-0.03
0.004673,-0.0
-0.003372,-0.01
-0.010747,0.06
0.006747,-0.01
-0.009434,0.01
-0.006824,0.02
0.000942,0.02
0.001284,-0.02
0.00568,-0.01
0.008011,0.03
0.010107,0.01
0.007749,0.05
-0.003062,-0.05
0.009693,0.03
0.005093,-0.09
-0.000277,0.03
0.017727,-0.02
-0.002686,0.01
0.008463,0.01
0.006198,-0.01
-0.006524,-0.03
-0.014126,0.08
-0.007628,0.02
0.009245,0.01
0.002519,-0.1
-0.001335,-0.02
-0.008419,-0.01
0.003268,0.17
-0.000541,0.02
0.011942,0.1
0.004127,0.03
0.000882,0.01
-0.001558,0.05
0.00402,0.04
0.005592,0.03
-0.004203,0.01
0.000304,-0.01
-0.001848,-0.0
-0.000139,0.04
0.007158,0.01
0.000916,0.03
-0.00416,-0.02
-0.003151,0.1
0.000749,-0.01
0.000316,-0.01
0.008996,0.02
0.001234,-0.03
0.012441,-0.02
-0.006584,-0.01
-0.012211,-0.05
-0.012407,-0.01
-0.013282,-0.03
0.003942,-0.03
0.004392,0.04
0.003645,0.01
-0.001177,0.02
-0.006431,-0.02
-0.008457,-0.04
0.000935,0.05
-0.004764,0.02
-0.000576,0.02
0.011007,0.02
0.001042,0.01
0.006296,0.07
-0.00222,-0.03
-0.006234,0.02
-0.014296,-0.04
0.006071,0.02
0.000786,0.02
-0.001805,-0.02
0.001826,0.05
0.007802,-0.02
0.004925,-0.05
0.005869,0.04
-0.005011,-0.01
-0.007785,0.03
0.002599,-0.01
-0.014203,-0.03
0.001238,0.06
-0.007393,0.03
-0.000671,0.02
-0.002412,0.03
0.013242,0.03
0.004386,-0.0
0.004208,-0.02
-0.006867,0.03
-0.002354,0.02
-0.007331,-0.04
-0.000472,-0.03
-0.003182,-0.01
-0.013945,0.04
0.001004,0.07
0.010542,0.03
0.005866,0.02
-0.003002,0.09
0.005788,-0.02
0.001726,0.0
0.000314,-0.01
-0.006288,-0.03
0.003794,-0.01
0.006533,0.05
0.005771,-0.02
0.007116,0.05
-0.002102,0.01
-0.003997,0.06
0.004847,-0.01
-0.015895,-0.11
-0.007509,-0.06
0.002477,0.06
0.010224,0.01
0.000194,-0.01
0.011324,0.01
-0.008693,-0.02
-0.001376,-0.0
0.003038,0.07
-0.002137,-0.04
-0.001674,-0.03
-0.006859,0.0
0.026707,-0.13
0.00399,0.0
0.019313,-0.03
0.006259,0.0
4.4e-05,-0.03
0.020578,-0.01
0.013689,0.02
-0.012133,0.0
-0.01069,-0.02
0.008895,0.02
0.006925,0.03
0.007198,0.06
-0.002611,0.05
0.00587,0.01
-0.001126,-0.02
-0.00699,-0.01
-0.005379,0.0
-0.003396,0.02
0.006296,0.02
0.004576,0.02
-0.002545,0.02
0.00926,0.05
-0.000802,0.01
0.003222,-0.02
0.001108,0.0
0.012281,0.03
-0.00359,-0.07
-0.010584,0.0
-0.00445,0.01
-0.020618,0.03
-0.009006,-0.03
-0.02345,0.01
-0.006046,0.07
0.020081,0.05
-0.011321,-0.06
0.023011,-0.17
0.01629,-0.11
-0.038736,0.0
-0.016415,0.13
0.011205,0.05
0.015812,-0.04
-0.005644,-0.03
0.020632,-0.03
-0.011308,-0.04
0.021853,-0.06
-0.011182,0.12
0.007331,-0.06
-0.005127,-0.02
0.011415,0.0
-0.00155,0.09
0.002354,0.02
-0.015155,0.03
0.022293,-0.14
0.006185,0.1
0.01175,0.02
0.013688,0.03
-0.021189,0.07
0.003444,-0.02
-0.004927,-0.09
-0.0132,-0.01
0.004875,0.09
-0.006564,-0.03
-0.016507,0.06
0.000696,0.12
0.00397,-0.04
0.001553,-0.05
0.003903,0.04
-0.003271,0.04
0.014268,0.0
0.016645,-0.01
-0.007165,0.04
-0.004422,-0.0
0.001413,-0.03
-0.000152,0.08
0.001604,0.07
0.002733,0.05
0.009724,0.1
-0.007149,0.06
-0.009074,0.11
-0.019242,0.07
0.00422,0.05
0.000196,-0.02
-0.013023,0.06
0.000468,-0.06
0.000136,-0.07
0.012571,0.02
-0.00633,0.01
0.000813,0.05
0.005359,0.06
0.00951,-0.06
-0.003097,-0.06
0.009599,-0.02
0.002273,-0.02
-0.004789,0.06
-0.004024,0.01
0.001762,-0.09
0.006714,-0.05
0.007704,0.02
0.009037,-0.07
0.009835,0.01
0.00053,-0.01
-0.000581,-0.08
0.022526,0.09
0.001293,0.05
0.009207,0.01
-0.007313,-0.04
-0.003063,-0.06
0.009,-0.03
0.000574,-0.07
-0.000217,0.02
-0.004528,0.14
-0.003277,-0.01
-0.013039,0.03
0.004519,0.01
-0.001125,0.01
0.022034,0.04
0.010048,-0.02
0.006093,0.04
0.016415,0.03
-0.004226,-0.03
-0.001062,-0.01
0.001336,0.03
-0.00073,0.04
-0.01458,-0.02
0.005389,0.01
0.018965,0.01
0.003304,0.01
-0.002189,0.02
0.006757,0.03
-0.012799,0.02
-0.000482,0.01
0.004757,0.01
0.01014,0.05
-0.001958,0.04
0.014814,-0.07
0.00758,0.05
-0.001868,-0.0
-0.007997,-0.03
0.001718,-0.04
0.004601,0.02
-0.002629,0.04
-0.006482,0.01
-0.00454,0.02
0.003549,-0.01
0.002457,-0.02
-0.000256,0.02
-0.013024,0.05
0.002438,0.02
0.017356,-0.01
-0.020325,0.05
0.005202,-0.04
0.021302,0.04
-0.006571,-0.08
-0.003808,0.02
-0.003894,-0.03
-0.003675,-0.1
-0.001341,-0.03
-0.004004,0.08
0.009906,0.02
-0.014395,-0.09
0.017322,0.0
-0.018475,-0.01
0.014403,-0.02
-0.015412,-0.04
0.017645,0.01
-0.002111,-0.0
0.033287,0.05
-0.009187,-0.01
-0.005931,-0.01
-0.006643,-0.02
0.013925,-0.0
0.013518,-0.11
0.035416,-0.03
-0.007031,-0.05
0.041264,-0.01
0.025006,0.02
-0.004073,-0.04
0.01023,-0.04
-0.009775,-0.02
0.028559,0.05
-0.010169,-0.04
-0.005434,0.0
-0.046141,0.03
0.004726,0.07
-0.008954,-0.07
0.008945,-0.0
-0.024677,0.04
-0.027385,0.06
-0.002629,0.04
0.004108,0.1
0.016161,0.08
0.008,-0.04
-0.003986,-0.03
-0.023104,0.02
0.000279,0.06
0.003137,0.06
0.01739,-0.03
0.011013,0.0
0.034268,-0.06
-0.008613,0.0
-0.027876,-0.02
-0.011439,0.12
0.006292,0.06
0.004539,0.04
0.00829,-0.06
0.002887,-0.03
-0.027273,-0.03
0.000622,-0.01
-0.013519,-0.04
0.014892,-0.0
-0.001553,-0.06
-0.00537,0.02
0.008991,-0.09
0.013118,-0.03
-0.00831,-0.04
0.008214,-0.04
0.010735,-0.06
-0.003225,0.04
-0.012006,-0.04
0.004773,0.14
-0.007959,-0.01
-0.002274,0.02
0.00852,0.01
-0.001043,-0.04
0.003415,-0.02
0.01514,-0.02
0.009239,-0.08
0.018676,-0.0
0.001613,-0.08
0.000324,0.07
0.000966,-0.08
-0.007805,-0.0
0.001217,-0.07
-0.004423,-0.01
-0.005599,0.04
-0.010778,0.04
-0.012861,-0.01
-0.005565,-0.07
-0.052828,0.01
-0.001814,-0.02
-0.011353,0.0
-0.030543,0.08
-0.007405,-0.01
0.004681,0.07
-0.013817,-0.06
-0.010783,0.05
0.000269,-0.1
-0.014344,0.09
0.010845,-0.01
0.010149,-0.0
0.001563,0.03
0.012071,0.05
0.006452,0.02
-0.018194,0.01
0.011532,0.09
-0.033706,0.14
0.007435,-0.05
0.001645,-0.03
0.007595,-0.03
0.007251,-0.07
0.00618,-0.14
0.014934,-0.07
-0.005839,0.01
0.012212,0.02
0.000181,0.06
0.022282,-0.04
-0.013369,0.0
-0.04471,0.01
0.005139,0.04
0.021455,0.01
-0.023856,0.03
-0.013202,0.04
-0.016956,0.04
0.009578,0.03
0.004939,0.0
0.002942,-0.05
0.02208,0.02
0.006377,-0.03
0.019992,-0.01
0.016402,-0.01
0.012384,-0.0
-0.008896,-0.05
-0.005048,0.0
0.018276,0.02
0.026721,0.11
-0.025606,0.01
0.00411,0.01
-0.001219,-0.08
-0.008656,0.07
0.000719,-0.04
-0.005363,0.06
-0.010229,0.02
-0.013169,-0.03
-0.007203,0.01
-0.028364,0.06
0.001516,-0.1
-0.003055,0.07
-0.006444,-0.11
0.011737,0.03
0.000373,0.06
0.000726,0.03
0.001026,-0.05
-0.009746,-0.03
-0.006631,-0.08
-0.020278,-0.03
0.008148,0.17
0.008472,-0.07
-0.027197,-0.01
0.00017,0.05
-0.006591,0.02
0.012611,-0.06
0.022128,0.03
0.005103,0.04
-0.000595,-0.02
0.011527,-0.01
0.024119,0.0
0.026244,-0.01
0.023718,-0.01
0.006477,0.08
-0.01195,-0.05
0.019775,-0.02
-0.020333,0.03
-0.012804,0.13
0.003011,-0.05
-0.005177,-0.07
0.009946,-0.02
-0.005738,-0.07
0.033894,-0.08
0.024372,-0.04
-0.016537,0.07
-0.015444,-0.03
0.024641,0.04
-0.019711,0.02
-0.008253,0.03
-0.000405,-0.02
-0.006347,0.04
0.002995,-0.01
-0.025564,-0.01
0.001206,-0.06
-0.045311,0.03
0.002037,-0.01
-0.011985,-0.05
-0.010656,-0.02
0.016932,0.07
-0.017843,0.02
0.011774,0.06
0.023329,-0.05
-0.018598,-0.07
0.004484,0.05
0.023899,-0.1
-0.022263,0.03
-0.017629,-0.14
-0.009395,0.02
-0.007638,-0.03
-0.005263,0.02
0.019716,0.1
0.000975,0.12
0.033401,-0.28
-0.025392,0.02
0.040367,0.05
0.020283,0.12
-0.027518,-0.05
0.016229,0.04
0.000733,-0.02
-0.007286,0.03
-0.024651,-0.04
-0.0276,-0.01
0.031626,-0.05
-0.009618,-0.14
0.009331,0.02
-0.002199,-0.03
-0.035477,-0.03
-0.00801,0.03
-0.002204,0.08
0.014418,-0.2
0.029216,-0.04
-0.000504,0.08
-0.004006,-0.08
0.005615,-0.01
0.00443,-0.05
-0.005933,0.02
-0.038012,0.21
-0.002136,-0.07
-0.006868,0.0
0.012175,0.06
-0.0005,0.02
0.00533,0.01
-0.022135,0.14
-0.035306,0.11
-0.033906,0.26
0.017523,-0.1
-0.000683,-0.04
0.000579,0.06
-0.024628,-0.04
-0.017408,0.1
-0.028115,-0.05
-0.013486,-0.0
0.020094,0.11
0.000848,0.08
0.018103,0.04
0.010667,0.06
-0.014181,-0.0
0.014473,0.07
-0.002256,-0.06
0.000487,-0.02
-0.033666,0.07
-0.006277,0.0
-0.025719,-0.0
-0.014983,-0.04
0.016932,0.04
0.00649,-0.05
0.022906,0.07
0.014998,0.0
0.016645,-0.0
0.018028,-0.1
0.009464,-0.01
-0.00227,0.03
-0.007875,-0.05
-0.007557,-0.02
0.009289,-0.07
0.0077,-0.06
-0.00775,-0.05
-0.008944,0.04
0.0038,0.09
0.023595,-0.01
-0.01539,0.05
0.000877,-0.13
0.021084,0.04
-0.006933,0.01
0.019308,-0.09
0.008439,-0.05
0.027926,-0.04
-0.010285,0.03
0.003475,-0.03
0.004868,0.04
-0.003253,0.01
-0.000234,0.06
-0.01552,-0.01
-0.013524,-0.12
0.03454,-0.05
0.007403,-0.01
-0.007956,0.02
0.029164,-0.06
-0.012018,-0.01
0.002211,-0.03
0.010429,0.08
0.009108,-0.01
0.001621,0.05
-0.003379,-0.02
-0.031283,0.06
-0.006998,0.08
0.029017,-0.02
0.007858,-0.11
-0.017874,-0.0
-0.002472,-0.08
0.004028,-0.07
-0.013932,-0.02
-0.006379,0.11
-0.010288,-0.07
-0.004641,-0.13
0.007779,-0.24
0.019908,-0.13
-0.000762,0.01
-0.004709,0.02
0.001892,0.06
0.016297,-0.03
0.009438,-0.09
-0.00444,0.03
-0.002871,-0.03
-0.001475,0.13
0.006618,0.04
-1.7e-05,0.05
0.001959,-0.02
-0.008629,-0.09
-0.000914,0.06
0.025126,0.0
-0.000341,0.03
0.020359,0.06
-0.022526,-0.05
-0.00395,-0.05
-0.020463,-0.04
-0.008555,0.03
0.0163,-0.12
0.003001,-0.12
0.023072,0.06
-0.011269,0.03
0.001174,0.08
-0.015789,0.01
-0.000621,0.07
0.030688,-0.01
0.026454,0.06
-0.000691,-0.04
0.008517,-0.14
-0.042723,0.21
0.005671,-0.06
0.003672,-0.14
-0.00099,-0.0
0.000812,0.08
0.011883,-0.06
0.001866,-0.0
-0.003313,-0.05
0.000476,0.06
0.009623,-0.09
-0.009261,0.07
-0.015249,0.12
0.002703,0.04
-0.039626,0.37
0.0034,-0.03
-0.015027,0.07
-0.007731,0.1
0.000863,0.02
0.003182,-0.11
0.007802,-0.02
0.019644,-0.03
0.005905,-0.01
-0.014388,-0.1
-0.002286,-0.05
0.00106,-0.18
-0.005233,0.16
-0.005727,0.24
0.006456,0.07
0.03089,-0.39
0.003535,-0.11
0.001755,0.08
0.011742,-0.21
-0.009781,0.12
-0.00738,0.13
0.019797,-0.04
0.011514,-0.05
-0.01528,-0.08
0.006935,-0.02
-0.010941,-0.11
0.014966,-0.2
-0.023846,-0.07
0.008733,-0.17
-0.008152,-0.06
-0.007582,0.03
0.014097,-0.03
-0.000861,-0.01
-0.006421,0.01
0.00732,0.03
0.010721,-0.01
-0.00401,0.04
0.011481,-0.07
-0.009877,0.1
-0.011893,0.05
0.003306,0.08
0.021449,-0.09
0.003608,0.05
-0.009321,0.08
0.006377,0.01
0.010445,0.01
0.007432,-0.03
-0.000478,0.03
0.011061,-0.05
0.015436,0.01
-0.000445,0.07
-0.00697,0.08
-0.01319,0.06
-0.002364,0.02
-0.001176,0.13
-0.001894,-0.05
0.020444,-0.01
0.010606,-0.0
-0.003787,0.08
-0.001133,-0.03
0.01874,-0.03
0.00831,0.06
0.003841,-0.03
-0.022712,0.02
-0.026471,0.1
0.001975,0.15
0.011753,-0.03
-0.000838,-0.05
-0.010851,0.0
0.010345,0.03
0.02928,-0.03
-0.022978,0.01
-0.027647,0.02
0.021397,-0.07
0.006061,-0.07
0.007519,-0.05
0.005291,0.02
-0.019337,0.02
-0.01618,-0.02
0.00518,-0.04
0.026137,-0.0
-0.013605,-0.07
0.011285,-0.08
-0.000357,0.03
0.001445,0.04
-0.000669,-0.03
0.003565,-0.0
-0.007713,0.01
-0.007927,0.03
-0.006966,0.08
-0.01348,0.07
-0.005601,-0.05
-0.004076,-0.06
0.013652,-0.01
0.01038,-0.0
0.028183,-0.07
0.004563,-0.02
0.005997,0.0
-0.002339,-0.0
0.02498,-0.16
-0.00854,0.06
-0.010862,0.0
-0.009863,0.07
0.006752,0.01
-0.004907,-0.09
-0.007875,0.06
-0.010189,0.24
0.007797,-0.06
0.041102,-0.35
-0.003477,-0.08
0.000334,-0.06
-0.01463,0.1
-0.015283,0.17
0.007907,-0.17
-0.022935,0.24
-0.021567,0.39
-0.009861,-0.02
0.009033,0.05
-0.010359,0.08
-0.00682,0.23
0.00015,0.06
0.00205,-0.17
0.000525,-0.03
0.014231,-0.18
-0.018944,0.14
-0.024004,0.39
-0.00956,0.05
-0.0003,-0.04
0.017525,0.08
0.001373,0.01
0.006237,0.04
-0.003247,0.05
0.006447,-0.05
0.003802,0.01
-0.00417,-0.06
0.014703,-0.0
-0.004371,0.1
-0.003811,0.01
0.007671,-0.01
0.012613,-0.04
-0.007737,-0.02
0.005915,0.07
-0.009207,-0.03
-0.005531,0.11
0.00346,0.12
-0.000507,-0.06
-0.012754,0.05
0.024727,-0.1
-0.011527,0.09
-0.010697,0.0
-0.00486,-0.05
-0.01382,-0.06
-0.000246,0.0
0.010384,-0.04
0.006557,-0.01
-0.005096,-0.06
0.009591,-0.01
-0.004805,-0.01
-0.006892,-0.09
0.004377,-0.08
0.011858,-0.09
-0.002432,-0.05
0.008876,-0.02
-0.005136,-0.05
0.004431,0.03
0.004275,-0.08
-0.001364,-0.03
0.01253,0.11
0.005364,-0.02
-0.004163,0.05
0.021441,0.08
-0.007667,-0.03
0.018057,-0.03
-0.004727,0.05
-0.01675,0.16
-0.008924,-0.04
0.018697,-0.04
0.009641,-0.04
0.009865,0.08
0.007192,-0.0
-0.006713,0.05
0.016765,-0.1
0.000555,0.03
-0.004236,-0.05
0.01106,-0.02
0.015025,0.04
-0.004099,0.02
-0.007461,-0.05
-0.003517,-0.01
0.00168,0.1
0.006941,-0.02
0.007143,-0.04
-0.002488,0.14
-0.000866,-0.05
0.002139,-0.1
0.012659,0.1
-0.006952,0.01
-0.002873,-0.03
0.002476,-0.02
-0.005931,-0.01
-0.009435,0.01
0.001969,0.05
-0.001145,0.1
0.004424,0.03
-0.001744,-0.04
-0.013076,0.04
-0.009859,0.02
0.004436,0.01
-0.001239,-0.02
0.006237,0.01
0.002282,-0.02
-0.002655,-0.04
0.005314,-0.03
0.001514,0.03
-0.009028,-0.05
0.01189,0.0
0.010393,-0.04
-0.001836,-0.04
0.006311,-0.0
-0.008347,0.03
0.009667,0.05
-0.000134,-0.02
-0.000436,0.05
-0.003336,-0.04
-0.001372,0.05
0.002982,-0.07
0.00193,-0.0
-0.002564,0.03
0.004008,-0.01
0.0082,0.02
-0.011593,-0.01
-0.004642,0.03
-0.009318,-0.02
0.005323,-0.03
-0.005835,-0.01
-0.003862,0.02
0.008225,-0.02
-0.003749,-0.03
0.009112,-0.0
0.007603,0.07
0.004769,-0.01
-0.009755,0.01
0.001571,-0.05
0.002321,-0.05
0.006553,-0.03
0.00793,0.04
0.003133,0.02
-0.012208,0.05
0.019913,-0.08
0.005657,0.11
0.000987,0.0
-0.002026,0.09
0.007396,-0.06
0.000836,0.05
0.006534,0.04
-0.031829,-0.07
0.008873,-0.05
0.009095,-0.02
0.009865,-0.0
-0.000187,0.0
0.001465,0.06
-0.006117,-0.02
0.005844,0.05
0.002625,-0.02
0.005472,-0.03
0.010464,-0.01
0.002995,0.03
0.000549,-0.05
0.00198,0.12
-0.002214,-0.0
-0.000321,-0.01
0.001699,0.03
-0.002321,-0.01
-0.011928,0.01
0.006761,0.0
-0.005065,0.02
-0.001404,-0.11
0.002809,0.03
-0.002675,0.0
-0.004173,-0.05
0.000181,-0.02
0.000835,-0.03
-0.006071,0.01
-0.002033,-0.07
0.000732,-0.0
-0.000603,0.03
0.013591,-0.01
-0.012147,-0.03
0.00411,-0.02
-0.00151,0.01
0.006582,-0.13
-7.7e-05,0.05
0.013005,0.0
0.013253,-0.01
0.001378,0.04
-0.002101,0.06
-0.013274,0.08
0.0039,0.07
-0.016254,0.03
-0.00304,0.07
-0.008127,0.05
0.006206,0.09
0.001667,0.06
-0.010418,-0.0
0.005279,0.02
-0.002185,-0.0
-0.002112,-0.01
-0.005838,0.0
0.002585,0.01
0.004209,0.01
0.013979,0.03
0.001974,0.02
0.010894,0.07
-0.009179,-0.06
0.008449,-0.04
0.008366,-0.0
0.007158,-0.0
-0.004106,0.02
-0.004274,-0.01
0.001755,0.02
0.000959,0.02
-0.009838,0.01
-0.011462,-0.07
-0.001496,0.03
-0.002496,0.01
-0.003383,-0.0
-0.005772,-0.05
-0.005793,0.02
0.000226,0.06
0.014747,0.0
0.002692,-0.03
0.000889,-0.05
-0.002815,0.03
0.003148,0.03
0.009305,0.05
0.004814,0.08
-0.01264,0.02
0.009785,0.02
0.002408,-0.07
-0.006121,0.07
-0.001144,-0.04
0.011448,0.04
-0.003341,-0.03
-0.016207,-0.01
-0.001887,-0.08
-0.003628,0.06
0.00077,0.1
-0.002494,-0.01
-0.000744,0.03
0.011132,0.03
-0.001465,0.02
0.002463,-0.04
-0.006571,0.02
0.013366,0.02
0.001616,-0.02
-0.012213,0.0
0.000674,-0.06
-0.010882,0.01
0.005558,0.04
-0.00193,0.01
-0.006278,-0.0
0.006865,0.03
0.006636,-0.04
0.007881,0.06
-0.006813,-0.03
-0.007106,-0.01
0.001874,0.05
-0.000478,-0.01
0.010787,-0.01
0.003526,0.02
0.01246,-0.03
0.00707,-0.07
0.002457,0.05
-0.000899,0.01
-0.009079,-0.06
0.005261,0.03
0.007498,0.09
0.021802,-0.03
0.003968,-0.02
0.010148,-0.08
0.009822,-0.05
0.002698,0.04
0.009967,-0.1
0.008658,-0.07
-0.003934,0.01
0.012925,-0.02
0.021889,-0.26
0.004666,-0.12
0.015082,-0.4
0.001139,-0.25
-0.014299,0.26
-0.000683,-0.0
0.02102,-0.1
-0.014724,0.07
0.001769,0.0
-0.007349,-0.01
-0.010102,-0.02
-0.008258,0.05
5.4e-05,-0.1
0.023788,-0.21
0.004769,0.01
0.001736,0.01
-0.002604,0.04
-0.013515,0.03
0.008753,0.06
0.008803,0.01
0.005191,0.03
-0.003526,0.04
-0.000239,-0.03
0.004974,0.01
0.012886,-0.02
-0.006676,0.05
-0.002963,-0.01
0.00515,-0.05
0.007556,-0.01
0.001087,0.06
0.005175,0.03
-0.00976,0.06
-0.008238,0.15
0.001814,0.01
-0.000535,0.11
-0.005725,0.1
-0.013553,0.1
-0.01204,0.03
0.009756,-0.09
-0.001927,0.01
0.005987,0.12
0.010318,-0.1
0.007671,-0.05
0.016203,-0.02
0.001318,0.03
0.006765,-0.01
0.012769,0.01
0.008382,-0.02
0.015795,-0.07
1.7e-05,-0.04
-0.005542,0.04
-0.005663,0.01
0.011307,-0.05
0.014787,-0.04
0.00295,-0.11
0.017836,-0.05
0.009754,0.03
-0.009201,-0.04
-0.005798,-0.08
-0.00782,-0.01
-0.002118,-0.03
-0.001475,0.04
-0.002124,-0.05
0.006758,-0.05
-0.001285,-0.06
0.003441,-0.08
0.004628,0.09
0.004352,-0.04
-0.00311,-0.03
0.012915,0.02
0.001413,0.01
0.007245,0.06
-0.008007,-0.01
0.007666,-0.04
-0.004777,0.02
-0.00756,-0.01
-0.001846,0.07
0.010388,0.04
0.00862,0.01
0.010322,-0.03
0.007307,0.02
0.001946,-0.02
-0.004913,0.01
-0.00085,-0.05
0.002803,-0.01
0.003787,0.01
0.008125,-0.0
0.006495,-0.02
-0.000591,0.09
-0.012303,0.01
0.004344,-0.01
-0.010758,0.02
-0.003182,-0.0
0.006219,-0.08
-0.005791,0.02
0.00377,0.06
0.01267,-0.05
-0.000187,0.09
0.00185,-0.09
0.006126,0.06
-0.000707,-0.09
-0.006402,0.02
-0.020643,0.09
-0.018113,0.08
0.002705,0.02
0.0096,-0.05
0.007628,-0.01
-0.005173,0.01
0.002013,-0.08
0.014287,0.02
0.007734,0.01
0.012271,0.0
-0.000139,-0.04
-0.006038,0.01
0.004258,-0.01
-0.004568,-0.08
-0.000775,0.05
0.010739,0.01
-0.004532,-0.03
-0.013251,0.07
-0.007964,-0.02
0.00138,-0.03
0.002491,0.0
-0.025958,-0.09
-0.010523,-0.05
-0.000966,-0.02
0.0097,0.01
0.000118,-0.02
-0.004862,0.04
0.007198,-0.01
0.003427,-0.02
0.012932,-0.12
0.004944,-0.03
-0.001198,-0.04
0.009262,0.04
-0.00696,-0.03
0.003057,0.02
0.002473,-0.04
-0.001717,-0.02
-0.001556,0.05
0.008401,0.0
-0.006261,-0.02
0.000567,0.06
0.005109,-0.06
0.015467,0.02
-0.020428,0.09
-0.00037,-0.02
-0.011762,0.02
0.004199,0.0
-0.010029,0.13
0.001239,0.08
-0.003298,0.1
0.016048,-0.04
0.012549,-0.07
-0.002134,-0.0
-0.006099,0.06
-0.006824,0.01
0.004157,-0.05
-0.008253,0.1
0.002479,0.01
0.023716,0.1
0.011247,0.12
0.009134,-0.01
0.005813,0.0
-0.002415,-0.01
0.004472,-0.05
0.001984,0.06
-0.021014,0.03
0.008124,0.0
0.005754,-0.03
-0.00172,-0.02
-0.00422,-0.0
0.002558,0.01
-0.013533,-0.01
0.001811,-0.01
0.005996,-0.02
0.005433,-0.02
0.000852,-0.03
-0.013688,-0.01
-0.008552,0.0
0.002056,0.03
-0.006179,-0.0
0.005699,-0.04
0.016165,0.02
0.000215,0.01
0.004129,-0.02
-0.003155,0.07
0.00276,0.01
0.005323,-0.05
-0.006003,-0.01
0.000591,-0.02
-0.010726,-0.02
-0.000981,-0.03
0.008536,0.0
0.003747,-0.02
-0.005122,-0.03
0.006087,0.0
-0.003729,0.0
0.000506,-0.03
0.010837,-0.02
-0.008652,0.11
0.005264,-0.02
0.000217,0.0
0.002668,-0.05
0.005922,-0.04
-0.008623,-0.04
0.016917,-0.13
-0.005208,0.03
-0.00038,-0.01
-0.000437,0.06
0.004669,-0.01
0.006092,0.03
0.000185,0.02
-0.011385,-0.02
0.012301,0.04
0.006101,0.0
0.012986,-0.02
-0.002183,-0.02
0.000738,-0.03
-0.000897,0.02
0.005192,0.03
-0.002288,-0.08
0.005323,0.03
0.006552,-0.02
-0.00887,-0.0
-0.002961,0.06
0.005792,0.03
0.001085,0.03
0.000579,0.05
0.009878,0.01
-0.016138,-0.04
0.007208,0.06
-0.011103,0.06
0.00318,0.03
0.011317,0.02
0.00841,0.05
0.017005,-0.01
0.03039,-0.08
0.005108,-0.04
0.001805,-0.04
-0.015514,-0.0
0.0051,-0.11
0.005061,-0.1
-0.005384,0.02
0.004294,0.08
-0.001877,-0.0
0.006109,-0.04
-0.009083,0.03
-0.005299,-0.01
-0.004576,0.05
-0.003455,-0.08
0.005147,-0.09
-0.014933,0.06
-0.024543,0.2
0.000615,0.01
-0.004379,0.04
-0.004015,-0.01
-0.002787,0.1
0.008121,0.01
-0.007705,0.02
-0.009717,0.01
-0.008493,0.01
-0.004722,-0.02
-0.001477,0.01
-0.005783,-0.01
-0.006691,-0.09
0.0048,0.01
-3.4e-05,0.1
-0.000845,-0.03
-0.003925,-0.01
-0.004494,0.03
0.001602,-0.06
0.001078,-0.07
0.003786,0.0
0.008969,-0.0
0.001975,-0.03
0.002006,0.03
-0.00621,0.02
-0.006688,-0.02
-0.007941,0.05
-0.002344,-0.04
-0.004749,0.1
-0.006052,0.12
0.000975,-0.02
0.008388,-0.0
0.000937,0.13
-0.009214,0.02
0.004516,0.06
-0.027485,0.04
-0.00393,-0.06
-0.002882,-0.07
-0.007749,0.02
-0.003331,0.01
-0.004236,-0.02
-0.006045,-0.0
-0.002523,0.02
-0.00389,0.02
0.009575,0.02
0.006248,0.0
-0.006519,-0.02
0.005113,-0.0
-0.001406,0.02
-0.000911,-0.03
-0.005595,-0.1
0.003728,-0.02
0.001041,0.03
-0.000929,-0.03
-0.007482,-0.03
0.001324,-0.04
0.006994,0.03
0.007489,0.03
-0.015447,0.04
0.003487,0.06
0.00156,0.01
0.009545,-0.09
-0.006573,0.03
0.017107,-0.04
0.015896,-0.06
-0.000803,0.02
0.002669,-0.06
-0.010734,-0.01
0.017266,0.02
-0.002195,0.0
-0.000169,-0.01
-0.013463,-0.11
0.009536,-0.02
0.002034,0.03
-0.004608,0.06
0.001376,-0.07
-0.000629,0.01
-0.004059,0.04
0.007451,0.05
0.00672,-0.0
0.003892,0.07
-0.00922,0.03
0.007629,-0.08
0.0036,-0.01
-0.001247,-0.05
-0.011387,-0.07
0.018384,-0.03
-0.00079,0.03
-0.016571,0.08
0.010273,-0.01
-0.006222,0.08
0.014377,0.04
-0.005619,0.06
0.003994,-0.06
0.000785,0.1
0.002816,0.0
0.043868,-0.6
-0.005153,0.32
0.002487,0.08
0.003645,0.01
0.005259,-0.03
0.004993,0.01
0.00427,0.0
0.009458,0.06
0.006305,0.09
-0.001579,-0.06
-0.006965,-0.04
-0.012038,0.01
-0.004307,-0.05
-0.007431,0.01
0.001199,-0.07
0.005538,0.02
0.0047,0.05
0.000254,0.03
0.002352,-0.02
0.00047,-0.03
0.007476,0.04
-0.003992,0.06
-0.003726,0.02
0.009157,0.0
-0.014709,0.09
-0.003279,0.02
0.003304,-0.07
-0.003706,-0.09
0.005922,-0.08
-0.007498,-0.02
-0.004896,0.01
0.004712,-0.01
0.009373,-0.01
-0.004458,-0.03
0.002379,0.04
-0.003207,0.06
0.001979,-0.02
-0.007648,-0.05
-0.01309,0.09
0.006886,-0.0
0.004601,0.02
0.004815,-0.04
-0.006425,0.02
0.001652,0.02
0.007275,0.02
-0.007325,-0.05
-0.003352,0.04
0.001841,0.01
-0.001628,0.01
-0.014501,-0.01
0.003922,-0.03
0.000483,-0.04
0.00865,0.01
0.000851,-0.01
-0.005827,-0.0
0.008929,0.04
0.001599,-0.05
-0.004159,0.03
-0.007737,-0.04
0.002955,-0.01
-0.004328,0.07
0.004824,-0.02
-0.001343,-0.04
-0.00344,-0.03
-0.012063,0.13
0.005437,-0.19
0.013941,-0.03
-0.011083,0.07
0.001154,-0.25
0.021614,-0.33
-0.015187,0.14
0.007714,-0.17
0.012885,-0.0
0.00645,-0.1
0.01194,-0.19
0.010723,-0.09
0.007012,-0.03
0.004484,0.1
0.005446,0.06
-0.004207,-0.11
0.012742,-0.1
-0.023976,0.01
-0.013154,0.11
-0.010006,0.04
0.01496,-0.06
-0.002176,0.06
-0.00839,0.14
-0.000631,0.06
0.000913,-0.01
-0.001271,0.01
-0.004892,0.04
0.012599,-0.01
0.000581,0.02
-0.01963,0.1
-0.002875,0.0
-0.00939,-0.0
-0.007216,0.12
0.004119,-0.06
0.016138,-0.05
0.005259,-0.1
0.022194,0.01
0.005634,-0.05
0.002321,-0.05
0.00919,-0.15
-0.004407,0.04
0.003124,0.02
0.004436,-0.07
-0.001154,0.01
-0.015129,0.23
0.020655,-0.07
-0.001891,0.04
-0.016052,-0.0
-0.009224,-0.02
0.002695,0.0
0.007896,0.01
-0.004456,0.09
-0.014894,0.11
0.010035,-0.05
-0.004152,-0.06
-0.006031,-0.09
0.00616,0.04
-0.001837,0.07
-0.000895,-0.08
0.021061,0.07
-0.015414,0.18
0.005177,-0.08
0.004242,-0.02
-0.004514,-0.03
0.025964,-0.18
-0.015109,0.07
0.00369,0.14
0.011174,-0.07
-0.027968,0.04
-0.006118,0.05
-0.017468,-0.09
0.007144,-0.14
0.020374,-0.02
0.006856,-0.05
-0.005473,0.17
0.008194,-0.15
0.000722,0.08
0.011731,-0.1
-0.012381,0.0
-0.001112,0.04
-0.025526,0.29
0.008385,0.07
0.002666,-0.04
0.012056,0.04
0.018535,0.07
-0.009673,-0.03
0.003281,0.0
-0.014561,0.12
0.009552,-0.08
-7e-06,-0.05
0.005908,-0.12
-0.000263,0.05
-0.008214,0.13
-0.003049,0.06
0.013745,0.02
0.015113,-0.08
-0.003162,0.04
0.003122,-0.05
0.023462,-0.18
-0.017128,0.15
0.005461,0.1
-0.006632,0.05
0.015846,-0.05
0.002676,0.11
0.007656,-0.07
0.01427,-0.13
-0.013794,0.01
0.005874,-0.01
0.006999,-0.01
-0.006856,0.01
0.009122,-0.06
0.004629,0.03
-0.006422,-0.06
-0.001645,-0.04
0.003945,-0.05
-0.001001,-0.02
-0.011555,0.07
0.014743,0.04
-0.003324,-0.08
-0.005137,0.04
-0.004867,0.03
-0.00919,0.0
-0.006377,-0.03
-0.008598,0.1
0.002323,0.01
-0.01726,0.03
-0.023304,0.11
6e-06,-0.06
-0.007178,0.12
0.008263,-0.08
0.004086,0.06
0.012768,-0.08
-0.009437,-0.03
-0.003232,0.1
0.000958,0.05
-0.013092,0.12
0.016153,0.01
0.022709,-0.05
-0.006002,0.02
-0.004127,0.15
0.002646,0.01
0.007364,0.01
0.002776,-0.04
0.0111,-0.07
0.013795,-0.06
-0.009443,0.03
-0.001267,-0.09
0.002474,-0.01
-0.001066,-0.03
0.003591,0.04
-0.001018,-0.03
0.00173,0.09
0.01612,-0.02
0.009375,0.09
0.007494,0.04
0.005174,-0.05
0.010272,-0.05
0.008877,-0.11
0.012071,-0.1
0.00549,-0.08
0.00877,0.04
1.7e-05,0.02
0.004837,-0.02
-0.004479,0.01
0.016181,-0.07
-0.00015,-0.0
0.004338,0.03
-0.007924,0.01
0.0049,-0.01
-0.00175,-0.01
-0.01388,0.03
0.001583,0.04
-0.009195,0.03
0.000811,0.02
0.0065,-0.04
-0.008709,-0.0
-0.002687,0.03
0.002849,-0.03
0.000166,-0.03
-0.002792,0.04
-0.003679,-0.02
-0.011415,0.02
-0.006991,-0.05
-0.011124,0.0
-0.008465,0.01
-0.014045,0.04
-0.006292,-0.01
-0.004557,-0.01
0.013014,0.04
0.002367,0.02
0.008346,-0.0
0.002637,-0.01
0.006615,-0.03
0.007434,-0.01
0.005734,0.02
0.011355,-0.04
0.023088,-0.14
-0.007638,-0.07
-0.017359,0.08
-0.022679,-0.02
-0.016058,0.03
0.01184,0.02
0.005946,0.01
0.005165,-0.04
0.018497,-0.05
0.006977,0.05
-0.012729,0.01
-0.006326,-0.09
-0.007428,0.05
0.003379,-0.01
0.000961,-0.01
-0.010564,0.02
-0.009294,-0.01
-0.002647,0.11
-0.001923,-0.01
0.003949,-0.05
0.004486,-0.0
0.004077,-0.01
0.003431,0.1
0.015502,-0.05
-0.014275,0.03
-0.000714,-0.04
-0.008178,-0.04
0.008036,-0.01
-0.002558,-0.02
0.008207,-0.01
0.011747,0.05
-0.026001,0.09
-0.005549,-0.03
-0.000857,0.02
0.007906,0.11
0.004058,-0.04
-0.001754,-0.01
0.002465,-0.0
0.002925,-0.04
-0.002519,-0.02
-0.005418,0.01
0.013255,-0.03
-0.000172,0.03
0.008767,0.05
0.010697,-0.04
-0.004674,0.06
0.006838,-0.03
-1.6e-05,0.14
0.003572,-0.04
0.014897,-0.12
-0.00645,-0.03
0.000119,0.03
0.000915,-0.03
-0.001468,0.0
0.002566,-0.06
0.019589,-0.01
-0.006191,-0.01
0.006763,-0.01
-0.001428,0.05
0.001233,0.06
0.009077,0.02
-0.004706,-0.05
0.013423,0.02
-0.006074,-0.06
-0.002226,0.02
0.006561,-0.04
-0.00373,0.0
0.008754,0.02
0.003934,-0.03
0.003579,-0.07
-0.006709,0.01
-0.001782,0.04
-0.015252,0.14
-0.008941,-0.03
0.013226,0.05
0.001691,-0.0
0.002922,-0.02
-0.009503,-0.02
0.020391,-0.11
-0.007169,0.0
0.005946,0.03
0.0065,0.07
-0.012809,0.06
0.012124,-0.1
0.02306,0.03
-0.001938,-0.04
0.011835,0.06
0.00948,-0.01
0.000637,0.03
-0.001219,0.09
-0.012177,0.11
0.004994,-0.0
0.003712,-0.01
0.013691,-0.07
0.000811,0.03
0.002132,0.09
-0.010052,0.01
0.036187,-0.11
0.018843,-0.01
0.017313,-0.07
-0.001507,0.05
0.018919,-0.27
-0.020667,-0.15
0.004471,0.03
0.020818,0.05
0.010985,-0.11
-0.022277,0.13
-0.002511,0.05
-0.003835,0.11
0.024215,0.01
-0.001145,0.11
0.005437,0.06
-0.001765,0.26
0.016581,0.03
0.006483,-0.44
0.014421,0.2
-0.011914,-0.05
0.008165,0.19
-0.008054,0.23
-0.001783,0.09
-0.004918,-0.03
-0.010502,-0.0
0.013454,-0.13
0.005445,0.12
-0.001256,0.13
0.019687,-0.25
0.007708,-0.1
0.007233,-0.18
0.013287,-0.1
0.01066,-0.06
-0.051549,0.91
0.006337,0.21
-0.002487,0.0
0.002461,0.07
0.017094,-0.16
0.011185,0.06
0.009754,-0.02
0.009619,-0.12
0.017289,0.07
0.003547,0.02
-0.013199,-0.03
-0.009385,0.06
-0.016018,0.19
0.013633,-0.18
-0.006684,0.05
-0.004406,0.02
0.005452,0.23
-0.010403,0.07
-0.027303,0.25
0.005426,0.15
-0.004199,-0.12
0.005812,-0.05
-0.002617,-0.04
-0.002404,-0.04
0.000286,0.05
0.005774,0.06
0.017426,0.0
0.003842,-0.03
0.021631,-0.06
0.005699,-0.07
-0.007876,-0.01
0.01379,-0.06
-0.001944,0.04
0.001903,-0.05
-0.008153,0.24
-0.016045,-0.1
0.00705,-0.16
0.026325,-0.0
0.019347,0.01
-0.025454,-0.01
0.01569,0.07
0.004709,-0.18
-0.005117,0.22
0.006239,0.26
0.013095,0.22
0.014089,-0.23
0.015944,-0.11
-0.00334,0.02
-0.021236,0.19
-0.016314,0.02
0.001329,0.1
0.003311,-0.09
0.008245,-0.05
-0.002772,-0.02
-0.005191,0.02
0.003557,0.04
-0.003824,0.04
0.00485,0.02
-0.013994,0.21
0.012919,-0.29
-0.003958,-0.07
-0.005519,-0.06
-0.008901,-0.17
-0.002216,-0.05
-0.008375,-0.26
0.005166,-0.06
0.020277,-0.17
0.123588,0.0
-0.004031,-0.06
-0.001205,0.0
-0.001721,-0.15
-0.019421,-0.04
0.006201,0.12
0.024234,0.1
-0.052718,-0.17
0.011177,-0.22
-0.042151,-0.02
-0.016636,0.02
0.002417,-0.16
0.013319,-0.17
0.026939,-0.09
-0.04372,0.07
0.005648,-0.44
-0.032507,-0.14
-0.031161,0.14
-0.027941,0.17
-0.010354,-0.29
0.012292,-0.03
0.014748,0.24
0.016031,0.08
-0.009998,0.18
0.014416,0.01
0.001149,0.82
0.043777,0.13
0.064464,-0.25
0.024233,-0.26
-0.008112,0.01
-0.008519,-0.31
0.008651,0.03
0.052706,-0.04
0.045223,-0.06
-0.009397,-0.11
-0.056557,-0.2
0.006621,-0.05
-0.019945,-0.02
-0.086058,0.41
-0.039256,0.33
-0.031151,0.19
0.016516,-0.12
0.004307,-0.04
-0.001411,-0.19
0.008105,-0.3
0.003382,-0.1
0.010723,-0.06
0.006074,0.06
0.003723,-0.08
0.005233,-0.14
-0.000297,-0.08
0.018811,0.18
-0.002855,-0.06
0.003705,0.07
-0.02307,0.04
0.000808,0.1
0.011553,0.03
0.001956,0.04
0.009208,-0.09
-0.004145,0.13
-0.010101,-0.03
0.005723,0.18
0.004798,-0.04
-0.01587,0.2
-0.010382,-0.01
0.002891,0.26
0.010443,0.17
0.008506,-0.21
0.004353,-0.02
-0.011342,0.04
0.009656,0.05
0.010128,0.08
0.020085,0.04
0.00325,-0.08
-0.005786,0.13
-2e-05,-0.05
-0.005649,-0.02
0.018226,-0.3
0.011368,-0.15
0.022133,-0.1
0.012682,0.01
-0.023444,0.19
0.014978,-0.01
0.00676,0.05
0.010328,0.13
0.004973,0.1
0.009074,-0.04
0.011737,0.06
-0.000818,-0.07
0.013339,0.04
-0.004492,-0.07
-0.006666,0.11
0.00521,0.07
-0.028201,-0.12
0.006206,0.14
-0.005664,-0.01
-0.00544,-0.08
0.004936,-0.28
0.012929,-0.04
-0.018459,-0.08
-0.010079,-0.06
-0.009016,0.07
0.022675,-0.33
0.015637,0.0
0.035222,-0.02
0.023404,-0.1
0.009444,0.26
0.003781,-0.05
-0.015519,0.04
0.000443,0.12
-0.015988,0.06
0.032925,0.1
0.015002,0.01
0.011386,-0.03
0.011967,-0.05
0.007843,-0.15
-0.002842,0.1
-0.008596,-0.28
-0.018125,-0.0
0.001897,-0.14
-0.014504,-0.2
-0.012488,0.02
-0.020844,0.04
0.008946,-0.02
0.000777,-0.17
0.026979,-0.27
0.00222,-0.13
-0.006709,0.04
0.000668,-0.08
0.009527,-0.16
-0.001418,0.14
0.001619,0.02
0.004223,-0.13
0.008967,0.03
0.019741,-0.06
-0.003146,-0.16
0.004104,-0.09
0.004585,0.26
0.000338,-0.0
-0.001024,-0.17
0.006434,0.11
0.003967,-0.23
0.016303,-0.04
0.010822,0.15
0.012929,-0.08
0.015072,0.15
-0.00448,-0.22
-0.001498,-0.14
-0.006383,0.16
0.005378,0.09
-0.024263,0.03
0.011231,-0.19
0.009386,0.11
0.00354,0.08
-0.015927,-0.05
-0.012042,0.21
1e-06,0.1
-9.1e-05,0.01
-0.011907,-0.03
-0.006617,-0.13
0.020143,-0.09
-0.00178,0.07
0.012192,0.16
-0.003246,-0.1
0.001262,-0.14
0.002058,-0.22
0.001295,-0.02
-0.000603,0.04
0.006235,-0.06
-0.017242,0.12
0.019155,-0.25
0.017081,-0.12
0.034683,-0.24
-0.001074,0.16
-0.002411,0.02
-0.006726,0.11
-0.013788,-0.33
-0.010586,-0.17
0.005871,0.05
-0.007199,0.15
-0.002114,-0.02
-0.020383,0.08
-0.019471,0.03
0.000467,-0.0
-0.005869,0.1
0.011866,-0.29
0.000596,-0.2
-0.004732,0.01
0.014257,-0.16
-0.00267,-0.11
0.067056,0.09
-0.010563,0.0
0.021287,-0.06
0.026515,-0.08
0.016897,-0.16
-0.02221,-0.02
-0.002756,0.24
-0.04483,-0.11
-0.005473,0.08
0.031669,-0.12
0.000128,-0.0
-0.000969,0.3
-0.004127,0.16
-0.015463,0.35
0.000492,-0.13
-0.03807,0.28
-0.020476,0.32
-0.025157,0.07
0.002179,-0.12
0.002272,0.06
-0.03026,0.1
-0.034797,0.29
-0.010438,0.08
-0.002056,-0.3
0.00105,-0.22
0.018799,-0.15
-0.000705,-0.1
-0.001361,-0.2
0.015952,-0.33
-0.004106,-0.37
0.011165,-0.06
-0.00295,0.14
-0.000237,0.16
0.007501,0.12
0.002908,0.2
-0.01328,0.15
0.005065,-0.09
0.008092,0.01
0.006682,0.01
-0.000275,-0.29
-0.004495,-0.11
-0.019029,-0.0
0.002874,0.16
-0.006958,-0.14
-0.002481,0.07
0.019038,-0.18
0.028961,-0.01
0.009583,0.06
0.002728,-0.02
-0.005113,-0.08
0.002559,-0.03
0.014763,-0.31
-0.004633,0.15
-0.004312,-0.08
0.017026,-0.06
0.003944,-0.23
0.016351,0.08
0.0119,0.18
0.003788,-0.02
0.004681,0.06
-0.01175,0.33
-0.021738,0.02
0.00131,0.09
-0.007076,0.21
0.018059,-0.3
0.014038,-0.12
-0.008264,-0.27
0.012952,-0.21
0.001942,-0.12
0.003617,-0.21
-0.004,0.27
-0.00725,0.07
-0.018665,0.21
-0.005778,0.07
0.012148,-0.19
-0.013316,0.07
-0.008607,0.2
0.006913,-0.22
0.002581,-0.11
-0.001583,0.24
0.00789,0.04
0.011543,-0.22
-0.008083,0.01
-0.010342,0.05
-0.011681,0.23
-0.008822,-0.01
0.009269,-0.15
-0.010628,0.53
-0.012379,-0.05
-0.004376,0.0
-0.026357,0.14
-0.007073,-0.03
0.003707,0.04
0.004481,-0.14
0.001877,0.09
-0.021392,-0.21
-0.005266,0.03
0.01777,-0.29
0.018823,0.09
-0.015971,-0.17
0.012452,0.19
-0.007718,-0.06
-0.014733,0.26
0.007243,0.06
0.0033,-0.1
0.000419,0.06
-0.004601,-0.21
0.016334,-0.16
-0.003253,0.06
-0.016725,0.2
-0.012453,-0.0
-0.019728,0.01
0.006608,0.03
0.007103,0.02
0.002799,-0.13
-0.011019,0.35
-0.01195,-0.41
0.005463,0.13
0.002463,-0.03
0.0157,-0.07
0.000434,-0.02
-0.00837,0.11
-0.004114,-0.03
0.010524,-0.16
0.01155,-0.09
0.009065,0.16
0.008735,-0.33
-0.007438,0.12
-0.001876,0.06
0.001873,0.03
0.008201,-0.04
-0.002315,0.09
-0.015083,0.08
-0.003313,-0.05
0.000433,0.05
0.022465,-0.19
0.005237,0.18
0.019698,-0.02
-0.013201,-0.2
0.001905,-0.15
0.003267,-0.12
0.007394,-0.12
0.015489,0.1
0.003128,0.12
-0.006903,0.06
-0.017066,-0.09
-0.025432,0.02
0.003368,-0.02
0.013945,-0.08
0.002606,-0.16
0.006941,-0.26
0.012013,0.24
0.002092,-0.05
0.004104,0.11
0.015971,0.05
0.023477,-0.08
0.009256,-0.21
-0.009625,0.34
0.006229,-0.09
-0.003589,0.13
-0.007827,-0.16
-0.005073,-0.17
-0.002879,-0.06
-0.002958,-0.2
-0.032574,0.1
-0.002533,0.27
-0.00884,0.2
0.003964,-0.25
-0.003582,-0.05
-2e-05,0.06
0.004062,0.02
-0.009467,-0.12
0.04851,0.07
-0.001161,0.12
-0.013643,0.14
0.001961,-0.11
0.003509,-0.07
0.005248,0.06
-0.014915,0.08
0.009792,0.18
0.010811,-0.05
0.009315,-0.3
-0.00304,0.02
0.005767,0.07
-0.017036,0.14
0.010572,0.14
-0.005638,0.08
-0.019292,-0.13
0.007604,0.26
-0.002757,0.02
0.003773,0.03
-0.009228,0.11
0.001417,-0.09
0.00903,-0.1
0.010692,-0.03
0.021369,-0.31
0.009984,-0.06
0.006248,0.07
-0.008863,0.21
0.000976,-0.14
0.017318,0.03
0.034326,0.06
-0.033231,0.13
0.011176,-0.19
0.001856,-0.01
0.018439,-0.25
-0.004968,0.18
0.011176,0.09
0.020305,-0.01
0.003366,-0.01
0.004915,-0.03
0.006661,0.19
0.00693,0.15
0.01206,-0.26
0.048115,-0.27
0.024319,-0.22
0.000362,-0.03
-0.00648,-0.14
-0.037326,-0.01
0.018371,-0.21
-0.036507,-0.17
-0.026473,0.09
-0.035983,-0.04
-0.024282,0.15
-0.008758,-0.0
-0.020051,-0.02
-0.005665,0.26
-0.019101,0.18
0.047872,-0.24
0.056325,-0.19
0.03045,-0.2
0.011956,0.11
-0.006942,0.05
-0.019795,-0.08
-0.033341,0.23
-0.043393,0.02
-0.009011,-0.53
0.009289,0.13
-0.012293,0.05
0.003723,0.02
-0.001245,-0.04
-0.004551,-0.04
0.007426,0.07
-0.008861,-0.16
0.009238,0.17
-0.011182,-0.17
0.002473,0.11
0.003414,-0.07
0.018241,0.1
-0.003966,-0.12
0.000871,-0.09
-0.003867,0.02
0.014114,-0.13
0.002227,0.03
0.001236,0.06
0.001392,0.07
0.003353,-0.31
0.014013,0.06
-0.023847,0.22
-0.010466,0.19
-0.010579,0.0
0.012676,0.03
-0.00187,0.28
0.007998,-0.02
0.006919,-0.05
0.006442,0.04
0.013894,-0.13
-0.010177,-0.02
-0.016835,0.12
0.019317,-0.29
0.000202,0.1
0.008099,0.04
-0.003824,0.03
-0.007192,0.06
0.009377,-0.11
-0.006611,0.1
-0.012138,-0.29
-0.003292,-0.03
0.00036,0.02
0.011368,-0.08
0.003228,-0.07
0.004366,-0.19
0.000232,-0.1
-0.010484,-0.12
0.030632,0.27
-0.005585,0.17
-0.007947,-0.14
0.03509,-0.2
-0.024935,0.14
0.00285,-0.04
0.001594,0.09
-0.012262,0.02
-0.014372,0.01
-0.011416,0.01
-0.000321,-0.06
-0.009773,-0.04
0.002107,0.03
0.006067,0.23
0.007889,-0.03
0.021147,0.05
-0.0008,-0.03
-0.007019,0.19
-0.009962,0.06
-0.021903,0.02
0.004533,0.1
0.00553,-0.05
-0.012527,0.2
-0.022954,-0.06
-0.012009,0.21
0.004811,-0.06
-8.5e-05,0.02
0.010293,-0.01
-0.010895,0.09
-0.014137,0.08
0.029117,-0.17
0.01585,-0.08
0.010041,0.03
0.000127,-0.13
-0.017373,0.25
-0.005684,-0.17
0.0018,0.09
0.0008,-0.01
0.011829,-0.08
0.013995,-0.22
-0.014512,0.01
-0.000928,0.04
0.005019,-0.06
-0.001672,0.23
0.007005,-0.14
-0.01435,-0.29
-0.000287,0.11
0.002632,-0.15
0.010722,-0.11
-0.002015,-0.17
-0.009552,0.34
-0.001632,0.04
-0.015578,-0.08
-0.030669,0.52
-0.02848,0.59
0.00038,0.18
0.021623,-0.08
0.012418,-0.3
-0.003309,0.11
-3.8e-05,0.09
0.002912,-0.19
-0.018495,0.01
0.00381,0.08
0.002863,-0.06
-0.011676,0.28
-0.020436,0.06
-0.007489,0.01
0.004683,-0.08
-0.009425,0.21
-0.013424,0.3
0.00492,-0.06
0.003523,0.1
-0.001948,0.03
0.003394,0.1
-0.012239,0.04
0.01915,-0.07
-0.010911,0.06
0.00478,0.02
0.008472,-0.3
-0.009873,-0.42
0.028489,-0.03
-0.006503,0.16
-0.002377,0.07
-0.005245,0.04
0.004598,0.13
-0.007531,-0.23
0.016295,-0.15
0.025044,-0.04
-0.015361,0.11
-0.000409,-0.09
0.005852,-0.26
0.002769,-0.01
-0.027057,0.0
-0.009765,-0.12
-0.000409,0.05
-0.020052,0.2
0.00206,-0.29
0.00688,-0.0
0.028392,-0.28
-0.007566,-0.12
0.000647,-0.02
0.014077,0.04
0.005173,-0.06
-0.00672,0.12
0.00957,-0.33
-0.003922,0.05
-0.006248,0.05
-0.023026,0.21
-0.017836,-0.09
0.002371,-0.18
-0.009141,0.08
-0.005903,0.31
-0.002751,0.3
0.016265,0.06
0.002376,-0.17
0.006286,0.35
0.00522,0.06
-0.009827,0.1
0.007946,-0.03
-0.008884,0.03
-0.017765,0.13
-0.001477,-0.1
0.018077,-0.22
-0.033798,0.66
0.024079,-0.26
0.009167,-0.15
-0.01116,0.01
-0.030929,0.17
0.016444,0.11
0.011797,0.09
-0.013414,0.14
0.018898,-0.19
-0.0189,0.16
0.020369,-0.16
0.020059,0.14
-0.01074,-0.07
-0.006075,0.11
0.001533,0.11
0.015522,-0.05
-0.028693,-0.06
0.010634,-0.02
-0.004401,-0.09
-0.008756,-0.17
-0.02988,0.2
0.016103,0.06
-0.007853,0.01
-0.023547,-0.31
-0.015951,0.33
0.013282,0.03
-0.009159,-0.12
-0.002652,0.12
0.028085,-0.51
-0.017416,0.05
-0.0111,0.08
-0.012839,0.13
0.004294,0.16
0.004628,0.09
-0.003573,0.2
-0.000146,-0.12
-0.042391,0.49
0.036583,0.02
-0.014273,0.25
-0.007161,-0.11
0.032923,0.11
0.011423,-0.19
-0.007216,0.11
-0.007466,-0.29
-0.029676,0.38
0.012791,-0.32
-0.039412,0.34
0.030202,-0.13
-0.023333,0.06
-0.030399,0.07
0.026003,0.04
-0.043852,0.12
0.023761,0.2
-0.005055,-0.2
0.008642,0.19
-0.005369,-0.15
-0.014428,0.3
-0.013034,0.14
-0.014209,0.02
0.002984,-0.03
0.025731,0.07
0.029145,0.02
0.03822,-0.11
0.000641,-0.06
0.001303,-0.1
-0.017651,-0.03
-0.008003,0.0
-0.015008,0.09
0.046695,0.0
0.005589,-0.13
0.031494,0.08
-0.007636,0.01
0.008612,-0.2
0.021855,-0.05
0.00295,-0.14
0.001926,-0.08
0.005714,0.1
0.061187,0.08
0.009995,-0.1
-0.016537,-0.09
0.0139,0.21
-0.022821,0.06
-2e-05,0.06
-0.020666,0.12
0.023407,-0.2
-0.049751,0.04
-0.016048,0.04
0.000371,0.0
-0.006208,-0.08
0.005534,-0.11
-0.029796,0.02
-0.019965,0.01
0.009206,-0.03
0.026575,0.03
-0.003281,0.08
-0.019546,0.03
0.013653,-0.07
-0.029298,-0.1
0.014707,-0.04
0.006721,-0.07
0.000646,-0.05
-0.020527,-0.03
-0.006956,-0.08
-0.010466,0.05
-0.012997,-0.02
-0.005788,-0.01
-0.010529,-0.01
-0.00292,0.09
0.013482,-0.04
0.006517,0.13
-0.002389,0.04
0.006357,0.04
0.004601,0.04
0.008063,-0.12
-0.032361,-0.04
-0.002255,0.03
-0.001563,-0.11
0.005881,0.07
0.030534,-0.36
0.003072,-0.19
-0.012768,0.03
-0.007712,0.02
-0.006942,-0.11
-0.00459,0.14
0.005376,0.01
-0.004153,0.04
-0.037711,0.0
-0.023039,-0.02
-0.023265,-0.05
-0.016506,0.12
-0.005418,0.03
0.014461,-0.02
-1.6e-05,-0.07
0.001444,0.11
-0.019842,0.1
0.012339,-0.01
-0.002009,0.02
-0.001071,-0.04
0.025619,-0.07
-0.00375,0.03
-0.002204,0.11
0.003231,-0.04
-0.010614,-0.05
-0.009687,-0.01
0.006948,0.02
-0.005379,-0.05
-0.003295,-0.0
0.000201,0.05
0.006042,-0.04
0.000367,0.01
-0.006558,0.07
0.002245,0.04
0.008969,-0.06
-0.00432,0.01
-0.005701,0.07
-0.001164,-0.01
0.004416,0.08
0.001631,0.05
-0.01662,0.08
-0.000534,0.03
0.00375,0.05
0.005151,0.05
-0.008628,0.08
-0.01154,0.01
0.003888,-0.06
-0.020165,-0.06
-0.006939,-0.02
-0.001118,0.09
-0.003756,-0.09
0.005932,0.1
-0.023912,0.13
-0.011075,0.02
-0.013588,0.04
0.023514,-0.02
0.027685,-0.1
0.010555,0.17
0.006934,-0.12
-0.017244,0.18
0.005498,-0.05
-0.025941,0.15
-0.015119,0.04
-0.001772,0.08
-0.010618,0.0
-0.006046,0.09
-0.000495,0.03
0.004145,0.15
0.001622,0.04
0.007642,-0.01
-0.007964,0.16
-0.000943,-0.03
-0.001651,0.04
-0.00514,0.12
0.003786,-0.0
0.004296,-0.03
9.9e-05,-0.04
0.006946,0.06
-0.009904,0.13
0.01081,-0.11
0.006831,-0.05
-0.016773,0.08
-0.005892,0.1
0.007804,0.05
0.004362,-0.06
0.015217,0.07
0.008227,-0.02
0.008969,0.04
0.012513,-0.06
0.010124,-0.14
-0.003346,0.0
0.003842,-0.05
0.015137,-0.04
0.004427,-0.04
0.010239,-0.03
0.008559,-0.05
-0.006756,-0.05
-0.01193,0.17
0.004651,-0.03
-0.044989,0.12
0.013737,0.24
0.00976,0.12
0.003224,0.11
-0.027342,0.08
-0.008871,0.09
-0.006644,-0.04
-0.008606,0.14
-0.021035,0.16
0.018244,0.06
0.012047,-0.11
0.003652,-0.17
-0.013594,-0.2
-0.007969,0.01
0.007972,-0.08
-0.032153,0.24
-0.002674,0.05
0.010129,-0.07
-0.0262,0.14
0.00785,0.02
0.012733,-0.27
0.005741,-0.05
0.006909,0.02
-0.004166,0.11
0.010733,-0.04
-0.014054,0.12
0.003649,-0.03
0.034977,-0.16
0.006171,0.05
-0.00397,-0.02
-0.017331,0.13
0.00546,-0.14
-0.004743,-0.12
-0.00419,-0.01
0.005015,0.06
0.004003,-0.06
-0.019716,0.07
0.011992,-0.11
0.019265,0.12
-0.00327,0.17
-0.01262,0.07
0.010801,0.31
0.017068,-0.09
0.016,-0.05
0.014435,0.1
0.01172,-0.23
0.001317,-0.23
-0.003501,-0.04
0.004502,0.21
0.005743,0.14
-0.002414,-0.07
-0.017524,0.03
0.023683,-0.14
0.01874,0.04
0.006373,-0.13
0.014713,0.01
-0.012428,-0.03
0.01347,-0.16
0.002913,-0.01
-0.00244,-0.06
0.007894,-0.01
0.009827,0.11
-0.005815,0.03
-0.015259,0.07
-0.017266,-0.02
-0.000356,-0.09
-0.013801,0.08
0.012196,-0.03
-0.004958,0.07
-0.013287,0.08
0.013343,-0.19
-0.002109,-0.05
-0.008886,0.02
-0.001742,0.07
-0.019307,0.17
-0.019173,0.08
0.010515,0.02
-0.002713,-0.11
0.007383,-0.01
0.009104,-0.01
-0.014217,0.09
-0.012615,0.18
-0.001726,-0.03
0.013911,-0.04
-0.008475,0.04
0.007777,-0.0
-0.001436,-0.0
0.00246,0.06
0.002532,0.04
0.005526,0.01
0.003856,-0.05
0.006015,-0.1
-0.014889,0.1
-0.000248,-0.05
0.017094,0.05
0.002523,-0.08
-0.010143,0.07
0.007804,0.12
0.009671,0.01
3.3e-05,0.02
-0.01687,0.12
0.016245,-0.01
0.003339,0.03
-0.002859,0.08
0.009094,-0.01
0.001156,0.08
0.00936,0.01
-0.000178,-0.01
-0.006195,0.03
0.001002,0.04
-0.006668,-0.02
0.006241,-0.02
0.011868,-0.09
-0.01713,0.09
0.004444,-0.11
0.010173,-0.11
-0.006992,0.05
0.004926,-0.09
-0.005078,0.07
0.005603,0.03
0.014693,0.01
0.003303,-0.07
0.000682,-0.02
0.006309,0.05
0.002751,0.03
0.00253,-0.07
-0.001917,0.03
-0.001946,-0.02
0.011148,0.0
0.004536,-0.12
-0.001152,-0.11
-0.002821,0.01
-0.003188,-0.05
0.009478,0.1
-0.019411,-0.03
-7.9e-05,-0.01
0.005834,-0.03
0.009647,0.05
-0.012158,-0.01
-0.007197,-0.01
0.018067,-0.07
0.011591,-0.0
-0.015801,-0.02
0.011166,0.01
0.020389,-0.11
-0.002273,0.06
-0.0094,0.03
0.014532,-0.1
0.005739,0.07
-0.016361,0.14
0.004086,0.08
0.009201,-0.08
-0.009144,0.03
0.0049,-0.0
0.013268,0.01
0.026784,-0.2
0.004365,0.0
0.011792,0.02
-0.005552,0.08
0.011934,-0.04
0.008892,-0.07
0.010125,0.0
0.017853,-0.01
-0.008917,-0.02
0.010357,0.05
0.005723,-0.05
0.010907,0.02
-0.000153,0.03
0.010535,-0.0
0.020873,-0.12
0.010572,-0.02
0.004623,0.02
0.003047,-0.07
-0.006955,0.02
0.000324,0.08
0.00451,-0.03
-0.007626,-0.05
-0.00988,0.08
-0.005791,0.03
0.00855,-0.02
0.005425,0.01
0.002717,-0.0
0.012337,-0.05
0.012776,-0.05
7.9e-05,-0.09
0.01831,-0.01
-0.005453,-0.03
0.003706,-0.07
-0.009242,-0.01
-0.007499,0.04
-0.002072,0.04
-0.000521,-0.0
0.014943,-0.06
0.003465,0.08
-0.00213,0.04
-0.004075,0.02
0.010342,0.04
-0.013289,0.02
-0.006309,0.03
0.00188,-0.03
0.001895,-0.06
0.003742,0.05
-0.008723,0.14
0.012845,0.13
0.006427,-0.1
0.01066,-0.0
-0.002233,-0.06
0.004011,-0.05
0.013785,-0.17
0.002748,0.08
-0.007901,-0.01
0.01702,0.0
-0.014791,0.05
-0.000829,0.01
-0.005929,0.1
-0.022912,0.07
0.00409,-0.07
-0.027498,0.16
-0.02326,0.11
-0.003374,-0.16
-0.008077,0.09
0.024297,-0.13
0.002805,0.01
0.009558,0.04
-0.006988,0.04
-0.015369,0.52
-0.017419,0.18
0.005031,0.15
0.013901,-0.02
0.015394,-0.2
0.00864,0.04
-0.005197,-0.15
-0.023563,-0.03
-0.008819,-0.07
-0.000325,-0.15
0.008409,-0.27
-0.002223,0.1
0.010941,0.03
0.000338,-0.11
0.004895,0.05
-0.008935,-0.03
-0.001003,-0.12
0.010413,-0.12
-0.02837,0.0
0.002719,0.0
0.003432,0.21
-0.006541,0.08
-0.007465,0.22
0.046013,0.01
0.014037,-0.0
0.028513,-0.03
-0.004923,-0.25
-0.011757,-0.03
0.020085,-0.02
0.005244,-0.07
0.050683,0.15
0.008304,-0.03
0.010825,0.26
0.001275,-0.09
-0.007275,-0.17
-0.008438,0.18
-0.016342,0.66
-0.014304,0.49
0.00847,0.02
0.002047,0.07
0.016005,0.06
0.015489,0.01
-0.018941,0.36
-0.020199,0.39
0.025365,-0.1
-0.011682,0.18
-0.001372,0.35
-0.002472,-0.1
0.00859,-0.09
0.039006,-0.29
-0.014884,0.27
-0.003273,-0.13
0.011163,-0.14
0.023888,-0.33
0.005585,-0.14
0.02583,-0.24
0.014041,-0.1
0.010642,-0.12
-0.001153,-0.06
0.021624,-0.37
0.019933,-0.32
-0.015256,0.1
0.002616,-0.04
-0.000539,-0.03
-0.011921,0.02
0.016185,0.02
-0.000751,0.01
0.001712,0.06
-0.017506,0.1
-0.01379,-0.02
-0.015486,0.18
-0.014712,0.05
0.00068,0.17
-0.011965,0.13
-0.015171,0.41
-0.025627,0.27
0.01172,-0.1
0.004616,-0.04
0.017806,-0.22
0.022719,-0.27
0.00267,-0.1
-0.002335,0.06
-0.007189,-0.08
0.013783,-0.45
-0.010555,-0.04
0.005716,-0.09
-0.011195,-0.01
0.009232,0.04
-0.008883,0.1
-0.00779,0.25
-0.010014,-0.01
0.013064,0.16
0.006575,0.07
0.006176,-0.24
0.01069,-0.07
0.017424,-0.08
-0.023973,0.43
-0.010709,0.76
0.007059,0.11
0.001367,0.04
-0.01542,0.03
0.015239,-0.07
-0.000912,-0.02
0.014596,-0.15
-0.002314,0.1
-0.023273,0.23
-0.003743,0.05
0.012762,-0.16
-0.015625,0.13
-0.016685,0.21
0.00167,0.08
-0.012166,0.16
0.00568,0.15
-0.008792,0.2
-0.011464,0.12
-0.014774,0.55
0.008952,0.08
0.004968,0.07
-0.008872,0.1
0.023204,-0.45
0.010005,-0.39
0.008575,-0.02
0.005521,-0.15
0.012202,0.08
-0.00024,0.17
0.000909,-0.07
-0.019223,-0.06
0.011294,-0.13
0.003416,-0.06
-0.017216,0.05
0.015341,0.2
0.002904,-0.01
-0.032708,0.18
0.007376,-0.06
-0.021192,0.22
-0.023752,-0.0
0.02057,-0.14
0.014129,0.13
-0.020571,0.11
-0.015369,0.08
0.009785,-0.05
-0.006784,0.04
0.000235,-0.13
-0.011636,-0.06
-0.007379,-0.02
-0.000947,-0.06
-0.000705,-0.09
-0.007013,0.05
-0.013018,0.26
-0.001617,0.13
-0.012946,0.01
0.006581,-0.06
-0.009989,0.01
0.014418,0.07
0.002397,-0.04
-0.008924,0.0
-0.012602,-0.06
0.007612,0.0
0.001483,0.02
-0.00547,-0.03
-0.015154,0.04
0.015245,-0.06
-0.00994,0.0
-0.004607,-0.03
0.010195,0.04
0.002118,0.13
0.003418,0.08
0.009158,-0.02
-0.00586,0.01
0.010991,-0.02
0.002459,0.02
-0.001443,-0.13
-0.003388,0.03
-0.005992,-0.06
-0.020909,0.03
0.022818,-0.05
0.000726,0.06
0.010241,-0.28
0.00864,0.16
-0.005699,-0.06
0.000857,0.03
0.007975,-0.1
-0.015854,-0.06
0.001206,0.09
-0.005569,0.03
-0.007615,-0.29
-0.031594,0.09
-0.018208,0.15
0.004491,-0.02
-0.020925,0.09
0.001703,0.03
-0.007957,0.03
0.002732,-0.08
0.001993,-0.08
-0.001313,-0.03
0.007507,0.03
-0.00011,-0.03
0.009692,0.12
-0.009119,-0.01
-0.009006,-0.01
0.017816,-0.07
0.001112,0.02
-0.019185,0.06
0.000288,-0.02
0.016355,0.19
0.000201,0.24
-0.048271,0.55
0.005344,-0.01
0.001274,0.01
0.009413,0.15
0.012679,-0.25
0.01163,0.18
-0.000798,0.11
0.01058,0.04
-0.012709,0.08
-0.004929,0.03
0.001186,-0.01
-0.007623,0.07
-0.004592,0.02
-0.007306,-0.05
-0.006455,-0.11
0.007062,-0.08
0.001932,0.03
0.010877,0.01
-0.022093,0.01
0.002845,0.14
0.002464,-0.03
-0.013582,0.38
0.011557,-0.05
0.004326,-0.07
-0.012171,-0.07
0.002998,0.25
0.024717,0.08
0.001648,-0.15
0.005983,0.04
-0.030214,0.46
-0.007794,0.25
0.011988,0.04
-0.008816,0.25
-0.005598,0.13
-0.001685,-0.12
0.016028,0.19
0.001845,0.11
-0.004908,-0.26
-0.000646,0.02
-0.010695,-0.02
0.004795,-0.06
0.009396,0.02
0.00467,-0.2
-0.005336,-0.15
-0.010947,-0.01
0.010451,-0.29
-0.019578,0.23
-0.021983,-0.05
-0.005404,0.07
-4.2e-05,-0.07
0.010961,0.22
0.009998,0.24
-0.000641,0.05
-0.01379,0.1
0.006626,-0.25
0.005404,-0.09
0.016474,-0.13
-0.005123,0.02
-0.006273,-0.14
0.008267,-0.28
-0.000792,-0.09
0.00732,-0.03
-0.003269,0.24
-0.018297,-0.02
-0.007332,-0.14
0.016038,-0.05
-0.004499,-0.03
0.016659,-0.03
-0.013479,-0.01
-0.009894,0.05
0.003687,-0.16
-0.003504,-0.18
-0.008411,0.13
-0.000789,0.18
-0.006519,0.08
0.000226,-0.29
0.004938,-0.04
-0.005849,-0.05
-0.001798,-0.16
0.017435,-0.14
-0.010523,-0.04
-0.003865,0.08
-0.015318,0.02
-0.014441,-0.05
-0.010611,0.0
0.01343,0.01
0.008364,-0.07
0.008232,0.0
0.009457,-0.06
0.002784,0.04
0.006671,-0.06
-0.016947,0.02
0.00755,0.2
-0.009655,-0.15
-0.012464,0.04
0.034513,-0.28
-0.002857,0.06
0.002193,-0.07
-0.000115,-0.04
0.00121,0.04
0.009491,0.09
-0.011881,-0.06
-0.007294,-0.07
-0.003915,0.03
0.000293,0.03
-0.006961,0.12
0.004314,-0.03
0.007322,0.08
0.007147,-0.07
0.001297,0.01
0.002456,-0.06
-0.005435,0.05
-0.018117,0.01
-0.000143,0.02
-0.005602,-0.04
0.008807,-0.1
-0.002228,0.06
0.004911,0.09
-0.006543,-0.01
-0.020092,-0.16
-0.00395,0.04
0.003785,-0.0
-0.006156,0.01
0.009864,-0.08
-0.013232,0.07
-0.002521,0.02
-0.003903,0.03
0.007852,0.0
-0.007286,0.01
0.000214,-0.02
-0.000121,0.01
-0.002838,0.01
0.008903,0.04
0.01275,-0.03
0.001988,-0.0
0.000734,0.0
0.003812,0.06
-0.009428,0.02
-0.007495,-0.02
0.000318,-0.08
-0.0046,-0.01
-0.003252,-0.03
-0.019953,0.09
-0.005384,0.06
-0.020031,0.13
0.014746,-0.09
-0.022199,0.35
-0.004789,0.05
0.021196,-0.28
-0.022243,0.25
0.015793,-0.18
-0.015488,0.28
0.002385,-0.05
0.014924,0.08
-0.001063,-0.11
0.020041,-0.17
-0.013958,0.34
-0.015816,0.03
0.004982,-0.01
-0.000258,0.09
-0.004856,0.03
0.013833,-0.02
-0.012543,-0.02
-0.008492,0.17
-0.02676,0.24
-0.02203,0.38
0.001403,0.03
0.000969,0.01
0.00907,0.18
-0.012088,0.11
-0.014219,0.34
0.026132,-0.32
-0.00856,-0.02
0.003533,0.15
-0.015145,0.01
-0.01052,0.14
0.018364,0.23
-0.000192,0.17
0.028308,-0.34
0.003138,-0.01
0.003169,-0.04
-0.002676,-0.14
-0.006673,0.05
0.036024,-0.23
0.005993,0.04
-0.010105,0.08
0.011745,0.11
-0.013319,0.13
0.002803,-0.06
-0.018004,-0.06
-0.024355,0.1
-0.008474,-0.14
-0.013787,-0.01
0.026218,-0.11
-0.001812,-0.05
0.006716,-0.1
0.004752,-0.07
-0.011694,0.05
0.006074,0.09
0.01002,-0.16
0.018394,-0.09
0.002458,-0.05
-0.015879,0.12
-0.020894,-0.1
-0.013708,-0.04
0.001792,0.03
0.008089,0.02
0.009361,-0.01
-0.000996,0.26
-0.020295,0.33
0.003504,0.28
-0.008723,0.13
-0.011163,0.65
-0.005575,0.32
-0.000618,0.08
0.005692,-0.17
-0.034095,0.58
0.005074,0.09
-0.001929,-0.04
-0.012307,0.5
0.003864,-0.07
-0.010443,0.07
-0.00396,0.29
8.3e-05,-0.06
0.027862,-0.03
-0.000254,-0.24
0.001378,-0.02
-0.000455,0.16
-0.013928,0.24
0.014677,0.04
0.008394,-0.13
0.000661,0.13
-0.001628,-0.06
0.008588,0.06
-0.002877,0.0
-0.017298,0.17
0.000472,0.24
-0.028637,0.42
0.008823,0.19
-0.017724,0.22
0.002926,-0.04
0.002475,0.01
0.003746,-0.25
-0.011119,0.29
0.029047,-0.09
-0.008108,-0.05
-0.015261,0.18
0.016551,-0.14
-0.002992,-0.14
0.003518,0.29
-0.001779,0.18
0.012302,-0.2
-0.011826,0.25
0.039985,-0.68
0.025007,-0.24
0.01778,-0.01
0.002912,-0.04
-2e-06,0.02
-0.010619,-0.0
-0.012917,0.19
-0.013902,0.1
-0.024486,0.1
-0.003367,0.26
0.004954,-0.04
-0.008873,0.2
0.002572,0.08
-0.000197,0.03
-0.0211,0.09
-0.02438,0.15
0.002532,-0.21
-0.016139,-0.15
-0.011136,-0.05
-0.005796,0.03
0.009206,-0.09
-0.009168,0.02
-0.001101,0.09
5e-05,0.08
0.008483,0.02
-0.004029,0.1
0.016821,0.04
-0.006877,-0.07
-0.014794,0.18
-0.001622,-0.1
-0.012388,0.49
0.001574,-0.14
-0.001185,-0.06
-0.008591,0.21
-0.025256,0.13
0.000901,0.01
-0.004209,0.28
0.0,0.3
0.000176,0.04
0.009993,0.12
-0.002765,0.09
-0.006411,0.25
0.010145,-0.43
-0.003493,0.33
-0.003038,0.22
0.013004,0.29
0.002903,0.2
-0.008272,0.0
-0.007883,-0.18
-0.007072,-0.1
-0.009885,-0.09
-0.026167,0.46
-0.015287,0.46
-0.019393,-0.1
-0.011375,0.17
-0.001479,0.15
0.009016,0.24
-0.003564,0.08
-0.007413,-0.06
0.000253,0.01
-0.000941,-0.08
0.003292,-0.13
-0.012545,0.06
-0.011207,0.02
-0.032964,0.04
-0.011213,0.01
0.011415,0.03
-0.014222,0.18
0.003879,0.1
0.002894,-0.02
-0.012641,-0.04
-0.00242,-0.07
0.01923,0.04
0.004951,-0.08
-0.009545,0.05
0.001076,0.04
0.008591,0.06
-0.002787,0.0
-0.009709,0.01
0.009033,-0.04
0.002213,0.08
0.007221,-0.04
-0.000852,-0.1
0.013154,-0.34
-0.015931,-0.0
-0.009034,0.12
-0.00932,0.0
-0.005578,0.01
-0.006845,0.01
0.002615,0.02
-0.004322,0.05
0.006156,0.07
-0.01027,0.11
-0.00355,0.01
0.018477,0.12
0.007645,0.04
-0.001604,-0.01
0.011907,0.07
0.03236,-0.13
-0.005573,0.04
-0.023334,0.12
0.010389,-0.19
0.011852,0.09
-0.010391,-0.05
0.010737,0.11
0.012308,-0.05
0.017513,-0.08
0.015073,-0.04
0.000359,-0.01
0.004273,-0.1
-0.04884,0.25
0.00109,-0.06
-0.009652,0.05
-0.006058,-0.14
0.003332,-0.15
0.007701,0.02
0.004209,-0.03
0.009837,-0.19
-0.01011,0.02
-0.016426,0.06
-0.014287,0.06
0.004698,-0.01
-0.001532,0.11
0.006923,-0.17
-0.007366,-0.03
-0.015285,0.03
0.00846,0.01
0.008758,-0.1
-0.010789,-0.01
-0.001675,-0.01
0.019122,0.03
-0.026263,0.34
-0.005996,-0.04
-0.004377,0.15
-0.002052,-0.0
-0.011462,-0.03
0.012286,-0.04
0.000273,-0.07
-0.007713,0.01
-0.012721,0.14
0.001574,0.01
-0.008783,-0.03
0.01427,-0.16
-0.00818,-0.16
-0.029148,0.31
0.0177,-0.13
-0.009956,0.02
0.006862,0.0
0.015774,-0.01
0.020691,-0.0
0.003024,-0.03
0.004423,0.08
0.009694,-0.11
-0.004773,-0.02
0.004258,0.03
0.005465,-0.04
0.00651,-0.03
0.001534,0.05
-0.000238,-0.06
-0.003716,-0.02
-0.007084,-0.03
-0.004793,-0.04
-0.002843,-0.05
-0.017016,0.06
-0.007537,0.04
0.006506,-0.1
0.00224,0.03
0.004011,0.03
-0.000972,-0.04
0.000477,0.01
-0.003286,-0.02
0.000488,0.07
0.001796,-0.05
-0.003406,0.06
0.007883,0.04
0.018748,-0.16
0.00891,-0.08
0.016087,-0.1
-0.013223,0.04
0.022026,-0.3
0.033338,-0.69
0.013923,-0.32
0.023571,-0.09
0.003702,0.21
-0.002592,0.06
-0.014346,0.07
0.029782,-0.34
0.005481,-0.29
0.006418,-0.31
0.025226,-0.35
0.013294,-0.17
-0.012867,-0.06
0.008332,-0.29
-0.006459,0.07
0.013193,-0.01
0.015272,0.04
0.00303,-0.06
-0.003933,-0.06
0.010656,-0.08
-0.00321,0.12
-0.007076,0.05
-0.001394,0.01
-0.009842,0.01
0.005156,-0.05
0.011598,-0.05
-0.001809,-0.03
-0.004847,0.03
-0.000598,-0.02
0.000936,-0.02
0.00881,0.08
0.002723,-0.04
0.014207,-0.04
0.006399,-0.02
0.015947,0.01
-0.006287,-0.01
-0.008693,0.05
0.010785,-0.04
0.010576,0.05
0.009525,0.04
0.00583,-0.02
-0.000682,0.01
-0.004908,-0.03
0.004331,0.02
-0.007231,0.01
-0.008499,0.06
-0.000965,0.01
-0.004282,0.1
0.001561,-0.03
0.004097,-0.08
-0.01122,-0.1
0.00697,0.02
-0.008327,0.12
0.000107,0.01
0.017194,-0.04
-0.017541,0.09
0.002737,-0.07
0.008547,0.05
-0.000944,0.05
0.009813,-0.03
-0.035417,0.22
-0.007467,0.14
0.002977,0.11
0.005925,0.02
0.014291,-0.07
0.007608,-0.18
-0.00036,0.08
0.019094,-0.1
0.031378,0.08
0.012622,-0.08
0.002961,-0.07
-0.039874,0.2
-0.01441,0.13
-0.0022,0.01
0.002741,-0.04
-0.006968,-0.06
-0.00816,0.09
0.017239,-0.03
-0.001096,-0.05
0.021442,-0.01
-0.018004,0.13
-0.016944,-0.02
0.008221,-0.03
0.000523,0.1
-0.012235,-0.0
-0.021189,0.15
-0.00487,0.19
-0.025376,0.22
0.010841,-0.17
0.015017,-0.01
0.019578,-0.11
0.006343,-0.06
-0.014158,-0.03
-0.008277,-0.01
0.004057,-0.15
-0.006083,0.03
-0.00078,0.0
0.011232,-0.03
-0.00272,0.13
-0.008102,0.0
0.010967,-0.0
-0.003485,-0.02
-0.006769,0.04
0.003351,-0.07
-0.041056,0.71
0.013585,0.03
0.000568,0.2
0.015647,0.06
0.016466,-0.2
0.009377,-0.13
-0.019707,0.06
-0.006992,0.02
0.002537,-0.07
0.004047,0.1
0.012892,0.18
0.004307,-0.11
-0.004316,-0.03
-0.006865,0.04
0.012191,-0.04
0.007665,-0.04
-0.004635,-0.04
-0.006078,-0.02
-0.010085,-0.0
0.001267,0.02
0.002485,-0.05
0.005092,-0.02
0.001715,-0.02
0.013408,-0.03
0.007778,-0.09
0.001899,0.04
-0.001607,0.01
-0.011656,0.06
0.015198,-0.11
0.008222,-0.01
-0.003796,0.04
0.012035,-0.04
0.005147,0.05
0.001758,-0.02
-0.011887,0.07
0.017194,-0.05
0.001185,0.07
0.014918,-0.0
0.000419,0.09
-0.004694,0.06
-0.000208,0.1
0.011804,0.04
0.010261,0.02
0.00244,-0.08
0.002201,0.01
-0.010976,-0.08
-0.00703,-0.13
-3.4e-05,0.04
-0.016865,0.07
0.008188,-0.07
-5.1e-05,0.02
-0.009748,0.08
0.008954,0.04
-0.000806,0.03
-0.004291,0.01
-0.000877,0.08
0.012921,-0.08
0.034025,0.09
0.012109,-0.06
0.010458,-0.02
0.00882,-0.07
-0.007256,0.2
-0.006951,0.06
-0.003405,0.0
0.0063,0.06
-0.01348,-0.08
-0.001033,-0.16
0.011078,0.08
-0.002422,0.03
-0.017773,0.24
0.016849,-0.02
0.020533,-0.14
0.003366,-0.07
0.007088,0.1
-0.016731,0.01
-0.00645,0.04
0.012064,-0.04
0.015536,-0.1
0.002769,0.07
-0.007469,0.12
-0.014143,0.03
-0.036022,0.01
-0.009001,0.07
-0.011306,0.17
-0.009681,0.17
-0.013218,0.08
-0.037173,-0.28
-0.006112,0.06
0.07481,-0.35
-0.117186,-0.27
0.102363,0.16
0.113716,-0.09
0.098432,0.23
-0.005502,-0.02
-0.069638,0.06
0.045064,-0.0
0.050111,-0.01
-0.027343,-0.08
-0.014341,-0.23
0.077431,0.06
0.039665,-0.03
0.04934,0.18
-0.005988,0.01
0.047469,-0.06
-0.050492,-0.28
0.008199,-0.07
0.022951,-0.17
-0.010021,0.11
-0.081417,0.04
-0.011538,-0.05
0.019485,0.02
-0.007144,0.07
-0.053685,-0.13
-0.017809,0.09
-0.035731,-0.03
0.004786,0.04
0.03938,0.14
0.024163,0.12
-0.040125,0.02
-0.014916,0.0
-0.002097,0.02
0.013131,0.01
0.01737,-0.07
-0.043065,0.07
0.036216,0.11
-0.037505,-0.14
0.00043,-0.1
0.025155,0.18
-0.00424,0.14
0.030718,-0.1
0.028175,0.05
-0.025009,-0.02
-0.014567,-0.0
-0.019273,0.27
0.016244,0.18
-0.022723,0.03
-0.015415,-0.08
-0.028177,-0.14
-0.014645,0.01
0.03561,0.07
-0.026078,-0.16
0.008112,-0.23
-0.007922,0.15
0.011607,0.06
0.000678,0.03
0.028061,-0.23
-0.052026,0.04
-0.05552,-0.0
-0.025414,0.02
-0.019435,0.06
0.012028,-0.01
-0.001751,-0.05
0.007634,-0.13
-0.026424,0.01
0.021218,0.01
0.007783,-0.07
0.031131,-0.1
0.009372,-0.21
0.017971,-0.19
-0.015466,0.14
-0.015672,0.27
-0.012129,0.5
0.004194,0.37
0.013122,-0.07
0.035763,-0.34
-0.004691,0.06
0.011351,-0.18
0.003295,-0.01
-0.002692,0.03
-0.0254,0.02
-0.009043,-0.0
0.013279,-0.08
-0.005013,-0.03
-0.011408,0.11
-0.002091,-0.02
0.007537,0.05
0.008206,0.05
-0.029251,0.14
-0.014567,0.05
0.000281,0.1
0.000288,-0.02
0.009301,-0.0
0.020265,-0.1
-0.006244,-0.03
-0.018365,0.07
-0.001397,0.01
-0.007535,-0.01
0.008666,0.11
0.005741,0.1
0.01061,-0.02
-0.004988,0.06
-0.005302,-0.02
0.005138,-0.01
0.004646,0.01
-0.002256,-0.06
0.001159,0.02
0.010808,-0.04
-0.009241,-0.02
0.019548,-0.12
0.00126,-0.01
0.00057,0.05
-0.005002,0.08
0.003216,0.03
0.007872,-0.06
0.009471,0.06
-0.031021,0.31
0.00967,-0.12
-0.048299,0.08
0.019301,-0.33
0.005646,0.07
-0.009987,0.07
0.010274,-0.14
0.006445,-0.06
0.03396,-0.14
0.004829,-0.03
-0.007696,0.12
0.001947,0.0
-0.022628,0.25
-0.000663,-0.15
-0.00044,-0.01
0.00388,-0.04
-0.000256,0.01
0.010823,0.03
0.028617,0.12
0.006475,0.05
0.031896,-0.07
0.000957,0.01
-0.001165,-0.01
-0.001725,0.06
-0.002164,0.13
-0.016599,0.19
-0.009829,0.11
0.013192,-0.07
0.007915,0.03
0.013421,-0.07
0.009488,-0.08
0.011584,-0.17
0.004107,0.03
0.006827,0.07
0.015063,-0.03
0.003983,-0.07
-0.025566,0.27
-0.002427,-0.06
0.000687,-0.12
0.012653,0.01
0.030011,-0.35
-0.02767,0.41
0.009138,-0.14
-0.030314,0.62
-0.012212,0.02
0.014551,-0.2
0.030098,-0.66
0.041113,-0.36
0.04327,-0.46
-0.004245,0.08
-0.003453,0.01
-0.014501,0.2
-0.005368,0.08
-0.013322,0.17
-0.037942,0.28
-0.00452,-0.2
0.004384,0.08
-0.013436,0.23
-0.0072,0.0
-0.011948,0.06
0.02183,-0.16
0.005551,-0.12
-0.007717,0.12
-0.001135,0.03
-0.004282,0.05
0.007911,0.05
-0.003699,0.12
-0.004445,0.02
-0.006121,-0.08
-0.004068,0.06
-0.008142,0.1
-0.019129,-0.02
-0.002647,-0.03
0.00137,-0.11
-0.001122,0.04
-0.003845,0.01
0.016252,-0.0
0.013195,0.05
0.000857,-0.05
0.006821,-0.01
-0.011694,-0.06
-0.014276,0.18
-0.003871,0.02
-0.013361,-0.03
-0.007036,-0.0
-0.005678,0.09
-0.017297,0.0
-0.01783,0.05
0.009438,0.0
0.008722,-0.08
-0.005678,-0.06
0.014117,-0.04
-0.000382,0.0
0.002924,0.02
0.014362,-0.06
0.008529,0.06
-0.004463,0.07
-0.012578,0.01
0.00944,0.03
-0.023944,0.14
-0.00597,-0.01
-0.008552,-0.15
-0.026323,0.44
-0.009476,-0.05
-0.016195,0.23
-0.013088,0.09
-0.006714,-0.3
0.019203,-0.03
-8.4e-05,-0.18
0.0075,-0.25
0.016646,-0.08
-0.008563,0.04
-0.006681,-0.04
-0.009018,-0.05
0.001034,0.01
0.001527,-0.01
0.00616,0.05
0.00173,-0.02
0.011269,-0.08
-0.002219,-0.02
-0.006237,-0.07
-0.003345,0.07
0.008573,-0.06
0.004618,0.02
-0.001075,-0.01
0.01218,0.01
-0.007724,0.07
0.001512,-0.03
0.018218,-0.12
0.005061,-0.01
0.004317,-0.08
-0.007482,0.05
-0.005474,0.05
-0.008187,0.03
0.018153,-0.29
0.022305,-0.25
-0.017293,0.24
0.019716,-0.47
-0.000455,-0.03
-0.005408,-0.02
0.007526,0.03
0.000731,0.13
-0.000667,0.04
0.008626,0.12
-0.00992,0.01
-0.004967,-0.01
-0.00578,0.05
-0.004144,0.05
0.011827,-0.04
0.00598,-0.03
0.001357,0.09
-0.005463,-0.06
-0.001569,0.07
0.006043,0.06
-0.005924,0.07
1.4e-05,-0.01
0.004988,-0.0
-0.007675,-0.02
-0.008839,-0.01
-0.010632,0.05
0.000257,0.01
0.018687,-0.05
0.006899,-0.08
-0.006288,-0.01
0.003404,-0.08
0.002911,0.03
-0.006308,0.07
-0.00458,0.02
-0.006024,0.11
0.000851,0.04
0.019911,0.01
-0.000619,0.07
-0.021619,0.06
-0.003244,0.01
0.000105,0.0
-0.008859,0.09
0.000427,0.0
-0.001962,-0.0
0.00049,0.07
-0.009734,-0.02
-0.001174,0.03
-0.002318,0.02
0.001342,-0.1
0.002889,-0.02
0.003951,-0.01
0.000965,-0.03
0.003259,0.04
0.004306,-0.09
-0.002531,-0.07
-0.001229,-0.03
-0.011713,0.18
-0.000424,-0.01
-0.007783,0.0
-0.005132,-0.05
-0.007895,0.09
-0.013166,0.21
0.018024,0.1
0.010877,0.01
0.000364,0.06
-0.004763,0.07
-0.021951,-0.01
0.021996,0.07
0.00907,-0.09
-0.0057,-0.0
0.006042,0.07
0.002397,0.08
-0.012908,0.05
0.015701,-0.06
-0.007729,0.09
0.00635,-0.02
0.004803,0.0
-0.001223,-0.03
-0.008899,0.05
-0.004627,0.01
0.002865,-0.02
0.004419,0.03
0.006557,0.0
0.0149,-0.15
-0.002945,0.02
0.006139,-0.07
0.007643,-0.08
0.008072,-0.03
0.012166,-0.08
-0.003646,0.03
-0.005229,0.05
-0.005528,0.14
-0.000376,-0.01
-0.004848,-0.05
0.009547,-0.13
-0.005232,0.02
-0.014186,0.09
-0.008494,0.01
-0.001752,0.06
0.001542,-0.01
-0.014559,0.04
0.015749,-0.12
-0.012131,0.07
0.020659,-0.07
-0.002111,0.01
0.003248,-0.01
0.005227,-0.11
-0.009965,-0.01
0.011527,-0.09
0.003429,0.01
0.015256,-0.01
-0.009619,0.17
-0.006281,0.04
-0.013841,0.08
-0.000676,0.02
0.002047,-0.05
-0.000619,-0.07
0.008195,-0.05
-0.001825,-0.0
0.005677,0.02
0.011016,-0.01
-4.1e-05,-0.01
-0.013619,0.02
0.00254,0.06
-0.00857,-0.01
-0.008677,0.03
-0.007054,0.06
-0.01187,0.04
0.000953,0.08
-0.004052,0.0
-0.009519,-0.04
-0.009592,0.02
-0.009946,0.1
0.011866,-0.31
0.009168,0.22
-0.022096,0.07
-0.00722,0.01
0.020377,-0.05
0.008053,-0.23
-0.010428,0.17
-0.022221,-0.04
-0.004476,0.12
0.002411,-0.02
-0.003055,-0.1
-0.006856,-0.11
-0.000617,-0.05
-0.005918,0.22
-0.002671,0.07
-0.023718,0.33
0.002596,0.18
-0.016686,0.42
0.006038,-0.14
0.008608,0.01
-0.028085,0.46
-0.020829,0.15
0.010749,-0.29
0.004599,-0.26
0.03127,-0.38
0.004903,-0.1
0.033723,-0.34
-0.026249,0.16
-0.002425,-0.2
-0.015249,-0.14
0.006645,0.05
-0.00852,0.25
-0.015613,0.35
-0.021106,0.14
0.012815,0.08
-0.033615,0.13
-0.022444,0.07
-0.008267,-0.09
0.002586,-0.05
-0.005306,-0.13
0.005458,-0.04
0.004671,0.07
0.010796,0.04
-0.004051,0.03
0.001708,-0.01
0.012987,0.02
0.018304,-0.11
-0.002349,0.03
0.009511,0.0
-0.001952,-0.01
0.003685,-0.01
0.003481,-0.02
-0.008535,0.03
-0.004896,-0.02
-0.01438,0.18
-0.028338,0.05
-0.010079,0.12
-0.004684,-0.02
0.013859,-0.05
0.000666,-0.01
0.011109,0.13
0.013898,0.06
-0.002604,0.06
0.003491,-0.07
-0.004595,0.03
0.008451,-0.01
-0.010292,-0.04
-0.000946,0.07
0.002058,-0.07
-0.000745,-0.09
0.00234,0.04
0.001037,-0.02
0.002551,-0.02
0.004581,0.03
0.009436,-0.02
-0.003232,0.01
0.000934,0.0
0.015291,0.03
0.0009,0.08
-0.012804,0.01
0.005132,-0.1
-0.002542,0.02
-0.011174,-0.04
0.006339,-0.14
0.005559,-0.11
-0.004518,0.01
0.011879,-0.01
0.002083,0.07
0.006572,0.04
-0.005977,0.04
0.017189,0.04
0.002751,0.01
-0.002437,0.03
0.007486,-0.11
-0.015581,0.1
0.010658,-0.01
0.000248,0.08
-0.003939,-0.03
-0.009333,-0.04
-0.010585,0.0
-0.00156,0.05
0.011468,-0.06
0.003449,-0.02
0.002744,-0.1
-0.005194,-0.04
-0.020245,0.03
0.037362,0.23
-0.016739,0.0
-0.001426,0.06
0.037253,0.12
0.029152,0.17
-0.067444,-0.1
-0.012679,-0.02
-0.025859,-0.04
-0.012979,-0.02
-0.012947,-0.05
-0.002896,-0.01
-0.025153,0.06
-0.009263,-0.02
-0.005953,-0.05
0.006512,0.07
-0.028487,-0.08
-0.007141,0.06
0.010167,0.12
-0.017968,0.03
0.045002,0.02
0.007296,-0.04
-0.002911,0.03
0.011662,-0.04
-0.008181,-0.05
0.000333,0.01
0.005496,-0.04
0.019243,0.04
0.015042,0.04
-0.00163,-0.05
-0.002408,-0.03
-0.010189,0.06
0.007303,-0.01
0.00786,-0.05
0.009295,-0.07
0.007678,0.03
0.003337,0.07
-0.000206,0.04
-0.002936,-0.05
-0.010824,-0.04
-0.004282,0.1
0.006373,0.0
0.004289,-0.07
-0.001908,-0.0
0.007416,0.03
-0.005452,-0.07
0.000863,-0.01
-0.004107,-0.1
-0.004589,-0.08
-0.000438,-0.05
0.007692,-0.02
0.005361,-0.0
-0.014031,0.09
0.001229,0.04
-0.01111,0.01
0.00554,0.0
-0.00429,-0.02
0.008446,0.04
-0.001801,0.01
-0.007,0.0
-0.001379,0.02
-3.6e-05,-0.03
-0.021727,-0.07
-0.031436,-0.06
-0.008709,0.0
0.009877,-0.07
-0.012107,0.03
-0.014027,0.0
0.011497,0.1
-0.003049,0.01
0.002476,0.03
-0.022786,0.14
0.002393,0.04
0.013528,0.04
-0.000136,0.08
0.004374,-0.01
0.037484,-0.02
0.03373,0.11
0.001384,0.03
-0.0108,0.08
-0.001189,0.02
-0.010631,-0.13
-0.004403,-0.06
0.011609,-0.04
0.008651,-0.09
0.009314,-0.05
0.005472,0.03
-0.000483,0.01
-0.008276,0.06
0.002925,0.06
0.014588,0.07
0.019596,-0.13
0.00118,0.06
-0.005655,-0.07
-0.005779,0.04
-0.007824,-0.09
0.008352,0.0
0.002117,-0.04
0.012256,-0.01
0.000232,-0.02
0.015764,-0.07
0.019192,-0.11
-0.003182,-0.04
-0.012647,0.16
0.001074,-0.01
0.010058,-0.09
-0.008603,0.05
-0.00477,0.07
-0.007958,-0.01
-0.014086,0.01
-2.2e-05,0.07
0.001905,0.05
-0.006835,0.08
0.002927,-0.04
0.00144,-0.0
0.001423,-0.0
-0.004307,0.04
0.00168,-0.02
0.000332,-0.12
-0.006511,-0.25
-0.002874,-0.09
-0.00064,0.03
-0.002857,0.02
-9.7e-05,0.0
0.001815,-0.02
0.013633,0.04
-0.008228,-0.07
0.000405,-0.1
0.006729,-0.06
0.00867,-0.02
-0.003471,-0.05
-0.00095,-0.0
-0.008002,-0.02
0.008248,-0.12
0.005917,0.09
-0.005367,-0.09
0.004305,0.05
0.002796,-0.02
0.01281,-0.07
0.005301,0.02
-0.013105,0.13
-0.004914,0.0
0.003231,0.0
0.01352,-0.06
0.002811,-0.13
0.000846,-0.01
0.00218,-0.05
0.001999,0.03
0.006694,-0.03
-0.029502,0.02
0.009125,0.05
0.029149,-0.02
-0.003253,0.29
-0.013341,-0.06
0.015947,-0.03
0.020954,-0.02
-0.009543,0.03
0.016902,-0.21
-0.003645,0.15
0.015703,0.02
-0.011872,0.3
0.009842,0.32
-0.000709,0.19
-0.012277,-0.0
-0.001214,0.03
0.003486,0.03
-0.006478,-0.05
0.001818,-0.04
-0.016751,-0.04
0.005402,-0.07
-0.015858,0.05
0.004518,0.03
-0.000232,0.08
-0.005426,0.04
0.002777,-0.02
-0.01346,-0.06
-0.001865,-0.08
-0.003513,0.04
0.00472,0.01
-0.003209,0.0
-0.006057,-0.01
0.00705,-0.0
0.014825,0.04
0.010814,0.14
0.00761,0.04
-0.015883,0.08
0.017371,-0.16
0.009937,-0.09
0.006389,0.03
0.010273,-0.03
0.008983,-0.03
0.006317,-0.02
-0.018092,0.01
-0.002452,0.03
-0.014535,-0.05
-0.00426,0.04
-0.009848,-0.03
0.016376,-0.06
-0.002734,0.07
0.00233,-0.03
0.015218,-0.11
0.00247,0.03
-0.005511,0.28
-0.020972,0.17
0.015693,0.16
-0.000634,0.0
0.00739,0.03
-0.027837,0.08
-0.016998,0.08
0.02037,-0.03
0.002761,-0.06
-0.007143,0.0
-0.006125,-0.07
-0.026125,0.15
-0.027536,0.18
0.004522,-0.12
-0.013048,0.04
0.003738,-0.02
0.026276,-0.11
-0.008266,0.09
0.000552,-0.11
-0.018548,0.06
-0.01538,0.16
0.024892,-0.13
-0.010078,0.01
-0.004318,0.2
0.006486,0.03
-0.011707,0.14
-0.016063,0.09
0.010655,-0.04
-0.011822,0.16
-0.003543,0.05
0.012207,-0.14
-0.000903,-0.06
-0.006665,-0.07
0.01125,0.06
0.004353,0.01
0.019811,-0.18
0.017333,-0.1
0.000287,0.02
-0.003773,0.05
-0.002745,-0.06
0.001325,0.07
0.009169,0.01
-0.003092,0.03
-0.002962,0.05
-0.029389,0.39
-0.008096,-0.04
-0.006109,0.03
-0.022243,-0.01
0.013617,-0.02
0.004378,-0.05
0.002846,-0.26
-0.004028,-0.08
0.029918,-0.22
0.030048,0.0
-0.013277,0.1
-0.009181,-0.07
-0.011747,0.09
-0.000778,0.09
0.020582,-0.19
-0.017339,-0.09
-0.029152,0.15
-0.012477,0.15
0.005299,-0.04
-0.002535,0.2
0.005994,-0.1
0.009289,-0.14
-0.010417,0.23
0.004624,0.36
0.015637,-0.14
0.009304,-0.11
-0.014645,0.03
-0.006945,0.06
-0.015684,-0.01
-0.020997,0.06
-0.012269,0.01
0.006183,-0.09
-0.020382,0.03
-0.003288,0.04
0.009908,-0.18
0.011433,-0.05
-0.000287,0.23
0.045494,-0.43
-0.011203,0.0
0.007658,0.08
0.000429,0.05
-0.002707,-0.01
-0.008363,0.02
-0.008521,0.05
0.009514,-0.04
-0.00884,0.11
0.009204,-0.04
-0.020961,0.0
-0.013521,-0.05
-0.02169,0.1
-0.008004,0.02
0.008205,0.06
-0.008235,0.04
0.01418,0.0
-0.001296,-0.03
-0.003658,0.04
0.009536,-0.09
-0.027397,0.07
0.004728,-0.07
0.015825,-0.1
-0.009478,0.16
0.000858,0.06
-0.017006,0.02
0.002653,0.02
-0.00303,0.05
-0.007239,0.01
0.009455,-0.23
0.030059,-0.14
0.019505,-0.01
0.032286,-0.12
-0.000308,-0.06
0.035275,-0.18
0.008053,0.1
0.024148,-0.26
0.017739,-0.19
-0.008547,0.08
-0.001899,0.12
-0.023028,0.33
0.008872,0.06
-0.002098,-0.08
0.02448,-0.13
0.001952,0.23
-0.004181,0.01
0.030579,-0.37
0.003526,-0.02
0.020911,-0.43
-0.032004,0.0
-0.011658,0.05
0.000683,0.02
0.000898,0.05
0.002597,0.11
-0.011527,0.06
-0.014955,0.04
0.013055,0.02
0.011607,-0.02
0.003587,-0.03
0.015956,0.01
0.006353,-0.01
0.008499,-0.04
0.002916,0.01
0.003437,0.04
-0.004307,0.15
-0.001229,-0.06
-0.003779,0.09
0.020433,-0.07
-0.006168,-0.08
0.001968,0.01
-0.001842,0.11
-0.019481,0.09
0.012984,-0.0
-0.017674,0.12
0.010992,0.01
0.007286,-0.02
0.00179,-0.03
-0.005416,0.01
-0.004986,-0.03
0.007906,-0.09
0.000557,0.09
-0.024302,-0.07
-0.005864,0.05
0.004988,-0.03
-0.006002,0.13
-0.010994,0.04
0.001365,-0.01
0.017158,-0.05
-0.016288,0.04
-0.015597,0.02
0.004089,0.02
0.000722,-0.05
-0.005234,-0.12
-0.002061,0.03
0.009236,-0.09
0.000499,-0.07
0.004555,-0.08
-0.000319,-0.0
-0.010732,-0.02
-0.002611,0.01
0.01338,-0.03
0.007654,-0.09
0.00836,-0.04
0.009162,-0.01
-0.000684,-0.0
0.014619,-0.03
0.003206,-0.04
0.007945,0.05
0.009677,-0.1
-0.00048,0.0
-0.00543,-0.04
-0.005675,0.06
0.00312,-0.08
0.011783,0.03
-0.009999,0.0
0.010144,-0.07
0.021076,-0.03
0.007329,0.05
-0.015816,0.18
0.007909,0.02
0.012096,-0.13
0.00538,-0.07
0.001786,-0.08
0.004472,0.03
0.003517,0.04
-0.009577,0.05
0.000825,0.07
-0.005017,0.04
0.01462,-0.08
0.005475,-0.02
0.005995,0.09
0.000447,-0.02
0.00489,0.04
0.001741,-0.04
-0.000776,-0.01
-0.002513,0.02
-0.005972,0.02
-0.006363,-0.02
-0.022074,0.08
0.000651,0.0
0.010949,-0.14
0.006621,-0.13
-0.007901,0.02
0.006124,-0.01
0.007965,-0.05
-0.000894,0.07
0.00303,-0.01
0.005118,0.01
0.005479,0.02
0.00374,0.02
0.008814,0.0
0.000228,-0.06
0.005987,0.03
-0.005274,0.07
-0.007924,-0.03
-0.001162,0.06
-0.000548,0.01
0.007228,0.03
-0.004805,-0.03
-0.005644,-0.01
-0.002247,-0.0
0.011779,0.04
0.008207,-0.02
0.008799,0.04
0.004633,-0.04
-0.012638,0.08
-0.010792,0.04
-0.019113,0.02
0.011292,-0.01
-0.001024,0.04
0.001748,-0.01
0.016105,0.1
0.029145,-0.05
0.001046,-0.09
-0.00457,-0.04
-0.002015,0.05
0.007184,-0.08
-0.000586,0.01
-0.006907,0.05
0.006485,0.01
-0.004445,-0.08
-0.004076,0.05
0.004233,0.01
-0.0034,-0.03
-0.001638,0.07
0.004641,0.03
-0.01054,0.05
0.005328,-0.04
0.001964,-0.1
0.008363,-0.03
0.006166,-0.01
0.014041,-0.06
-0.001625,-0.09
-0.002534,0.03
0.009776,-0.07
-0.007379,-0.01
0.010289,0.01
0.010251,-0.04
-0.005758,-0.05
0.017461,-0.07
0.003986,0.0
0.012564,0.01
-0.002069,-0.03
0.001288,0.05
-0.014962,0.11
0.00829,0.06
-0.004593,-0.0
-0.000587,-0.0
0.015899,0.02
-0.016974,0.03
0.010837,0.04
-0.018516,-0.08
-0.007094,-0.01
-0.005427,0.02
0.006886,0.08
-0.009592,0.0
-0.012942,0.03
0.005197,-0.01
-0.005516,0.08
-0.005184,0.04
-0.000765,0.13
0.018266,0.01
-0.001174,-0.02
0.008111,-0.11
-0.010836,0.03
0.002188,-0.04
0.004087,-0.01
-0.009466,0.02
-0.004173,0.07
0.003686,-0.01
0.003694,0.05
0.009453,-0.03
0.000978,-0.09
-0.001512,-0.01
-0.013172,-0.04
-0.015524,0.04
-0.008513,0.0
-0.003765,0.03
0.001946,-0.0
0.013878,-0.02
0.013529,-0.09
-0.004456,0.05
-0.016737,0.02
0.009887,-0.07
-0.001758,-0.13
0.01795,-0.03
0.006966,0.03
0.000265,0.06
-0.013906,0.02
-0.001039,-0.01
0.007492,0.01
0.016477,-0.13
-0.013477,-0.05
-0.003668,0.05
0.007375,-0.06
0.009007,0.06
-0.010303,0.08
0.001711,0.03
0.006229,0.06
-0.030565,0.5
0.005546,-0.09
0.023061,-0.11
0.019187,-0.24
0.018262,-0.17
0.012809,-0.1
-0.004434,0.06
0.015472,-0.23
0.027976,-0.22
-0.001821,0.04
-0.004555,0.04
0.016385,-0.22
0.012197,-0.13
0.00086,-0.34
-0.008619,0.0
0.011147,-0.12
-0.008096,0.04
-0.009046,0.2
-0.00232,0.02
0.023636,-0.1
0.015555,-0.0
-0.002322,-0.05
-0.002641,-0.01
-0.007415,0.09
-0.012035,0.06
-0.023297,-0.0
0.000711,0.06
0.009007,-0.11
-0.001925,-0.0
0.016087,-0.04
-0.005601,-0.14
0.006303,-0.05
0.010185,-0.1
0.009583,-0.02
0.00284,0.03
0.00055,0.01
-0.003341,0.06
0.00344,-0.03
0.000464,0.0
-0.003183,-0.01
0.008413,0.03
-0.016934,0.05
0.008793,-0.13
0.013478,-0.07
-0.011457,0.01
-0.006552,-0.02
0.007828,0.09
-0.004372,0.09
-0.012775,0.03
7.8e-05,0.05
-0.01209,0.02
-0.006567,0.0
0.015133,0.01
0.005848,0.04
0.004638,-0.05
0.0137,-0.02
0.002022,0.02
0.005469,-0.03
0.006247,0.02
0.004611,-0.02
0.003423,0.09
-0.001981,0.02
-0.001325,0.01
0.007235,-0.11
-0.017413,0.03
0.009949,0.02
0.004625,-0.07
-0.009598,0.12
0.003018,0.01
0.003223,0.01
-0.004504,-0.0
1.3e-05,-0.05
0.020921,-0.09
-0.00389,0.11
0.013998,0.01
-0.017561,-0.01
0.01138,-0.04
-0.001594,-0.01
-0.005801,0.01
0.023969,-0.07
0.011846,0.02
-0.00196,-0.07
-0.003572,0.07
-0.005296,0.07
0.000799,0.03
-0.007245,-0.03
-0.017922,0.04
-0.002457,0.09
-0.007675,0.0
-0.008766,-0.03
-0.000827,-0.05
0.011832,-0.11
0.000772,-0.01
0.016041,-0.1
-0.001689,0.12
0.009538,-0.07
-0.00554,-0.03
0.000105,0.02
-0.000837,0.01
0.008418,0.12
0.008599,0.04
0.001563,-0.05
-0.026676,0.03
-0.027045,0.08
-0.005205,0.13
0.00098,-0.0
-0.005707,0.04
0.005665,-0.05
0.013934,-0.04
-0.014031,-0.01
0.003196,0.03
-0.00065,-0.08
0.008509,0.0
0.011726,-0.04
-0.005089,0.06
0.005872,-0.1
-0.002841,-0.07
0.002182,0.01
0.003569,-0.01
-0.009139,0.11
0.003904,0.06
0.010479,0.17
-0.008809,0.05
-0.008783,0.09
0.008428,0.05
0.012223,0.04
0.00593,0.09
0.002124,0.07
0.015088,-0.03
0.018537,-0.03
-0.003799,0.03
-0.025851,0.07
0.001417,-0.04
0.01087,-0.11
0.0003,-0.09
0.011307,-0.1
0.0056,-0.07
0.010587,0.03
-0.003816,0.02
0.010991,0.04
-0.003606,0.01
0.007842,-0.04
0.013189,0.05
0.012116,-0.0
-0.002997,-0.04
0.003392,0.07
0.013507,-0.04
0.00097,0.02
0.016196,0.03
0.005582,-0.03
0.008447,-0.03
0.000825,0.04
0.004812,0.04
0.002616,0.04
0.007836,-0.0
0.01456,0.02
0.001952,-0.12
-0.008914,-0.05
-0.003608,-0.02
-0.002631,-0.06
0.003062,0.04
0.000649,-0.04
0.002236,-0.06
0.007033,-0.04
-0.009643,0.05
0.003006,-0.03
0.02866,-0.12
0.002475,0.04
-0.012687,0.15
-0.000512,0.03
-0.014096,0.08
0.002809,-0.05
-0.017924,0.07
-0.013176,0.06
-0.007441,-0.01
0.005319,-0.02
-0.004723,0.05
0.001016,0.01
0.002673,-0.02
-0.009589,0.05
0.015288,-0.08
-0.00106,-0.09
-0.022534,0.06
0.003413,0.04
9.5e-05,-0.07
-0.002005,0.01
0.003211,-0.01
0.012331,-0.05
-0.007937,0.09
-0.012316,-0.02
-0.006485,-0.07
0.01984,-0.04
0.000628,-0.12
-0.000604,0.01
-0.007965,0.01
0.005489,0.02
0.003202,-0.08
0.011734,0.07
0.003296,-0.05
0.00139,-0.01
-0.00521,0.22
-6.5e-05,-0.09
0.009687,0.03
0.002325,-0.02
0.004304,-0.06
0.004731,-0.02
0.005091,-0.12
0.010488,0.09
0.0081,-0.06
-0.013827,-0.02
-0.001377,-0.03
-0.011556,-0.01
-0.002153,0.02
0.007655,-0.05
-0.024003,-0.0
0.003265,0.14
0.012317,0.02
0.007564,0.04
-0.010823,0.09
-0.026789,-0.06
0.00778,0.04
0.015941,-0.04
-0.003444,-0.01
0.008982,-0.05
-0.015646,0.01
-0.015974,-0.05
0.014516,-0.02
-0.008592,0.01
-0.011624,0.05
-0.005057,-0.04
0.011664,-0.03
0.011855,-0.05
0.005352,-0.04
0.008274,-0.05
0.012651,-0.08
0.000611,-0.04
0.011207,-0.12
0.007663,-0.12
0.011316,-0.01
-0.000944,0.04
-0.006445,-0.0
0.008286,-0.05
0.005758,-0.02
-0.002555,-0.1
-0.001862,0.02
0.001743,-0.06
0.011596,-0.05
0.000998,0.04
0.003741,0.0
-0.00237,-0.05
-0.008409,-0.08
0.000746,0.02
-0.007454,0.03
-0.013842,0.08
-0.005174,-0.08
0.01472,-0.1
0.015835,0.03
0.010263,-0.0
0.001534,0.01
0.004183,0.05
0.007291,-0.08
-0.005561,-0.06
-0.003748,-0.04
-0.008274,0.07
0.000769,-0.02
-0.00547,0.08
-0.006872,0.05
0.001548,-0.04
-0.006975,0.04
0.004583,-0.01
-0.005932,-0.0
-0.01297,-0.03
0.002619,0.04
-0.002231,-0.04
-0.003237,-0.03
0.020808,-0.03
-0.006141,0.04
0.004153,0.02
0.017497,-0.11
0.000671,0.01
-0.008585,0.04
-0.000256,-0.02
-0.01002,0.02
-0.018912,0.08
-0.002138,-0.08
-0.015242,-0.02
-0.020671,-0.02
0.005312,-0.04
-0.004738,-0.04
0.011055,-0.11
-0.0009,0.08
-0.006125,-0.11
0.005809,-0.14
-0.021365,0.1
0.010609,-0.06
-0.003401,-0.04
0.001394,-0.1
-0.022213,0.08
0.02372,-0.02
0.002798,0.09
0.005904,0.02
0.008039,0.03
-0.014999,0.05
-0.020328,0.08
-0.005361,0.2
0.013782,-0.01
0.00084,-0.02
0.005944,-0.07
0.004451,-0.05
0.013938,-0.01
0.000508,-0.01
0.006687,-0.01
-0.005599,0.06
0.004551,-0.02
0.012728,-0.03
0.00065,-0.01
0.005422,0.02
-0.005158,0.02
-0.005211,0.02
0.003918,0.03
0.004476,0.14
-0.009739,0.06
-0.012961,0.06
-0.005216,0.06
-0.005832,0.05
0.006205,-0.07
0.016774,-0.1
0.003402,-0.07
0.020867,0.06
0.002597,0.07
-0.008925,-0.0
-0.007396,0.0
-0.013004,0.14
0.009902,0.01
0.003677,-0.01
0.006402,-0.05
-0.004712,0.01
0.005134,0.07
0.015261,-0.1
0.004087,-0.01
0.008797,-0.03
-0.003635,0.05
0.005385,0.01
0.004557,-0.06
-0.00012,0.06
-0.015086,0.12
0.009038,0.04
0.006657,-0.06
0.002964,0.04
0.005531,0.04
-0.001481,0.04
0.007658,-0.04
-0.008591,0.11
0.007344,0.02
0.008181,0.02
-0.018978,0.04
-0.006884,0.08
0.005689,-0.05
-0.008545,0.07
0.010705,-0.12
0.002942,0.02
-0.01034,-0.0
-0.013642,0.01
-0.002169,0.01
-0.015055,0.07
0.023559,-0.16
-0.002973,0.06
0.004234,-0.03
0.01368,-0.16
0.001396,-0.07
-0.003738,0.08
0.011787,-0.04
0.011284,-0.05
-0.000141,-0.0
-0.00548,-0.05
-0.003965,-0.08
0.00196,-0.07
-0.007329,-0.01
0.004128,0.09
0.01535,-0.12
-0.00709,-0.04
-0.00433,-0.03
0.004001,0.04
0.001133,-0.01
-0.000201,-0.01
-0.007814,0.1
-0.002527,0.04
-0.008835,0.02
0.006229,-0.1
-0.010639,0.0
0.000851,-0.05
0.004793,0.0
0.004668,0.07
-0.000217,0.03
0.002817,-0.02
-0.007146,-0.02
-0.007329,-0.01
0.004512,-0.09
-0.008202,0.04
-0.02103,0.02
-0.005676,0.06
0.001212,-0.07
-0.006651,0.01
-0.001766,-0.05
-0.012101,0.07
0.003085,0.03
0.000295,-0.11
-0.013717,0.08
0.00283,0.04
0.011814,-0.13
-0.008615,0.04
-0.00312,-0.05
-0.005261,0.1
0.000278,-0.0
-0.011611,0.04
0.00331,0.06
-0.004301,0.02
-0.003255,0.05
-0.002239,-0.1
-0.001548,0.06
0.002865,-0.05
0.011397,-0.01
-0.002343,-0.03
-0.001332,0.03
-0.002547,0.09
0.016437,-0.01
-0.018257,0.01
0.009685,-0.07
0.012283,-0.08
-0.004498,0.08
-0.003028,-0.01
-0.00541,0.02
0.003727,-0.02
-0.010733,0.05
0.009401,0.01
0.004546,0.04
-0.011219,-0.02
0.003411,0.07
0.008289,-0.04
-0.002462,-0.02
0.02184,-0.07
0.012765,-0.18
-0.002222,-0.01
0.002516,-0.01
-0.016794,0.1
-0.003706,-0.02
0.002226,0.05
0.000402,-0.09
-0.000882,0.01
-0.007792,0.02
0.004172,-0.06
0.0037,-0.03
0.000336,0.07
-0.013391,0.06
-0.011631,0.2
-0.001787,0.06
0.001822,0.13
0.006109,-0.02
0.008154,-0.02
0.00335,-0.01
0.004023,-0.03
0.008353,-0.06
0.002908,-0.07
-0.004948,-0.0
-0.007231,0.04
-0.012213,-0.03
0.021068,-0.06
0.006483,0.02
0.011019,-0.05
0.003133,-0.08
0.006513,0.02
0.002711,0.02
0.007207,-0.13
-0.001656,0.08
0.019404,-0.1
-0.001548,-0.07
0.001899,0.06
-0.001375,-0.04
0.009599,-0.16
-0.009607,-0.06
-0.000383,0.01
-0.007892,-0.01
-0.001401,0.06
0.010068,0.03
0.01961,-0.02
-0.005941,0.01
0.002588,-0.04
0.011034,-0.14
0.009233,0.02
0.006499,0.0
0.001845,0.07
0.006052,0.03
0.009774,0.01
0.002497,0.02
0.009621,-0.06
-0.002772,-0.12
-0.00806,0.06
-0.001223,0.01
-0.001879,0.06
-0.006056,0.15
-0.012923,0.06
0.006696,-0.01
0.005942,-0.0
0.00862,0.09
0.00598,-0.05
0.00297,0.05
0.008304,-0.06
0.001606,-0.11
0.00513,-0.05
-0.004926,-0.04
-0.003217,-0.01
0.000159,0.1
0.017467,-0.01
0.008224,0.05
0.011745,-0.05
-0.001989,-0.07
-0.009709,0.06
0.01754,-0.01
0.000777,-0.06
0.003255,0.04
0.00235,-0.05
-0.008214,-0.01
-0.007135,0.06
0.007561,0.01
-0.008221,-0.01
-0.008768,0.08
0.008594,0.03
-0.003472,0.07
-0.011871,0.08
0.006682,-0.01
0.001034,-0.05
-0.001061,-0.02
0.005575,0.05
0.002775,-0.06
-0.002048,0.1
0.002741,0.11
0.013631,0.05
-0.009536,0.07
0.006015,0.0
-0.007899,0.04
-0.006873,0.04
-0.001458,0.07
0.001823,-0.1
-0.002637,0.05
0.007288,-0.01
-0.003904,-0.02
-0.005923,0.02
-0.007671,0.03
-0.004221,0.1
0.007347,-0.12
-0.003614,0.03
0.002616,-0.0
0.012833,-0.06
-0.000518,-0.01
0.009134,-0.01
0.00742,0.08
0.001093,0.01
-0.004482,0.02
0.000259,-0.01
-0.008842,0.1
0.004675,0.02
-0.018425,0.14
-0.007812,0.11
0.01153,0.22
0.046842,-0.1
0.002894,-0.09
-0.004421,-0.02
0.014939,-0.05
-0.006307,0.05
0.000565,-0.0
0.001772,-0.07
0.024254,-0.17
-0.004828,0.18
-0.012591,0.11
0.009549,-0.04
0.009388,0.07
0.003946,-0.09
0.013705,-0.08
0.009146,-0.08
-0.014901,0.16
0.001837,0.15
-0.006619,0.11
-0.001071,-0.01
-0.005993,-0.05
0.007387,0.02
0.017656,-0.2
0.010166,0.1
0.017942,0.1
0.001567,-0.09
0.012737,0.04
0.00552,0.07
0.018449,0.08
-0.011133,0.1
0.012658,0.03
0.005226,0.01
0.008354,-0.04
-0.00831,0.09
0.000746,0.27
0.019241,-0.0
0.010501,0.06
-0.002858,0.01
0.002835,0.18
-0.01832,0.2
0.0006,0.02
-0.000399,-0.0
-0.022373,0.0
0.002539,-0.0
-0.012944,0.04
-0.013828,0.07
-0.000404,0.01
-0.012444,0.1
-0.004815,0.03
0.003586,0.04
0.003875,-0.1
-0.002134,0.02
0.008321,-0.06
-0.004816,0.03
-0.001924,0.05
0.007933,-0.13
-0.008914,0.03
-0.018632,0.05
-0.010632,0.11
-0.001385,-0.09
-0.009378,0.13
0.011112,-0.1
-0.013043,0.14
0.011934,0.05
-0.004292,-0.01
0.010956,-0.07
0.007462,-0.0
-0.000453,0.07
-0.001204,0.06
0.003933,0.03
0.010204,0.01
-0.003761,-0.02
-0.001647,-0.07
-0.005807,0.08
-0.003542,0.06
-0.012934,0.14
-0.000135,0.05
0.010936,-0.05
-0.000647,-0.07
-0.014455,0.05
-0.012819,0.1
0.005521,-0.07
0.002648,-0.08
0.012977,-0.05
0.022235,-0.1
-0.000219,-0.02
-0.020464,0.08
0.008722,0.04
0.005651,0.01
0.009982,-0.06
-0.007254,0.0
0.008396,-0.09
0.020731,-0.1
-0.007369,-0.02
-0.00322,-0.11
0.002581,-0.01
-0.008762,0.06
-0.009315,0.05
-0.002482,0.02
-0.00244,0.09
-0.002727,0.02
0.004232,-0.03
-0.001148,0.05
-0.005088,-0.01
0.005247,-0.07
-0.006467,-0.07
0.005727,-0.03
-0.002662,0.12
0.01058,0.06
0.01056,0.01
0.002722,0.06
-0.009684,0.07
0.006867,0.05
0.009832,-0.04
0.001899,-0.05
-0.004224,0.08
-0.0018,-0.03
0.025867,-0.08
0.000377,-0.01
-0.008865,0.06
-0.004756,0.07
-0.011262,0.02
0.010626,-0.1
-0.006653,0.13
0.005324,0.01
0.00257,0.02
-0.014282,0.09
-0.004944,-0.05
-0.010433,-0.01
-0.008222,0.08
0.001807,0.03
-0.000872,-0.01
0.000589,-0.0
-0.008929,0.17
0.013219,-0.1
-0.001484,-0.04
-0.007713,0.04
0.003765,0.04
-0.009344,0.09
0.001804,0.03
0.001649,0.05
0.009729,0.0
0.016085,-0.06
-0.013697,0.01
0.016672,-0.07
0.008007,-0.09
0.004772,-0.1
0.012975,0.02
0.001865,-0.02
-0.002793,0.03
0.001842,-0.06
0.013112,-0.1
0.007636,-0.1
-0.003083,0.03
-0.003378,0.02
0.003785,0.04
0.003479,0.01
-0.00201,-0.06
0.008967,-0.14
0.004846,-0.15
0.013058,0.07
-0.017244,0.09
-0.003115,0.08
0.00101,-0.03
-0.000591,-0.18
-5.8e-05,-0.01
-0.003035,-0.08
0.002776,-0.01
-0.013656,0.06
-0.000495,0.13
0.005082,0.05
0.004931,-0.04
-0.015824,0.02
-0.002787,-0.03
0.00656,0.03
0.005693,-0.06
-0.00097,0.02
0.011489,-0.14
-0.003018,0.03
-0.003542,0.16
0.005328,-0.01
0.009677,0.02
0.008423,-0.12
-0.016466,0.11
-0.000463,0.02
-0.002578,0.04
-0.001786,0.14
-0.005375,-0.05
-0.025845,0.08
-0.006537,-0.06
-0.010611,-0.0
-0.010547,-0.01
-0.00216,0.01
0.001482,-0.06
-0.001217,0.09
0.012093,-0.05
-0.006146,-0.05
0.004364,-0.02
0.014424,-0.08
-0.006173,0.02
-0.002217,0.04
0.007055,-0.07
0.00757,-0.06
-0.004878,0.01
-0.000604,-0.0
-0.000609,0.07
0.0033,0.03
0.01894,-0.12
0.002047,0.0
-0.007095,-0.03
0.005119,0.01
0.01045,-0.09
0.010843,-0.03
-0.000593,0.12
0.014689,-0.15
0.003932,-0.07
-0.013318,-0.03
0.002923,-0.07
0.011319,0.03
0.010273,-0.08
-0.014686,0.15
-0.020144,0.27
-0.018671,0.09
-0.020162,0.29
0.00204,0.07
-0.001519,0.09
-0.000979,0.04
0.006668,0.04
-0.003917,0.05
0.008843,-0.13
-0.007269,0.01
-0.007425,0.14
0.012106,0.05
0.014711,-0.07
0.011242,0.01
0.007522,-0.01
-0.002904,0.02
-0.002576,-0.02
-0.001961,0.06
0.003885,0.09
-0.004422,-0.05
0.000742,-0.09
0.009385,-0.1
-0.006204,0.03
0.005528,0.05
0.006706,0.05
0.003834,0.06
0.003405,0.0
-0.010099,-0.04
0.003182,0.02
0.011218,0.0
-0.014543,0.02
0.00256,-0.03
0.00863,-0.02
-0.001383,0.04
0.016313,-0.13
-0.00192,0.01
-0.001496,0.06
-0.003816,0.02
0.004987,0.04
0.001725,0.01
0.00761,-0.01
-0.004567,0.03
0.012386,-0.04
0.000862,-0.09
0.007263,0.01
0.009335,-0.02
0.002958,0.03
0.003976,-0.07
0.005718,-0.07
0.012473,-0.17
0.003556,0.02
-0.016379,-0.06
-0.009968,-0.04
0.011347,0.05
-0.008783,-0.03
-0.003052,-0.03
-0.006096,0.05
0.001369,-0.05
-0.003354,0.01
0.001638,0.03
0.013699,-0.08
-0.003683,0.26
0.017511,-0.24
0.000697,-0.13
0.00666,-0.22
0.002371,-0.09
-0.015181,0.0
0.013893,-0.03
-0.000154,-0.02
0.005946,0.03
-0.003196,-0.03
-0.006584,0.05
-0.003402,-0.01
0.019661,-0.1
0.001834,0.04
-0.007942,0.21
-0.025103,0.04
-0.001688,0.14
0.00458,-0.15
0.004822,-0.1
0.006765,-0.0
0.006775,-0.11
-0.005891,0.11
-0.021836,0.04
-8.2e-05,-0.0
-0.000899,-0.01
0.002568,0.04
0.002448,-0.03
0.008809,-0.01
0.008196,-0.09
0.006303,-0.02
0.009675,-0.14
0.006488,-0.02
0.009389,-0.07
-0.013656,0.1
0.019888,-0.13
-0.001561,-0.08
0.007883,-0.08
0.013501,-0.1
-0.009802,0.03
0.009324,0.02
0.002543,-0.01
0.005728,0.04
0.016347,0.01
-0.000654,0.03
0.006019,-0.02
0.008138,-0.02
-0.011612,0.08
0.005476,-0.05
-0.009034,0.08
-0.00514,0.01
-0.012875,0.06
0.005738,0.05
0.004307,0.01
-0.003686,0.11
0.005867,0.01
-0.017956,0.15
0.009356,0.01
0.015203,-0.06
0.001469,-0.15
-0.005594,0.03
-0.023977,0.16
-0.001827,-0.06
0.011557,-0.08
-0.003688,-0.05
-0.028702,0.07
0.004864,-0.04
-0.005119,0.02
0.012724,-0.11
-0.008558,-0.0
-0.005245,-0.1
0.008643,-0.05
-0.008184,-0.1
0.003137,-0.05
0.022823,0.05
-0.004318,0.01
-0.004748,0.06
0.002801,0.01
-0.001114,-0.08
0.01005,-0.11
0.019313,-0.1
0.008126,-0.11
0.008247,-0.02
0.002431,-0.0
-0.001319,0.01
0.007581,0.02
0.005665,0.01
-0.009094,0.05
0.007356,0.03
-0.002958,0.03
-0.006052,0.01
0.001345,-0.06
0.005677,-0.05
0.010169,-0.07
0.016428,-0.05
-0.000593,-0.13
-0.010695,-0.03
-0.008153,0.09
0.007734,0.01
-0.007816,0.03
0.00354,0.09
0.000764,0.01
0.006718,-0.07
0.005384,0.04
-0.017928,0.06
0.006319,-0.0
0.019739,-0.01
0.001494,-0.07
-0.01804,0.04
-0.007469,-0.03
0.000206,-0.05
0.004492,-0.05
0.015092,-0.09
-0.000445,-0.02
0.009566,-0.03
0.006538,-0.06
-0.001472,0.03
0.010174,0.02
0.009469,-0.1
-0.00241,0.0
0.006371,-0.0
-0.001651,-0.04
0.012536,0.04
0.014787,-0.08
-0.005721,-0.04
-0.000467,-0.04
0.015095,0.01
-0.004568,0.0
0.006116,-0.08
-0.007441,0.06
-0.010045,0.08
0.007209,0.08
-0.016933,-0.11
0.003039,0.02
0.005867,-0.03
0.002212,-0.02
-3e-05,-0.02
0.004212,-0.0
0.005817,-0.13
0.01174,0.02
-0.001498,0.0
0.000471,0.02
-0.00713,0.05
-0.009841,0.08
-0.013151,0.05
-0.004735,0.05
0.012591,-0.06
0.002727,0.01
-0.002593,-0.06
-0.006581,0.02
-0.00759,-0.02
0.01121,-0.03
-0.003656,-0.06
-0.008143,0.09
-0.001316,-0.06
-0.003504,-0.03
0.01644,0.04
-0.006174,0.05
0.003084,0.11
-0.004163,0.12
-0.003068,-0.0
-0.001057,0.1
0.001136,0.02
0.002219,-0.02
0.000373,0.05
0.014923,-0.03
0.014245,0.06
-0.002475,-0.01
-0.007779,0.1
0.01018,-0.04
0.016457,-0.08
0.004044,-0.01
-0.01274,0.04
6e-05,-0.02
0.00931,-0.03
-0.015559,0.13
-0.015925,0.03
-0.012913,-0.05
0.000303,0.05
-0.003695,0.05
-0.001294,-0.13
0.007411,0.01
0.003731,-0.08
0.008306,-0.01
-0.004769,-0.08
0.019681,-0.03
0.014558,-0.12
-0.019034,0.14
-0.008542,0.03
-0.006708,0.02
-0.006185,0.08
-0.001371,0.05
0.004919,-0.02
0.003577,-0.05
-0.000508,-0.07
0.001081,-0.01
-0.018956,0.06
0.015688,-0.13
0.014427,-0.04
0.010954,-0.01
-0.007878,0.09
0.009664,-0.02
0.010709,0.02
0.015199,-0.13
0.017114,0.0
-0.001055,0.02
-0.005914,0.06
-0.002935,0.09
-0.009389,-0.15
-0.008157,0.18
-0.014062,0.03
0.00089,-0.0
0.008162,-0.04
0.001886,-0.12
-0.003526,-0.1
-0.010307,-0.15
0.019716,-0.03
0.009077,0.08
0.014388,-0.04
-0.008052,0.03
0.016665,-0.34
0.005795,-0.0
0.01807,-0.05
-0.013418,-0.09
0.000219,0.01
-0.011175,0.05
0.016231,-0.02
0.003177,-0.05
0.009326,-0.05
-0.00549,0.19
0.014099,-0.03
0.006494,0.06
-0.02698,0.13
-0.00116,-0.02
0.009205,-0.1
-0.013904,0.1
0.02172,-0.12
0.001448,-0.03
0.001282,-0.15
-0.016459,0.06
0.00442,-0.02
0.00147,-0.03
0.01515,-0.07
0.003805,-0.05
-0.01329,0.12
-0.001915,-0.02
-0.006654,0.04
0.006045,-0.01
-0.012011,0.03
-0.000191,-0.02
-0.006838,0.02
-0.004441,-0.0
-0.008445,0.08
-0.002181,0.05
0.007452,-0.03
0.007626,0.03
0.002104,0.04
-0.003226,0.03
0.001972,0.04
-0.004308,-0.05
-0.012038,-0.01
0.003859,-0.04
-0.009881,0.0
0.01312,-0.02
0.000907,-0.06
0.008927,0.03
-0.008112,-0.05
-0.00854,-0.12
-0.005689,-0.09
0.003289,0.1
0.000952,-0.03
-0.008099,0.1
-0.016863,0.06
0.003361,0.02
-0.009226,-0.06
0.012535,-0.16
0.000389,0.13
0.002257,0.05
-0.021922,0.15
-0.000272,0.14
0.003284,0.06
0.024698,-0.18
-0.010981,0.03
0.004217,-0.1
0.012732,-0.19
-0.033314,0.04
-0.02437,0.09
-0.021716,0.02
0.00652,-0.14
-0.00711,-0.03
-0.010215,0.17
-0.007085,-0.09
0.013448,-0.15
0.010994,0.01
-0.016004,0.14
-0.00432,0.03
0.023793,-0.2
0.028369,-0.23
-0.011103,0.21
0.013867,0.11
0.015581,0.09
0.006441,-0.08
0.00086,-0.25
-0.024467,0.12
-0.020952,0.33
-0.001385,0.18
-0.004586,0.04
0.006994,0.01
0.017416,0.02
0.018231,-0.1
0.010927,-0.08
0.01177,-0.01
-0.011256,0.09
-0.011442,0.03
-0.003302,0.05
0.00533,-0.03
-0.001148,0.05
0.000479,-0.01
-0.005376,0.0
-0.015355,0.14
0.000775,-0.06
0.002317,-0.07
-0.006051,-0.03
-0.001924,0.04
0.009082,-0.01
0.007908,-0.06
-0.006997,0.01
0.006381,-0.07
0.006463,-0.02
0.014845,-0.06
0.002767,-0.01
-0.000802,-0.01
0.008792,-0.1
-7.3e-05,0.1
0.009715,0.01
0.004168,-0.03
-0.007505,-0.01
-0.003507,0.0
0.003951,-0.03
-0.00195,0.03
0.000363,-0.09
-0.003176,0.01
-0.003901,0.01
-0.012266,0.11
0.005219,0.08
-0.004539,-0.01
-0.018645,-0.02
-0.007154,0.1
0.019633,-0.1
-0.004278,-0.04
-0.00295,0.07
0.006335,-0.06
-0.003776,-0.01
0.009995,-0.1
0.009599,-0.03
-0.013958,0.05
-0.012902,0.02
-0.007678,0.06
-0.000974,-0.0
-0.006844,0.02
0.002068,-0.04
0.012039,0.07
-0.004213,-0.02
0.013302,-0.03
0.013921,-0.1
0.010451,-0.09
-0.00432,0.06
-0.000907,-0.04
0.002094,-0.05
0.012635,-0.01
-0.010907,0.05
-0.004181,-0.02
-0.008635,0.08
-0.00569,-0.0
0.053688,-0.51
-0.00406,-0.02
0.008727,-0.21
-0.000374,0.09
0.000312,-0.11
0.008402,-0.0
-0.005346,-0.03
0.006024,-0.05
0.013133,-0.01
0.003604,0.0
0.00573,-0.03
-0.001987,-0.14
-0.005276,0.13
-0.007104,0.12
0.00595,-0.04
-0.014909,0.11
0.012079,-0.01
-0.004146,0.07
0.004709,-0.09
0.002135,-0.01
0.004777,-0.03
-0.013907,0.02
0.016216,-0.07
0.013881,-0.08
0.004365,0.01
-0.019213,0.13
-0.019221,0.18
-0.002507,0.0
-0.003411,0.06
0.014405,-0.02
0.000463,0.1
0.003748,0.03
0.022274,0.04
0.002885,0.0
0.003494,-0.01
0.018907,0.01
0.0012,-0.11
0.002868,0.12
0.007361,-0.03
0.001691,-0.05
0.005457,-0.01
-0.007103,0.05
-0.003686,0.0
0.020312,-0.12
0.017376,-0.02
0.006526,-0.06
0.015096,0.01
0.006728,-0.12
0.007631,0.04
0.014292,-0.05
0.008905,0.06
0.005751,-0.05
-0.004434,-0.02
0.004904,-0.02
-0.014615,-0.03
-0.018159,0.27
-0.007592,0.08
-0.010119,-0.07
-0.00187,0.0
0.0268,-0.37
0.013399,-0.22
-0.001284,0.02
0.016565,-0.03
-0.021411,0.09
-0.006864,0.07
0.011348,0.01
0.001427,-0.03
0.001416,-0.03
0.010381,0.04
-0.00089,-0.04
0.016089,-0.01
-0.01652,0.08
-0.003775,-0.05
-0.001899,0.06
0.000343,0.12
-0.005606,-0.05
0.009512,-0.01
-0.004917,-0.0
-0.01618,0.04
-0.004466,0.02
-0.000651,0.02
-0.006796,0.02
-0.002826,0.09
0.014321,-0.16
-0.002671,0.01
0.002925,-0.05
-0.01049,0.01
-0.011117,-0.07
0.00665,-0.11
0.029119,-0.03
0.009881,-0.03
-0.010699,0.08
0.009207,-0.0
0.00173,-0.03
-0.0111,-0.02
-0.00168,-0.01
0.022369,-0.14
0.000135,-0.03
0.006231,0.02
-0.004265,-0.02
-0.014422,-0.01
0.003994,0.02
-0.000788,0.0
-0.008236,0.12
-0.013983,-0.19
0.020881,-0.25
0.002619,0.07
0.003002,0.31
0.001206,-0.19
-0.005052,-0.09
0.033942,-0.46
0.001522,-0.15
-0.008612,0.11
0.047807,-0.26
0.015848,-0.12
0.028111,-0.08
0.0186,-0.42
-0.003134,0.18
0.012876,-0.06
-0.005042,-0.02
-0.007116,-0.08
0.004802,-0.01
0.011485,-0.05
-0.010698,0.04
0.026626,-0.42
0.003301,0.08
-0.010827,-0.07
-0.00252,0.04
-0.001374,0.04
-0.006027,-0.02
0.001967,-0.06
0.003399,0.03
0.019672,-0.18
0.008132,-0.04
0.000864,0.01
0.003174,-0.07
-0.010804,0.45
-0.007976,-0.1
-0.009023,-0.01
-0.008024,0.02
-0.016956,0.09
0.008912,-0.07
-0.003031,-0.13
0.020306,0.05
0.02107,-0.4
-0.013982,0.17
-0.009994,0.12
0.012994,-0.22
-0.002413,0.02
0.004347,-0.08
0.017382,-0.24
-0.025258,0.37
0.002889,-0.06
-0.00137,-0.0
-0.000894,0.13
-0.019954,0.03
-0.004943,0.03
-0.00794,0.1
0.022439,-0.13
0.009597,-0.05
-0.030463,0.05
-0.001004,-0.05
0.007614,0.01
0.017253,0.03
0.007408,0.03
-0.005503,0.27
0.031643,-0.36
0.022312,-0.27
0.003057,-0.04
-0.016461,0.34
-0.022909,-0.0
-0.009239,0.11
-0.009398,0.12
0.010245,0.05
0.006566,0.04
0.001242,0.03
-0.00791,0.04
-0.00048,-0.0
-0.006386,0.16
0.028175,-0.08
-0.01013,-0.07
-0.008767,-0.07
-0.011471,0.04
0.018387,0.03
-0.001251,-0.04
0.009292,-0.0
0.004147,-0.07
-0.012132,0.09
0.006207,-0.05
-0.010348,0.04
0.003383,-0.03
0.005752,-0.07
0.000327,0.11
0.008421,0.04
0.010226,-0.0
-0.001167,0.0
0.006381,-0.03
0.01068,-0.07
0.013944,0.05
-0.013367,0.07
-0.007695,-0.04
-0.021791,-0.02
0.000468,0.07
-0.037652,0.29
-0.008667,-0.04
0.006155,0.12
0.007698,0.1
0.020869,-0.24
-0.03243,0.24
0.009019,-0.25
-0.008754,0.03
0.004441,-0.16
0.02612,-0.18
0.006458,-0.04
-0.001129,-0.22
-0.001416,-0.12
0.019104,-0.16
-0.020167,0.32
0.026828,-0.39
-0.014751,0.03
-0.010382,0.11
0.004022,0.01
0.000158,0.01
-0.009742,0.04
-0.008993,-0.02
0.003885,-0.02
0.004315,0.06
-0.024489,0.11
-0.00871,0.12
0.075957,0.09
0.03181,0.16
0.053787,0.26
0.021052,0.12
0.003442,-0.02
0.016076,0.07
0.009445,-0.11
0.032501,0.07
-0.035881,-0.03
-0.034759,-0.05
-0.014954,-0.07
-0.014452,-0.06
0.014223,0.21
0.025229,0.04
0.01275,0.03
-0.009306,0.05
-0.013962,0.06
-0.018561,0.01
-0.037453,-0.02
-0.034041,0.05
-0.023316,-0.04
0.00505,-0.06
-0.019049,-0.02
0.005907,-0.07
-0.022486,0.03
0.013536,-0.04
-0.011307,-0.06
-0.002405,0.14
0.029155,-0.05
0.002872,-0.08
0.006992,0.03
0.010742,-0.05
0.003176,-0.02
-0.00096,0.03
0.011491,-0.0
0.010666,-0.01
0.001669,0.07
-0.004344,-0.05
-0.0055,-0.09
-0.002653,-0.03
-0.008309,0.0
0.006433,0.02
-0.011855,-0.07
-0.009804,-0.03
-0.012686,0.04
0.006533,-0.12
-0.017297,-0.12
-0.014275,0.05
-0.005296,-0.04
0.006129,-0.04
0.019658,0.01
0.016385,0.02
-0.001355,0.02
0.004576,-0.03
-0.013009,0.04
0.009107,0.09
0.03072,0.01
-0.011348,0.02
0.02026,-0.0
0.016236,0.12
-0.014268,0.04
0.020846,0.04
-0.008239,0.07
0.009247,0.03
-0.015387,-0.04
0.013567,0.05
-0.018459,0.0
0.006087,0.09
0.014302,0.06
-0.00656,0.06
-0.006615,-0.05
-0.005084,-0.04
-0.015463,0.01
-0.000397,0.02
0.00017,0.05
0.001808,0.03
0.008367,0.08
-0.000207,-0.0
-0.017581,0.13
-0.007839,0.04
0.013836,0.01
0.005039,-0.07
0.013788,0.04
0.005498,-0.06
0.01726,0.01
0.007625,0.03
0.002979,0.02
-0.005431,0.05
0.012411,-0.01
0.002134,0.02
0.00485,-0.12
-0.004153,0.02
0.01213,-0.06
0.004354,-0.03
-0.010052,0.07
0.00662,-0.05
0.015597,-0.06
-0.004588,0.15
-0.011005,-0.06
-0.003819,-0.04
-0.019466,0.01
0.000424,-0.07
0.004732,-0.1
0.003155,0.01
0.00252,-0.07
-0.018425,0.03
0.003878,0.13
-0.014998,0.17
-0.011972,0.03
-0.004425,-0.06
0.007099,-0.03
-0.009194,-0.04
-0.002792,-0.04
-0.002497,-0.04
-0.002633,-0.02
0.007277,-0.08
-0.002955,-0.02
-0.001991,-0.02
0.008088,0.03
0.015768,-0.11
0.002238,0.06
-0.001165,-0.0
-0.001677,-0.05
0.000969,-0.02
0.007335,-0.04
0.000922,-0.0
0.019382,-0.06
0.001884,0.01
-0.004016,0.03
-0.001787,0.13
0.007325,-0.08
0.004599,0.03
-0.011534,0.09
-0.007253,0.01
-0.005574,0.09
-0.004481,0.07
-0.013686,-0.09
0.013281,-0.01
-0.014216,0.02
0.015848,-0.04
0.001912,-0.07
0.011402,-0.13
0.006967,-0.08
-0.01227,-0.02
0.010153,-0.03
-0.002661,-0.01
0.010453,0.05
-0.004157,-0.03
0.006732,-0.0
0.002168,0.01
0.009952,-0.01
0.018614,-0.03
-0.002423,0.0
0.007394,-0.01
0.002997,0.05
-0.012388,-0.04
0.025426,0.1
-0.006421,-0.07
-0.000855,-0.01
0.018679,0.08
-0.000756,0.01
-0.007909,-0.01
-0.001383,-0.05
-0.011329,0.02
0.00452,0.09
0.001739,-0.02
0.001626,-0.02
0.004269,-0.04
-0.008716,-0.07
-0.002811,-0.07
-0.014687,-0.01
-0.018222,-0.03
0.00965,0.01
0.006991,0.02
-0.003138,-0.03
-0.005605,0.04
0.002434,0.03
-0.015848,-0.01
0.006965,0.02
-0.002733,0.04
0.013082,-0.01
0.000572,-0.03
-0.008112,-0.0
-0.008759,0.0
-0.001,0.01
-0.006196,-0.02
0.006984,-0.03
-0.004404,0.07
0.004487,-0.06
0.021735,0.11
0.004409,0.02
-0.033105,-0.03
-0.031213,0.03
0.006058,0.03
0.013972,-0.01
0.008439,-0.01
-0.028208,0.04
-0.000367,0.07
-0.001019,-0.02
-0.018641,-0.09
0.003154,-0.01
0.015355,0.04
0.033541,0.05
0.009583,0.02
-0.006991,-0.11
-0.015098,0.01
0.006559,0.01
0.003005,0.06
-0.018064,-0.05
-0.029892,-0.05
0.014853,0.01
-0.059499,-0.11
-0.006414,-0.1
-0.008711,-0.05
-0.02616,0.14
0.030804,0.23
-0.003735,0.09
-0.005755,0.17
0.011784,-0.08
0.005506,-0.01
0.013805,-0.12
0.008204,-0.06
-0.002917,-0.03
-0.018158,-0.02
0.027331,0.14
-0.006039,-0.01
-0.020698,-0.02
-0.004047,-0.09
0.02013,0.13
0.022456,0.02
0.027024,-0.03
-0.02044,-0.09
-0.029111,0.09
0.018339,-0.07
0.009594,-0.2
-0.040313,-0.06
0.010257,-0.13
-0.043747,-0.22
-0.030529,-0.1
-0.007252,0.11
-0.005333,-0.12
0.005413,-0.09
0.037897,0.14
-0.013762,-0.04
-0.000989,0.02
-0.019872,-0.08
-0.0067,-0.08
-0.017516,-0.03
0.035385,0.05
0.012542,-0.13
-0.001425,0.1
0.041111,0.09
0.007903,0.22
-0.006944,0.13
0.018102,-0.12
0.030262,0.04
0.006496,0.07
0.001595,0.02
0.007899,-0.01
0.001514,0.08
0.008467,0.04
0.01418,0.03
-0.010849,-0.03
0.010042,-0.09
0.02269,0.05
-0.019273,-0.04
0.007258,0.11
0.010392,-0.07
-0.001612,-0.05
0.009805,0.05
-0.00681,0.01
0.008263,-0.12
-0.023142,-0.12
-0.004331,0.06
0.005239,-0.06
-0.021588,-0.0
0.004297,-0.02
-0.005973,-0.01
-0.034184,-0.01
-0.008806,0.05
0.004929,-0.09
0.005855,-0.09
0.008663,-0.04
-0.018235,-0.03
0.010296,0.06
0.005573,-0.01
0.001173,0.01
0.012057,0.07
0.009802,-0.04
0.003978,0.08
-0.009818,-0.06
-0.012397,-0.01
0.009073,0.04
0.020265,-0.11
0.00987,-0.1
-0.007848,0.04
0.030336,-0.07
0.01402,0.06
0.001016,-0.03
-0.004375,-0.0
0.006163,0.05
-0.009112,-0.1
0.00289,-0.03
0.016596,0.01
0.00076,0.06
0.011436,0.04
-0.00093,0.01
-0.005944,-0.02
0.011451,0.04
-0.016533,0.07
-0.004785,0.01
-0.000375,-0.03
0.00018,0.02
-0.007792,0.01
-0.00013,-0.01
0.003017,-0.1
-0.002549,0.01
0.009432,0.03
0.026033,-0.02
0.01757,0.01
-0.01609,-0.01
-0.028637,0.04
-0.006781,0.03
-0.003428,0.1
-0.005825,0.06
0.000281,0.04
0.013856,0.2
-0.020508,0.06
-0.015513,-0.08
-0.008451,0.02
-0.007815,0.04
0.017016,-0.01
-0.023193,-0.02
0.002262,0.03
0.01272,-0.01
0.009649,0.05
-0.008386,0.01
-0.003127,-0.1
0.009462,-0.02
-0.00427,0.01
-0.00846,0.01
0.001026,-0.0
0.013146,-0.02
-0.024407,0.03
0.011105,-0.03
0.000755,0.06
0.003537,0.05
-0.031066,0.01
0.002937,0.07
0.017639,-0.03
0.017187,-0.1
0.014049,-0.01
0.014628,0.09
0.021365,-0.0
0.023737,0.04
0.011892,0.0
0.005169,-0.04
0.003178,0.08
0.017054,-0.02
-0.025017,-0.14
-0.010479,0.0
-0.00396,0.16
0.01272,0.12
-0.016337,0.0
-0.01708,-0.11
-0.035683,-0.04
0.003641,0.09
0.015914,0.02
0.020875,0.04
0.001267,-0.06
0.00017,0.05
0.010465,0.08
-0.001353,-0.09
0.001937,0.08
0.013798,-0.02
0.002312,-0.03
-0.012855,-0.01
0.00068,0.0
-0.01331,0.09
-0.018689,0.06
0.021348,0.02
0.009004,-0.04
0.019091,0.03
0.002963,-0.04
0.00749,0.04
0.014475,-0.02
0.002137,0.04
-0.000243,0.06
-0.001943,-0.04
-0.006048,0.1
-0.006058,-0.0
0.019808,-0.02
0.005895,-0.04
-0.018658,0.06
0.024729,-0.09
0.000181,-0.06
-0.002266,0.03
0.006309,-0.05
0.000419,-0.0
0.001204,-0.06
-0.033296,0.01
-0.013687,0.06
0.011541,0.17
0.002147,0.07
0.012993,0.04
0.003779,-0.03
0.009333,-0.09
0.015662,0.02
-0.003107,0.05
-0.000523,0.05
0.006675,-0.08
0.003136,-0.05
-0.013282,0.15
0.005978,-0.05
-2.9e-05,0.06
-0.007123,0.04
-0.006594,0.06
-0.00276,-0.03
0.005793,0.0
-0.001041,0.2
-0.001544,-0.06
-0.008657,-0.13
-0.01822,0.32
-0.005245,0.06
0.00347,-0.06
0.00448,0.05
0.022925,0.02
-0.027892,0.01
-0.023143,-0.06
0.009201,0.04
0.000387,-0.07
-0.013721,-0.01
-0.004323,0.03
0.011584,-0.09
0.014425,-0.09
0.000582,-0.03
-0.016975,-0.03
-0.008356,0.12
-0.004482,0.0
-0.002587,0.02
0.007395,-0.05
0.018138,-0.2
0.015509,-0.05
0.028094,-0.22
-0.001627,-0.05
0.006063,-0.11
-0.025364,0.11
0.01336,-0.14
0.019952,-0.02
-0.029315,0.06
-0.024274,-0.1
-0.005017,-0.04
-0.001133,-0.04
-0.004353,0.08
0.007269,-0.01
0.000731,0.09
-0.011054,0.05
-0.006332,0.04
-0.0149,-0.01
-0.014351,0.05
-0.005154,-0.24
0.004112,-0.01
0.001296,0.13
0.000328,-0.04
0.023189,-0.44
-0.028745,0.07
0.026272,-0.03
-0.008188,-0.07
-0.011323,-0.02
0.001475,0.02
-0.009018,-0.0
-0.001766,-0.08
-0.000471,-0.05
0.004352,-0.03
-0.009605,-0.06
-0.006327,-0.01
-0.017438,-0.05
0.015495,-0.08
0.000968,0.01
-0.006295,0.02
-4.2e-05,-0.01
-0.014463,0.15
0.013889,-0.08
0.015723,0.01
0.024196,0.06
0.007152,0.03
-0.020719,-0.02
-0.008846,0.03
-0.019119,0.05
-0.009188,0.09
0.010296,-0.03
0.026959,0.04
-0.007765,-0.04
0.000345,-0.06
0.015265,0.01
-0.001491,-0.0
0.011892,-0.02
0.031596,-0.06
0.044518,0.07
-0.010801,0.09
-0.010711,-0.1
-0.007362,0.03
0.003991,0.07
-0.006469,-0.11
-0.005573,0.04
0.011769,0.0
-0.003461,-0.12
0.019422,-0.04
0.039039,-0.52
0.022567,0.03
0.013349,-0.17
0.005513,-0.05
0.008533,-0.39
-0.012357,0.1
0.010856,0.02
-0.002251,-0.08
-0.001519,0.05
-0.002591,-0.04
0.00351,-0.05
-0.006273,0.11
-0.009367,-0.0
0.005321,-0.01
-0.009167,-0.0
-0.009342,0.0
0.003736,0.09
0.012291,-0.07
0.009357,-0.04
0.004705,-0.05
-0.023634,0.04
-0.00954,0.09
0.002249,0.03
0.013468,-0.08
0.003916,-0.07
-0.010371,0.05
0.016555,0.09
0.01074,-0.07
0.006238,-0.08
0.007605,0.07
0.006315,-0.08
-0.000562,-0.02
-0.00484,-0.06
-0.034914,-0.04
-0.019448,-0.01
0.021835,-0.09
0.020248,-0.05
0.025395,0.06
0.008777,0.01
0.002837,-0.0
-0.00548,-0.03
0.017977,-0.03
-0.003902,0.02
0.014467,0.09
-0.004755,0.06
0.018209,0.03
-0.011124,0.01
-0.001769,-0.03
-0.0129,0.05
-0.014841,0.06
0.005354,0.04
-0.004994,0.13
-0.022274,-0.04
-0.015997,-0.07
0.034704,-0.03
0.001332,-0.02
-0.007048,-0.04
0.022658,0.05
0.003041,0.1
0.009635,0.01
0.013378,-0.03
-0.0147,-0.05
-0.014684,-0.02
0.016842,0.03
-0.034305,-0.0
-0.031235,-0.02
-0.001731,0.0
-0.0044,-0.0
-0.021004,-0.08
0.013017,-0.01
0.021731,0.02
0.025672,0.01
0.010938,0.04
-0.007044,-0.06
0.002607,-0.08
0.01104,0.19
0.002776,0.01
-0.008747,0.13
0.039462,0.09
0.00455,-0.02
-0.007924,0.03
-0.024519,-0.04
-0.002853,-0.02
-0.003675,-0.07
0.009818,-0.09
0.022901,0.0
0.00889,0.02
0.020364,-0.05
-0.010817,-0.05
0.01068,-0.07
-0.021075,-0.06
0.005464,0.11
0.005709,-0.01
0.01005,-0.01
0.031439,-0.06
0.021741,0.06
0.022122,0.11
-0.010267,-0.02
0.012447,0.09
0.007001,0.0
-0.040133,0.02
-0.01636,-0.03
-0.001646,0.05
-0.013777,0.05
0.014652,-0.05
-0.019688,0.14
0.020764,0.07
0.058172,0.04
-0.01889,-0.02
-0.011102,-0.04
-0.018171,-0.13
-0.009063,-0.06
-0.04518,-0.07
-0.020438,0.04
0.011798,-0.06
0.04041,0.08
0.014017,-0.12
-0.031116,0.06
-0.026555,-0.04
0.005288,-0.06
-0.001663,0.07
0.014942,0.0
0.00392,-0.01
0.024931,0.0
-0.001699,0.11
0.015947,0.01
-0.007594,-0.08
0.006914,0.07
0.002839,0.01
-0.029788,0.06
0.015786,0.01
-0.007435,0.02
0.019656,-0.06
0.002858,-0.03
-0.041165,-0.07
0.014801,0.1
0.025157,0.04
0.017852,0.06
-0.010633,-0.04
0.007757,0.02
0.007624,0.01
-0.006053,0.02
0.010523,0.01
-0.017132,0.04
0.046328,-0.01
0.008413,-0.02
0.003081,-0.05
0.017057,0.01
0.006877,-0.05
0.001518,-0.05
0.007332,-0.04
-0.018214,0.02
-0.018322,0.03
-0.00618,-0.02
0.006143,-0.05
0.01556,-0.02
0.011021,0.02
0.006756,0.03
-0.004638,0.01
-0.001314,0.02
-0.017164,-0.06
-0.001262,0.04
0.00081,-0.03
-0.003341,0.0
0.006127,0.02
0.001679,0.17
-0.010694,-0.0
-0.007476,-0.03
-0.009112,0.08
0.005673,0.03
-0.02688,0.13
0.006063,-0.1
-0.01633,0.14
-0.028387,0.01
0.00415,-0.05
-0.012675,-0.03
-0.004157,0.02
-0.010569,-0.05
0.004266,-0.03
0.004684,-0.03
0.006989,-0.07
-0.001075,-0.12
-0.005205,0.04
0.006169,-0.04
-0.004634,0.0
0.003223,0.0
0.00519,-0.1
0.000369,0.08
0.012655,-0.06
0.011883,0.12
0.013662,0.05
0.005542,-0.01
0.001789,-0.03
0.008411,0.05
0.009325,0.02
-0.001668,-0.05
0.009349,-0.06
0.007644,-0.02
0.013824,0.03
-0.006281,0.0
0.010161,0.02
-0.001772,-0.02
0.005921,0.05
0.004114,0.01
-0.010962,-0.0
0.002678,0.06
-0.006006,-0.02
-0.007659,0.02
-0.003399,0.01
0.000862,-0.0
-0.013897,0.09
-0.010983,0.05
-0.010577,0.04
0.003676,0.02
-0.002956,-0.01
-0.01101,0.01
0.004338,0.0
-0.003127,0.01
-0.015433,0.03
-0.002953,-0.09
0.021637,-0.09
-0.003038,0.04
0.001455,-0.06
-0.005796,-0.07
0.005671,0.13
0.00714,-0.01
-0.012179,0.03
-0.039947,0.02
0.016904,0.02
0.006088,0.11
0.022414,0.03
-0.021811,0.01
-0.00262,0.06
0.033678,0.01
-0.013116,-0.03
0.016001,-0.06
-0.014063,-0.07
-0.028521,-0.05
0.002456,0.04
-0.0168,-0.03
-0.01254,-0.02
-0.016518,0.08
-0.019408,-0.1
-0.004453,-0.11
-0.00394,0.08
0.00713,0.08
0.007261,0.0
-0.005325,0.11
0.000627,0.01
0.001718,-0.01
0.026453,0.05
-0.016505,-0.09
0.003053,0.09
0.016163,0.05
0.005786,0.04
0.000458,-0.04
-0.017643,-0.01
-0.011702,-0.05
-0.0213,0.0
0.025039,0.07
0.007305,-0.03
-0.027184,0.0
0.015286,-0.03
-0.003025,0.01
0.012806,0.08
0.002726,0.02
-0.009074,0.05
-0.00074,-0.05
0.041242,0.14
0.007071,-0.07
-0.012886,-0.02
-0.012325,-0.0
-0.013474,-0.08
-0.002426,0.02
-0.0088,-0.06
-0.02688,-0.01
-0.018495,0.01
-0.043836,-0.11
0.012419,-0.02
0.023388,0.04
0.014177,0.0
-0.002189,-0.01
0.009544,0.18
-0.021286,-0.01
-0.018951,-0.0
0.023777,0.1
-0.015611,-0.08
0.021612,0.08
-0.017342,-0.04
-0.001476,-0.05
0.035466,0.01
0.010475,0.03
0.01828,0.01
-0.019065,-0.07
0.014174,0.08
0.009155,0.07
0.012,0.06
-0.011888,0.01
0.004168,0.02
-0.014795,-0.1
0.023495,0.14
0.002745,0.0
-0.032529,-0.11
0.018297,0.03
-0.016965,0.07
-0.007696,-0.08
-0.000395,0.09
0.000785,0.03
0.006483,0.08
-0.008041,-0.02
-0.001604,-0.07
0.0084,0.09
-0.013175,-0.1
-0.009865,0.01
-0.029985,0.04
-0.008577,-0.09
-0.039452,-0.1
-0.02221,0.0
0.001796,0.01
0.006817,0.01
0.007902,-0.02
-0.016516,-0.08
-0.020519,-0.17
-0.009109,-0.04
-0.011008,-0.03
-0.022705,0.0
0.030751,0.03
0.018208,-0.01
0.007023,-0.03
-0.000173,0.05
-0.036235,0.03
-0.008926,0.0
-0.014741,-0.03
-0.008065,0.08
-0.01517,-0.11
0.027429,0.08
8.7e-05,-0.0
-0.033465,-0.13
0.013496,-0.02
-0.030754,-0.05
-0.054291,-0.13
0.007509,0.03
0.010765,0.04
-0.02791,-0.13
0.015531,0.04
-0.000412,0.04
0.007466,-0.08
-0.009847,-0.01
-0.004794,-0.08
-0.002751,0.06
0.01312,-0.01
0.028984,-0.13
0.019166,-0.07
0.012886,0.08
0.017256,0.09
0.039892,0.09
0.0278,0.1
-0.021204,0.07
-0.01176,0.06
0.042794,-0.01
0.001981,0.11
-0.014134,0.06
0.006404,0.1
0.005074,0.13
0.024019,0.15
0.026146,0.02
0.016514,-0.06
0.008403,0.08
0.062476,0.17
0.003233,-0.08
0.020389,0.12
0.018268,0.03
-0.056277,0.07
0.012573,0.07
0.002425,0.11
-0.00693,0.05
-0.01019,-0.13
0.000492,-0.04
0.002526,0.03
0.009139,-0.06
0.023281,0.01
0.006916,-0.09
-0.001955,0.07
-0.012933,0.01
-0.00352,0.05
0.001566,-0.03
0.003538,-0.03
0.014754,-0.02
0.016528,-0.05
4.1e-05,-0.01
-0.003964,-0.08
0.012532,-0.14
0.009377,-0.0
-0.002454,0.04
0.000192,-0.11
0.003781,-0.09
0.000522,0.05
0.005029,0.02
0.016637,-0.02
0.012994,0.07
-0.00356,-0.04
0.015587,0.0
-0.003473,-0.03
-0.010241,-0.01
0.007044,0.02
0.009736,0.09
0.00768,0.09
-0.002504,0.03
0.01405,0.09
-0.018204,0.05
-0.00606,0.04
-0.004486,-0.0
0.001319,0.02
-0.004043,0.0
0.003986,-0.05
0.014726,-0.0
-0.003424,-0.08
0.003628,0.02
0.010361,-0.01
-0.007273,-0.02
-0.006022,-0.07
-0.019342,0.05
-0.005694,0.06
-0.020788,-0.06
0.001754,0.02
0.005433,0.01
0.005743,0.03
-0.011817,-0.01
-0.003696,-0.02
0.009992,0.01
-0.03019,0.06
-0.002434,0.04
-0.034651,-0.06
0.005844,0.11
0.019858,0.05
-0.011904,0.03
0.010367,0.04
0.01271,0.06
-0.016615,-0.17
-0.00776,-0.05
-0.016041,0.02
-0.008125,-0.01
0.001399,-0.03
0.008404,-0.04
0.006872,0.07
-0.000323,-0.02
-0.000844,-0.06
-0.03394,-0.12
-0.002603,0.03
-0.013631,-0.11
-0.007391,0.01
-0.02847,-0.07
-0.021164,-0.05
-0.019396,-0.07
0.038368,-0.02
-0.001642,0.0
-0.009086,0.02
-0.026572,-0.13
-0.028303,-0.04
0.069919,0.07
0.000952,0.06
-0.033369,-0.11
7.7e-05,0.04
-0.008573,-0.12
-0.027477,-0.15
0.01524,0.01
0.007907,-0.0
0.031831,0.05
0.017962,0.11
0.04285,0.17
0.004131,-0.02
0.012599,0.27
-0.003005,0.12
0.007656,-0.03
-0.009062,0.09
-0.01566,0.05
-0.013384,-0.02
0.003014,-0.03
-0.002575,-0.03
-0.019721,0.01
-0.005569,0.03
-0.023198,0.08
-0.027328,-0.07
0.021137,-0.02
0.020107,-0.01
-0.003459,-0.01
-0.011768,-0.05
0.012842,0.03
0.015906,-0.02
0.023933,-0.02
0.001433,0.06
0.028303,0.02
0.01245,-0.01
0.01855,0.0
0.001613,-0.02
-0.000184,0.15
-0.002889,0.18
0.003428,0.08
-0.010733,-0.09
0.01043,-0.07
0.004307,0.04
-0.007555,0.1
0.001266,-0.1
-0.022957,-0.08
0.00702,-0.13
0.011986,-0.02
-2.1e-05,-0.09
0.004975,0.02
0.00229,-0.21
0.010565,0.03
0.018223,0.07
0.001,-0.23
-0.010023,0.02
-0.020127,0.03
-0.013105,-0.05
0.008049,-0.15
0.036083,-0.03
0.0045,0.02
0.000337,0.11
-0.001053,-0.13
-0.010651,0.16
0.003496,-0.01
-0.011231,0.05
-0.002706,0.13
0.015002,-0.03
0.002098,-0.0
0.000257,-0.16
-0.002755,0.06
-0.00752,-0.03
0.001499,0.06
-0.000804,-0.01
-0.002604,0.12
-0.011381,-0.04
-0.029689,0.04
0.005292,-0.01
-0.002715,-0.02
0.004201,-0.03
-0.000218,0.03
0.002958,0.03
0.01669,0.05
0.009172,-0.0
0.001501,0.06
-0.000151,0.01
-0.006187,0.01
0.007064,0.04
0.005298,-0.06
0.003666,0.02
0.007339,0.02
-0.015193,-0.07
0.014547,-0.0
0.006893,0.03
0.012084,0.02
0.034695,-0.0
0.017433,0.09
0.017734,-0.01
0.024279,0.07
0.009217,0.03
0.003593,0.06
-0.011903,-0.13
-0.003112,0.11
0.018549,-0.05
0.000275,0.03
0.013151,0.01
0.008485,-0.01
0.003031,-0.02
-0.006675,-0.02
0.003159,-0.01
-0.006465,0.03
-0.005919,0.04
-0.013745,0.16
0.00343,0.15
-0.007015,0.2
-0.011662,0.04
-0.023942,0.05
0.023534,0.11
0.010386,0.08
-0.032971,0.06
0.017205,-0.07
0.005258,0.04
0.010466,-0.08
-0.002675,0.03
-0.015138,-0.03
-0.007609,0.01
-0.016777,0.01
0.006573,-0.07
0.015221,-0.1
-0.00498,-0.02
0.009267,-0.1
-0.011395,0.07
0.004359,0.01
-0.0009,0.0
-0.002472,-0.03
0.000768,0.07
-0.007566,0.02
-0.007806,-0.03
-0.013709,0.1
0.00404,-0.02
0.021621,0.03
-0.002203,0.02
-0.005215,-0.02
-0.004605,0.02
-0.005079,0.02
-0.011086,-0.06
0.013158,0.05
-0.003277,-0.04
-0.006568,-0.02
-0.0078,0.04
0.000246,-0.01
-0.000768,-0.01
-0.016373,-0.12
0.005872,-0.02
-0.001294,-0.02
-0.021004,-0.17
-0.003781,-0.03
-0.001242,0.08
-0.00615,-0.02
-0.034051,-0.01
0.030015,0.01
0.013377,0.08
-0.016874,-0.02
0.019919,0.13
-0.041489,-0.07
-0.006523,0.03
-0.020557,-0.05
0.01012,0.01
0.013188,0.09
-0.014162,0.05
-0.009966,0.03
0.004535,0.04
0.019968,0.02
-0.007794,-0.06
-0.011051,-0.08
0.006969,0.0
-0.010685,0.02
0.002123,-0.0
0.015305,0.06
-0.003506,-0.06
0.013631,-0.02
0.016501,-0.05
-0.006151,-0.07
-0.017659,0.03
0.010639,0.11
-0.014997,0.08
-0.021135,0.0
0.008253,0.06
0.01218,0.04
-0.004548,-0.04
-0.007437,0.11
0.001465,-0.05
-0.019215,0.06
-0.027109,-0.1
-0.005925,-0.03
-0.015555,-0.07
0.008614,0.01
-0.018927,-0.02
0.010927,-0.02
-0.012276,-0.0
-0.042557,-0.03
-0.020085,0.1
0.000919,0.01
0.01915,0.03
0.008128,0.05
-0.005472,-0.0
0.01004,0.06
-0.004651,0.05
0.011785,0.08
-0.030955,-0.03
-0.00917,0.03
0.023382,0.21
0.037439,0.07
-0.029884,0.19
0.014098,0.16
0.039344,-0.06
0.012315,0.17
0.007797,-0.09
-0.018912,-0.17
-0.014548,-0.03
0.07915,0.07
0.010306,0.01
0.005963,-0.03
0.000202,0.01
-0.018648,-0.08
-0.034642,-0.23
0.008023,0.23
-0.064071,0.22
0.072101,0.14
0.03267,0.12
0.017767,0.04
0.001482,-0.0
-0.023837,0.06
0.011924,0.03
-0.03743,-0.13
0.02506,-0.01
-0.004663,-0.17
0.027819,-0.04
0.00107,-0.05
0.015084,0.1
0.025641,0.03
0.016341,-0.13
0.005872,0.1
-0.012538,0.04
0.053812,0.18
-0.030585,-0.05
-0.020506,-0.06
-0.001963,0.05
-0.000926,0.06
-0.024816,-0.17
-0.004676,-0.02
0.009322,0.02
0.015804,0.06
-0.022789,0.01
0.010329,0.04
-0.013008,-0.1
0.04986,0.04
-0.011867,-0.09
0.033246,0.11
-0.000478,0.01
0.000455,-0.07
0.010107,0.01
0.001398,0.06
0.005864,0.04
-0.03719,0.21
0.004708,0.07
0.026577,-0.03
-0.017648,0.07
0.009624,-0.01
0.04062,0.06
0.001696,-0.16
-0.032833,0.09
-0.02956,-0.11
-0.010399,-0.1
-0.003348,-0.06
0.017051,0.06
0.00661,-0.01
-0.014574,-0.05
0.013203,-0.09
-0.032059,-0.1
0.021298,0.0
-0.014498,-0.02
-0.026892,-0.09
-0.010281,-0.05
-0.004333,-0.16
0.005424,-0.03
-0.007704,0.05
0.008541,-0.0
-0.01127,-0.08
-0.01546,-0.06
-0.017153,-0.15
0.00248,-0.03
0.008368,0.0
0.011135,0.09
-0.016012,0.02
0.006984,0.02
0.000345,-0.04
-0.019862,-0.12
-0.009718,0.02
-0.005593,-0.09
0.003683,-0.0
0.024569,0.05
-0.026077,-0.08
0.011414,0.07
0.010685,0.11
0.002725,0.03
-0.001488,0.02
0.016469,-0.03
-0.021619,-0.0
-0.01165,-0.08
-0.013496,-0.09
-0.003396,0.09
-0.015771,-0.05
0.002318,0.01
-0.023948,-0.13
0.010621,-0.01
-0.003569,-0.07
0.028189,0.07
0.00773,0.16
0.003134,0.02
0.009008,-0.05
0.008537,-0.05
-0.005779,0.03
0.01746,0.08
0.011161,0.0
-0.021495,-0.13
0.005713,-0.0
-0.004836,-0.06
-0.012501,-0.0
-0.006453,-0.01
-0.057486,-0.21
-0.005517,0.03
0.009533,0.05
-0.002614,-0.01
0.006755,-0.04
-0.048865,-0.14
-0.02133,-0.07
-0.02216,-0.05
0.004662,-0.03
0.009299,-0.03
0.012695,0.02
0.009473,-0.01
0.01312,0.01
-0.023442,-0.06
0.022368,0.1
-0.023176,-0.16
-0.015856,0.01
-0.027119,0.0
-0.012417,-0.1
-0.010732,-0.09
-0.008346,-0.06
0.002176,-0.0
-0.006052,-0.02
-0.020139,0.08
0.012347,0.09
-0.001351,-0.0
-0.002204,0.04
0.011334,-0.01
0.000428,0.01
0.006322,0.03
0.003968,0.11
0.001369,-0.09
-0.014686,-0.0
-0.022045,0.06
-0.003875,-0.03
0.004477,-0.1
0.011247,0.07
-0.035837,-0.11
-0.009958,-0.03
-0.013469,-0.03
0.001222,0.02
-0.013349,0.02
0.039888,0.17
0.003729,-0.02
0.002878,0.09
-0.003465,-0.02
0.023266,0.04
-0.014527,0.02
-0.013566,-0.04
0.023177,0.1
0.012475,0.0
-0.010038,0.04
-0.000446,-0.02
0.00234,-0.06
0.009507,-0.06
-0.014488,-0.02
0.001367,-0.0
-0.000543,-0.08
-0.012665,-0.03
-0.002399,-0.1
0.003223,0.12
-0.01601,-0.12
0.009056,0.01
0.024426,0.1
0.015466,0.0
0.00656,0.06
0.001973,-0.11
0.006575,0.04
0.010547,0.04
-0.000451,0.03
-0.002166,-0.03
-0.011599,0.01
-0.024568,-0.07
-0.025669,-0.16
0.006787,0.08
-0.007109,0.04
0.013905,-0.03
-0.002237,0.0
0.000871,0.12
0.001444,-0.08
0.010525,0.01
0.00636,-0.03
-0.010144,0.04
-0.018197,0.14
0.009347,0.03
-0.023486,0.03
0.009051,-0.03
0.016252,0.08
-0.005657,0.07
-0.003937,0.04
-0.029637,-0.09
0.007779,-0.05
0.000648,-0.18
0.01498,-0.02
-0.00488,-0.03
0.018036,0.0
-0.006334,0.07
-0.006387,-0.03
-0.008458,0.06
0.011897,-0.0
-0.003085,-0.09
0.016383,0.03
0.007227,0.06
-0.004402,-0.03
-0.011339,0.0
-0.016161,0.11
0.009903,-0.04
0.029475,0.09
0.007694,0.15
-0.02074,-0.05
-0.01676,0.13
0.012387,0.08
0.016595,0.08
0.025912,-0.02
0.012939,0.03
0.009342,0.05
0.004313,-0.01
0.008817,0.19
-0.015329,-0.13
-0.007069,0.02
-0.001693,0.03
-0.002096,0.03
0.001964,-0.06
-0.014185,0.05
-0.008909,-0.06
0.003409,-0.02
0.024836,0.05
0.020123,0.0
-0.013321,0.06
0.004205,0.01
-0.022319,-0.05
-0.020427,0.04
0.003696,-0.06
0.011904,-0.16
-0.026311,0.09
-0.025327,0.14
0.010954,-0.17
0.007222,-0.25
0.005963,0.22
0.008987,0.01
0.019831,-0.03
-0.010978,0.19
-0.010137,0.1
0.015881,-0.01
0.00679,-0.04
0.001067,0.22
-0.016558,0.31
0.025009,0.04
-0.013295,0.12
0.007315,-0.11
-0.003458,0.04
-0.012028,0.08
-0.009203,-0.01
0.016831,-0.02
-0.006862,-0.03
0.007177,-0.08
0.029795,-0.07
0.007281,0.15
-0.002318,-0.12
-0.00091,0.11
-0.019905,0.08
0.004203,-0.1
0.011756,0.01
-0.011632,0.03
0.008659,0.01
-0.014848,-0.01
0.013795,-0.04
0.002464,0.14
-0.007706,0.03
1e-06,-0.03
-0.015218,-0.13
-0.03231,-0.04
-0.006159,0.03
0.012232,-0.04
-0.006317,0.01
0.007146,-0.01
-0.0141,0.01
0.007296,-0.06
-0.000967,-0.07
0.011695,0.08
0.001848,0.04
0.016841,0.05
0.007484,0.04
0.00508,0.03
0.007408,0.03
-0.012646,-0.01
-0.009674,0.05
-0.010169,0.02
0.001639,0.02
-0.013016,-0.01
-0.014322,0.02
-0.011361,-0.07
-0.004903,-0.01
0.001478,0.14
0.008159,0.05
0.005285,0.06
-0.006615,-0.02
0.003197,-0.01
-0.012801,-0.08
-0.012227,-0.04
0.009984,0.02
-0.00037,0.04
-0.009645,0.02
0.001507,0.01
0.014535,-0.02
0.009602,0.07
5e-05,-0.06
0.007745,0.03
-0.002386,0.02
-0.006521,0.02
-0.000189,0.01
-0.001731,-0.1
0.014019,0.11
-0.001748,0.02
0.001663,0.01
0.00413,0.08
-0.003414,0.04
0.002078,-0.04
1.7e-05,-0.01
0.014527,0.1
0.000662,0.08
-0.010926,-0.02
0.003953,-0.06
-0.009187,-0.1
-0.002868,-0.05
-0.000997,-0.01
0.011828,-0.01
0.009383,0.02
-0.005176,0.04
-0.00152,-0.03
0.004261,-0.01
-0.004041,-0.03
0.015106,-0.03
-0.010421,-0.01
-0.007051,0.05
-0.037327,-0.1
-0.002419,0.02
-0.015786,0.02
0.00385,-0.13
0.022713,0.05
-0.00706,0.03
-0.010991,0.07
-0.007899,-0.01
-0.035193,-0.01
0.007821,-0.06
0.024201,0.02
0.005969,-0.04
-0.000336,0.01
-0.024152,0.01
-0.018248,-0.07
-0.005187,-0.05
0.002954,0.06
-0.010068,0.12
-0.003442,-0.03
0.00987,-0.06
-0.002158,-0.01
-0.008539,0.0
-0.021813,0.02
0.003268,-0.1
-0.002472,0.11
0.000929,0.08
0.000896,-0.06
0.003535,-0.04
0.00363,-0.04
0.009928,0.02
-0.005341,0.04
-0.002173,-0.05
-0.003567,0.02
-0.002882,0.03
-0.000673,-0.02
-0.00305,-0.05
0.00128,-0.05
-0.009471,-0.02
0.00612,-0.02
-0.011594,0.03
0.003663,-0.05
0.003223,-0.02
-0.00341,0.03
0.019508,0.07
-0.00522,-0.04
0.007939,-0.14
-0.011336,-0.02
-0.001365,-0.07
-0.001374,-0.02
-0.016317,0.07
-0.020266,0.05
0.014044,-0.05
0.002075,-0.06
-0.009135,-0.03
-0.000838,0.06
-0.017257,-0.04
0.004289,0.05
0.004706,-0.02
-0.039037,0.06
-0.015172,-0.04
0.013287,0.08
-0.010011,-0.05
-0.010313,0.09
-0.001777,0.13
-0.00585,0.17
-0.013135,-0.01
0.021567,-0.02
0.011913,0.08
-0.020021,0.09
-0.002635,0.0
-0.002568,-0.01
-0.002433,-0.01
-0.003088,-0.03
0.011839,0.03
-0.008027,-0.16
-0.004571,-0.02
0.015672,0.06
0.001968,-0.07
-0.012213,0.1
-0.008413,-0.13
-0.006358,-0.05
-0.032931,0.03
0.016036,-0.05
0.02589,0.04
-0.00124,0.04
0.003815,0.12
-0.001798,0.04
-0.012118,0.07
-0.013731,0.11
-0.00909,0.08
0.000778,-0.02
-0.002172,-0.05
0.00722,0.0
0.00704,-0.14
0.001209,-0.04
-0.00874,-0.08
0.001374,-0.01
-0.006144,-0.05
0.009972,0.07
0.014655,-0.06
-0.0058,0.06
-0.005836,0.02
0.008578,-0.09
-0.003069,0.02
0.00626,-0.03
0.008211,0.07
0.005013,-0.05
0.007749,0.03
0.009548,-0.04
-0.002339,-0.02
0.00204,-0.01
-0.003588,0.03
-0.012852,0.1
0.00067,-0.01
-0.008321,-0.04
-0.00488,-0.04
-0.004739,-0.07
0.001371,0.05
0.005501,0.08
-0.003154,0.04
-0.002904,-0.06
-0.009797,0.04
0.001462,0.0
0.005678,-0.17
-0.008573,0.05
-0.003742,0.02
-0.00406,-0.04
-0.007216,-0.08
0.004285,-0.03
0.005917,-0.08
-0.000612,0.0
-0.00042,0.02
-0.002233,0.0
-0.007186,0.04
-0.021092,0.19
-0.002972,0.03
0.002647,-0.11
-0.006484,-0.08
0.012027,0.04
0.007589,-0.01
0.033168,0.13
-0.008198,-0.04
0.005154,0.02
-0.007464,-0.06
-0.013839,-0.09
-0.002978,0.02
-0.005038,-0.04
0.004927,-0.01
0.003126,-0.01
0.002508,0.1
-0.003518,-0.04
-0.011348,-0.05
-0.003736,0.1
0.005713,0.14
6e-06,-0.04
0.001813,0.02
-0.002575,-0.04
-0.001828,-0.04
0.001529,-0.03
-0.001639,0.01
0.00334,-0.01
0.011325,0.06
-0.014945,-0.0
0.003409,0.02
0.003687,0.04
0.003337,0.04
-0.00765,-0.04
0.012627,-0.02
-0.003126,0.05
-0.004299,0.04
-0.013371,-0.03
0.010055,-0.02
-0.003092,-0.07
0.014328,0.0
-0.004194,-0.01
0.002859,0.03
-0.002024,0.02
-0.002642,0.04
-0.009426,-0.08
0.001778,0.02
-0.000766,-0.03
0.000637,-0.06
0.012086,-0.03
-0.008596,0.02
0.003286,-0.05
-0.008067,-0.03
-0.00332,-0.03
-0.00059,0.03
-0.009176,0.02
-0.008674,-0.04
0.014655,0.09
-0.005582,0.02
0.000821,-0.03
-0.001276,-0.05
0.013003,0.0
-0.011356,-0.16
-0.012518,-0.03
0.006051,0.03
0.006516,-0.07
-0.022174,-0.1
-0.011152,-0.02
0.001838,0.03
0.006173,-0.03
-0.007717,0.06
-0.001977,-0.04
-0.001924,0.03
0.011196,0.07
-0.00339,-0.08
-0.007738,-0.05
0.007745,0.02
-0.004445,-0.08
-0.005867,-0.05
0.004466,-0.09
-0.007633,0.02
-0.008579,0.0
-0.002318,0.08
0.004945,-0.0
0.000992,-0.03
-0.015245,0.09
-0.005452,-0.05
-0.012061,0.04
0.000162,0.1
-0.003308,0.06
-0.001903,0.06
0.004996,-0.12
0.010375,0.11
-0.00947,-0.13
0.003261,0.06
0.006833,0.13
-0.006879,0.03
0.016926,-0.0
-0.008165,-0.03
0.021906,-0.19
-0.015988,0.08
-0.003706,-0.04
0.01782,-0.17
0.005413,-0.13
0.003903,-0.07
-0.000861,-0.01
-0.007064,-0.03
0.008205,-0.04
0.003811,-0.07
0.00164,0.12
-0.004053,-0.02
-0.003729,0.08
-0.009462,-0.06
-0.000958,-0.14
0.000337,-0.07
-0.002159,0.05
0.005878,0.01
-0.00768,-0.03
0.001784,-0.01
0.012846,-0.05
0.016846,-0.01
0.004258,0.03
-0.012082,0.04
-0.009341,-0.04
0.004322,0.06
-0.002375,-0.01
-0.000617,0.02
-0.003932,0.02
-0.007239,-0.03
0.000185,-0.1
-0.003144,-0.06
-0.004461,0.04
-0.000273,0.06
-0.011756,0.01
-0.002558,0.04
-0.007525,-0.04
-0.006155,-0.06
2.2e-05,0.03
-0.007306,-0.03
0.004465,-0.06
-0.006662,0.02
-0.002661,-0.04
-0.006647,-0.07
-0.007726,0.03
-0.005274,-0.01
0.002805,0.01
0.01013,-0.03
0.005072,0.03
0.008605,0.04
-0.004,0.02
-0.003141,-0.01
-0.00332,0.01
0.003668,-0.05
-0.000649,-0.06
-0.010721,-0.04
0.011982,0.06
0.011392,-0.08
0.001363,0.1
0.024793,-0.09
-0.001263,0.03
0.024328,-0.13
-0.002825,0.0
0.001732,-0.06
0.005716,0.01
-0.005037,0.05
-0.002289,0.0
-0.012914,0.02
0.005568,-0.08
-0.008964,-0.05
0.000503,0.04
-0.015579,0.12
-0.003647,0.08
0.004408,-0.03
-0.009474,0.03
0.017434,-0.1
0.002648,-0.03
0.004984,0.08
0.01155,-0.08
0.00402,-0.09
0.013735,0.03
0.013096,-0.1
-0.002545,-0.05
0.002449,0.02
0.009408,0.02
0.016754,-0.02
0.003414,0.01
0.006901,-0.06
-0.010345,-0.02
-0.005102,0.03
0.021313,0.12
0.007609,0.02
0.021721,0.08
0.005868,0.04
0.010738,-0.02
0.004179,0.0
0.00313,-0.06
-0.016456,-0.09
0.005464,-0.05
-0.000581,-0.06
-0.014079,-0.03
-0.010478,0.03
0.00306,-0.05
0.017599,0.09
-0.006266,-0.03
-0.006317,-0.08
-0.008577,-0.05
0.006944,0.07
0.008478,0.05
0.000396,-0.05
-0.004502,0.06
-0.002551,-0.04
0.003415,0.02
0.00668,0.04
-0.002178,-0.04
0.004331,0.01
0.005057,-0.02
-0.001836,-0.01
-0.00569,-0.0
0.010061,-0.03
-0.011157,0.07
-0.016442,0.06
-0.00665,0.02
0.010778,-0.07
-0.006119,-0.04
-0.006004,0.14
0.004333,-0.07
-0.003556,0.11
-0.004997,0.09
0.000303,0.15
0.015026,0.01
0.004764,0.01
-0.002608,0.04
0.001808,-0.0
0.003654,-0.04
-0.00355,-0.03
-0.014086,0.08
0.017981,-0.05
0.007051,0.03
-0.008197,0.03
-0.004635,-0.06
0.007478,-0.05
-0.00766,0.03
0.014213,0.17
0.005334,-0.05
-0.012174,-0.07
-0.008863,-0.02
0.012771,-0.03
0.005079,-0.03
-0.001955,0.01
0.015293,0.08
-0.006104,-0.1
-0.009471,-0.02
0.008646,0.02
-0.003195,-0.07
-0.019414,0.12
-0.011565,0.05
-0.002404,0.03
0.011154,0.05
-0.003383,0.0
-0.001501,-0.08
-0.005423,0.0
0.004493,-0.07
-0.005713,0.09
-0.000366,-0.02
0.006309,-0.03
-0.007183,0.01
0.006681,-0.04
0.000232,0.03
0.010556,-0.05
0.007163,-0.14
0.002185,0.01
-0.003882,-0.03
-0.002925,-0.09
-0.005337,-0.02
0.000178,-0.07
-0.007665,-0.07
-0.00492,-0.05
0.003288,-0.06
-0.001684,-0.0
0.005162,0.01
-0.001012,-0.1
0.004665,-0.02
-0.008464,-0.09
0.006118,0.02
-0.001186,-0.05
0.000576,-0.05
0.008443,0.01
0.002161,0.01
0.008535,-0.05
0.007597,0.03
0.006828,0.05
0.00102,-0.01
-0.004463,0.05
0.002233,-0.03
0.012814,0.09
-0.005528,-0.02
-0.005915,-0.01
-0.009374,-0.06
-0.008457,-0.01
0.007729,-0.02
0.003634,-0.02
0.008291,0.06
-0.00167,-0.07
-0.006365,0.01
0.000657,0.08
0.010495,-0.01
0.015886,0.08
-0.007351,-0.02
-0.00853,-0.06
0.008304,0.06
-0.008026,0.09
-0.000874,-0.02
0.000565,-0.05
0.000851,-0.0
-0.007091,0.0
0.008717,0.06
-0.001461,-0.0
-0.00144,-0.05
0.01834,0.03
-0.011157,0.04
-0.000802,-0.14
0.013973,0.05
-0.007858,0.07
-0.00899,-0.03
0.002498,0.0
0.005655,-0.03
0.001011,0.06
0.002239,-0.0
-0.001014,0.03
-0.000486,-0.08
0.001948,0.03
-0.001768,-0.01
0.002626,0.01
-0.002,-0.1
0.006246,-0.04
-0.000501,0.05
-0.010624,-0.01
0.006285,-0.03
0.014404,0.04
0.007524,-0.05
-0.014094,-0.02
-0.013163,0.08
0.002227,0.01
0.010959,-0.0
0.006696,-0.0
-0.010192,-0.17
-0.022162,-0.14
-0.006888,0.09
0.006009,0.01
0.008,0.07
0.004314,0.03
0.000136,-0.01
0.002852,-0.03
-0.001076,-0.02
-0.019161,-0.0
0.00197,-0.07
0.001067,-0.0
-0.007463,0.02
0.003599,0.01
0.003163,-0.02
-0.004966,-0.04
-0.007501,0.0
0.004469,-0.06
-0.009538,-0.06
-0.011146,-0.01
-0.007186,-0.03
0.008753,0.03
0.002597,0.03
-0.002839,0.05
0.009518,-0.02
0.002656,-0.06
-0.004467,-0.07
0.011454,-0.04
-0.007815,-0.0
0.008732,0.02
0.000907,0.03
0.000105,0.0
-0.00959,-0.02
-0.000717,-0.02
0.002432,0.01
0.008007,0.01
-0.006808,-0.02
0.001801,-0.06
-0.011209,-0.02
0.006483,-0.02
-0.001827,-0.02
-0.008963,-0.05
-0.007414,0.03
-0.003152,0.04
0.006894,-0.02
0.003456,0.01
0.000863,0.01
0.008006,0.04
0.004746,-0.05
-0.004824,-0.02
-0.006932,-0.04
0.005253,-0.03
-0.00064,0.0
-0.00517,-0.04
-0.00706,0.05
0.002391,0.02
0.001274,-0.02
-0.0083,-0.08
0.001271,0.05
-0.001282,0.05
0.004641,-0.02
0.001061,0.01
-0.00049,-0.03
0.013681,-0.04
0.00089,-0.02
0.005774,-0.07
-0.006835,-0.05
0.003379,-0.06
0.00643,0.03
0.003297,0.05
0.005674,-0.0
-0.00613,0.03
-0.002429,-0.0
-0.001672,0.02
-0.01929,0.15
-0.000535,0.13
0.000461,0.01
-0.001034,0.07
0.015827,-0.06
0.008436,0.0
0.003266,-0.01
0.013186,0.01
-0.000426,-0.0
0.009918,0.04
-0.007377,-0.03
0.010809,-0.01
0.004535,-0.02
0.010181,0.0
0.01132,-0.1
-0.007835,0.05
-0.001019,-0.07
-0.001282,-0.06
9.6e-05,-0.01
0.005156,0.05
0.002972,0.06
-0.004179,0.01
0.010143,-0.06
-0.001004,0.08
-0.001593,0.05
-0.007695,0.15
0.00588,0.08
-0.002164,0.04
-0.006453,-0.06
0.001989,0.01
0.011697,-0.02
-0.002625,-0.02
0.003274,-0.05
0.006524,-0.04
0.002787,-0.03
0.005422,0.13
-0.001608,0.0
0.005107,-0.13
-0.005887,-0.05
0.0028,-0.01
0.000513,-0.01
-0.019127,-0.01
0.006352,0.09
0.006935,-0.17
-0.003753,-0.04
-0.005697,0.02
-0.032038,0.05
-0.001321,0.15
0.012686,-0.03
-0.014443,-0.12
0.004143,-0.07
-0.017888,-0.02
-0.009611,0.02
-0.002267,0.13
-0.004418,0.05
-0.010843,0.04
0.001584,-0.02
-0.001139,0.01
0.001957,0.0
0.00087,0.02
-0.001177,-0.01
0.02047,0.04
0.011388,-0.05
0.004399,-0.06
0.000153,0.02
0.00731,-0.01
-0.013984,-0.04
0.000459,0.03
-0.001077,-0.03
-0.000657,-0.03
0.006589,0.03
0.003962,0.03
-0.002944,-0.01
0.00021,-0.02
0.018684,-0.02
0.005867,0.01
0.011417,-0.01
0.000559,-0.01
-0.000496,-0.07
-0.013386,-0.05
-0.01698,-0.06
0.001409,-0.13
-0.005174,0.17
-0.006513,0.06
0.005326,0.1
0.007272,-0.03
0.012338,-0.07
0.011294,-0.11
0.016699,0.02
0.010811,0.01
0.001791,0.0
0.005366,-0.05
-0.015181,0.0
0.012006,-0.06
-0.0057,-0.02
-0.006549,0.05
0.003716,-0.06
-0.002321,-0.01
-0.001397,-0.01
0.017253,-0.03
0.014265,-0.03
-0.001225,0.01
-0.003914,0.03
0.003266,0.0
0.001387,-0.05
-0.017472,-0.02
-0.014316,0.06
0.005935,-0.04
0.000762,-0.02
0.000857,0.04
0.000873,-0.03
0.000699,0.05
0.021647,-0.13
-0.014868,0.06
0.004152,-0.01
-0.007288,0.0
-0.004584,0.02
-0.002323,-0.01
-0.007557,-0.05
0.010178,-0.03
-0.004988,0.03
-0.008942,-0.03
0.003826,0.03
0.006339,0.03
-0.015191,-0.02
0.006617,-0.0
-0.003417,-0.09
0.005099,-0.04
0.010214,0.06
0.001848,0.02
-0.001793,-0.02
0.006721,0.04
0.002017,0.03
0.013832,-0.06
0.006314,-0.05
0.012385,-0.06
0.008049,0.05
0.001471,0.02
-0.001322,-0.03
0.003972,0.02
0.006024,-0.02
-0.011472,-0.03
-0.002521,-0.02
-0.005856,-0.03
-0.002605,-0.02
4.4e-05,0.06
-0.000749,-0.01
-0.01058,-0.03
-0.008204,0.06
0.008277,-0.01
0.001051,-0.0
-0.001709,0.02
0.015151,-0.05
-0.00128,-0.05
0.001643,-0.05
-0.003555,0.02
-0.014087,0.1
0.003896,-0.03
0.00444,-0.01
-0.009797,-0.04
-0.003041,-0.02
0.001437,0.02
0.005714,-0.01
0.003352,-0.01
0.002838,-0.01
-0.014061,-0.02
0.000636,0.04
-0.005631,-0.03
0.002098,-0.04
-0.001884,-0.04
-0.003148,0.01
0.005029,-0.01
0.001106,0.05
-0.005158,-0.04
0.001403,-0.04
0.003384,-0.02
-0.005025,-0.05
0.004718,0.07
-0.006551,-0.02
-0.003324,0.07
-0.000663,0.02
0.006113,-0.03
-0.00051,0.0
-0.000392,-0.02
-0.008615,-0.01
0.002598,-0.01
0.005139,0.02
0.002626,0.02
-0.00561,-0.01
0.007036,0.02
-0.00757,0.04
0.008952,0.07
0.009431,0.05
-0.002937,-0.01
-0.003649,0.04
-0.003611,-0.01
0.002361,0.07
-0.002551,-0.01
0.010377,0.03
-0.003186,0.06
0.004021,0.07
0.00662,-0.0
-0.009199,-0.06
0.004999,0.03
-0.000744,-0.03
0.001553,0.04
0.002652,-0.05
-0.001785,-0.04
0.003367,-0.04
-0.000606,0.01
-0.010477,0.02
0.004691,0.02
0.010882,0.02
-0.000773,0.01
0.007572,0.01
-0.00252,-0.01
-0.006324,0.05
-0.002694,-0.05
-4.6e-05,-0.01
0.007101,-0.04
0.007709,0.04
0.003871,0.02
0.002439,-0.05
0.007268,0.02
-0.006009,0.02
0.002539,-0.01
0.003968,0.05
0.001946,0.04
-0.010581,0.12
-0.006174,-0.05
-0.012169,0.01
-0.010996,-0.15
-0.010037,-0.09
0.004425,0.07
0.005191,-0.0
-0.000496,-0.0
-0.007641,-0.04
0.009846,0.07
0.004307,0.08
0.010243,0.03
0.006175,0.12
-0.010138,-0.0
-0.001469,-0.0
0.000804,-0.02
-0.005531,0.04
0.006491,0.03
-0.011357,0.02
0.006642,-0.01
0.005244,-0.06
-0.00826,0.01
0.003422,0.04
-0.003222,0.04
0.000907,-0.02
0.004081,0.02
0.003364,-0.01
-0.005672,0.07
0.002302,0.0
-0.002279,-0.02
0.005676,0.0
0.011967,0.01
0.003954,-0.03
0.000145,-0.08
-0.021652,0.09
-0.003816,-0.02
0.001648,0.01
-0.000991,0.0
-0.005945,-0.0
0.004202,-0.01
-0.001563,-0.03
-0.000519,-0.01
0.001585,0.06
0.003418,-0.03
0.00721,-0.0
-0.003299,0.02
-0.007094,0.01
0.012764,0.01
0.003176,-0.01
0.012846,0.0
0.000958,-0.0
-0.003872,-0.0
0.005701,0.05
0.008835,0.04
-0.005203,-0.04
0.006389,-0.04
-0.003512,0.02
-0.004013,-0.03
0.011377,0.06
-0.002,-0.03
0.000716,0.01
0.00166,-0.01
-0.006853,-0.01
-0.000409,0.04
0.00011,0.05
-0.007315,-0.03
3.3e-05,-0.08
0.00444,-0.01
0.009806,0.03
0.010899,-0.01
-0.011534,-0.05
0.008627,0.08
0.002124,0.08
0.000424,0.07
0.019584,-0.12
-0.008586,0.17
0.005643,-0.03
0.013674,-0.11
-0.000435,0.07
0.012722,-0.09
-0.011132,0.1
0.014926,-0.09
-0.008058,-0.02
0.003976,0.09
0.000511,-0.02
-0.004757,-0.06
-0.002947,-0.04
0.002917,-0.08
-0.001237,0.06
0.005443,-0.02
0.000779,0.01
0.008093,0.03
0.002177,0.11
-0.00605,-0.09
0.00508,0.03
-0.002359,-0.01
0.005089,0.01
-0.019807,-0.02
-0.009863,-0.01
-0.006695,-0.08
-0.000884,-0.01
-0.004836,-0.05
0.013398,-0.0
-0.000162,-0.07
-0.000283,-0.07
-0.00116,-0.06
0.003228,0.01
0.015904,-0.02
-0.00149,0.04
0.002827,-0.01
-0.001818,-0.05
-0.014302,-0.01
6.2e-05,-0.09
-3.8e-05,0.05
-0.006556,-0.06
-0.00758,-0.08
-0.03042,-0.06
-0.010147,0.06
-0.012601,-0.02
-0.014758,-0.03
0.002912,-0.08
0.004692,-0.07
-0.029838,-0.15
0.001573,0.01
0.032402,0.1
0.047801,0.14
-0.016146,-0.07
0.009892,0.04
-0.004809,0.09
0.028739,0.12
-0.014221,-0.04
0.001292,0.06
-0.010321,-0.01
0.017792,0.04
0.002382,-0.04
-0.003952,0.0
0.011641,-0.02
0.003796,0.05
-0.005592,-0.05
-0.027522,-0.04
0.012667,0.06
0.008555,0.02
-4.3e-05,-0.0
-0.006773,0.02
0.011566,0.07
0.00109,-0.02
-0.011094,0.02
0.024958,0.13
0.002584,-0.02
0.000498,0.01
-0.011273,0.01
-0.007676,0.02
0.003137,-0.06
-0.012645,0.04
0.006599,-0.04
-0.009602,0.05
0.005375,0.04
0.010087,0.06
0.007896,-0.04
0.001186,0.0
0.019047,0.05
0.021222,-0.04
0.011776,0.08
0.004864,-0.0
0.01861,0.18
0.00979,0.08
0.005737,0.02
0.007432,0.03
0.002876,0.02
-0.010301,-0.07
0.015965,0.07
0.015129,-0.03
0.008987,-0.02
0.01676,0.1
0.023053,0.08
-0.019063,-0.15
0.001778,-0.11
0.018986,0.09
-0.013519,0.08
-0.012699,-0.04
-0.025564,-0.01
-0.005125,-0.02
-0.040419,-0.14
0.027115,0.04
0.013403,-0.05
-0.00128,-0.01
0.005865,0.01
0.010491,0.04
-0.003098,-0.25
0.002734,0.02
-0.006444,-0.03
-0.007655,0.0
-0.016874,-0.07
0.023013,0.07
-0.035443,-0.11
0.009948,0.08
-0.00651,-0.1
-0.028251,-0.08
-0.03145,-0.01
0.000213,-0.07
-0.012299,0.03
-0.010262,0.08
-0.018526,-0.1
-0.00097,-0.04
-0.019028,0.0
-0.004769,-0.06
0.014362,0.01
-0.010203,-0.01
0.014136,-0.01
-0.000376,0.02
-0.020248,-0.07
-0.01139,-0.04
-0.02338,-0.13
0.004368,-0.04
0.003808,0.12
-0.018858,-0.06
-0.020141,-0.04
0.018431,0.04
-0.014203,-0.04
-0.013019,0.0
-0.02039,0.01
-0.008581,0.07
-0.010571,-0.07
-0.013234,0.03
0.005794,-0.01
-0.020796,-0.01
-0.012769,-0.04
-0.002387,0.1
-0.015367,0.05
-0.024569,-0.1
-0.013396,-0.04
-0.041412,0.21
-0.018681,-0.06
0.018702,-0.07
0.034373,-0.03
-0.049222,0.11
-0.031761,-0.12
-0.014881,-0.04
-0.018449,0.03
-0.009351,0.05
-0.016477,0.01
0.047324,0.04
-0.031687,-0.04
-0.01354,-0.01
0.028727,0.03
-0.035639,-0.06
0.000565,-0.08
0.032116,0.02
0.019992,-0.1
-0.02658,-0.06
-0.032872,0.06
0.011732,-0.01
0.005468,-0.02
-0.005695,-0.09
0.021112,0.1
-0.012196,-0.27
-0.001001,0.09
-0.009281,-0.02
0.029999,0.1
0.037634,0.17
0.009434,0.04
0.005047,-0.01
0.00149,-0.01
0.000509,-0.03
-0.017051,-0.06
0.025206,0.09
-0.011252,-0.13
0.021345,0.03
0.017505,0.09
0.023028,0.02
-0.013253,-0.05
-0.002826,-0.04
-0.000474,-0.06
-0.001916,-0.01
-0.000245,-0.05
-0.015938,-0.1
-0.013876,0.01
0.019723,0.17
0.009705,-0.02
0.004156,0.06
-0.026334,-0.09
-0.000633,-0.03
-0.004568,-0.1
0.000907,-0.03
0.015003,0.02
-0.024963,-0.07
-0.010381,-0.11
0.009218,-0.01
0.013346,0.11
0.016204,0.08
-0.002113,-0.05
0.010263,0.09
-0.009941,-0.03
0.007502,0.03
-0.009352,-0.06
-0.006071,0.04
0.011877,0.03
0.012866,0.09
-0.007003,-0.14
0.029794,0.12
-0.001715,0.06
0.005618,-0.03
-0.003539,-0.06
0.003771,0.03
-0.017686,-0.04
0.005017,0.04
0.018301,0.08
-0.003367,0.03
-0.008429,-0.06
0.007507,-0.01
-0.013831,0.01
-0.003375,-0.03
-9.7e-05,-0.02
0.007869,0.05
0.011826,0.1
0.008705,0.11
-0.002662,-0.03
-0.000232,-0.04
-0.017493,-0.14
-0.031238,-0.14
0.023713,0.11
0.003352,0.15
-0.02833,-0.09
0.035596,0.16
-0.016313,0.04
0.003893,0.03
-0.002704,0.17
-0.01259,0.04
-0.018717,-0.07
0.028963,0.05
-0.025888,-0.1
-0.002652,-0.18
0.000894,0.05
-0.005794,-0.02
-0.012665,0.03
-0.003767,0.05
-0.003464,-0.03
-0.009006,-0.1
0.013996,-0.03
0.020287,0.07
-0.009648,-0.05
0.004394,-0.04
-0.00339,-0.12
-0.001442,0.02
-0.001432,-0.04
-0.011715,-0.03
-0.02444,-0.06
0.013714,-0.03
0.01282,-0.04
0.015561,0.08
-0.007399,0.02
-0.001555,0.05
0.02145,0.08
0.008096,-0.07
-0.020679,0.06
0.001587,-0.06
-0.002959,0.02
0.033663,0.12
0.019273,0.09
-0.028171,-0.07
-0.029775,-0.01
-0.021982,-0.08
-0.011986,-0.04
0.012044,0.01
0.007548,0.02
0.029982,0.09
0.009292,0.16
-0.024361,-0.05
-0.000647,-0.05
0.034481,0.13
0.003796,0.02
-0.009714,-0.04
-0.003708,-0.02
-0.014978,-0.05
0.007937,0.16
0.002599,0.01
-0.004859,-0.04
-0.004949,-0.01
-0.006153,0.02
0.004133,-0.01
0.004357,0.02
0.00205,-0.04
0.015458,-0.02
0.020157,0.2
-0.004192,-0.06
0.006125,0.03
-0.007334,-0.02
0.011849,0.02
-0.021285,-0.09
0.001366,-0.04
-0.002955,0.01
-0.001564,-0.01
0.004652,-0.08
-0.043491,-0.16
-0.030695,0.1
-0.013884,-0.07
-0.006413,-0.05
0.012096,-0.14
-0.117243,-0.23
-0.011238,-0.16
0.017857,0.07
-0.046509,0.08
0.048204,-0.06
-0.014662,0.18
0.0413,-0.12
0.028063,0.27
-0.093017,0.05
0.115183,-0.03
0.024049,-0.24
0.101241,-0.18
0.012658,-0.1
0.077156,0.15
-0.034997,-0.24
0.024548,0.28
0.07854,0.09
-0.019352,0.17
0.028163,0.1
-0.061264,0.03
-0.057446,0.21
-0.050395,0.11
-0.034276,-0.21
0.02573,0.1
-0.030109,-0.44
0.010671,-0.1
0.000578,0.31
0.00749,-0.01
0.064344,0.15
-0.007536,-0.21
-0.052683,0.01
-0.056368,-0.39
-0.064978,0.02
-0.006133,-0.12
0.016615,0.15
-0.041537,0.04
0.054968,-0.01
-0.005527,-0.04
-0.004522,-0.34
-0.028426,0.07
0.051226,-0.24
0.086551,-0.21
0.072573,-0.19
-0.081978,-0.18
0.0457,0.21
-0.044047,0.04
-0.006506,-0.13
-0.047268,-0.03
-0.031937,0.13
0.00043,0.05
-0.040093,-0.2
-0.019181,0.0
0.005937,-0.1
-0.008769,0.2
-0.065467,-0.34
-0.081598,-0.05
0.032742,-0.02
-0.057028,-0.46
-0.035597,0.05
-0.023518,0.08
0.009375,0.15
0.009904,-0.1
0.046594,0.05
0.035841,-0.02
0.003955,0.08
0.020036,-0.0
-0.004549,-0.07
-0.022631,0.06
0.008464,0.17
0.016185,0.03
0.020748,0.11
-0.009632,-0.05
0.013867,0.07
0.022337,0.11
0.013398,0.07
-0.011963,-0.09
-0.017216,0.11
-0.018691,-0.1
-0.010043,-0.09
-0.044763,-0.14
-0.009091,-0.03
-0.009538,0.12
-0.018349,-0.0
-0.048123,-0.07
-0.007975,-0.04
0.00866,0.18
-0.016471,0.01
0.025,0.1
0.028292,0.02
0.026769,0.04
-0.039379,-0.12
0.001843,0.11
0.033104,0.01
-0.027642,-0.09
0.003152,0.06
0.031965,0.13
-0.029458,-0.08
-0.005717,0.08
-0.018411,0.05
0.054657,0.01
0.007245,-0.1
-0.021146,-0.18
-0.041477,0.04
-0.019685,0.05
0.00785,-0.05
-0.007218,-0.06
0.04229,0.11
0.01707,0.13
-0.00415,0.11
0.000854,0.15
-0.001436,0.09
0.057706,0.07
-0.000218,0.05
-0.183251,-0.22
0.006032,-0.02
-0.035981,-0.22
-0.022365,0.13
0.01248,-0.16
-0.072886,-0.02
-0.002986,0.27
-0.04631,-0.27
0.00801,0.28
-0.013437,0.11
-0.006959,-0.02
0.053596,-0.05
-0.020319,-0.12
0.036186,-0.0
-0.003284,-0.15
-0.060279,-0.13
0.04829,-0.0
-0.043874,0.02
0.030032,-0.09
-0.118766,-0.14
-0.063623,-0.03
0.021989,0.09
0.014698,0.05
-0.014585,0.1
0.008207,0.3
0.01004,0.03
-0.020364,-0.12
-0.002593,0.06
0.021235,0.05
-0.013188,0.2
0.015943,0.04
-0.044896,0.09
0.029684,-0.05
0.052555,-0.04
-0.019234,0.07
-0.051962,-0.08
-0.009448,-0.17
0.03023,-0.02
0.017926,0.14
0.00931,0.01
-0.031744,-0.04
-0.026817,-0.15
-0.026551,-0.03
0.015197,-0.07
-0.005625,-0.02
0.016963,0.05
-0.024239,0.22
-0.005337,-0.17
-0.000823,0.12
0.005429,-0.09
0.004885,0.09
0.006758,0.1
-0.000327,0.02
0.030661,0.1
-0.028826,0.05
0.001106,0.09
0.013192,0.01
0.001892,0.05
-0.008409,-0.0
-0.017965,-0.04
-0.004735,-0.17
0.01867,0.04
-0.050639,0.08
-0.032213,0.14
0.029724,0.03
-0.028407,0.02
-0.018287,0.03
0.002583,0.06
0.011718,-0.01
0.040793,0.06
0.010113,0.17
0.044581,-0.01
0.042106,-0.07
0.004005,0.04
0.004943,-0.01
-0.007909,0.11
0.015004,0.04
0.003345,0.01
-0.01734,0.01
0.014506,-0.04
0.014427,0.05
-0.015944,-0.03
-0.010482,-0.03
0.037893,0.08
0.023134,0.13
0.037507,-0.02
-0.027457,0.04
-0.010437,-0.07
0.018263,-0.19
-0.002599,-0.19
0.020571,0.03
0.002906,-0.15
-0.05326,-0.01
0.022113,0.08
0.024098,-0.11
0.017457,0.03
0.056366,-0.0
0.008171,0.04
0.00038,0.1
-0.016175,0.05
0.020416,0.08
0.034931,0.05
-0.046531,-0.18
-0.005255,-0.17
0.001407,0.0
-0.013372,-0.1
0.006518,0.01
-0.023926,-0.03
0.004263,-0.11
-0.017342,0.03
0.004684,-0.01
-0.003443,-0.07
0.021652,0.01
0.009544,0.01
-0.00181,0.03
0.000588,-0.03
-0.004859,0.03
0.010926,0.07
-0.030858,-0.01
-0.011075,0.02
0.001102,0.08
0.013747,0.03
0.013513,0.02
0.034112,0.02
-0.000903,-0.07
-0.008803,0.02
0.013971,0.01
-0.012194,0.01
0.003373,0.04
0.002399,0.14
-0.004591,0.06
0.016879,0.06
0.011855,0.09
-0.007372,-0.04
0.013483,0.11
-0.003946,-0.01
-0.001743,-0.02
-0.005444,-0.06
0.000552,-0.04
-0.002774,0.08
-0.003757,0.01
0.003664,0.14
-0.017639,-0.03
-0.001614,0.02
0.005256,-0.01
-0.019734,-0.04
-0.00175,-0.18
-0.000621,0.03
0.003534,-0.01
0.00044,0.01
0.011685,0.03
-0.006017,-0.03
-0.00809,-0.09
0.003784,-0.04
0.005266,0.04
0.001551,0.04
-0.021985,-0.0
0.010225,0.05
0.002945,0.0
-0.035157,-0.01
0.006415,0.13
0.018558,-0.12
-0.002277,0.01
0.002407,0.05
-0.001878,0.01
-0.018941,-0.02
0.01254,-0.02
0.005324,-0.0
-0.007274,0.03
-0.004169,-0.02
-0.005155,0.01
0.030412,0.05
0.004062,0.01
-0.021871,0.02
0.005607,0.01
-0.019715,-0.03
-0.017124,-0.04
-0.009667,-0.01
-0.004024,0.05
-0.028786,-0.02
-0.000663,0.07
0.005306,-0.05
-0.010334,0.01
0.00153,0.02
3.1e-05,0.09
0.004778,-0.07
0.007905,-0.03
-0.008682,-0.06
-0.001683,-0.06
-0.012479,-0.04
0.007934,-0.09
0.009175,0.12
0.013199,0.03
-0.01963,0.05
0.008729,0.01
0.012731,-0.03
-0.006586,-0.03
-0.005131,0.0
-0.018595,-0.11
-0.00314,-0.1
0.013289,0.01
-0.0075,-0.04
-0.01467,-0.06
0.004256,0.06
0.011051,0.06
0.003798,0.06
0.007953,-0.05
0.004947,0.05
-9.1e-05,-0.02
0.007076,0.11
0.003736,-0.07
-0.011188,-0.12
-0.008276,-0.09
-0.004727,-0.06
-0.002178,0.03
-0.012795,-0.05
0.005409,0.05
0.004102,-0.01
-0.001609,0.07
-0.018956,-0.12
-0.003744,-0.06
0.010113,0.03
-0.009284,0.0
-0.014135,0.01
0.002394,-0.04
-0.028896,-0.01
-0.006067,-0.08
0.005672,-0.07
0.01208,0.06
0.003199,0.12
0.003621,0.03
0.009952,0.05
-0.003204,0.06
0.01263,-0.05
-0.011758,0.02
0.001397,0.02
0.006542,0.05
0.001604,0.06
0.011587,0.04
0.005215,0.03
0.000926,0.06
-0.003949,-0.02
0.0105,0.04
0.003058,0.1
-0.003891,0.04
0.007265,0.03
0.003478,0.0
0.002045,-0.03
-0.003745,-0.04
-0.005527,-0.01
-0.004021,-0.01
0.005799,-0.0
-0.022615,0.15
0.007921,0.02
-0.006624,0.1
-0.001585,0.04
-0.001588,-0.02
0.005288,0.05
-0.006443,0.04
0.008279,-0.02
-0.015956,-0.0
0.012938,0.07
0.003052,0.06
-0.00691,-0.06
-0.000999,0.09
-0.003556,0.02
0.008491,0.0
0.003269,0.02
-0.022779,-0.09
0.005307,-0.03
-0.004056,-0.03
-0.007748,-0.08
-0.008328,-0.11
0.012827,0.02
-0.006832,0.04
-0.002859,0.02
-0.019983,-0.05
-0.004805,-0.02
-0.020334,-0.09
0.025637,0.08
0.00131,-0.06
0.025027,0.0
0.00304,0.05
0.027082,0.21
-0.026496,0.04
-0.005203,0.0
-0.002478,-0.01
0.015194,0.03
0.007285,-0.02
0.02304,0.08
-0.025929,0.02
0.005751,-0.1
-0.004633,-0.11
0.003116,-0.1
0.016576,-0.04
0.010935,0.05
-0.003248,-0.06
0.009287,0.07
0.002375,-0.04
0.025172,0.1
-0.019334,-0.02
0.022881,0.1
-0.00851,0.07
-0.00851,-0.06
0.016221,0.01
-0.012538,-0.01
-0.007714,-0.06
0.001727,-0.02
-0.000949,0.01
-2e-05,-0.02
-0.033852,-0.09
0.006205,-0.05
0.013728,0.07
0.020817,-0.01
0.016408,-0.03
-0.001986,-0.01
-0.027173,-0.01
-0.014754,-0.02
-0.010931,-0.04
0.002597,0.09
-0.037778,-0.07
-0.007041,-0.18
-0.007001,0.0
0.013369,0.09
0.011205,0.07
0.016842,0.08
0.000513,0.09
-0.009754,0.06
0.025109,0.06
3.3e-05,-0.05
-0.003201,0.04
-0.020317,-0.02
0.002434,0.02
0.014771,-0.06
0.010244,0.08
-0.007773,0.03
-0.000261,-0.01
-0.016542,-0.01
0.017952,0.05
-0.007167,-0.04
-0.017852,-0.03
-0.005908,-0.01
0.007057,0.09
-0.005797,0.03
-0.014757,-0.04
-0.011176,-0.07
0.017487,0.12
-0.020481,-0.1
-0.005154,-0.04
-0.013605,-0.1
0.007361,-0.02
0.007845,0.12
0.010619,0.01
0.001274,0.05
-0.016126,-0.06
0.000629,0.0
0.013665,0.06
-0.003658,0.07
0.002115,-0.03
-0.007566,-0.05
-0.002375,-0.06
0.001235,0.08
-0.00529,0.02
-0.013688,-0.03
0.003755,-0.03
-0.023823,-0.07
0.027781,0.02
0.011382,0.0
0.022781,0.04
0.02005,0.11
0.029359,0.06
-0.013366,0.04
-0.027395,0.01
-0.017181,-0.15
0.019766,0.09
-0.019207,-0.09
-0.005006,0.03
-0.007798,-0.01
-0.008682,-0.04
0.013874,0.04
0.017032,-0.03
-0.013115,0.03
-0.014012,0.02
-0.000263,-0.04
0.010584,-0.03
-0.001967,0.08
-0.018522,0.11
-0.00073,-0.09
-0.004887,-0.02
0.01202,0.09
0.009993,0.03
0.002834,0.06
0.009486,-0.04
0.013735,0.03
0.001206,0.03
-0.017386,-0.06
0.014855,-0.03
0.00272,0.03
-0.004724,0.07
0.009561,0.04
0.001891,-0.0
-0.007557,0.05
0.011141,-0.02
0.00338,0.01
-0.011051,0.02
0.002774,0.02
0.009597,0.01
-0.018682,0.0
-0.002679,-0.01
0.014809,-0.03
-0.001963,-0.0
-0.001823,-0.05
0.009895,0.02
-0.012393,-0.09
-0.001075,0.13
-0.006024,-0.0
0.002468,-0.04
0.00343,0.01
0.004825,0.01
0.022799,0.09
0.000555,-0.04
0.01884,-0.08
0.008044,0.04
0.036467,-0.08
-0.02461,0.12
0.025621,0.09
-0.012692,-0.08
-0.001922,-0.11
0.027555,0.01
-0.002181,0.14
0.009867,0.05
0.009561,0.05
-0.006489,0.05
-0.028454,-0.14
-0.013564,0.04
-0.023428,-0.1
0.011679,-0.12
0.011969,-0.05
0.004007,-0.02
0.017393,0.04
0.013718,-0.12
-0.003485,0.0
-0.009642,0.03
0.041048,0.04
0.018853,-0.02
-0.028005,-0.11
0.008499,0.02
-0.013223,-0.05
-0.020853,-0.2
-0.001447,-0.06
0.012564,-0.04
0.025339,0.18
-0.022545,-0.09
0.018469,-0.06
-0.038777,0.01
0.025715,-0.01
-0.005788,0.0
-0.016221,-0.16
0.023876,-0.01
-0.01728,-0.05
-0.011807,-0.06
0.002551,0.09
-0.009326,-0.03
0.016343,0.08
-0.014956,0.0
-0.031268,-0.04
-0.016267,-0.15
0.004767,0.06
-0.00011,-0.02
0.002206,-0.0
0.002574,-0.02
-0.006548,-0.02
0.005716,0.02
-0.006233,-0.03
0.009753,0.01
0.019689,0.14
0.003251,-0.0
0.004141,0.03
-0.014983,-0.05
0.00921,0.03
-0.005829,0.09
0.003917,-0.05
-0.001196,-0.08
0.006931,0.1
-0.00547,-0.02
0.009066,0.0
-0.009681,0.02
0.000872,-0.05
-0.000608,0.03
-0.010282,-0.06
0.006053,0.05
-0.019956,-0.12
0.002335,-0.06
-0.002767,-0.08
0.009334,0.04
-0.014005,-0.07
0.019229,0.07
-0.035962,-0.0
0.002956,-0.03
-0.01128,-0.07
-0.005545,-0.09
0.000573,-0.08
0.01189,-0.03
-0.010338,-0.09
0.006369,-0.0
0.00703,-0.0
-5e-05,-0.04
0.010296,-0.01
0.000775,-0.02
0.005041,0.05
-0.00075,-0.09
0.008025,-0.0
-0.000752,0.05
-0.004805,-0.04
-0.01645,-0.05
0.010561,-0.03
-0.003828,-0.05
0.008124,0.05
0.018297,-0.02
0.004129,-0.09
-0.008716,-0.02
0.002019,-0.06
-0.003842,-0.02
-0.004222,0.04
-0.001071,-0.01
-0.008942,-0.03
0.009868,0.03
0.001621,-0.02
0.001306,-0.04
-0.010137,0.04
-0.000511,-0.02
0.008344,-0.07
-0.006887,-0.01
0.014008,0.04
0.013855,0.07
-0.010316,-0.02
-0.002993,-0.04
-0.010329,-0.01
0.004019,-0.02
-0.005197,-0.05
0.015176,0.04
0.000411,0.09
-0.003813,-0.04
-0.001058,0.01
0.012626,-0.01
-0.001032,-0.0
-0.001973,0.03
-0.002095,0.0
-0.001445,0.05
0.002532,-0.05
-0.011305,-0.14
-0.000835,-0.03
-0.000259,-0.03
0.008246,-0.07
-0.002184,0.0
-0.014306,-0.05
0.002378,-0.03
0.005319,0.03
-0.010494,-0.08
0.009115,0.07
-0.000243,-0.05
0.005532,0.03
0.017971,0.03
-0.007112,0.08
0.011305,-0.04
-0.005629,0.06
0.000886,0.05
0.012674,0.03
0.043564,0.12
0.003284,-0.07
-0.018112,-0.1
0.008368,0.04
0.002137,-0.01
-0.005423,-0.0
-0.012457,-0.02
0.00255,-0.01
0.011643,0.01
-0.013528,-0.08
-0.012027,-0.02
-0.004588,0.02
-0.007002,-0.04
0.003327,-0.06
-0.014337,0.04
0.006445,0.08
-0.006442,-0.01
-0.001839,0.03
-0.008292,-0.05
0.016474,0.12
0.013151,0.02
0.006147,-0.07
-0.013049,-0.08
-0.010794,-0.0
-0.027325,-0.08
0.012776,0.05
-0.010176,0.08
0.000685,-0.04
0.058385,0.23
0.035672,0.03
0.00722,0.03
-0.0086,0.05
0.031499,0.01
0.023375,-0.02
-0.013921,-0.06
0.000247,0.06
0.023191,-0.02
-0.063333,-0.05
0.025475,0.06
-0.028642,-0.03
0.018836,-0.15
-0.028757,0.01
0.030798,0.03
0.017487,-0.01
0.01397,-0.06
0.027658,0.03
0.001238,0.04
0.007995,-0.01
-0.005365,0.03
0.029357,0.16
0.01583,0.03
-0.008144,-0.1
-0.014814,-0.04
0.021854,0.06
-0.00802,0.17
-0.023874,-0.07
-0.029147,-0.12
-0.003205,-0.03
-0.005901,0.03
-0.019127,-0.09
0.009883,0.04
-0.014467,-0.01
0.011676,0.05
0.019894,0.01
0.020368,0.04
0.02696,0.03
-0.000841,-0.01
-0.023474,-0.1
-0.006674,0.03
-0.023172,-0.19
-0.000356,-0.09
-0.036219,-0.11
-0.021942,-0.05
0.012166,0.03
0.01487,0.07
0.01147,0.01
-0.000413,-0.07
-0.017096,-0.06
-0.019557,-0.08
-0.001815,-0.01
0.019178,0.04
0.018946,0.09
0.005484,0.03
-0.016714,-0.11
0.005835,0.09
0.051129,0.1
-0.024439,-0.03
-0.023636,-0.09
-0.018628,-0.19
0.001899,-0.01
0.022422,0.03
-0.008293,0.04
0.029846,0.14
-0.002757,-0.06
-0.010208,-0.05
-0.010545,-0.09
-0.010626,-0.05
0.007235,0.03
0.002292,-0.06
-0.033781,-0.02
-0.006796,-0.04
-0.01228,-0.08
0.003239,0.01
-0.019087,-0.07
-0.01277,-0.11
-0.005931,-0.04
-0.024967,-0.14
-0.009984,0.02
0.013797,-0.05
-0.028012,-0.14
0.013672,-0.05
0.00359,-0.01
-0.025225,-0.05
-0.005683,-0.16
0.003536,0.01
0.011499,0.06
6e-06,-0.13
-0.010754,-0.06
0.040876,0.08
0.01815,0.02
-0.004127,-0.05
-0.002404,0.0
0.017359,-0.14
-0.009633,-0.02
-0.005574,0.02
-0.015264,-0.06
0.003127,0.03
0.014304,0.05
-0.008938,-0.09
-0.009194,-0.02
0.012714,0.07
-0.000535,-0.01
-0.006367,-0.02
-0.013356,-0.02
-0.002659,-0.05
-0.001338,-0.03
-0.015561,-0.01
0.003196,0.0
0.013364,-0.04
0.004126,0.01
-0.002281,-0.03
-0.012309,-0.02
0.000427,0.03
-0.011404,-0.02
-0.011811,0.0
0.002635,0.06
-0.012947,-0.02
0.008513,0.05
0.001512,-0.04
0.021832,0.12
0.008379,-0.03
-0.016794,-0.05
0.001856,-0.04
-0.006332,-0.05
0.002409,0.01
-0.001694,0.0
-0.001922,-0.0
0.013569,0.05
0.000438,0.02
0.005345,0.0
0.004296,0.04
-0.001885,-0.04
-0.010196,-0.03
0.004903,0.08
-0.003831,-0.06
0.004665,0.0
-0.003636,-0.05
0.002218,-0.01
-0.011019,0.03
-0.001344,-0.01
0.003092,0.02
0.002523,-0.04
-0.013092,-0.08
0.018871,0.05
0.004041,0.02
0.001366,-0.01
0.009604,0.03
0.011637,0.02
0.008274,0.03
0.001729,-0.02
-0.006857,0.05
-0.00118,-0.07
0.003991,0.03
-0.00727,0.01
0.009397,0.02
0.009068,0.08
-0.000234,-0.09
0.000429,-0.04
-0.006123,0.06
0.003114,-0.07
0.015046,0.14
0.004683,-0.04
0.008838,0.05
0.000723,-0.02
-0.007991,-0.05
-0.01776,-0.11
0.004975,-0.07
0.001196,0.06
0.012261,0.0
-0.003695,-0.01
0.013064,0.09
-0.014632,-0.05
0.002915,0.15
0.005872,0.04
0.000316,-0.1
0.003858,0.03
0.015895,-0.05
-0.002032,-0.07
0.005288,-0.01
-0.001405,0.04
-0.005647,0.11
0.005469,0.05
0.001736,-0.01
0.003563,-0.03
-0.006323,-0.04
-0.012432,-0.0
-0.00686,0.01
-0.009405,-0.03
-7.9e-05,-0.02
-0.009477,-0.08
0.006586,-0.02
-0.005539,-0.01
-0.012911,-0.15
-0.011714,-0.02
-0.005929,-0.01
0.007099,-0.05
0.009187,-0.02
-0.0085,-0.08
0.003797,0.06
-0.005614,-0.05
0.002625,-0.01
-0.012414,-0.1
0.000373,-0.03
-0.008617,-0.01
-0.001776,0.06
-0.008254,-0.06
-0.004353,-0.06
0.006757,0.13
0.015298,0.06
-0.000357,-0.06
0.000744,-0.04
0.019809,0.07
-0.015373,-0.03
-0.005627,-0.01
-0.012202,-0.01
0.006416,0.06
0.007509,0.03
-0.012803,-0.03
0.003756,-0.03
-0.014052,0.02
-0.014182,-0.09
-0.016034,-0.05
-0.000773,0.09
-0.005353,-0.1
0.014307,-0.02
-0.024777,-0.13
-0.01234,-0.08
0.002509,-0.05
-0.002733,0.06
-0.015695,-0.07
0.017878,0.03
-0.008735,-0.13
-0.008151,-0.06
-0.000331,0.02
0.002062,-0.04
-0.007258,-0.01
0.012385,0.02
-0.000367,0.02
-0.01386,-0.04
-0.003887,-0.04
0.010641,0.1
0.009853,0.02
0.010275,-0.03
0.002996,0.0
-0.008083,0.02
-0.002684,0.02
-0.006752,-0.08
0.002095,-0.02
0.009439,-0.01
-0.001535,-0.01
0.016015,0.03
-0.003587,0.07
-0.014273,-0.1
-0.01004,-0.08
0.006882,0.0
-0.010576,-0.05
-0.003121,0.01
-0.006292,0.01
-0.002839,0.02
0.00536,-0.01
-0.013423,-0.03
0.002276,0.06
-0.002154,-0.08
0.011625,-0.01
-0.003542,-0.05
-0.004452,-0.0
0.004616,-0.06
-0.004148,-0.04
0.011489,0.02
0.019297,0.06
-0.018653,-0.09
-0.004975,0.06
0.006111,0.0
-0.004213,-0.01
0.011991,0.02
0.013429,-0.03
-0.005518,0.04
-0.002425,-0.01
-0.003499,-0.02
-0.010874,-0.06
-0.007939,-0.04
-0.00384,-0.03
-0.004098,-0.04
0.005483,0.04
0.021008,0.1
0.008997,0.0
0.003425,-0.0
0.018612,0.03
-0.002973,-0.03
-0.008859,0.03
0.008568,0.01
0.002139,0.03
-0.009011,0.05
-0.001481,0.03
-0.018337,-0.1
0.003909,0.03
0.006889,0.06
0.007197,0.09
0.007494,-0.05
0.003994,-0.03
-0.004586,-0.1
-0.002182,-0.03
-0.013731,-0.04
0.006396,-0.03
-0.0075,-0.02
-0.004213,-0.03
-0.000681,-0.06
0.010306,0.03
-0.007639,-0.02
5e-05,0.06
-0.013509,0.0
-0.01401,-0.11
-0.005121,0.01
-0.00437,0.03
-0.005364,-0.09
0.005254,0.05
0.002973,0.07
0.005138,-0.0
-0.002287,0.03
-0.006448,-0.01
0.016099,0.15
-0.00187,-0.07
-0.026567,0.01
0.006055,-0.06
0.001675,-0.02
-0.006485,-0.07
-0.001245,-0.02
0.007001,0.02
-1.9e-05,0.01
0.017953,0.05
0.000644,-0.0
-0.009822,0.03
0.001849,-0.01
-0.005938,-0.04
-0.001293,0.03
-0.011552,-0.06
0.023024,-0.06
-0.002054,0.0
0.010985,0.04
-0.002343,0.03
-0.00128,-0.0
-0.015968,-0.01
0.003436,0.04
0.014863,0.09
-0.015792,0.02
0.015587,0.09
0.006634,0.05
0.003363,-0.05
-0.007561,0.02
-0.001475,0.01
0.011864,0.03
0.008459,-0.01
0.012899,-0.0
-0.008803,0.01
-0.001516,0.03
0.006262,0.05
0.007577,-0.04
0.018831,0.05
0.000691,-0.02
0.011995,0.06
-0.002224,-0.0
-0.011985,-0.03
0.009711,-0.0
-0.017259,-0.09
0.01247,0.05
-0.016787,-0.01
0.004564,0.02
0.01029,0.03
-0.009221,-0.04
0.009694,0.0
-0.000237,-0.07
-0.005482,0.0
-0.002613,0.03
0.004802,0.08
0.002735,-0.0
0.003362,0.02
-0.015267,-0.08
0.00578,-0.01
0.004121,-0.01
0.016684,0.07
0.004595,-0.03
-0.011298,0.07
-8.8e-05,0.01
-0.024108,-0.1
0.004148,-0.01
0.002598,-0.01
-0.006742,-0.09
-0.011326,-0.09
-0.006489,0.01
0.011316,0.01
0.008967,-0.05
-0.020049,-0.09
-0.006791,-0.02
-0.004206,-0.0
-0.002816,-0.05
0.001962,0.0
-0.013556,-0.03
-0.006954,0.03
-0.003767,-0.04
0.007337,-0.03
0.003557,-0.04
0.011048,-0.05
0.010411,0.04
0.013747,0.0
0.002018,0.02
-0.003901,0.03
0.000225,-0.02
0.019441,0.02
-0.000249,0.09
0.014466,0.05
0.000648,-0.01
-0.013813,-0.06
0.000229,-0.03
-0.014531,0.02
0.00862,0.02
0.008765,-0.0
0.000758,-0.0
0.003219,-0.04
-0.017954,0.05
0.004139,0.01
0.002629,-0.05
0.006362,-0.02
-0.01104,0.02
-0.010308,-0.01
0.001201,0.06
0.000217,-0.04
-0.014881,-0.08
0.013092,-0.01
-0.010049,-0.03
-0.005829,-0.06
-0.005599,-0.01
-0.004944,-0.05
-0.00268,0.03
-0.00199,0.02
0.002779,0.02
0.012025,0.09
0.00817,-0.01
-0.007547,0.01
0.008886,0.07
-0.008875,-0.01
0.002017,0.04
0.004401,0.03
0.005193,-0.05
0.014661,0.01
-0.004748,-0.14
0.009272,0.1
-0.013156,0.01
-0.01717,0.0
0.005498,0.07
-0.01431,-0.07
0.02191,0.01
0.014755,-0.01
0.011443,0.0
0.005561,0.06
-0.005517,0.1
-0.003332,0.0
0.017004,0.07
0.007929,0.05
0.01586,-0.0
-0.002122,-0.0
-0.002096,-0.01
-0.003294,-0.06
-0.028145,0.11
0.000574,0.09
-0.003014,-0.01
0.011157,-0.02
-0.013308,0.08
-0.000181,-0.04
0.012151,-0.07
-0.006184,-0.05
-0.008329,0.09
-0.000707,-0.0
0.012436,-0.02
-0.010281,0.05
-0.007743,0.01
-0.012355,-0.01
-0.000459,-0.05
-0.00935,-0.08
-0.005379,-0.01
-0.003504,-0.02
0.00427,-0.03
-0.001571,0.07
-0.015594,0.05
0.000192,-0.01
-0.012245,0.02
-0.001396,0.02
-0.00664,-0.04
0.01102,0.03
-0.001951,0.01
0.010223,0.07
0.000617,0.03
0.011162,-0.07
-0.003302,0.06
-0.005228,-0.03
0.005133,-0.02
0.001561,-0.04
-0.010049,-0.05
-0.001905,0.08
-0.00208,-0.11
-0.01214,0.04
0.011971,-0.1
-0.00806,-0.07
-0.012532,0.02
-0.003506,0.06
0.000816,-0.07
0.00204,0.01
0.007589,-0.02
0.001363,-0.02
0.000407,-0.17
0.008263,-0.05
-0.010893,0.0
-0.007873,-0.03
-0.012013,0.08
0.0101,0.04
0.017227,-0.02
0.019592,-0.15
-0.005256,0.04
-0.001002,-0.06
0.003738,-0.04
-0.003188,-0.02
0.001402,0.05
0.00727,0.02
0.000716,0.01
-0.000733,0.03
-0.0114,0.09
0.010248,0.04
-0.003631,0.05
-0.019987,0.09
0.014521,0.02
-0.006863,-0.07
-0.0001,0.01
-0.000316,-0.0
0.001207,-0.03
-0.02024,-0.03
-0.010875,0.12
-0.007561,-0.03
-0.010892,-0.02
-0.002731,-0.02
0.006652,0.01
0.009713,0.03
-0.002075,0.07
0.005271,-0.05
-1.7e-05,0.02
0.011104,-0.0
-0.000877,-0.07
0.00208,0.06
-0.008479,0.03
0.01231,-0.02
-0.00434,0.07
0.008531,-0.02
-0.002581,0.07
0.006219,0.05
0.003421,0.02
0.006435,0.07
-0.010672,0.05
-0.004862,-0.02
-0.00886,-0.03
0.006811,0.07
-0.006539,-0.04
0.014371,0.04
0.00219,0.04
-0.0021,-0.11
-0.002772,-0.02
0.005262,-0.02
0.002137,-0.03
-0.00084,0.03
-0.00944,0.03
0.002801,-0.02
0.015505,-0.03
0.00593,-0.02
-0.003692,-0.03
0.004706,0.11
-0.003614,0.02
-0.001729,-0.06
0.007693,0.03
-0.002297,-0.0
0.002939,-0.03
0.002454,-0.03
-0.006376,-0.08
0.000265,0.0
0.006331,0.02
0.01487,-0.03
0.003076,-0.01
0.008666,0.01
-0.004888,-0.03
-0.002245,0.03
0.016655,-0.01
-0.003977,-0.01
-0.000215,0.08
0.003527,0.04
0.009887,0.08
-0.007296,-0.1
0.010804,-0.03
-0.007645,-0.02
0.010259,-0.02
-0.000465,0.1
0.000563,0.01
-0.001787,0.0
-0.006532,-0.06
-0.011277,0.01
-0.011076,-0.03
-0.003281,-0.02
0.006238,0.04
0.011527,0.02
0.014568,0.04
-0.01577,-0.07
0.012354,0.11
-0.005347,0.03
0.006273,0.07
-0.011206,-0.01
-0.004831,-0.0
0.00204,0.06
-0.010117,-0.02
0.012857,0.12
-0.018001,-0.11
-0.001599,0.04
0.005731,0.0
-0.000656,0.02
-0.004247,0.07
-0.001695,-0.03
-0.005599,-0.03
-0.002974,-0.02
-0.01133,-0.07
0.005907,0.02
0.007657,0.08
-0.010415,-0.0
0.000831,-0.03
0.003503,0.01
0.009402,0.0
-0.001868,0.09
0.006983,-0.01
-0.005434,0.01
-0.005643,0.08
-0.000955,0.03
-0.006371,-0.06
-0.001559,0.02
-0.013202,0.07
0.009119,-0.03
0.007827,-0.04
0.001202,0.02
-0.002459,0.0
0.011858,0.08
-0.005415,-0.05
0.008518,0.05
-0.012891,-0.04
0.008584,0.0
-0.008613,0.0
-0.0094,-0.05
0.007104,0.0
0.003993,0.04
0.012693,0.08
0.010983,0.04
-0.001053,0.04
0.008811,-0.0
-0.011019,-0.09
-0.013818,-0.08
-0.015963,-0.05
-0.005374,-0.1
0.012125,0.04
-0.027691,-0.1
-0.00169,-0.01
-0.01585,-0.0
-0.021947,-0.08
0.013665,-0.07
-0.000845,0.08
0.004586,0.04
-0.001714,0.09
-0.008648,-0.03
0.01091,0.0
0.016462,0.04
0.002989,0.0
-0.00065,-0.03
-0.006151,-0.1
0.001355,-0.05
-0.018947,-0.16
0.017461,0.08
0.004296,0.0
0.00161,-0.02
0.000474,-0.03
0.000236,-0.03
0.002229,0.03
0.013948,0.07
0.000231,-0.01
-0.007026,0.03
0.004017,0.06
0.002202,0.03
0.00289,-0.0
-0.004408,0.02
0.011285,0.0
0.003511,0.09
-0.003146,-0.01
0.010607,-0.02
-0.000331,0.03
-0.001732,-0.06
-0.004899,-0.0
0.000707,0.07
0.006855,-0.06
-0.002463,-0.05
-0.00071,0.01
-0.002807,-0.01
-0.01123,0.05
-0.003393,0.03
-0.003616,-0.02
0.000983,-0.01
0.001552,0.02
0.000125,0.02
-0.008559,-0.01
-0.000943,-0.02
-0.000444,0.03
-0.002426,0.11
-0.007989,-0.01
-0.003026,-0.03
0.003345,0.0
-0.004448,0.06
-0.003615,-0.05
-0.000181,0.07
0.001325,0.01
0.00492,-0.01
0.022031,0.02
0.004417,0.03
0.006065,-0.01
-0.00862,0.01
-0.00252,-0.1
0.007954,0.02
-0.002006,0.04
-0.00253,-0.0
0.004728,-0.03
-0.004716,-0.06
-0.005381,-0.02
0.025078,0.05
0.011079,-0.01
-0.002331,0.08
0.002281,-0.07
-0.00245,0.0
-0.002585,0.06
0.00568,0.0
-0.00993,-0.04
-0.004168,-0.02
0.012232,0.03
-0.000602,-0.09
0.005086,0.01
-0.007624,-0.02
0.010912,-0.09
0.000491,0.01
0.007124,0.07
0.004432,0.0
-0.001918,0.02
-0.017078,0.01
0.011586,0.1
-0.007977,-0.03
0.002611,-0.04
0.00744,0.03
-0.000103,0.05
0.003419,-0.01
0.008366,-0.06
0.002299,-0.04
-0.006763,0.02
0.007879,0.04
-0.001142,0.01
-0.006543,0.01
0.00327,0.01
0.004915,0.0
-0.009934,0.03
-0.002707,0.01
-0.003498,-0.01
0.003256,0.07
-0.002766,0.05
0.004849,0.04
-0.005798,0.02
0.009161,0.04
0.001475,-0.0
0.000816,0.02
-0.000505,0.0
0.005406,-0.03
-0.011366,0.0
0.000677,-0.07
0.005474,0.04
-0.00606,-0.04
-0.010162,-0.15
-0.005096,-0.03
-0.003691,0.03
0.021035,0.09
-0.011308,-0.02
-0.023731,0.01
0.018572,0.07
0.00014,-0.07
-0.014485,-0.07
0.005385,0.03
0.001789,-0.0
0.00204,-0.05
0.009813,-0.11
0.007809,-0.03
0.001687,-0.03
-0.016429,-0.1
0.020013,0.04
-0.003684,-0.09
0.012239,0.05
0.017505,0.1
-7.9e-05,-0.02
-0.006887,-0.02
-0.013857,-0.02
0.00916,0.07
0.010847,-0.02
0.008512,0.03
-0.005817,-0.03
0.005028,-0.01
-0.004184,0.0
-0.001459,0.0
0.000759,-0.03
-0.002212,-0.01
-0.000198,0.04
-0.003644,0.03
-0.007206,0.02
0.003269,0.02
-0.005803,0.03
-0.013137,0.07
-0.013034,-0.03
-0.003997,-0.02
0.002019,-0.04
0.003132,0.01
0.011438,0.01
0.00568,-0.0
-0.011566,-0.05
0.004727,-0.01
0.015629,0.06
-0.02146,-0.05
-0.001056,-0.12
0.006659,-0.05
-0.002817,-0.05
0.018144,0.05
0.001731,0.04
-0.009862,-0.08
0.000581,-0.04
0.006733,-0.03
0.005505,0.09
0.009298,-0.01
0.005882,0.01
0.005739,0.01
0.003373,-0.01
0.009375,0.08
-0.002334,-0.01
-0.015505,-0.05
-0.002107,-0.16
-0.001477,0.03
0.012578,0.07
0.009246,-0.0
0.006608,-0.09
0.016459,0.02
-0.009297,-0.06
-0.005883,-0.02
0.014214,0.01
0.013867,0.03
0.008845,-0.03
0.010633,-0.06
-0.001167,-0.03
-0.011841,-0.01
-0.01875,-0.02
-0.024048,-0.02
-0.002834,-0.02
-0.007164,-0.09
0.00814,0.04
-0.000366,0.01
0.020395,0.0
0.000623,-0.02
0.00801,-0.03
-0.002396,0.01
0.007214,0.03
0.004874,-0.01
0.008486,-0.03
0.007137,0.03
-0.002146,-0.04
-0.021552,0.01
0.000256,0.07
0.014155,0.03
-0.013136,-0.01
-0.007822,-0.09
0.015489,0.15
0.003907,-0.02
-0.012566,-0.04
-0.0,-0.08
-0.004411,0.08
-0.006368,0.12
-0.005377,0.0
0.001484,0.05
-0.000937,-0.07
-0.002016,-0.02
0.005688,0.06
-0.002286,-0.02
-0.002675,-0.08
0.004684,0.01
0.01326,-0.05
-0.012881,0.07
0.013845,-0.08
0.008494,0.02
-0.002821,-0.01
-0.013026,0.02
-0.017341,-0.01
0.006269,-0.02
0.005713,0.08
-0.00298,0.04
-0.008114,-0.03
-0.013495,0.03
0.006215,0.15
-0.009748,-0.04
-0.003898,0.05
0.004199,0.08
0.003023,0.1
0.017366,-0.06
-0.003029,-0.03
0.005071,0.03
0.006001,-0.03
0.002846,-0.0
0.002326,0.05
-0.007807,-0.03
0.00183,0.07
0.004843,-0.07
-0.005689,-0.02
0.00678,0.02
0.005345,0.03
0.002921,-0.0
-0.001034,0.04
0.010715,-0.01
-0.008337,-0.03
-0.015759,0.06
0.003936,0.07
0.008317,0.03
0.005614,-0.03
0.007139,-0.03
-0.018217,-0.07
-0.008365,0.05
0.003282,0.01
0.006417,-0.14
0.002572,-0.02
0.006023,0.03
0.009207,-0.02
-0.004287,-0.01
-0.015522,0.03
0.001168,-0.02
-0.002143,0.06
-0.002295,0.04
0.002652,-0.04
0.00913,0.01
0.010955,-0.04
0.005649,0.12
0.020231,-0.15
-0.015547,-0.12
-0.001571,-0.05
-0.003131,-0.04
-0.008449,-0.03
-0.006821,-0.11
0.006233,0.05
0.015188,0.11
0.005172,0.04
-0.006005,0.01
0.014463,0.11
0.00211,-0.04
0.022255,0.01
0.007055,-0.01
0.004028,0.06
-0.026591,-0.19
0.008856,0.1
0.016004,0.07
-0.005482,-0.08
0.005712,0.13
-0.013231,0.02
-0.010612,-0.05
-0.008423,-0.05
-0.006284,-0.09
-0.01778,-0.17
0.01275,0.04
0.015032,0.07
-0.005017,-0.02
0.008521,-0.01
0.011884,0.03
0.023472,0.06
0.012668,0.08
-0.003834,-0.07
-0.001074,-0.0
0.003926,-0.0
-0.00508,-0.03
-0.013995,-0.01
-0.007337,-0.03
-0.003449,0.02
0.004318,-0.03
-0.008979,-0.06
-0.013074,-0.05
-0.014807,-0.03
-0.011301,0.0
-0.002018,-0.0
-0.01347,-0.07
-0.008348,0.01
-0.019406,-0.06
0.001375,0.0
0.000848,0.11
0.014535,-0.03
-0.002696,-0.1
0.000291,0.03
0.015654,0.07
0.006848,0.02
-0.022576,-0.05
-0.009449,0.04
0.002423,-0.03
0.032072,-0.03
0.040911,0.08
-0.025781,-0.08
-0.040967,-0.06
-0.020901,-0.08
-0.002876,-0.03
0.026838,0.05
-0.003581,-0.03
-0.006155,0.14
-0.020071,-0.04
0.03145,0.1
0.008298,0.07
0.026278,0.11
-0.022155,-0.06
0.009375,0.04
-0.012846,-0.11
-0.007088,-0.06
-0.008011,-0.03
0.017201,0.04
-0.032366,-0.05
0.011079,0.06
-0.012535,-0.02
-0.002946,0.02
0.00187,0.03
0.015069,0.02
7e-05,0.03
0.003967,0.01
0.007546,0.08
-0.009809,-0.1
-0.00164,-0.02
-0.00717,-0.01
0.002168,-0.04
0.012719,0.04
0.000107,0.01
-0.003176,-0.02
-0.00712,-0.03
0.010275,0.04
-0.005671,-0.01
0.003293,-0.0
0.003426,0.07
-0.015561,-0.01
0.022812,0.15
0.004571,-0.02
-0.00203,-0.07
0.002161,-0.05
0.028374,0.07
0.002792,-0.05
-0.014076,-0.14
0.001692,0.06
0.004009,0.05
0.00682,0.05
0.001063,-0.02
0.002674,-0.04
0.001447,0.03
7e-06,-0.0
0.012786,0.05
-0.002422,0.02
0.011168,0.09
-0.005642,0.0
0.016597,-0.04
-0.000677,0.01
0.001177,0.0
0.001313,0.01
0.004727,0.1
0.019221,-0.04
-0.016579,-0.13
-0.008483,-0.07
-0.001736,0.02
-0.012151,-0.05
0.001881,-0.12
0.008497,-0.06
-0.011609,-0.04
0.016792,-0.02
0.041377,0.09
0.019171,0.0
0.008872,0.07
-0.011445,-0.02
0.009944,-0.03
0.017332,0.08
0.004585,0.01
0.011311,0.02
-0.002373,0.04
0.028369,0.11
0.00265,-0.04
-0.001312,-0.01
0.023632,-0.03
0.004929,0.03
0.002402,0.03
-0.043143,-0.08
-0.012672,-0.06
-0.014011,-0.16
0.03446,0.17
-0.00841,-0.05
0.01128,-0.01
0.008963,-0.03
-0.004938,0.07
-0.013948,-0.06
-0.010195,-0.08
0.034601,0.1
-0.024806,-0.1
-0.010091,-0.02
0.022923,0.03
0.005662,-0.01
0.025314,0.02
0.025248,0.01
-0.009375,-0.08
-0.007048,-0.06
0.008393,-0.04
0.00351,0.08
-0.022489,0.03
0.003315,0.03
-0.00129,-0.04
-0.00231,0.01
-0.006858,-0.03
-0.00429,-0.05
-0.005349,-0.03
0.010311,0.01
-0.014765,-0.05
0.018329,0.05
-0.01014,-0.0
-0.001582,0.01
0.000722,0.06
-0.008322,-0.02
-0.00427,-0.05
0.011868,0.03
0.003096,-0.06
-0.007323,0.03
-0.004124,-0.02
-0.012388,-0.09
0.01296,0.03
0.005799,-0.04
-0.025712,-0.21
-0.016569,-0.01
-0.006849,-0.01
-0.014221,-0.0
-0.001649,-0.09
-0.000723,-0.08
0.000743,-0.04
-0.001391,-0.01
0.012378,0.13
0.004021,0.02
-0.003385,-0.0
0.005009,0.06
-0.00371,-0.03
0.005577,0.05
0.000277,-0.07
-0.001816,-0.01
-0.017166,-0.01
-0.001227,-0.02
0.012788,0.06
-0.007576,0.01
0.008504,-0.05
-0.007835,-0.0
0.002846,-0.01
-0.002323,0.08
0.006005,0.04
0.003072,-0.03
0.003983,-0.01
-0.002019,0.01
0.002041,0.02
-0.00534,-0.02
-0.008574,-0.05
-0.01335,-0.1
-0.004747,-0.08
0.000777,0.06
-0.018226,-0.08
-0.009118,-0.03
0.006027,0.04
0.003282,0.04
-0.003064,0.0
-0.000547,0.05
0.008479,0.03
0.002314,0.08
-0.022301,-0.1
0.01017,0.01
0.000412,0.06
-0.001832,-0.06
-0.008675,-0.07
0.002937,0.06
0.00034,0.05
0.005228,0.01
0.004782,0.04
0.010677,0.06
-0.001033,0.02
0.002287,0.07
-0.012631,-0.01
-0.002394,0.03
-0.010588,-0.0
0.01087,-0.03
0.000765,-0.05
0.006864,0.02
0.006211,0.0
0.001141,0.02
0.007299,-0.03
-0.000274,-0.06
0.005735,-0.03
0.00083,0.05
0.006323,-0.01
-0.015158,0.0
0.002831,0.03
-0.005149,0.01
0.011044,-0.03
-0.003266,-0.02
-0.003407,-0.0
-0.002484,-0.05
0.008847,0.04
-0.001923,-0.09
-0.020095,-0.11
-0.002057,-0.03
0.005384,0.03
0.00255,0.03
0.004877,-0.05
-0.00409,-0.01
0.015921,0.07
0.000726,0.01
-0.007078,-0.03
0.021432,0.12
-0.00067,0.06
-0.020983,-0.08
0.00903,0.04
-0.022765,-0.04
0.005508,-0.01
-0.008202,-0.05
0.014883,0.03
0.001708,-0.01
0.00808,0.03
0.002366,0.03
-0.008266,-0.01
0.004938,-0.01
0.000418,-0.0
0.000514,0.01
0.006344,-0.06
-0.009077,-0.04
0.010256,0.04
0.010972,-0.02
0.008395,-0.01
0.003757,-0.04
0.00785,-0.06
0.001464,0.07
-0.00786,-0.07
0.003596,0.05
0.001361,-0.07
-0.004891,0.05
-0.005979,-0.01
0.005014,0.01
-0.00266,-0.02
0.002048,0.03
-0.00867,0.01
-0.008032,0.02
-0.004734,-0.04
0.009122,-0.0
0.00427,-0.04
0.005579,-0.01
0.007886,0.02
0.003052,-0.05
-0.002255,-0.04
-0.00103,0.03
-0.005638,0.07
-0.00934,0.03
0.001462,0.02
-0.015825,0.05
-0.011467,0.04
0.001438,-0.02
1.3e-05,0.01
-0.006154,0.01
0.000608,-0.0
-0.002725,-0.03
-0.008712,0.03
0.00478,-0.0
-0.007681,0.02
-0.018502,0.03
-0.006941,-0.01
0.000849,0.0
-0.000161,0.01
0.004979,-0.11
0.002453,-0.02
0.003664,0.03
-0.001028,0.01
0.010616,0.0
0.011569,-0.0
-0.002564,0.02
0.001446,0.06
0.001598,-0.0
-0.004816,0.01
0.009257,0.03
0.001756,0.03
-0.001769,-0.06
0.008233,0.03
-8.2e-05,0.01
-0.004111,0.07
-0.001216,-0.04
-0.001655,-0.04
-0.002419,0.03
-0.003211,0.04
0.002013,-0.09
-0.001407,0.01
-0.001552,0.01
-0.013525,-0.01
-0.01411,-0.06
0.015238,0.0
0.012331,0.06
-0.013917,0.12
0.004297,-0.05
0.003358,-0.08
0.010346,-0.03
0.002706,0.02
0.014152,0.07
0.005978,-0.02
-0.00067,0.01
-0.003843,-0.02
-0.010028,0.13
0.013344,-0.07
-0.019771,0.05
0.010378,-0.01
-0.013812,-0.05
-0.011997,0.02
-0.010342,0.09
-0.018144,-0.06
-0.003025,-0.15
-0.00248,0.01
0.005641,-0.07
-0.014174,0.15
-0.003095,-0.08
-0.004416,0.05
-0.008636,0.04
0.015035,-0.13
0.002435,-0.01
0.004769,-0.01
-0.003907,0.13
0.005048,-0.02
-0.00132,-0.07
0.001827,0.03
-0.004837,-0.02
0.002611,-0.07
0.006841,0.01
0.00306,-0.04
-0.007485,0.08
-0.002376,-0.04
-0.01056,-0.03
-0.005101,-0.08
-0.015937,-0.01
0.003357,-0.0
0.014315,0.03
0.00108,-0.03
-0.011066,-0.07
0.006153,0.06
0.000466,-0.03
0.003603,-0.04
-0.012141,-0.09
-0.003199,0.02
0.01873,0.03
-0.002695,-0.03
0.005192,0.05
-0.004417,-0.07
-0.008577,-0.02
-0.005861,-0.07
-0.006547,-0.0
0.002525,0.06
0.002918,-0.05
-0.002708,0.07
-0.005334,-0.04
0.00496,0.0
0.015871,-0.02
0.005127,0.07
-0.002087,-0.01
-0.023611,-0.14
-0.019282,-0.08
-0.013806,0.01
-0.003914,-0.02
-0.006977,-0.13
-0.000571,0.01
0.015769,-0.01
0.010778,0.01
0.000908,0.06
0.002962,-0.01
-0.010962,-0.14
-0.01018,-0.01
0.002007,-0.07
0.00539,0.01
-0.001852,0.01
0.004569,-0.02
-0.007279,0.05
-0.003827,-0.09
-0.000435,0.01
0.001213,-0.03
0.007817,0.02
0.0008,-0.05
0.001761,0.07
0.005064,0.01
0.010283,-0.01
-0.008717,0.01
0.000597,0.03
0.004133,-0.01
-0.004669,0.02
0.006789,-0.03
-0.00543,-0.07
0.015243,0.0
0.014797,-0.05
-0.0008,0.01
-0.00584,-0.01
0.006036,-0.05
-0.003805,-0.09
-0.009041,0.01
-0.017714,-0.12
0.003309,-0.05
0.016347,0.04
0.018496,-0.0
-0.001974,0.08
-0.00092,0.02
0.014578,0.05
-0.006125,-0.1
0.003896,0.04
-0.002486,-0.05
0.003734,-0.0
-0.013909,-0.04
-0.005766,0.02
0.011016,0.03
-0.000501,0.03
-0.002244,-0.04
-0.01194,-0.06
-0.01581,-0.1
-0.006485,0.02
-0.011871,-0.08
-0.003669,-0.05
-0.018941,-0.13
-0.019733,-0.16
-0.014971,-0.04
0.012151,0.03
0.007431,0.03
0.026338,0.1
0.004543,-0.08
0.002034,-0.06
0.01394,-0.02
-0.010702,-0.04
-0.008889,-0.06
0.011569,-0.01
0.004784,0.04
-0.003547,0.01
0.00775,0.08
0.001659,-0.02
-0.002177,-0.01
0.008647,-0.03
0.021493,0.12
0.003464,-0.0
0.009975,-0.01
-0.008527,-0.08
-0.005924,0.01
-0.001382,-0.04
0.011908,0.05
0.002872,-0.01
0.008973,0.02
-0.01419,-0.06
-0.001262,0.03
0.007728,0.01
-0.008559,0.09
-0.006711,0.03
0.003001,0.03
0.001386,-0.01
0.002512,0.03
-0.005062,-0.0
0.000943,0.05
-0.001025,-0.04
0.005874,0.01
-0.004192,0.08
-0.003937,-0.03
0.005297,-0.02
-0.003743,-0.03
-0.004729,0.06
-0.008977,0.06
0.010958,-0.05
0.006408,-0.03
-0.002514,-0.0
-0.007256,-0.1
-0.006241,-0.0
-0.000514,-0.08
0.000638,0.02
0.001861,-0.04
0.001294,-0.06
-0.004322,0.0
-0.010128,-0.0
-0.002115,0.01
0.007069,-0.05
0.001811,-0.03
0.003541,0.0
0.014202,-0.07
0.000353,-0.09
0.003581,0.02
0.001963,0.01
-0.003465,-0.03
-0.001286,-0.01
-0.004781,-0.01
0.00071,0.02
-0.003021,-0.05
0.025626,0.09
-0.010374,-0.05
-0.017102,-0.09
0.011637,-0.03
0.020863,0.09
0.023087,-0.01
-0.008325,0.03
0.02223,0.02
0.007088,0.01
-0.009266,-0.06
0.007588,0.07
-0.012481,-0.03
-0.008747,-0.02
0.000246,-0.06
0.005308,-0.05
0.005747,0.07
-0.003042,0.04
0.003544,-0.01
-0.019759,-0.1
-0.001168,-0.04
-0.005186,-0.11
-0.008734,-0.06
0.000614,-0.02
0.003827,-0.02
-0.007547,-0.0
0.001318,-0.01
0.002221,0.01
0.009405,-0.04
0.008777,0.06
0.012454,-0.02
0.008429,-0.01
0.009986,-0.03
0.01547,0.0
-0.004305,-0.03
-0.009294,-0.0
0.009973,0.03
-0.000983,-0.0
-0.00105,0.02
-0.007543,-0.09
0.015331,0.0
-0.004841,-0.03
0.006413,0.01
-0.00432,0.06
-0.012668,0.04
0.011159,0.04
0.006653,-0.0
-0.011627,-0.03
0.005921,-0.04
0.008841,0.03
-0.00028,-0.02
-0.003505,0.01
-0.000167,-0.03
-0.000232,0.02
0.000271,0.0
-0.002748,0.03
0.005993,0.06
0.009363,0.04
-0.001318,-0.0
-0.005538,-0.04
0.000989,0.03
-0.015337,0.01
-0.003267,-0.02
-0.009169,0.03
-0.004718,-0.01
0.000832,-0.02
0.003713,-0.01
0.005662,-0.04
-0.00533,-0.09
0.002951,-0.01
0.004214,-0.01
0.001963,-0.01
-0.007679,-0.02
0.009897,-0.0
0.013948,0.05
-0.001365,-0.02
0.005476,0.05
-0.012655,-0.05
0.008738,0.05
0.003879,0.09
0.003173,0.0
-0.00392,0.05
-0.001691,0.02
0.000283,-0.03
-0.00452,-0.02
-0.000475,0.02
-0.001935,0.01
-0.002167,-0.03
-0.002801,-0.0
0.004219,0.0
-0.001343,0.04
-0.004923,0.03
0.003034,0.01
0.000718,0.05
-0.000605,0.03
0.009882,0.03
0.000362,-0.03
0.004394,0.02
-0.001865,0.05
0.014185,0.06
0.01121,0.01
0.006488,0.07
0.005111,0.01
0.000424,0.01
0.004891,-0.06
0.012247,-0.02
0.001838,-0.03
0.008575,-0.06
0.01124,-0.02
0.002721,0.03
-0.00734,-0.02
0.002777,0.02
-0.041401,0.07
-0.007292,-0.09
0.001054,-0.04
0.013634,-0.08
0.021478,-0.03
0.012402,0.08
-0.006115,0.01
0.00178,0.02
0.00951,-0.01
0.000759,0.04
0.004217,0.1
0.003014,-0.05
0.002413,-0.02
0.010632,-0.03
0.007134,0.03
-0.001941,0.07
0.025255,-0.02
-0.008662,0.05
-0.029766,-0.05
-0.001517,-0.03
0.003073,0.05
0.004487,0.02
0.030562,0.03
-0.012658,-0.07
-0.000912,-0.05
0.009333,0.01
0.004389,-0.01
-0.002721,0.0
0.007525,0.05
-0.006354,0.02
0.003989,0.01
0.017662,-0.08
0.011332,-0.09
0.043439,0.15
-0.003044,-0.06
-0.013784,-0.02
0.006597,0.07
-0.012951,-0.04
0.008821,-0.01
-0.027733,-0.12
-0.013515,-0.01
-0.01614,-0.08
0.028581,0.15
0.007067,0.04
-0.010015,0.05
0.013933,-0.09
-0.015059,-0.01
-0.031879,-0.11
-0.006264,-0.04
0.000794,0.08
-0.009947,-0.05
0.023445,-0.04
-0.00058,-0.04
0.009717,-0.02
-0.035821,0.05
-0.010304,0.05
-0.011653,0.08
-0.011045,-0.03
-3.1e-05,-0.06
-0.003531,0.03
0.006889,-0.04
-0.008707,-0.03
0.012399,0.0
0.006051,-0.1
-0.005288,0.04
0.008264,0.03
0.003319,0.04
0.001873,0.02
0.006668,0.01
-0.001183,-0.08
-0.007708,0.01
0.004464,0.02
-0.005989,0.02
-0.0103,0.02
0.000313,0.03
0.010035,-0.03
-0.001231,-0.04
-0.007971,-0.06
0.004126,0.07
0.000675,0.06
-0.001396,0.05
0.000601,0.02
-0.000957,0.02
-0.002981,0.0
0.007273,0.0
-0.008186,0.05
0.01026,-0.01
-0.001902,0.01
-0.000309,0.01
0.006964,0.01
0.004268,0.07
0.000226,0.01
0.00472,0.02
-0.002415,-0.03
-0.012761,-0.08
-0.017466,-0.03
-0.004161,-0.02
0.007062,-0.04
-0.013547,-0.01
-0.006836,-0.02
0.001004,-0.02
-0.001931,-0.01
0.01747,0.02
-0.001646,0.02
0.004556,-0.02
-0.009963,0.04
-0.012773,-0.1
0.01317,0.07
0.005334,0.07
0.000606,-0.02
-0.007379,-0.06
-0.001135,-0.04
-0.001639,-0.01
0.010469,-0.04
-6.8e-05,-0.06
-0.009328,-0.03
0.001159,0.01
0.010433,0.05
0.000561,0.03
0.00297,-0.07
0.002681,-0.03
-0.004416,-0.03
-0.007186,-0.02
0.007099,-0.06
0.000245,0.01
-0.002699,0.02
0.014303,-0.03
0.00244,-0.04
-0.002421,0.13
0.016667,0.02
-0.002824,0.02
-0.004397,-0.06
0.00473,-0.0
-0.006101,0.04
-0.008244,-0.04
0.004089,-0.01
0.005901,0.05
0.002132,0.03
0.002144,0.03
-0.011162,-0.05
0.002243,0.07
-0.005708,-0.07
-0.002319,-0.05
-0.005998,-0.04
-0.006942,-0.03
-0.004835,0.0
-0.004959,-0.02
0.013505,0.04
-0.004919,0.03
0.003904,0.07
0.00147,0.06
0.013795,0.06
0.005395,0.03
-0.005672,0.01
-0.006996,0.0
0.011191,-0.02
-0.006756,0.03
-0.001456,0.03
0.005636,0.01
-0.013063,0.04
0.006589,-0.1
-0.003834,-0.01
0.002475,0.07
-0.006069,0.03
0.006689,-0.01
0.001032,0.06
0.006015,0.0
-0.000567,-0.05
0.011061,0.04
-0.018555,0.09
-0.016692,0.06
-0.017206,-0.06
0.023978,0.09
-0.004266,-0.05
0.013207,-0.02
-0.007055,-0.02
-0.011399,-0.01
0.00317,0.01
0.017365,-0.04
0.006567,-0.02
-0.013364,-0.02
-0.03036,0.05
-1e-06,-0.03
0.043285,-0.0
0.047865,0.15
-0.023364,-0.05
-0.033999,-0.12
-0.002356,-0.1
-0.044829,-0.08
0.005065,-0.01
-0.00746,0.08
-0.002563,0.08
-0.012862,-0.06
-0.01275,-0.02
-0.015602,-0.07
-0.001118,0.02
-0.004702,0.09
-0.013109,0.05
-0.003101,0.06
0.002227,0.03
-1.9e-05,0.06
-0.007214,-0.11
0.010596,-0.04
0.009453,0.09
0.014292,0.03
0.006281,0.01
0.0102,-0.06
-0.006294,0.06
0.001961,0.01
-0.00348,0.04
-0.019179,0.02
0.012173,-0.02
-0.011082,-0.03
-0.009371,0.07
0.046551,0.14
-0.03466,-0.08
-0.02241,0.1
0.013244,0.05
0.008657,-0.0
0.003778,0.02
-0.027582,-0.1
0.022057,-0.01
-0.010711,-0.06
-0.032689,-0.12
0.005415,0.03
0.021844,0.06
-0.003246,-0.0
-0.006166,-0.02
-0.025202,-0.05
-0.007747,0.01
0.024801,0.07
0.028153,0.16
-0.007604,-0.02
-0.018802,0.01
0.013877,0.06
-0.022395,-0.06
0.030911,0.09
-0.017618,-0.05
-0.001098,0.09
-0.019309,0.03
-0.020057,-0.15
0.024228,0.05
0.001292,-0.03
-0.007367,-0.04
-0.016154,0.0
-0.013365,-0.04
-0.00062,0.06
0.004259,0.03
-0.002414,-0.01
-0.001103,-0.07
0.012104,-0.04
0.006889,-0.0
-0.009972,0.04
0.003714,-0.04
0.005709,0.02
0.00367,-0.06
0.010395,-0.08
0.012691,0.03
0.002431,0.03
0.003964,-0.03
-0.002112,0.03
0.007652,-0.0
-0.005459,0.01
0.012185,0.05
0.010361,-0.0
-0.01512,-0.01
-0.002047,-0.05
0.0008,-0.04
-0.005966,0.0
-0.003447,-0.09
-0.014436,-0.05
0.016898,0.02
0.013432,0.0
0.004757,0.03
0.006922,-0.05
-0.003791,-0.08
-0.001056,-0.01
0.005766,-0.01
-0.017436,-0.05
0.010564,0.0
0.010506,-0.08
0.010751,-0.06
-0.004868,0.02
0.002002,0.02
0.001528,-0.02
0.016985,0.0
0.018496,0.05
-0.014716,-0.06
0.011761,0.01
-0.012496,-0.01
0.013532,0.01
-0.000323,-0.04
-0.009268,0.01
0.014593,-0.01
-0.008825,-0.04
0.005274,0.09
-0.003656,-0.01
0.015086,0.08
0.011356,0.0
-0.003496,-0.05
0.004401,-0.0
0.000925,0.07
-0.007248,0.01
0.009364,0.04
0.004962,-0.02
-0.001607,0.04
0.005325,0.01
0.005098,-0.01
0.00467,-0.01
-0.004234,0.0
0.003922,-0.07
0.000872,-0.06
0.003075,-0.01
-0.000198,-0.03
0.00494,0.04
0.000539,0.03
0.010015,0.13
-0.005218,0.03
0.014552,-0.01
-0.003955,-0.02
0.009516,0.0
-0.006752,0.0
-0.004228,0.03
-0.003543,-0.01
0.022462,0.02
0.002768,-0.04
-0.003186,-0.04
0.009925,0.04
0.006535,0.02
-0.004735,-0.06
0.002182,0.04
0.014902,0.02
0.007552,0.03
0.009252,0.05
0.018822,-0.02
0.008434,0.1
-0.004049,-0.03
0.002334,-0.01
0.017372,0.05
0.006133,0.08
0.013812,0.09
0.005681,0.02
-0.00148,0.04
-0.000655,0.07
0.011493,0.02
-0.008351,-0.04
0.00554,-0.04
-0.002752,-0.06
0.011322,-0.1
0.011727,0.02
0.006827,0.01
-0.000626,0.02
0.008138,0.1
-0.004768,-0.0
0.004317,0.01
0.002655,-0.01
4.4e-05,0.07
-0.019661,-0.02
-0.004699,-0.07
0.000578,0.02
0.003878,0.04
-0.001859,0.02
-0.007836,-0.03
-0.009291,-0.04
-0.01423,0.08
0.011653,-0.03
-0.009815,-0.04
0.010619,-0.01
-0.00676,-0.04
0.002589,0.04
-0.007124,-0.07
-0.009577,-0.03
0.001267,-0.11
-0.00606,-0.03
0.012467,0.07
-0.017574,-0.01
0.001193,-0.04
0.00194,0.03
0.010234,0.03
0.012765,0.05
-0.001352,-0.01
0.008623,-0.01
-4.4e-05,0.0
-0.000981,0.01
-0.014929,-0.03
-0.010887,0.08
0.007608,-0.01
-0.009009,-0.06
0.009736,-0.02
0.01783,0.09
0.013816,0.06
0.027965,0.09
0.018943,0.07
0.002304,0.04
0.010934,0.07
0.019686,0.05
-0.002376,0.01
0.007534,-0.01
0.007324,0.06
0.000626,0.02
0.000327,-0.03
0.003785,0.02
-0.007116,0.04
-0.007319,-0.01
-0.003946,0.04
0.012056,0.09
0.004999,0.03
0.004702,-0.01
-0.000219,-0.02
-0.004336,-0.04
-0.018248,-0.02
-0.010995,-0.05
-0.001415,-0.04
-0.003958,-0.01
-0.005828,-0.03
-0.006814,-0.07
0.006581,0.0
0.003417,0.05
-0.017931,-0.04
-0.004007,-0.08
0.003517,-0.02
0.008591,-0.04
0.000678,-0.08
0.003508,-0.05
0.009897,0.07
0.002884,0.05
-0.013676,-0.05
0.01163,0.1
-0.017652,-0.07
0.012503,-0.02
0.01126,0.08
-0.002366,0.08
-0.001531,0.08
-0.012786,-0.13
0.014461,0.02
-0.002075,0.02
-0.004469,0.01
0.006537,0.05
-0.01213,-0.03
0.000364,0.04
-0.003258,0.06
0.002912,0.06
-0.004902,-0.04
0.008037,0.02
0.001643,-0.03
0.004676,0.0
-0.016915,0.12
0.000759,-0.02
-0.004757,0.08
0.004854,0.02
-0.004468,0.01
-0.007975,0.01
-0.013345,0.07
-0.008721,0.02
0.002838,-0.01
-0.006337,0.04
-0.008986,0.04
0.005904,-0.02
0.005965,0.04
-0.006003,0.04
-0.004084,-0.0
0.005857,0.02
0.000907,0.08
0.006378,-0.03
0.008151,0.05
0.017538,0.04
0.001581,-0.01
0.01003,0.04
0.002401,0.0
0.010485,-0.01
0.010371,0.04
0.017477,0.04
-0.006339,-0.02
0.011241,0.07
0.000581,-0.03
0.005166,-0.04
-0.006229,0.06
0.002293,0.06
0.002468,0.03
0.012365,0.0
-0.00099,-0.07
-0.006438,0.02
0.007677,-0.01
0.004338,0.06
-0.007203,-0.01
0.003767,-0.11
0.009105,-0.04
-0.003704,0.06
-0.006498,-0.05
-0.009023,-0.01
-0.02085,-0.04
-0.005552,0.03
0.007833,0.11
-0.018324,-0.08
-0.010159,0.01
0.009623,0.06
0.003688,-0.03
0.00232,0.01
0.002827,0.05
-0.00542,0.06
-0.00493,-0.08
-0.000547,-0.11
0.005398,0.06
-0.000986,-0.02
-0.009284,-0.01
0.020334,0.06
0.013879,0.07
-0.002304,-0.04
-0.004945,-0.03
0.022071,0.09
0.003969,0.07
0.023365,0.19
0.032562,-0.02
0.020889,0.25
0.017654,0.01
-0.005856,-0.01
-0.001915,0.09
-0.028094,-0.05
-0.013501,-0.04
0.333246,0.06
-0.056976,-0.03
0.041644,0.18
-0.009314,-0.12
-0.03995,0.2
-0.041014,-0.26
-0.090419,-0.0
0.01694,-0.27
0.03404,-0.25
-0.050247,0.11
-0.039843,0.14
-0.018047,0.19
0.04608,-0.11
0.096086,-0.05
-0.046496,-0.09
0.029973,0.2
0.00299,0.33
-0.034781,-0.04
0.059583,-0.32
-0.057377,-0.03
0.001856,-0.14
-0.002576,0.18
0.021015,0.15
0.073021,-0.08
-0.027435,0.21
-0.100141,-0.22
0.050112,0.32
-0.012633,0.04
-0.037392,0.03
0.013038,0.19
0.019802,0.14
0.038742,-0.07
0.034249,0.06
0.000719,-0.12
-0.04371,-0.2
-0.027939,-0.01
0.00685,0.08
-0.022414,-0.22
-0.04034,-0.14
-0.030238,-0.07
0.020958,0.27
0.003109,0.05
-0.049221,-0.17
0.004158,-0.05
0.010829,-0.06
0.006581,-0.08
0.000738,0.0
0.007521,-0.16
0.00511,-0.07
-0.003414,-0.07
0.045382,0.05
-0.000278,-0.03
-0.019184,-0.03
0.013661,0.06
0.028848,0.06
0.002229,0.01
-0.001577,0.07
-0.019316,0.02
0.008619,-0.03
-0.007874,0.0
-0.006179,-0.01
0.035109,0.08
-0.004982,-0.04
0.029758,0.05
0.023342,0.11
0.003485,-0.01
-0.011544,-0.0
-0.001756,0.04
0.004235,0.1
0.010875,0.05
0.030727,0.06
-0.006136,-0.03
0.020837,0.05
0.022608,-0.02
-0.013823,-0.06
0.001244,0.01
0.005721,0.02
-0.017165,-0.14
0.0128,-0.01
0.018905,-0.06
-0.015182,-0.02
0.001764,-0.12
0.027036,-0.02
-0.016068,-0.01
-0.011412,-0.04
0.006873,0.03
-0.010591,0.1
0.00293,-0.05
-0.00585,-0.04
-0.007098,-0.03
0.002676,0.01
7.4e-05,-0.04
-0.001391,-0.04
0.011394,0.03
0.000308,-0.07
-0.005478,0.02
-0.001837,0.0
0.007937,0.03
0.017617,0.06
-0.006775,0.01
-0.003541,-0.01
-0.002919,-0.02
-0.005197,-0.01
-0.000751,-0.03
0.009541,0.0
0.010102,-0.03
-0.01003,0.04
0.001618,-0.04
0.004711,0.06
0.000918,-0.01
-0.000739,-0.05
-0.002833,-0.04
-0.012553,0.05
-0.013639,0.01
0.005214,-0.01
0.000599,0.01
0.006196,-0.04
0.002357,0.09
0.006463,-0.01
0.001373,-0.01
0.003407,0.0
-0.014389,0.08
-0.009147,0.02
-0.01268,-0.05
-0.01498,-0.05
-0.016652,-0.03
0.012593,0.01
0.007934,-0.12
-0.006306,-0.01
0.03077,-0.07
0.00069,-0.03
0.008595,0.02
-0.035071,-0.06
-0.021208,-0.05
-0.001907,-0.06
-0.009925,0.04
-0.017249,-0.19
-0.003052,0.07
0.01456,0.01
0.001076,0.02
-0.001516,-0.04
-0.011485,-0.02
-0.014558,0.01
0.001997,-0.0
-0.006774,0.06
0.004782,0.03
-0.01096,-0.01
0.018045,-0.03
0.025978,-0.02
0.014922,-0.02
-0.004104,0.01
0.021542,-0.01
0.006316,-0.1
-0.015114,-0.04
0.007018,0.01
-0.004406,-0.03
-0.017044,0.1
-0.003572,-0.08
-0.007123,-0.08
0.003969,-0.07
-0.00245,-0.11
-0.019034,-0.02
0.0004,-0.03
-0.023341,-0.09
0.012019,-0.14
0.008264,-0.05
-0.011263,0.14
-0.016459,0.07
0.002401,-0.06
0.012223,0.1
0.026474,-0.02
0.008001,-0.04
-0.041644,-0.12
0.00408,-0.02
-0.017771,0.04
0.003338,-0.02
0.009277,-0.01
0.003384,0.06
0.002682,-0.02
0.018933,0.01
-0.002251,0.02
-0.003144,0.09
0.016507,0.08
-0.019067,-0.07
0.005126,0.01
0.00772,0.01
-0.006363,-0.01
0.002434,-0.02
0.00654,-0.01
0.005662,-0.07
-0.009736,-0.04
-0.013979,-0.16
0.006164,0.02
0.009023,-0.06
-0.004274,-0.03
0.001943,0.0
-0.001419,-0.04
-0.000818,-0.02
0.004584,0.01
0.006047,-0.05
0.008262,-0.01
0.010589,-0.06
-0.0006,-0.02
0.000381,-0.0
0.00297,0.01
-0.001599,0.01
0.003896,0.04
-0.001379,-0.02
-0.002789,0.06
-0.00203,0.05
-0.005766,-0.04
-0.006645,-0.0
0.002207,-0.04
0.000754,0.0
0.000846,-0.02
-0.003121,0.01
-0.004872,0.02
-0.002365,-0.01
0.019589,0.04
0.042836,-0.0
0.011903,-0.02
-0.008017,0.03
-0.022636,0.0
-0.000516,0.02
-0.019909,-0.01
-0.003823,-0.01
0.000772,0.01
0.008187,0.03
0.005625,0.0
-0.000175,0.04
0.006145,0.03
-0.016528,-0.05
0.009418,0.01
-0.00426,0.01
0.012663,-0.11
0.004381,-0.02
-0.006559,0.04
0.003406,-0.01
0.009398,-0.18
-0.010698,0.2
-0.012454,0.05
0.003973,0.06
-0.016953,0.07
-0.003921,0.06
-0.015382,0.1
0.007471,-0.05
-0.00693,-0.0
0.000948,0.05
0.003057,-0.03
0.007595,0.03
-0.0268,0.02
0.003695,-0.0
-0.002362,-0.01
-0.00311,-0.03
-0.015512,0.03
0.001251,0.02
0.005402,-0.03
-0.018741,-0.06
0.005791,-0.01
0.001965,0.08
0.005284,-0.05
0.001252,0.03
0.005084,-0.0
-0.001255,-0.04
0.013821,-0.04
0.002846,-0.06
-0.014982,-0.03
0.000489,0.14
-0.008208,-0.04
-0.000984,0.01
0.006675,0.07
0.004611,0.01
-0.007477,0.0
-0.002107,0.08
0.001941,-0.05
0.001918,0.04
-0.007509,-0.02
0.010528,0.01
-0.002329,-0.01
-0.005851,-0.03
0.010587,0.03
0.009675,0.01
0.001215,-0.1
0.003442,-0.03
0.009581,-0.02
-0.002287,-0.02
-0.014872,-0.04
-0.013632,0.04
0.007948,-0.09
0.004249,0.0
0.008878,-0.1
-0.000707,-0.05
0.010432,-0.08
-0.001311,-0.07
-0.016779,0.15
-0.006138,0.04
-0.005318,0.02
-0.011842,0.1
0.011018,-0.04
-0.003851,-0.0
0.016737,-0.1
-0.013964,-0.01
-0.000599,0.05
0.001177,0.04
-0.005475,0.09
-0.003173,0.09
0.010957,-0.01
-0.00641,0.01
3.7e-05,-0.02
-0.00605,0.01
0.012104,-0.02
0.003836,-0.09
0.011764,-0.04
0.003508,0.08
0.009156,-0.01
-0.00033,0.02
-0.001626,-0.05
-0.004673,-0.05
-0.007838,-0.01
0.010991,0.06
-0.003276,-0.04
0.002685,-0.03
0.011324,0.01
0.004236,-0.01
-0.004113,0.03
-0.00233,-0.08
-0.00364,-0.01
0.012107,0.02
0.001374,-0.02
-0.008568,-0.09
0.005723,0.0
-0.013686,-0.03
0.005074,0.0
-0.005624,0.03
0.009035,0.02
-0.009569,-0.04
-0.004296,0.04
-0.004263,0.03
-0.014532,-0.08
-0.004781,-0.1
0.005833,0.04
0.006491,0.0
-0.006441,-0.01
-0.010004,0.04
-0.004283,0.05
-0.002139,-0.04
-0.005788,-0.0
-0.004592,0.03
0.001335,-0.0
-0.007476,-0.06
0.002974,0.02
-0.006526,-0.11
0.002071,0.03
-0.009863,-0.06
-0.007463,-0.0
-0.007395,0.01
-0.002782,0.05
-0.007812,0.0
-0.003966,-0.01
0.006021,-0.0
0.004155,0.02
-0.012326,-0.04
0.01127,0.03
0.007232,-0.03
0.001039,0.03
0.012408,0.1
-0.001492,-0.0
0.002624,0.01
-0.001724,-0.01
-0.004855,-0.01
0.00552,0.0
0.011361,0.07
0.011565,0.04
-0.000397,-0.02
0.008477,0.09
0.003908,-0.05
-0.010287,0.06
-0.004556,-0.04
-0.003737,-0.03
-0.00619,-0.06
0.00515,0.0
-0.006899,-0.05
-0.009103,-0.02
0.000237,-0.04
-0.00053,0.04
0.005353,0.05
-0.014565,0.01
-0.00803,0.02
-0.013033,-0.0
0.000523,0.14
-0.012629,0.04
9.2e-05,0.09
-0.018835,0.15
0.003314,0.07
0.004633,0.04
0.005496,-0.08
-0.014198,0.03
0.028581,0.08
0.014922,-0.02
-0.000257,-0.03
-0.00714,0.01
0.004954,-0.11
0.007313,-0.05
0.005625,-0.05
-0.009192,0.09
-0.004928,-0.0
0.001462,0.05
-0.008998,-0.04
0.011748,0.0
0.005742,0.01
-0.003044,-0.02
0.00959,-0.06
-0.002856,0.05
0.001903,-0.01
0.003638,0.02
0.000248,0.0
-0.001043,0.01
-0.009094,0.02
0.003088,-0.02
0.008285,0.06
0.005627,0.02
0.00233,0.02
0.001293,0.04
-0.011308,0.08
-0.026371,-0.11
-0.010599,-0.07
-0.015966,-0.09
-0.007261,-0.09
0.000311,-0.1
-0.008165,-0.04
-0.007799,-0.03
-0.002453,-0.03
-0.007948,0.02
0.002639,-0.03
-0.002932,-0.0
-3.6e-05,0.01
-0.012388,0.01
0.010001,0.0
-0.00304,-0.08
0.013106,0.03
-0.028571,-0.07
0.002276,0.01
0.000526,-0.03
-0.004409,-0.01
0.010628,-0.05
0.010389,-0.01
0.009775,0.02
0.012952,0.09
0.006821,0.16
0.011935,0.04
0.003494,-0.01
0.005759,-0.02
-0.030226,0.05
-0.010674,-0.05
-0.019799,-0.01
0.000927,0.02
-0.007195,0.12
0.023764,0.1
-0.001866,-0.08
0.005687,-0.06
-0.021256,0.06
0.004684,-0.07
-0.006884,0.02
-0.016367,-0.02
-0.029113,-0.09
-0.008347,-0.02
-0.023427,-0.03
0.01232,0.06
-0.015767,-0.02
0.014536,0.02
0.023829,0.07
0.010039,0.01
0.001015,-0.03
-0.012979,-0.1
-0.000116,0.06
0.016487,0.05
0.000222,0.07
0.017597,0.11
-0.029844,0.05
-0.013161,-0.03
0.005467,-0.03
-0.02027,0.0
0.00092,-0.1
0.016091,-0.05
-0.016225,0.01
0.003295,0.04
0.02812,0.07
0.041335,0.08
-0.002041,-0.14
0.044979,0.11
0.025568,-0.02
0.008283,-0.01
0.001063,-0.01
0.007786,-0.07
0.037427,0.0
0.014309,0.15
-0.016584,0.1
0.041449,-0.1
0.001129,0.11
-0.046748,-0.11
0.017313,-0.03
-0.007296,0.01
0.000352,-0.07
-0.008187,0.04
-0.006404,-0.11
0.009137,-0.05
0.037751,-0.08
-0.016594,0.09
0.001015,0.03
-0.015954,0.05
-0.00943,0.03
-0.026441,-0.02
0.022445,-0.01
0.001801,-0.0
0.00745,0.14
0.005765,0.04
0.011735,-0.04
-0.020729,-0.01
-0.004752,0.04
-0.02356,0.1
0.002585,0.03
-0.016665,0.04
0.00956,0.03
-0.001695,-0.02
0.011939,0.06
-0.024504,-0.06
-0.005042,-0.12
0.005751,0.06
0.00487,0.0
-0.010462,0.04
0.015138,-0.11
-0.008523,-0.04
-0.006305,0.02
-0.013288,0.01
0.015103,-0.03
0.015663,-0.02
0.004231,0.07
-0.008158,0.05
0.001526,-0.01
0.016891,0.02
0.001213,-0.02
0.031814,-0.1
0.047332,0.15
-0.004398,-0.13
0.022192,-0.1
0.02495,0.09
0.015512,0.01
0.039546,-0.07
-0.009233,-0.1
0.035027,-0.03
-0.010356,-0.16
0.022468,-0.05
0.0141,-0.02
-0.014792,0.02
-0.01289,-0.02
0.014878,-0.01
-0.022092,-0.16
-0.018258,0.06
-0.016068,-0.06
0.00927,-0.01
-0.025659,0.1
-0.010639,0.01
-0.004774,-0.52
0.035769,-0.26
0.020137,-0.16
-0.022969,0.07
-0.024405,0.3
0.004403,0.19
-0.027145,0.48
-0.016898,-0.02
0.002682,-0.07
0.006722,-0.13
0.028939,-0.03
-0.016039,-0.07
-0.008138,0.09
0.00066,0.3
-0.017326,-0.13
0.000861,0.12
-0.013745,0.02
-0.014832,0.03
0.007678,0.09
0.006646,-0.14
0.002208,0.02
0.005862,-0.01
0.01388,0.07
0.027651,0.04
0.019421,0.07
0.036817,-0.03
0.001198,-0.02
-0.024332,0.01
0.011099,0.07
-0.006468,0.0
0.007134,0.02
0.017193,-0.03
0.007876,-0.12
0.005312,-0.01
0.01049,0.07
0.022952,0.07
0.019106,0.03
-0.001036,0.07
-0.008743,-0.01
0.007973,-0.02
0.032027,0.01
-0.002792,-0.04
-0.009348,-0.02
-0.01806,0.18
-0.014508,-0.0
0.009397,0.12
-0.008067,0.03
-0.0044,-0.05
-0.002103,-0.01
-0.00375,-0.03
-0.02015,0.01
-0.023127,0.05
0.010611,-0.0
0.000598,0.05
-0.012058,0.12
0.001703,-0.09
0.004154,0.06
-0.005667,0.17
0.022411,0.1
-0.014977,0.1
0.000332,0.04
0.017203,-0.04
-0.020003,0.01
-0.026652,0.08
-0.002624,0.06
0.018797,-0.11
-0.014301,-0.01
0.012786,0.09
-0.026218,0.02
-0.002856,0.08
0.004703,0.12
0.013676,0.0
-0.012177,0.13
-0.008228,0.02
0.044938,-0.09
-0.013388,0.24
0.013653,0.23
-0.024428,-0.16
0.021921,-0.13
-0.014936,0.21
-0.014555,0.31
0.010565,-0.12
0.0292,-0.17
0.028987,-0.2
0.003585,0.11
0.002281,-0.04
-0.014822,0.27
0.051357,-0.13
0.023532,-0.39
-0.008848,0.35
-0.005602,0.29
-0.008386,-0.12
0.019393,-0.17
0.00332,0.05
0.022471,-0.15
0.005192,-0.05
-0.038067,-0.02
-0.024244,-0.03
-0.015768,0.06
0.009103,0.11
0.038732,0.1
0.007268,-0.37
0.015248,0.23
0.019022,0.13
0.010261,-0.17
0.025757,-0.25
0.005791,0.12
0.00026,-0.11
0.005169,0.08
0.005185,0.1
-0.025296,0.23
-0.029995,0.16
-0.027403,0.08
0.025897,0.09
-0.007381,-0.01
-0.034405,-0.14
-0.02111,0.32
-0.040152,0.21
0.038666,-0.17
0.000959,-0.23
0.002226,0.01
-0.008913,0.03
-0.000692,0.04
0.003344,-0.04
-0.002057,0.12
0.009655,-0.11
-0.027401,0.06
0.002235,-0.02
-0.002364,-0.01
-0.011516,0.05
0.008162,0.17
0.007435,0.12
0.011744,-0.05
-0.010201,0.09
-0.029595,0.07
0.01243,0.09
-0.003341,0.01
0.004878,-0.15
-0.002924,0.03
0.01802,0.05
-0.007186,0.01
0.011327,-0.06
-0.003293,0.13
-0.004697,-0.01
-0.006109,0.02
-0.016994,0.09
-0.01638,-0.05
0.009588,0.16
-0.000561,-0.08
-0.003962,0.03
0.013235,0.14
-0.016583,-0.07
-0.000607,-0.07
-0.041637,-0.03
0.000648,-0.04
0.012186,-0.08
0.018583,0.0
-0.019068,0.0
-0.003413,0.09
-0.006426,-0.09
0.012837,0.1
0.00043,0.05
0.0148,0.11
-0.003488,0.05
-0.002176,-0.01
-0.002817,-0.06
0.007479,-0.05
-0.003866,0.14
-0.014854,0.03
-0.013358,0.0
0.006665,-0.03
-0.004549,0.1
0.001634,0.04
-0.010777,0.07
0.007111,0.03
-0.003435,-0.0
-0.00576,0.05
-0.001004,0.04
0.000134,-0.01
-0.005259,0.11
-0.001354,-0.01
0.019339,-0.18
0.085116,0.28
0.009122,-0.0
0.039857,0.14
-0.012098,-0.04
0.041754,0.01
0.012065,-0.21
-0.041423,0.04
0.01749,-0.03
0.014279,0.18
0.024641,-0.2
0.0038,-0.01
-0.012505,-0.01
0.026819,0.05
0.011449,0.04
0.022418,0.08
-0.006278,-0.01
0.005162,-0.02
-0.001321,-0.14
0.016767,0.04
-0.005036,-0.1
0.009021,0.07
-0.01113,0.1
-0.031059,-0.05
-0.013634,-0.08
0.021555,-0.08
0.003735,-0.07
-0.006067,-0.0
-0.005548,-0.08
-0.011451,-0.05
0.001652,0.07
-0.001029,-0.05
0.002189,0.01
-0.026838,-0.02
0.00586,0.05
0.006593,-0.01
0.007637,0.16
-1.2e-05,0.1
0.001403,-0.02
-0.004196,0.01
-0.00444,-0.07
0.012241,-0.02
0.000365,0.06
-0.010679,-0.03
-0.003827,-0.05
-0.001482,0.04
0.019242,0.01
0.007465,0.03
-0.004924,-0.02
0.004707,-0.03
-0.008699,-0.12
-0.007417,-0.01
0.011999,0.07
-0.00864,0.02
-0.004482,0.0
-0.011004,0.0
0.033057,0.01
0.021991,0.02
-0.004049,-0.01
0.01962,0.0
-0.02624,0.01
0.017565,-0.01
0.018315,0.06
0.010906,-0.02
0.002499,-0.06
0.005555,0.04
-0.012727,-0.09
0.006309,0.02
0.00025,0.05
0.000228,0.05
-0.002993,-0.01
-0.016137,-0.05
0.007058,0.01
0.013224,0.01
-0.000183,-0.04
-2.1e-05,0.08
0.007828,-0.01
0.009977,-0.03
0.013117,0.01
0.001387,0.08
0.002667,0.1
0.01377,-0.04
0.013673,-0.12
0.002724,-0.01
0.011189,-0.0
-0.007009,0.0
-0.000646,0.01
-0.013975,-0.04
0.015896,-0.08
-0.000356,-0.07
0.014715,-0.09
0.011049,-0.04
0.002644,0.08
0.001532,-0.07
0.001143,0.01
-0.005409,-0.04
-0.010836,0.07
0.005063,0.03
-0.004345,0.03
-0.009817,0.16
-0.011634,-0.04
0.000255,0.03
0.005482,-0.04
0.006828,0.01
0.002169,0.05
-0.008279,-0.0
0.005928,-0.05
-0.005667,-0.12
0.011521,0.06
-0.010614,0.01
0.006763,-0.04
-0.008417,0.13
-0.002561,-0.02
-0.002573,0.03
0.002552,-0.07
0.004461,-0.05
-0.010814,0.06
-0.004963,0.04
0.013655,-0.04
-0.013836,0.0
0.010769,0.02
0.005998,-0.11
0.007252,-0.06
-0.002804,0.12
0.017718,-0.08
0.00873,-0.01
0.017285,-0.06
-0.007468,0.14
-0.007709,-0.01
0.009754,-0.02
0.000935,0.01
0.009325,-0.03
-0.001222,-0.1
0.00736,0.02
-0.006502,-0.04
0.012123,-0.03
-0.001196,0.06
0.00535,0.02
-0.001275,-0.05
0.00486,-0.04
-0.000124,-0.11
-0.012324,0.04
-0.014033,0.04
-0.01004,0.17
-0.004731,-0.05
0.000542,-0.01
0.000719,-0.01
-0.000694,-0.04
0.013804,0.04
0.009298,-0.07
-0.030483,-0.04
0.001449,0.19
-0.027281,0.03
0.01007,0.07
-0.007116,0.05
-0.001413,-0.08
0.005969,0.03
-0.001619,0.01
0.007952,-0.07
0.001823,0.02
0.010839,-0.0
-0.000268,0.0
-0.001015,0.05
0.001105,-0.07
0.004486,0.05
0.003472,0.1
0.005319,0.06
-0.005751,0.02
-0.014658,0.07
-0.012123,0.23
-0.001941,0.24
0.008503,-0.23
0.00474,0.02
0.014349,-0.16
-0.002036,0.11
0.019625,-0.27
-0.007855,0.01
0.009121,-0.28
-0.019093,0.08
-0.02289,0.26
-0.014103,0.28
0.00831,-0.25
-0.013611,0.45
-8.7e-05,0.11
-0.02699,0.29
0.009609,-0.21
-0.010237,0.21
0.040856,-0.42
0.014979,-0.4
-0.027098,0.09
-0.002933,0.13
0.007428,-0.05
0.010474,-0.05
0.00904,0.03
0.001122,0.08
0.008173,-0.06
-0.005516,0.01
0.00114,-0.03
-0.011106,0.02
-0.011166,-0.01
-0.00738,-0.07
0.011344,0.02
0.010379,0.02
0.009984,0.08
-0.005896,-0.04
-0.000211,0.11
-0.014925,0.0
-0.005225,0.04
-0.016228,0.07
0.003789,0.03
0.009313,0.01
0.001596,-0.02
0.000306,0.11
-0.003155,0.07
-0.005225,-0.09
0.004485,0.04
0.009998,0.05
-0.001393,0.05
0.000107,0.07
-0.004958,0.14
0.006861,0.04
0.007847,-0.1
0.00873,0.05
0.015769,-0.1
0.007022,-0.16
0.004796,0.0
0.00663,0.14
-0.010791,0.02
0.007622,-0.02
0.013332,-0.08
-0.014512,-0.0
0.016467,-0.07
0.000584,0.08
-0.001567,-0.06
0.00428,-0.06
0.007792,-0.02
0.006178,0.0
0.000186,-0.01
0.012366,0.13
0.00415,0.06
-0.004202,-0.08
0.010479,0.07
-0.001243,0.16
0.005158,-0.0
-0.006086,-0.1
0.006219,0.03
-0.010793,-0.02
0.002201,0.08
0.008096,0.03
-0.001916,-0.1
-0.012767,0.02
-0.001199,0.05
-0.010184,0.03
0.005549,0.04
-0.006151,0.04
0.002092,0.03
-0.000722,0.02
0.005884,0.0
0.007438,0.03
0.002244,0.01
0.007906,0.03
-0.003783,0.01
-0.014798,0.12
-0.002867,0.16
-0.011194,0.02
-0.006374,0.09
-0.004316,0.02
0.00471,-0.0
0.007048,-0.01
-0.003111,0.1
-0.000292,-0.0
-0.009702,0.07
-0.010334,0.08
-0.013489,-0.01
-0.008234,0.11
0.000476,0.03
0.003693,0.05
-0.002943,-0.0
0.003322,-0.08
0.017085,0.02
-0.016692,0.01
0.001918,0.07
-0.00143,0.02
0.00128,-0.05
0.006305,-0.04
0.000151,0.02
-0.01797,0.08
-0.001617,-0.07
0.021953,-0.06
0.000817,-0.01
-0.013025,0.08
0.004671,-0.01
-0.005228,0.09
-0.008805,0.12
-0.004065,-0.03
8.1e-05,-0.02
-0.027087,0.05
-0.006825,0.06
-0.001755,0.02
0.0076,-0.05
-0.00746,0.07
-0.015701,0.17
-0.003607,0.02
-0.001146,0.06
0.005252,-0.01
0.003706,-0.04
0.008035,-0.11
0.010326,-0.01
-0.001304,-0.03
0.003064,-0.05
0.011569,0.03
-0.001186,0.01
0.003675,0.05
0.00629,0.07
0.001986,-0.06
-0.017307,-0.02
-0.00327,0.07
-0.01033,0.04
-0.000708,0.01
0.006626,0.02
0.004554,-0.08
-0.006306,0.05
0.00052,-0.03
0.002146,-0.09
0.008391,0.04
0.021948,-0.06
-0.004878,-0.03
0.007269,0.1
0.007343,0.03
0.012624,-0.06
0.013723,0.06
-0.018531,0.02
-0.002587,-0.01
0.013139,0.03
-0.00425,0.01
-0.005616,0.01
0.007222,-0.11
0.009592,-0.01
-0.008988,0.14
-0.015123,0.09
0.018946,-0.02
0.000268,0.18
0.013507,-0.04
0.00856,-0.12
0.003464,-0.03
0.001933,-0.04
-6.5e-05,-0.06
-0.005104,-0.03
-0.045745,0.1
-0.011634,-0.01
-0.018425,-0.08
0.01827,0.01
-0.011284,-0.01
-0.019343,0.08
0.021451,-0.06
-0.004834,-0.05
-0.003378,0.01
-0.003683,-0.01
0.044453,-0.0
-0.004086,0.06
0.02832,0.07
0.009039,0.12
-0.006666,-0.1
-0.003571,-0.01
-0.001382,-0.01
-0.012051,-0.09
-0.011112,-0.05
-0.002929,-0.03
0.001037,-0.08
0.018283,-0.02
0.020293,-0.04
-0.003164,-0.06
0.006232,0.07
-0.008729,-0.03
0.00127,0.01
0.007102,-0.02
0.009507,-0.03
0.007635,-0.05
-0.0063,-0.0
-0.00147,0.07
-0.008973,-0.03
0.000756,-0.06
-0.000629,0.01
0.001827,-0.01
0.00433,0.03
0.008534,0.02
0.003062,0.02
0.009682,-0.05
-0.013394,0.02
-0.005773,-0.05
0.001506,-0.0
-0.012557,-0.01
0.00845,0.0
-0.007559,0.0
0.017955,0.06
0.008948,0.04
-0.010581,0.0
-0.000645,0.04
0.000709,-0.06
0.023964,-0.11
0.000394,0.02
-0.015449,-0.0
-0.010513,-0.01
0.002435,-0.05
-0.021232,-0.04
0.002699,-0.09
-0.015316,-0.05
0.013747,0.04
0.004269,0.01
-0.01277,-0.0
0.010181,-0.01
-0.022953,0.01
0.013574,-0.03
-0.000324,0.05
-0.011511,0.05
0.013094,-0.0
0.010057,-0.05
0.000393,-0.1
0.002879,0.01
-0.02113,-0.01
-0.001031,0.11
-0.010953,0.0
-0.006966,-0.12
0.013548,0.0
0.001987,-0.08
-0.004705,-0.05
-0.003323,-0.12
0.01049,0.0
-0.035807,-0.03
-0.00192,-0.0
0.003426,0.02
0.019486,0.08
-0.000278,0.05
0.001862,-0.09
-0.008633,-0.01
-0.012533,0.06
-0.010584,0.05
0.007544,-0.05
0.000391,-0.0
0.005834,0.0
0.00625,-0.03
-0.016598,0.05
-0.010058,0.0
0.001684,-0.03
0.017023,-0.04
0.007385,-0.04
-0.008196,0.01
-0.002808,-0.02
-0.001429,-0.06
-0.011537,-0.01
0.00741,0.02
-0.004993,-0.03
0.00677,0.07
-0.005813,0.04
0.001449,0.04
-0.001052,-0.04
-0.00204,-0.0
0.004138,-0.03
0.007528,-0.02
0.010761,-0.1
-0.008274,-0.03
0.002209,-0.01
-0.011845,-0.09
0.006852,0.03
-0.000964,-0.07
0.005117,0.1
-0.021721,-0.05
0.010831,-0.04
-0.009458,0.11
0.008192,-0.12
-0.019838,0.02
0.015346,-0.1
0.006684,-0.08
-0.003637,-0.03
0.003432,-0.01
-0.000847,0.01
-0.005948,0.1
0.011653,-0.05
0.010769,-0.01
0.004183,-0.01
0.003601,-0.02
0.011188,-0.0
-0.015842,0.07
-0.009717,0.06
-0.008808,-0.03
-0.011329,0.04
2.4e-05,-0.11
0.000299,-0.04
-0.010715,-0.01
0.000615,0.08
-0.00795,0.03
0.004598,0.05
-0.011247,0.04
0.006855,-0.03
-0.025611,0.02
-0.018998,0.05
0.00903,0.06
-0.006863,0.04
-0.016495,0.03
0.002884,0.05
0.00415,0.01
-0.005334,-0.05
-0.012684,-0.08
0.011159,-0.07
-0.015948,-0.02
-0.009119,-0.05
-0.010744,-0.07
0.005375,0.01
0.02579,0.02
0.007801,-0.02
0.000121,-0.02
-0.028273,-0.11
-0.001132,-0.02
-0.020368,0.01
0.026748,-0.06
-0.010847,-0.07
-0.00493,0.09
0.014629,-0.07
0.005923,-0.02
0.02065,0.06
0.019764,-0.04
0.002656,-0.07
-0.01485,0.07
-0.019218,-0.06
-0.03017,0.18
-0.004162,-0.04
0.004502,-0.12
-0.01359,0.08
0.005385,0.06
-0.004948,0.2
-0.000761,-0.03
0.022231,-0.04
0.056133,0.07
0.011545,-0.1
-0.040146,0.05
-0.011459,0.04
0.001575,0.03
-0.005798,0.01
-0.011329,-0.1
0.004706,0.01
0.005826,0.08
-0.004672,0.03
0.019028,-0.03
0.028208,0.05
0.002971,-0.11
-0.017517,-0.07
0.014531,-0.12
-0.027856,-0.02
-0.005012,-0.0
0.009961,0.09
-0.005707,-0.16
-0.00328,0.05
0.007611,-0.03
-0.001211,0.05
0.005941,-0.03
-0.008592,0.1
-0.000642,0.05
0.005922,0.07
-0.015676,0.06
-0.004891,-0.14
-0.008956,-0.04
-0.003561,0.05
0.019296,-0.12
0.003443,-0.19
-0.005528,0.0
-0.000265,-0.0
-0.00183,0.05
-0.002837,-0.04
-0.002059,-0.01
0.007203,-0.04
0.007214,0.05
0.005586,-0.0
-0.003768,-0.05
0.009148,0.05
0.001017,0.01
0.010704,-0.0
-0.001805,-0.03
0.006545,0.0
-0.012025,-0.05
0.001725,0.08
-0.013786,0.1
0.002476,-0.0
-0.001139,0.03
-0.001278,-0.06
-0.008793,0.14
-0.000462,-0.01
0.005646,0.01
0.008852,0.04
0.013493,-0.08
-6e-05,0.1
0.000189,0.01
0.015981,0.0
0.004654,-0.05
-0.005655,0.0
-0.012925,-0.03
-0.012454,-0.06
0.002824,-0.04
-0.004515,0.02
-0.001291,-0.01
-0.012925,-0.08
0.002067,0.03
0.008983,-0.0
-0.002495,-0.03
0.013832,0.01
-0.002216,0.06
0.003104,0.04
0.011594,0.12
0.014514,0.01
0.00803,-0.02
0.003697,-0.04
0.004925,-0.03
0.007544,0.0
-0.001869,0.04
0.00084,-0.01
-0.003236,0.01
-0.015054,0.06
0.011562,-0.06
-0.015754,-0.01
-0.004373,-0.08
-0.000835,-0.04
-0.003081,-0.05
-0.007624,0.04
0.017992,-0.05
-0.003614,-0.06
0.008081,0.06
0.007836,-0.03
-0.000881,-0.01
-0.007443,0.08
-0.014692,-0.0
0.001082,0.01
-0.001912,-0.0
0.003295,0.02
0.001775,0.02
-0.006502,-0.05
0.005035,-0.05
0.008462,-0.03
0.019211,0.02
