candidate_rank,robust_l2,robust_l2_pvalue,max_abs_z,mahalanobis,mahalanobis_pvalue,nearest_feature_distance,nearest_feature_pvalue,exact_row_match_fraction,nearest_raw_window_rms,nearest_raw_window_start
0.9868306817922876,0.8508693999200964,0.7227414330218068,2.116078431372549,0.992570911608066,0.003115264797507788,0.6588202951035783,0.9984423676012462,0.0,1.1387151604349104,515
1.3721739506764954,1.330428663914332,0.24143302180685358,5.831678744545046,1.040487124053231,0.003115264797507788,0.8383266189344114,0.9984423676012462,0.0,1.2001338326879079,355
1.203721895538278,1.386441307948086,0.22897196261682243,5.752641874999996,0.8536144333521688,0.003115264797507788,0.5032554851825912,0.9937694704049844,0.0,1.3512267330633314,560
1.7239530082156016,1.2566952896690313,0.2632398753894081,4.996317864898033,1.5126859643956299,0.001557632398753894,1.0244581836187194,0.9984423676012462,0.0,0.8671743329265182,560
2.6025341850209283,1.4664133597381506,0.21806853582554517,8.68303802524304,1.803353479977649,0.0,1.070740237648637,0.9984423676012462,0.0,0.9108803411109829,515
0.7361230905204473,1.1662414697888726,0.3395638629283489,3.3607668986984653,0.6633812195550978,0.04984423676012461,0.3327681956824759,0.9828660436137072,0.0,1.3154472642581012,30
1.361480086155289,1.1405803925918103,0.3598130841121495,4.163141402567042,1.1271270753476097,0.001557632398753894,0.7730541837724454,0.9984423676012462,0.0,1.2060422589048962,710
2.6333221069051707,1.893231474377263,0.11059190031152648,12.355540521146171,1.3808525379891778,0.001557632398753894,0.8379653461604305,0.9984423676012462,0.0,1.3765762378322728,5045
1.6205205027565353,1.403192625101156,0.22274143302180685,6.364512820512821,1.2434930366075778,0.001557632398753894,0.8315746887864909,0.9984423676012462,0.0,0.8342423613603909,830
1.4784605002654492,1.219063259754636,0.278816199376947,5.063226881151335,1.2274103751587868,0.001557632398753894,0.716048044272024,0.9984423676012462,0.0,0.9902766849965375,455
1.9819506432072318,1.3785921640081706,0.23052959501557632,7.6159912591137635,1.4420854588147614,0.001557632398753894,1.0534037521426123,0.9984423676012462,0.0,0.9489682480601718,510
3.964226074017002,2.1335716608985957,0.045171339563862926,22.582268664451917,1.592807663276691,0.001557632398753894,1.6448991279988079,0.9984423676012462,0.0,1.0625511591377403,410
0.7768153476037102,1.0478062898563762,0.4797507788161994,4.419245327367881,0.7845430799671487,0.012461059190031152,0.34351736757323215,0.9844236760124611,0.0,0.9717926633199829,100
0.7236881917455968,1.1337303254724609,0.3644859813084112,4.475775843496814,0.5600245262714618,0.12149532710280374,0.18175307339011768,0.9299065420560748,0.0,1.289668063698127,25
0.9534000564416868,0.8035828240671895,0.8037383177570093,3.039290621870452,0.9856955842272976,0.003115264797507788,0.7689152888137057,0.9984423676012462,0.0,0.9451585938865787,5
2.5723906105139758,1.5575068762420712,0.2102803738317757,13.394677844452428,1.3786211638184613,0.001557632398753894,1.2596545450802397,0.9984423676012462,0.0,0.8852373148873758,5
0.6306813582356181,0.8294889467568302,0.7850467289719626,2.7913923076922877,0.679215899337458,0.037383177570093455,0.331284794940494,0.9828660436137072,0.0,0.9798777614448966,5555
2.3327002107262973,1.5083967108712544,0.21651090342679127,13.823451283136405,1.0693455278985031,0.001557632398753894,0.8093658954602034,0.9984423676012462,0.0,0.97152212240489,560
0.743305258238385,1.0394307226874762,0.49065420560747663,4.181899999999988,0.7193095083223969,0.03115264797507788,0.4489578101772347,0.9890965732087228,0.0,1.2354760743901945,465
0.9530492275615745,0.8597091607892163,0.7009345794392523,3.497743378042446,0.8931579496787216,0.003115264797507788,0.5291545302043951,0.9953271028037384,0.0,1.0172573492933408,605
1.0888342769916453,1.2966124655264035,0.2538940809968847,4.6943576268128995,0.765363695225124,0.01557632398753894,0.3514391762806357,0.9844236760124611,0.0,1.1033502849437162,535
0.7536168259828091,0.8817676417562568,0.67601246105919,3.6539591742292803,0.7411151208391098,0.02336448598130841,0.34616355508773144,0.9844236760124611,0.0,1.015977557627824,395
1.6048051287587963,1.337900301977379,0.2398753894080997,7.380250971426443,1.0410258342996328,0.003115264797507788,0.707591994838388,0.9984423676012462,0.0,1.2199834632524478,430
0.7353686698586599,1.0432175215119794,0.48909657320872274,4.773384615384615,0.7137994076528195,0.03115264797507788,0.3503604140884322,0.9844236760124611,0.0,0.8796632339055718,1370
2.3902660616821008,1.6264743570969944,0.16666666666666666,7.743856807559937,1.7588543448779501,0.0,1.1112074510117624,0.9984423676012462,0.0,0.9417722326632363,615
1.05711778470157,1.0002999113785722,0.5514018691588785,5.240704065051206,0.9566317286569093,0.003115264797507788,0.6007563673387355,0.9968847352024922,0.0,1.1042692171993964,295
2.259378927640943,2.139242389077528,0.040498442367601244,6.432777796127661,1.3323404021440288,0.001557632398753894,0.9568999527267615,0.9984423676012462,0.0,1.7448682850438173,665
1.4382102635559209,1.758369745605987,0.14018691588785046,5.733249999999998,0.9015867542350166,0.003115264797507788,0.4321792627996057,0.9875389408099688,0.0,1.534640364275236,555
0.8389657562325519,1.044839935398537,0.48286604361370716,3.9374651311562667,0.8700571435892575,0.003115264797507788,0.4834454725864031,0.9906542056074766,0.0,0.6408852122465379,30
2.175518063585824,2.4975573662417023,0.001557632398753894,7.407358999999996,1.1178003029906514,0.001557632398753894,0.6654039949406919,0.9984423676012462,0.0,1.6376677947811131,3300
1.1562521311042717,1.264615265935638,0.2616822429906542,3.352831146876502,1.0057281828489197,0.003115264797507788,0.5631055817703827,0.9968847352024922,0.0,1.363248247528698,355
1.5635659683513596,1.052343264444726,0.470404984423676,7.406784497375918,1.1088371204894685,0.001557632398753894,0.711989083435339,0.9984423676012462,0.0,1.1947975737784033,530
1.9103145934430403,2.1037111808290248,0.0529595015576324,9.029418871596958,0.897852057773913,0.003115264797507788,0.39064103531723043,0.985981308411215,0.0,1.3799588938402607,2640
1.6164455563463356,1.3712227539407527,0.23208722741433022,7.813920928371008,1.075746940707046,0.001557632398753894,0.7044354209846365,0.9984423676012462,0.0,1.240181779308935,635
1.0104587703629964,1.136414271882346,0.3629283489096573,3.4695296988167064,0.9577798730864887,0.003115264797507788,0.4819793996522783,0.9906542056074766,0.0,1.1811927451888484,540
0.6530684028101067,0.8224290665468886,0.7897196261682243,1.984241287768023,0.6648965983114573,0.048286604361370715,0.3344671370874453,0.9828660436137072,0.0,0.9484861321053255,0
1.1622377898721927,1.2820111689465077,0.2570093457943925,5.752641874999996,0.8508228962926591,0.004672897196261682,0.5966516086211688,0.9968847352024922,0.0,1.3404016819835582,395
1.6133602712101727,1.1604952714625163,0.34579439252336447,7.192717173257589,1.1214934041240159,0.001557632398753894,0.6785004533417596,0.9984423676012462,0.0,0.9205519506634082,405
0.554381977957323,0.8689626116948848,0.6884735202492211,2.0820904889961906,0.5539689228046635,0.1308411214953271,0.2239388897978164,0.9595015576323987,0.0,0.9228920821506814,0
1.4049389620101285,1.8683135360554917,0.11682242990654206,5.733249999999998,0.8028830688752049,0.012461059190031152,0.5230467681460359,0.9937694704049844,0.0,1.5792864213615398,575
2.746334692530952,1.9612326749551503,0.0794392523364486,17.643689123607285,0.9304655184299104,0.003115264797507788,0.4593130551756289,0.9906542056074766,0.0,1.350710452192211,475
0.6741426471507297,1.192223194589562,0.32242990654205606,3.347848070203932,0.5831319067167838,0.10747663551401869,0.19428193824579412,0.9439252336448598,0.0,1.3267705817767033,375
1.4415941169094157,1.2411811712421967,0.26947040498442365,4.60114174471259,1.112534832987523,0.001557632398753894,0.8689108950964651,0.9984423676012462,0.0,1.2513384153309388,490
1.7681453804385767,1.8736409314875102,0.11682242990654206,6.021766300163072,1.015786555447871,0.003115264797507788,0.6634078820583621,0.9984423676012462,0.0,1.6134616471365884,10470
0.9167970512695399,1.1291758367292661,0.3691588785046729,3.3555079594861184,0.8767927228579785,0.003115264797507788,0.4660824548622925,0.9906542056074766,0.0,0.9924485195010975,400
1.1381561416549133,1.120598744589452,0.37538940809968846,5.319035088499362,1.0211537976405987,0.003115264797507788,0.6467272411579765,0.9984423676012462,0.0,0.8317377070370835,65
2.8794831633047715,2.005807827446408,0.07009345794392523,12.994185147122515,1.4918997501747895,0.001557632398753894,0.9370361163034542,0.9984423676012462,0.0,1.4349755900971497,205
1.9540512160397503,1.347335822893466,0.2383177570093458,7.11052329516782,1.492179652923898,0.001557632398753894,1.0043607710011575,0.9984423676012462,0.0,0.9356143593355951,630
2.487923932876247,1.9928928882099353,0.07009345794392523,17.98219278974869,0.6157854743840526,0.09190031152647975,0.2294000232660248,0.9595015576323987,0.0,1.2835387179392819,4135
2.1165231803135036,1.4123505552976416,0.22118380062305296,10.925587172312433,1.2380298566169097,0.001557632398753894,0.7124143825557587,0.9984423676012462,0.0,1.1821552149120844,55
1.2260421981289191,1.3241436511382092,0.24299065420560748,6.325180170638824,0.7357359084828622,0.028037383177570093,0.4330042905808914,0.9875389408099688,0.0,1.0558803154337957,335
0.7537695456447084,0.8539065598602867,0.721183800623053,2.867050950230508,0.6557799901621938,0.056074766355140186,0.40559800702385485,0.985981308411215,0.0,0.9712114240234743,20
0.8550214294031713,0.9567662342180234,0.6199376947040498,3.6292310527035836,0.8721992224936199,0.003115264797507788,0.5199375339153245,0.9937694704049844,0.0,0.9367420750935258,385
1.0135917412537558,0.8894044727602763,0.6713395638629284,3.2056819044781952,1.023466242363975,0.003115264797507788,0.4783930324153003,0.9906542056074766,0.0,1.0087737962184484,20
1.2571855121007143,1.059371627687871,0.45482866043613707,4.212140722161569,1.1056885687724982,0.001557632398753894,0.5868543096451657,0.9968847352024922,0.0,0.954243901801378,330
1.415888493912391,1.0978859130941196,0.3940809968847352,4.51396297084538,1.278920732082619,0.001557632398753894,0.7870588347268174,0.9984423676012462,0.0,1.0315652778469537,505
1.0157572683546174,1.075569509614381,0.43146417445482865,2.788139500900869,1.0311106930019596,0.003115264797507788,0.6528526963228455,0.9984423676012462,0.0,0.8515739899887007,11870
0.8954945724907386,1.2111335473786236,0.29283489096573206,4.112166517318184,0.6798028243279245,0.037383177570093455,0.3658662235471444,0.9844236760124611,0.0,1.1233110634622785,13060
1.7282536863674711,1.6048443738245932,0.19158878504672897,6.099045154110562,1.2429328397075883,0.001557632398753894,1.0747857064667876,0.9984423676012462,0.0,1.2307394882661415,615
1.8595308067776724,2.2026514532653705,0.017133956386292833,8.85511964208219,0.8101492419490095,0.009345794392523364,0.3563385578139959,0.9844236760124611,0.0,1.4660448488253983,140
0.9195458070763616,0.817948634510599,0.7928348909657321,2.628820512820513,0.9979165156277783,0.003115264797507788,0.8238837174651144,0.9984423676012462,0.0,0.9420561304802858,1545
1.6682579180159967,1.2817155762320527,0.2570093457943925,7.406784497375918,1.2457101595933162,0.001557632398753894,0.8267728768477661,0.9984423676012462,0.0,0.8667866277445231,0
0.8457411680075438,0.6472465225773761,0.9937694704049844,2.734652083350121,0.7965053356880855,0.012461059190031152,0.4271329076162795,0.9875389408099688,0.0,1.0016647491066628,470
0.689976931590296,1.0082456478768418,0.5420560747663551,2.6411492857142718,0.7606317526983967,0.01557632398753894,0.37725096924105983,0.985981308411215,0.0,0.9956219594505411,270
1.7159158842287088,1.1692640435201114,0.3364485981308411,7.406784497375918,1.1260236124178251,0.001557632398753894,0.5215055976274278,0.9937694704049844,0.0,1.077751377898455,275
1.9104320599827018,1.3803133126163296,0.23052959501557632,10.380001038525176,1.0469849060775165,0.003115264797507788,0.7048675032002522,0.9984423676012462,0.0,0.9710024945447493,580
1.8702579377994408,1.3669118238634477,0.2336448598130841,7.127156321412053,1.4391388507596485,0.001557632398753894,1.101483976915984,0.9984423676012462,0.0,0.8174519212930196,520
2.96298816220234,1.7528232275233788,0.14174454828660435,15.582196444966074,1.491118235306376,0.001557632398753894,1.416951248676259,0.9984423676012462,0.0,0.8415995113122529,505
1.1524045626405743,1.1543118464862556,0.35202492211838005,5.692994975061735,0.9677751091095332,0.003115264797507788,0.7165673009913687,0.9984423676012462,0.0,1.1127233599219581,325
1.9565857338245125,1.431684767630362,0.21806853582554517,7.406784497375918,1.4452062414276172,0.001557632398753894,0.9565183388728389,0.9984423676012462,0.0,0.7925162554358353,40
0.9455391258033463,0.9014432886167412,0.6635514018691588,3.1819739334052706,0.8476407845171609,0.004672897196261682,0.449173333393989,0.9890965732087228,0.0,0.9416983644816459,11925
1.3571104130604588,1.0126245283381181,0.5358255451713395,6.825748693823761,1.042193975811646,0.003115264797507788,0.8366920466628193,0.9984423676012462,0.0,0.9635422267437695,500
1.014528413348469,1.0155496281108993,0.5327102803738317,4.856188369023739,0.9430243997083188,0.003115264797507788,0.5614820580279107,0.9968847352024922,0.0,0.8837305212882048,320
0.8193611886683279,1.1191347829746232,0.37694704049844235,4.669615384615384,0.7709162588862929,0.014018691588785047,0.40262767536141547,0.985981308411215,0.0,0.9580833264286983,290
1.4485647645159756,1.2649435291452886,0.2616822429906542,6.870662741017773,1.10388816213031,0.001557632398753894,1.1074742749409257,0.9984423676012462,0.0,0.8343900953602625,585
1.3131525436890024,1.036353702498674,0.4953271028037383,7.406784497375918,0.8811109515055708,0.003115264797507788,0.4242263354943991,0.9875389408099688,0.0,1.1937454040339497,540
4.919446895572481,2.1486770133376023,0.040498442367601244,20.511669629418527,2.583999928703223,0.0,1.6361316293599186,0.9984423676012462,0.0,1.3213924487637385,5
1.0069004214773032,0.9906166689417955,0.5654205607476636,3.435210753866908,0.9185018144609325,0.003115264797507788,0.5274987750735909,0.9937694704049844,0.0,0.9853139896837111,495
0.6725692055694356,0.7396374573054278,0.9205607476635514,2.4846247376134576,0.6444501098008895,0.06074766355140187,0.29378944782367544,0.9719626168224299,0.0,0.9885784730758569,565
1.5895407531021462,2.044253846881741,0.06542056074766354,7.407358999999996,0.7511691713519036,0.018691588785046728,0.41951643164493807,0.9875389408099688,0.0,1.625875809158671,515
0.7259584635618679,0.7251155428096918,0.9314641744548287,2.424295725245836,0.652362315809034,0.05763239875389408,0.292967475668574,0.9719626168224299,0.0,1.141950852554933,520
1.7913760713761888,1.370687783501909,0.23208722741433022,7.406784497375918,1.3175688736846323,0.001557632398753894,1.0046715221570972,0.9984423676012462,0.0,0.8070773207466979,475
1.5539237013821714,1.412534675936059,0.22118380062305296,6.433692307692308,1.182043954394141,0.001557632398753894,0.8804559611655427,0.9984423676012462,0.0,0.8055236325045305,560
1.4509840413929838,1.1037010420465476,0.3894080996884735,6.565439064435056,1.1582283307144974,0.001557632398753894,0.7287307433958402,0.9984423676012462,0.0,1.054725542066383,450
0.8302118281865268,1.0057641274523434,0.543613707165109,2.796798604575049,0.7759696885852961,0.014018691588785047,0.48132630610010024,0.9906542056074766,0.0,1.1805689064367597,470
1.7181713147626074,1.4107318189782767,0.22274143302180685,5.735662980369146,1.2093270586393967,0.001557632398753894,0.8006611407898536,0.9984423676012462,0.0,1.1546424792203047,170
1.0450787430468493,0.9465182058546199,0.6292834890965732,4.351646411324498,0.9946577280117117,0.003115264797507788,0.590361657157826,0.9968847352024922,0.0,1.0965955624157566,135
0.7111162569469609,0.9381041505593875,0.6308411214953271,3.6665391343862797,0.6678327732368174,0.04672897196261682,0.30086150982661874,0.9766355140186916,0.0,1.242849791212925,265
4.953230525545442,2.4775970010624477,0.001557632398753894,27.263444924853008,1.905105105845139,0.0,2.0282297008290366,1.0,0.0,0.879310564471153,500
2.706449375492516,1.9097185442419886,0.1043613707165109,13.402695077924589,1.3367398686491059,0.001557632398753894,0.7835066625578917,0.9984423676012462,0.0,1.4172072538637448,370
0.883773091873344,1.0934344994633476,0.397196261682243,4.370444310196688,0.8024062117975419,0.012461059190031152,0.5517866786321467,0.9968847352024922,0.0,1.2170273529239037,540
1.595235698333796,1.1813343608886926,0.32710280373831774,6.629879857490969,1.1301537523715128,0.001557632398753894,0.7185043800557062,0.9984423676012462,0.0,1.000979724683498,355
2.3589908478719925,2.5600938925423464,0.001557632398753894,7.4194999999999975,1.2636282374551697,0.001557632398753894,0.8700984025987446,0.9984423676012462,0.0,1.8047127452873426,570
1.3077703859612362,1.2890367829510547,0.2554517133956386,5.949435897435897,1.0390516422993017,0.003115264797507788,0.6640942709249386,0.9984423676012462,0.0,0.8502720694650295,1350
1.6466891254068794,1.461464433802883,0.21806853582554517,7.406784497375918,1.0921950393587945,0.001557632398753894,0.8538623745055848,0.9984423676012462,0.0,1.2244996489486348,180
1.0014311929249755,1.2327656145854424,0.27258566978193144,3.5407298274470556,0.8741463343658495,0.003115264797507788,0.41548207853461055,0.9875389408099688,0.0,1.2641751102161867,260
1.0528208174634917,1.0920003594657126,0.3987538940809969,3.7356923076923074,1.0933521766015848,0.001557632398753894,0.8560577570078912,0.9984423676012462,0.0,0.839094372630938,530
0.8855767565294623,1.2433770622628204,0.26947040498442365,4.586509824493825,0.609532128903195,0.09813084112149532,0.24956353773961504,0.9657320872274143,0.0,1.0883394557531034,345
3.2104043406415856,2.6737761181637025,0.001557632398753894,10.478279069767446,1.7731447777059333,0.0,1.1802203691394264,0.9984423676012462,0.0,1.5876748892395824,500
1.7721431602245528,1.7866584439122901,0.13395638629283488,6.034132848289646,1.0662160015748654,0.001557632398753894,0.6929163774324208,0.9984423676012462,0.0,1.6386578841033865,640
1.2245010732046768,1.0610817017633296,0.45482866043613707,5.398435762170567,1.0917234451483067,0.001557632398753894,0.762253237273745,0.9984423676012462,0.0,0.9248951807593451,455
1.6860014107101449,1.9222751924054784,0.09345794392523364,7.462894765693729,0.9159275959842872,0.003115264797507788,0.5420728347895838,0.9953271028037384,0.0,1.320293272671675,395
0.6950812913339117,0.8618143844812379,0.6962616822429907,2.7373499340597247,0.6386841770456866,0.06853582554517133,0.33926654140745055,0.9844236760124611,0.0,0.9520498803538002,380
2.812812447125285,1.6058245548963241,0.19158878504672897,12.42527125148065,1.6366161772801426,0.001557632398753894,1.0292856136588473,0.9984423676012462,0.0,0.9846045002193956,455
0.9789231653618504,0.8421390181751227,0.7554517133956387,3.306526968214845,1.0034941701081737,0.003115264797507788,0.6813845588724813,0.9984423676012462,0.0,1.0113389742698347,275
0.6193745678611399,1.0091908064892168,0.5420560747663551,3.6319230769230773,0.7071205893710496,0.03426791277258567,0.3393000607805823,0.9844236760124611,0.0,0.9618353989623444,520
0.8436148297338866,0.8757945224263816,0.6791277258566978,3.320879972333147,0.85913330531256,0.003115264797507788,0.4914759710664461,0.9922118380062306,0.0,1.0331812870706467,370
1.5669235267179802,1.6624723460606925,0.1573208722741433,6.4077499999999965,0.997216119199064,0.003115264797507788,0.562436580771438,0.9968847352024922,0.0,1.4756166741519858,580
0.9616449789382469,1.0504927452179684,0.4735202492211838,4.623855041128409,0.9327532029643398,0.003115264797507788,0.5195037651622028,0.9937694704049844,0.0,0.6653158921788709,540
1.4202127766471238,1.2611015545022795,0.2616822429906542,4.076429185324758,1.3220747388499738,0.001557632398753894,0.9902524767617777,0.9984423676012462,0.0,0.8476833822363361,575
1.8326088642211658,1.2158436863695024,0.2850467289719626,7.572577500402312,1.218466684062954,0.001557632398753894,0.8700358849461732,0.9984423676012462,0.0,1.215205866707442,405
0.5912545840224487,1.186317578649988,0.32554517133956384,3.3512231252493376,0.452050948416018,0.5965732087227414,0.14480429421192434,0.8800623052959502,0.0,1.3795131311536428,350
1.90013216690602,1.2576586261777805,0.2632398753894081,5.233406764082693,1.5965145798738103,0.001557632398753894,0.9786369611927106,0.9984423676012462,0.0,1.0187090890352424,325
1.0768797082622048,1.1657570281929424,0.3395638629283489,5.050102564102564,0.958602115433093,0.003115264797507788,0.5493249348640056,0.9953271028037384,0.0,0.9600899231532253,460
0.7462489964152726,0.8133713710450989,0.7975077881619937,2.764287810034906,0.8109563826492368,0.009345794392523364,0.6428416014063071,0.9984423676012462,0.0,0.9555071877636663,300
2.35220767142211,2.5450246202714997,0.001557632398753894,7.406784497375918,1.2849409845213353,0.001557632398753894,0.7910698610930829,0.9984423676012462,0.0,1.6815448792496828,645
3.2285874226443956,1.8281565402825601,0.12149532710280374,16.900054480326308,1.4832367767654815,0.001557632398753894,1.205340517375971,0.9984423676012462,0.0,0.9625363477473735,385
1.7423973984550105,1.1879451397832645,0.32554517133956384,5.9380813366065945,1.510146880470481,0.001557632398753894,0.9008878047313414,0.9984423676012462,0.0,0.8261395940214004,100
0.9153554794873128,1.0925253351065471,0.3987538940809969,4.327176923076919,0.8487583059797107,0.004672897196261682,0.5770195033465482,0.9968847352024922,0.0,1.205166562105671,345
3.4128580713227064,2.2703700527221007,0.003115264797507788,13.725721443111391,1.823956491338661,0.0,1.1572081424756289,0.9984423676012462,0.0,1.4834047471545742,480
1.5976597532186625,2.025781191914465,0.06853582554517133,6.233054499999996,0.8660175854671007,0.003115264797507788,0.5931830795146298,0.9968847352024922,0.0,1.65281747387085,475
0.7689708065610483,1.0509153848968646,0.4735202492211838,3.4853101249999985,0.8164070418094102,0.009345794392523364,0.6642590822285289,0.9984423676012462,0.0,1.2574211073321762,425
3.7143360599866884,2.7391654831759604,0.001557632398753894,8.782923408766418,2.2452562410475254,0.0,1.6427330486599148,0.9984423676012462,0.0,1.865915070431392,815
1.2014391249167686,1.1500183877641186,0.35514018691588783,4.072114703176266,1.1598493223770519,0.001557632398753894,0.8700746115251866,0.9984423676012462,0.0,0.8482123218568742,305
0.7825903917643388,0.9034564821737019,0.6635514018691588,2.5392941176470587,0.719798232694669,0.03115264797507788,0.4285484196958525,0.9875389408099688,0.0,1.0095512898637409,565
1.0580549073966903,0.7967380744667187,0.8255451713395638,4.743343648745637,0.8316552536373294,0.006230529595015576,0.4530882042618009,0.9890965732087228,0.0,0.9452949972715377,565
1.6038074786230752,1.1736218630599289,0.3317757009345794,7.191828370958074,1.1578432042243327,0.001557632398753894,0.635155887620798,0.9984423676012462,0.0,0.9967785002668265,365
0.7937030947137391,0.9356081558749965,0.632398753894081,2.965107751013978,0.887098915463233,0.003115264797507788,0.6210022197954996,0.9984423676012462,0.0,0.9516713176101665,475
0.9646521906682953,0.9566554144854117,0.6199376947040498,4.860468909586771,0.753230945286546,0.018691588785046728,0.5536336681811613,0.9968847352024922,0.0,0.9105127413216431,11595
3.3230092307168944,2.3140787500826807,0.003115264797507788,19.664406945826908,1.1374519731830972,0.001557632398753894,0.799453769723118,0.9984423676012462,0.0,1.360126743504892,455
1.4883122214022544,1.3111534376358462,0.2507788161993769,6.675820512820513,1.1292817365195975,0.001557632398753894,0.799574235177749,0.9984423676012462,0.0,0.8548841892418484,470
0.7430330741436076,0.8670262353073364,0.6884735202492211,3.517231398029306,0.72525069993801,0.03115264797507788,0.401444215109439,0.985981308411215,0.0,1.0836405776724047,500
1.8013169812413796,1.4283490332743005,0.21806853582554517,8.024820512820511,1.2504996468360823,0.001557632398753894,0.8946178417005282,0.9984423676012462,0.0,0.8181553265762253,580
1.2697351112747701,1.2572992106123133,0.2632398753894081,4.991693300607207,1.120436432868723,0.001557632398753894,0.7399078288425492,0.9984423676012462,0.0,0.8466533740062426,410
2.5674668029373837,1.578669617017644,0.20093457943925233,10.65011003139542,1.5159276235632066,0.001557632398753894,0.9449741000151004,0.9984423676012462,0.0,1.3177205586537686,460
0.5837038107093095,0.7501257450614809,0.9003115264797508,2.4791636039132814,0.6075209215451093,0.102803738317757,0.2734017407844592,0.9688473520249221,0.0,0.9969236769890794,520
1.6221514128073675,1.352066081500647,0.2383177570093458,5.465179487179487,1.367333823615764,0.001557632398753894,0.7478246095317218,0.9984423676012462,0.0,0.9464681084598876,580
1.010610898045242,0.859805002504437,0.7009345794392523,2.742713631710544,0.9760121459985921,0.003115264797507788,0.489687869878831,0.9922118380062306,0.0,1.034541104216974,430
0.9617460492187901,1.0235403819922888,0.5171339563862928,3.0164049693449897,1.1120834618741677,0.001557632398753894,0.7287334124166065,0.9984423676012462,0.0,0.8545966688753329,355
1.9839155357157716,1.4607554530502163,0.21806853582554517,10.738860807293197,1.0406796656571957,0.003115264797507788,0.7657244867833402,0.9984423676012462,0.0,0.9764957394032258,395
2.7604422584312593,2.013658105779201,0.07009345794392523,15.483177127480678,1.1169054228253879,0.001557632398753894,0.7251362405485401,0.9984423676012462,0.0,1.4384818821534597,575
3.862872335516715,2.572396165263683,0.001557632398753894,23.607664107083718,1.1460352017099076,0.001557632398753894,0.9690160731875403,0.9984423676012462,0.0,1.3376977136163462,350
2.1153708673401366,1.5494700971612718,0.2118380062305296,7.406784497375918,1.3725245551403968,0.001557632398753894,0.853094779179024,0.9984423676012462,0.0,1.342592214417583,440
0.8670832040119644,0.968815875305274,0.5965732087227414,4.116491758676137,0.8382986323357113,0.006230529595015576,0.4746568767888689,0.9906542056074766,0.0,0.9622773897049901,555
1.1621856210593637,1.0749446073817526,0.43302180685358255,3.6322878033013075,1.167457751318628,0.001557632398753894,0.8650142083783015,0.9984423676012462,0.0,0.8843927502975183,0
1.428573482587215,1.1892767925398944,0.32554517133956384,4.973714842450528,1.0894940142605705,0.001557632398753894,0.7737130936031262,0.9984423676012462,0.0,1.2289285821493083,50
0.9259064250746207,0.8068300875872382,0.8021806853582555,3.7525109080795076,0.8452874601878059,0.004672897196261682,0.3843482426954414,0.985981308411215,0.0,0.9859477930102483,5370
1.5971467580229768,1.0334926989141122,0.5,7.406784497375918,1.1621031407748232,0.001557632398753894,0.8179129777012449,0.9984423676012462,0.0,1.169510299975071,475
2.8516341197467407,1.6817721680206774,0.1542056074766355,13.539533402099028,1.578569080381347,0.001557632398753894,1.3691339883302795,0.9984423676012462,0.0,0.8885361132159783,410
1.1035190400391,0.7736709644255949,0.867601246105919,3.372499999999999,0.9392569851678835,0.003115264797507788,0.44365631711491144,0.9890965732087228,0.0,1.079156316357591,435
1.9589140607343194,1.4955579099696665,0.21651090342679127,9.924834316030926,1.076635608374068,0.001557632398753894,0.8195745672133534,0.9984423676012462,0.0,0.9850914065721563,35
0.7449245836915352,1.0298248790997766,0.5077881619937694,3.752110768062492,0.8315160253300337,0.006230529595015576,0.5546381014351898,0.9968847352024922,0.0,1.039874732470155,1915
0.9487228515267181,1.1292690525838884,0.3691588785046729,5.644034361236704,0.71062247444612,0.03426791277258567,0.4148394579110094,0.985981308411215,0.0,1.2529091883843941,425
1.5026520878551086,0.9098120109254724,0.6557632398753894,6.72221749017591,1.142252480938326,0.001557632398753894,0.7425485036052625,0.9984423676012462,0.0,1.0219493356338938,510
1.337654151900852,1.3450834502243993,0.2383177570093458,4.633539776661525,0.9960910291637334,0.003115264797507788,0.518645214974381,0.9937694704049844,0.0,1.0761326959698336,465
3.5836861808237135,1.880191499186664,0.11682242990654206,17.30113565209482,1.7747005130621074,0.0,1.5728587327460013,0.9984423676012462,0.0,0.9970400883506237,475
1.3507117844232432,0.9170703109783949,0.6464174454828661,4.44992446174764,1.198838786721256,0.001557632398753894,0.7231587280989717,0.9984423676012462,0.0,1.0529721915858796,490
0.7606533217074902,0.9329474424913144,0.632398753894081,3.2310857312375965,0.6405994236686244,0.06697819314641744,0.2849937521996765,0.9719626168224299,0.0,1.0673522568012266,50
1.615211187407765,1.1992845417020146,0.3099688473520249,7.82857247545967,1.0880161524795378,0.001557632398753894,0.8968869433636136,0.9984423676012462,0.0,0.9019682548689301,515
1.1228667648715014,1.1020054213444623,0.3909657320872274,3.7770621447954458,0.951302615499304,0.003115264797507788,0.6825339350368764,0.9984423676012462,0.0,1.2068666760538986,455
0.9695782894621016,0.954651388929347,0.6214953271028038,3.1954784801109835,0.8465708657505246,0.004672897196261682,0.455729451617707,0.9890965732087228,0.0,1.129102839283486,385
1.872862399558745,1.403453799721244,0.22274143302180685,6.950900869258587,1.3409685142440408,0.001557632398753894,0.8688134553905335,0.9984423676012462,0.0,0.9682305438821692,25
1.20152614750778,1.1769268475946857,0.32866043613707163,3.88104792034282,1.1003376484083707,0.001557632398753894,0.7224329659853979,0.9984423676012462,0.0,0.9513940441462696,340
1.294042452744944,1.1887698527310668,0.32554517133956384,7.95380528048642,0.7978605741989816,0.012461059190031152,0.4931698072413422,0.9922118380062306,0.0,0.9536767189256831,435
1.646298853310019,1.2431536567168662,0.26947040498442365,10.564820117206873,0.8757570954876929,0.003115264797507788,0.6099750766603204,0.9968847352024922,0.0,1.176473261114136,425
1.4536014249888187,1.093516240960492,0.397196261682243,7.406784497375918,0.9717870590927982,0.003115264797507788,0.5047297273614955,0.9937694704049844,0.0,1.2445709466096002,535
1.3561017910944644,1.3360583820422143,0.2398753894080997,4.400256080485869,1.2161967763453694,0.001557632398753894,0.9877770779731531,0.9984423676012462,0.0,1.120907211134239,15
1.0159667375510248,1.2523708923328807,0.2632398753894081,5.325272180934858,0.6573694497146739,0.05451713395638629,0.32255764051255825,0.9813084112149533,0.0,0.9037134167059446,12460
3.3013907019803197,1.8515165755230796,0.11838006230529595,17.802578410898686,1.513645164593737,0.001557632398753894,1.4789755776939426,0.9984423676012462,0.0,0.8906226586577599,355
0.9716342952434056,0.8374150854482109,0.764797507788162,2.5500719682128636,0.9720268324489029,0.003115264797507788,0.5961866087626446,0.9968847352024922,0.0,0.9293484590921108,465
1.8653161253878707,1.6776793167227666,0.1542056074766355,8.509076923076911,1.091429908953619,0.001557632398753894,0.6451519872321223,0.9984423676012462,0.0,1.3628977575484562,375
2.489193736153005,1.5006066364932436,0.21651090342679127,13.080014035516498,1.3494816511011858,0.001557632398753894,1.2172539227784065,0.9984423676012462,0.0,0.9020434171282536,470
0.9453982529962626,1.0152801259309614,0.5327102803738317,3.8139827834067908,0.8321045089827762,0.006230529595015576,0.5419746097714586,0.9953271028037384,0.0,1.0283444634345535,475
1.5179309225412945,1.2514050073192846,0.2632398753894081,4.097401619038815,1.4165763707605767,0.001557632398753894,0.813571824210536,0.9984423676012462,0.0,0.8827510061399823,50
1.0118721337618772,0.7986117225114692,0.8161993769470405,4.756120806869949,0.8125807034922711,0.009345794392523364,0.3476598345294753,0.9844236760124611,0.0,1.0020325422592635,60
2.775975158142308,2.076834171109704,0.059190031152647975,16.67110175175191,0.9925930767807226,0.003115264797507788,0.7469619579435579,0.9984423676012462,0.0,1.36881798530168,315
0.646120708085374,1.1175072744485102,0.37850467289719625,4.225584175405642,0.5134257688295769,0.2585669781931464,0.18758100683385726,0.9376947040498442,0.0,1.2965542628468723,625
2.136304640946632,1.4934049110930023,0.21651090342679127,12.778670794774358,0.9849361264617322,0.003115264797507788,0.7770204540901617,0.9984423676012462,0.0,0.963922944824567,40
0.8921663955574025,0.7377367436726043,0.9221183800623053,2.3330316704443037,0.8887414593943693,0.003115264797507788,0.4861249049701645,0.9906542056074766,0.0,0.9979915207190941,440
0.5931421717013103,0.7567336354866736,0.8956386292834891,2.7420564397606153,0.6013373689340755,0.102803738317757,0.19919180243562637,0.9470404984423676,0.0,0.9927002669786946,455
2.4251806945837138,1.9920078255285514,0.07009345794392523,9.87883076923077,1.3543493256113166,0.001557632398753894,1.0277554897159256,0.9984423676012462,0.0,1.3847516988067172,55
1.6549741108117824,1.758234739771,0.14018691588785046,6.233054499999996,1.0632404086275606,0.001557632398753894,0.6476058014065383,0.9984423676012462,0.0,1.4871080353223618,350
1.0033700901811233,0.87671740804704,0.6791277258566978,2.68354486400314,1.0328998687787119,0.003115264797507788,0.7030556211215319,0.9984423676012462,0.0,1.0176671336445458,530
1.466739409307909,1.744154694984856,0.14174454828660435,5.4711300413369335,0.984108878000952,0.003115264797507788,0.5755559326527615,0.9968847352024922,0.0,1.17721686352864,210
1.477492605261674,1.2139418399591535,0.2881619937694704,7.256540652662555,1.0754204156090073,0.001557632398753894,0.6783932954442179,0.9984423676012462,0.0,0.9325018986677478,6440
1.0185936926150452,0.8760277668045405,0.6791277258566978,3.500824082760996,1.0345629714842919,0.003115264797507788,0.8312271618250114,0.9984423676012462,0.0,1.087351029682431,520
0.741385035198921,1.0645566757612568,0.4454828660436137,3.710886344390747,0.8167005495069413,0.009345794392523364,0.4066557620787019,0.985981308411215,0.0,0.8311447001916461,1725
1.019511685633936,1.084958150877651,0.40965732087227413,3.162327024722027,0.9702894345260279,0.003115264797507788,0.5320026283335473,0.9953271028037384,0.0,0.8920654217744955,515
1.3408048452971375,1.1430038866944146,0.3598130841121495,3.6370539161875577,1.350255028992752,0.001557632398753894,0.8358235613540219,0.9984423676012462,0.0,0.8370026015581395,30
0.7749893761070199,1.0031045324549048,0.5498442367601246,4.335898022336217,0.7565435249618458,0.018691588785046728,0.40351253414373706,0.985981308411215,0.0,0.7534931879226383,325
0.8228729680991669,0.9878522636145396,0.5700934579439252,3.3554438828146536,0.8804081757941169,0.003115264797507788,0.49930057466114525,0.9937694704049844,0.0,1.0203534464116082,500
1.244439548338138,1.310243910356365,0.2507788161993769,4.752710554959649,1.0924350914000487,0.001557632398753894,0.7700694309406693,0.9984423676012462,0.0,0.8131924935503043,445
0.8591648433202945,1.1947640436741602,0.3161993769470405,3.3348276250611684,0.7556184942915322,0.018691588785046728,0.3514407618160823,0.9844236760124611,0.0,1.325215674356119,9735
2.6329691610758,1.7534893741135882,0.14174454828660435,9.932676399363169,1.5415435651414415,0.001557632398753894,1.0565766599326052,0.9984423676012462,0.0,1.3659549481773072,430
1.1950287072243926,1.4038644102256064,0.22274143302180685,3.9915782444509174,0.9052510105692866,0.003115264797507788,0.6708383918253294,0.9984423676012462,0.0,1.3252675577005444,385
0.9896660990009675,1.3036811158967159,0.2523364485981308,4.445863106812464,0.6880449420743144,0.03582554517133956,0.3238498116421109,0.9813084112149533,0.0,1.0862451031866327,515
1.0827686487212937,1.1351560336997517,0.3644859813084112,4.410192307692304,0.9884181632983172,0.003115264797507788,0.638100950005522,0.9984423676012462,0.0,1.246325922301847,485
2.2811105438763053,2.51602381422626,0.001557632398753894,7.4194999999999975,1.2045233043519068,0.001557632398753894,0.7643953663140849,0.9984423676012462,0.0,1.7649268014212027,45
0.794212159239112,1.2087100033797864,0.29283489096573206,3.3225736454838426,0.6878705376004869,0.03582554517133956,0.3558909659225789,0.9844236760124611,0.0,1.325862073124133,650
0.5780379458331781,0.8430684319334546,0.7523364485981309,1.9770558571428594,0.5701261186925457,0.11526479750778816,0.3358754939756249,0.9828660436137072,0.0,0.9358415056829794,495
0.8690872547185575,1.1071926707775368,0.3862928348909657,4.435598510136146,0.8480392467025358,0.004672897196261682,0.42369258657669495,0.9875389408099688,0.0,0.9430361824744279,565
1.1860181287148643,1.3285027662115787,0.24299065420560748,4.528642330833997,0.8621398961137438,0.003115264797507788,0.4694182998936295,0.9906542056074766,0.0,1.0959588120102277,510
0.8689180618151027,1.0437695389962964,0.48909657320872274,4.669182070474769,0.8428779777407162,0.004672897196261682,0.3710414016647127,0.9844236760124611,0.0,0.8340601894294891,720
1.1947658553945164,1.224615189103312,0.27414330218068533,5.845666666666666,0.9698484418290526,0.003115264797507788,0.5229707336400452,0.9937694704049844,0.0,0.9134214715662362,1520
2.6040304528411493,1.879889915398679,0.11682242990654206,16.08387312042126,0.9636265178972598,0.003115264797507788,0.6872498213504027,0.9984423676012462,0.0,1.2940673119877422,530
1.7372883494578104,1.280805419147886,0.2570093457943925,10.951268992810222,0.9064429556249386,0.003115264797507788,0.5960486731342451,0.9968847352024922,0.0,0.8711492335728754,6180
1.1902654095412675,1.1762883532475636,0.3317757009345794,4.623867943886771,1.0863654246687329,0.001557632398753894,0.627397373724879,0.9984423676012462,0.0,0.8004444628191022,185
2.397514624148558,2.059029239899303,0.06386292834890965,10.169384615384615,1.2580532138583593,0.001557632398753894,0.869845611221461,0.9984423676012462,0.0,1.503943416634735,15
1.010440843901365,1.3425228050710873,0.2398753894080997,3.436119669343888,0.85588184243352,0.003115264797507788,0.5735980404556349,0.9968847352024922,0.0,1.3617714080644863,400
0.6071260820568731,0.8977627415938103,0.6651090342679128,1.933326203208552,0.6303424360344574,0.0794392523364486,0.34345495669555953,0.9844236760124611,0.0,0.9073085889436242,450
1.101039610304497,1.0880327909725587,0.40342679127725856,3.6017713722422204,1.1206376814804024,0.001557632398753894,0.9362282488352587,0.9984423676012462,0.0,1.1275396678558773,330
1.1902584774088978,1.0744172476543226,0.43457943925233644,4.044072747474098,1.11293561698064,0.001557632398753894,0.6532418523805216,0.9984423676012462,0.0,0.9763974806093076,470
3.494240538030676,1.909715988538548,0.1043613707165109,19.738698635527044,1.4888626174757678,0.001557632398753894,1.5560716741481209,0.9984423676012462,0.0,0.8749583415605533,5
1.6494926597249897,1.6293079880719046,0.16666666666666666,4.749755270153756,1.1428191674406893,0.001557632398753894,0.5873601172445442,0.9968847352024922,0.0,1.4540252050992204,9870
1.287117308715429,1.0845481639758385,0.40965732087227413,5.378883260415968,1.1417058587003772,0.001557632398753894,0.7898916942032876,0.9984423676012462,0.0,0.9701766009840592,760
2.3139508764780428,1.6514985264223563,0.1588785046728972,9.96889849365616,1.4122609087765892,0.001557632398753894,0.858402922523392,0.9984423676012462,0.0,1.0291325709510575,270
0.7768295392577215,0.8828457524507636,0.67601246105919,3.1403094473472795,0.6784463242376116,0.03894080996884735,0.3680741948709581,0.9844236760124611,0.0,0.9342499436281421,25
1.9245106814540562,2.2839012075684373,0.003115264797507788,8.455531681570575,0.8709972926386024,0.003115264797507788,0.4250005194167999,0.9875389408099688,0.0,1.514236486123437,315
2.7980420036177835,1.6575014822257441,0.1588785046728972,16.199105152069833,1.2998324327879232,0.001557632398753894,1.204041734443752,0.9984423676012462,0.0,1.0524683748220387,510
1.3192767136161465,1.190729488407227,0.32398753894080995,3.972036711059695,1.1346103605891917,0.001557632398753894,0.6571872056944658,0.9984423676012462,0.0,1.151596791837477,10
1.8878812962942844,1.4502386729293855,0.21806853582554517,8.26560850330573,1.1989675903401495,0.001557632398753894,0.8503387138868033,0.9984423676012462,0.0,0.9744601589007759,655
0.8171076167585798,0.7523544837308936,0.897196261682243,2.577256219667044,0.8713065074297616,0.003115264797507788,0.7300720761355384,0.9984423676012462,0.0,0.9698424487985405,330
1.8237859191574,1.2589875621108353,0.2616822429906542,7.406784497375918,1.255817986741914,0.001557632398753894,0.9930977476081753,0.9984423676012462,0.0,1.0619889290732336,420
1.4162540865372653,1.0309935334093345,0.5046728971962616,7.179372205227889,1.0844636799425214,0.001557632398753894,0.8357215591690973,0.9984423676012462,0.0,0.9292283514098503,425
1.0939550464406795,0.9931752462779562,0.5607476635514018,5.493011247872555,0.9508910080762575,0.003115264797507788,0.6488681724751117,0.9984423676012462,0.0,0.9609843814213984,415
2.634386987056602,1.9216472411950352,0.09501557632398754,14.162392981230509,1.177312029106111,0.001557632398753894,0.6737969800334811,0.9984423676012462,0.0,1.3928580183418946,360
1.4444673285244654,1.3702092530114849,0.2336448598130841,4.773384615384615,1.2444293496411223,0.001557632398753894,0.7736557452106011,0.9984423676012462,0.0,0.9680364595420127,1500
2.872722279543312,1.6424832707344827,0.16043613707165108,14.626031656772778,1.5281364947618985,0.001557632398753894,1.340335722063867,0.9984423676012462,0.0,0.8676302029679104,465
1.107298380650161,1.1128225828508305,0.38161993769470404,4.988346324747567,1.0299698221454932,0.003115264797507788,0.5602787476529917,0.9968847352024922,0.0,0.8503268398809172,335
0.7924852939256699,0.8443508603151907,0.7523364485981309,2.891251309373753,0.6968630140580977,0.03426791277258567,0.36496164176890994,0.9844236760124611,0.0,0.964637626534183,500
2.4657699069636627,1.4712419409293358,0.21651090342679127,14.458731533832477,1.191603921391601,0.001557632398753894,1.1704674661473513,0.9984423676012462,0.0,0.928853548079271,540
1.1578672120143954,1.2741565518138145,0.2601246105919003,3.974841451631747,1.0982011562798841,0.001557632398753894,0.8669635585523199,0.9984423676012462,0.0,1.087802284664726,1380
1.8263276028625401,1.5370011612160908,0.21495327102803738,5.619209874660494,1.3410982742898045,0.001557632398753894,0.9061800939466327,0.9984423676012462,0.0,1.2793917669470865,12165
1.0836524814511477,0.864335728351741,0.6900311526479751,2.698,1.0416029816184447,0.003115264797507788,0.5454587540767063,0.9953271028037384,0.0,1.025062379657348,480
0.7609132199166254,0.9434682714181215,0.6292834890965732,2.271438971400494,0.7875746996215732,0.012461059190031152,0.44590297034243237,0.9890965732087228,0.0,0.9053437714341265,535
2.647659123829495,1.6005808417443705,0.19470404984423675,15.00824770154193,1.1816801647698074,0.001557632398753894,1.2993266630878495,0.9984423676012462,0.0,0.8916068472130917,580
0.9291084192021645,1.4386137969904824,0.21806853582554517,3.572203031870878,0.6251421289625542,0.08255451713395638,0.26522724641835,0.9688473520249221,0.0,1.4855549448241274,620
0.9462719780047241,1.210570318013671,0.29283489096573206,4.165235847369514,0.7211659617991811,0.03115264797507788,0.2940612466917013,0.9719626168224299,0.0,1.1077303311005071,12150
1.2287583012167025,1.3703922382564826,0.2336448598130841,5.464975567021063,0.8001302668433827,0.012461059190031152,0.44651240095722466,0.9890965732087228,0.0,1.066383417101483,500
2.1355629708953434,2.084628763637219,0.05763239875389408,8.384553846153835,1.160870803873957,0.001557632398753894,0.7609604745945774,0.9984423676012462,0.0,1.5568335195047052,275
1.8026737102171313,1.9752049315658253,0.07476635514018691,7.971800674439382,0.9578560831208733,0.003115264797507788,0.5090381175459517,0.9937694704049844,0.0,1.330743714275583,355
2.413996661235474,1.5490178530512517,0.2118380062305296,11.04383056844447,1.4704144251010862,0.001557632398753894,1.0727297027505922,0.9984423676012462,0.0,1.0594817452115735,570
1.1331981874557076,1.246859077105289,0.26635514018691586,5.914846153846153,0.8908243225066961,0.003115264797507788,0.5684053199903107,0.9968847352024922,0.0,0.8821606957909051,540
0.9902025890629274,1.2951359893125158,0.2538940809968847,3.348090498797895,0.7986017424475521,0.012461059190031152,0.4338024554538755,0.9875389408099688,0.0,1.4022672967314473,415
1.0951176171471775,1.010609203001034,0.5373831775700935,4.373834563994289,0.9348923095134325,0.003115264797507788,0.4800327282998929,0.9906542056074766,0.0,0.9411159585561208,30
0.8750216939436112,0.982700756073863,0.5825545171339563,3.542876483029796,0.9539829559903518,0.003115264797507788,0.785391235814675,0.9984423676012462,0.0,0.8780807756040104,480
1.6197359078381073,1.446161460954323,0.21806853582554517,4.466766555085389,1.4108165125134495,0.001557632398753894,0.9253741431028485,0.9984423676012462,0.0,0.9924199773790918,950
2.020046772883354,1.4128229563742842,0.22118380062305296,8.490961250527915,1.2881348901259966,0.001557632398753894,0.7632637376803248,0.9984423676012462,0.0,1.2688114102146093,25
0.5784283020435402,0.9268434446412803,0.6401869158878505,2.3567050971255616,0.6589800037813088,0.05451713395638629,0.26440682056869463,0.9688473520249221,0.0,0.9758279276430669,440
3.1646492708107226,2.819591174502003,0.001557632398753894,10.60376744186045,1.6361518669316906,0.001557632398753894,1.1023404377062855,0.9984423676012462,0.0,1.7437312306194876,175
0.7627972860344033,0.8743878452206675,0.6806853582554517,2.3072301002041855,0.7109624041577136,0.03426791277258567,0.39864134462147305,0.985981308411215,0.0,1.0604162763676468,10950
1.2308178223946438,1.144926842149117,0.3598130841121495,7.342530144413513,0.834701864036472,0.006230529595015576,0.44812673591570046,0.9890965732087228,0.0,1.2135788264937786,435
0.7310578433075141,1.1890507127875458,0.32554517133956384,3.373576929538109,0.622388869374905,0.08722741433021806,0.31496691736630456,0.9797507788161994,0.0,1.3524289912270318,240
1.2591163579168785,1.3304259136744265,0.24143302180685358,3.3492764471984247,1.0557552686158376,0.001557632398753894,0.5755711821389404,0.9968847352024922,0.0,1.3954865602910622,355
2.923638687355183,2.1110881537058708,0.04984423676012461,14.390853079890855,1.3514835150254307,0.001557632398753894,0.9933622023815354,0.9984423676012462,0.0,1.474674166191949,570
1.7027768995027148,2.1358241812630454,0.04361370716510903,6.233054499999996,0.9185412646935105,0.003115264797507788,0.7882067227059759,0.9984423676012462,0.0,1.675513238371018,360
5.923837351528612,2.8994763132051773,0.001557632398753894,32.4404409969115,2.0698446988831316,0.0,2.353191971104632,1.0,0.0,0.9172086575659154,480
3.6727408285644234,1.7140876598546657,0.14797507788161993,14.064188277923803,2.2233089913018076,0.0,1.4064541564168849,0.9984423676012462,0.0,0.9173577177496198,360
1.3997508593162684,1.2677608551569124,0.2616822429906542,4.116179487179487,1.296031919762134,0.001557632398753894,0.944837743551026,0.9984423676012462,0.0,0.8269154552213894,500
2.2598857477020995,1.697034767716459,0.1526479750778816,6.059978991366182,1.7804914430283283,0.0,1.2048581638451037,0.9984423676012462,0.0,1.100665180078023,500
0.7680747995907206,1.047395046378041,0.48130841121495327,3.706578621029497,0.8451250422294444,0.004672897196261682,0.5876217344182407,0.9968847352024922,0.0,1.073119513066529,1450
0.7490261760882031,0.9293061740597027,0.6401869158878505,3.4902416370725207,0.6344763025451786,0.07476635514018691,0.3103953479113812,0.9781931464174455,0.0,0.8933041527909724,11895
0.6908508597268335,0.8746844870927553,0.6806853582554517,2.048294705884839,0.7024113923063662,0.03426791277258567,0.33292593821738264,0.9828660436137072,0.0,0.9248034641860169,11730
1.0900511755546916,1.0165481116511932,0.5295950155763239,4.929690321359011,0.9907971487054281,0.003115264797507788,0.5045882394763812,0.9937694704049844,0.0,0.9817654782703171,5545
1.2234394986012576,1.1153360321443213,0.37850467289719625,5.116045749495955,1.0974762647551966,0.001557632398753894,0.7478535913203856,0.9984423676012462,0.0,0.8879508924861191,725
1.0586917443869206,0.9598830799290007,0.6121495327102804,2.8709487179487185,1.1703706287546052,0.001557632398753894,0.671606052082307,0.9984423676012462,0.0,0.9130044481048827,570
3.0697541392562755,2.512647370507262,0.001557632398753894,8.45361069349875,1.7595821657278476,0.0,1.373772833785931,0.9984423676012462,0.0,1.8271160247065528,5
1.338582657995943,1.1985761611274401,0.3130841121495327,3.395285343716743,1.3698915353102445,0.001557632398753894,0.8791493858876785,0.9984423676012462,0.0,0.8122093184405913,450
1.5808116145826823,2.1096695797834917,0.04984423676012461,6.385800138071435,0.820311549006063,0.009345794392523364,0.47165978656682284,0.9906542056074766,0.0,1.5167029788957362,260
0.8927266540069076,0.9893493618065485,0.5669781931464174,3.739447412155837,0.9446760102986156,0.003115264797507788,0.5604298077234884,0.9968847352024922,0.0,1.1280008091932787,485
1.2346553687739503,1.4302190497635787,0.21806853582554517,4.416570700157159,0.899197480237071,0.003115264797507788,0.6509990791319884,0.9984423676012462,0.0,1.1569882913473384,12635
1.531582845791565,1.5171159857513492,0.21651090342679127,4.751100474057378,1.1393898667647855,0.001557632398753894,0.854542913667356,0.9984423676012462,0.0,1.2960547763708454,12920
1.957219931902934,1.4401682398048523,0.21806853582554517,8.865700303668444,1.3181833840012747,0.001557632398753894,0.9825630383451104,0.9984423676012462,0.0,1.1052267514235155,460
0.8803162782382175,1.0641454410436237,0.4454828660436137,3.5281538461538458,0.9605324134517873,0.003115264797507788,0.9006531608329287,0.9984423676012462,0.0,0.8310191708385972,360
0.7800869601091052,0.9322233037896462,0.6355140186915887,2.7150351379748927,0.73529917790649,0.028037383177570093,0.4139632185837365,0.985981308411215,0.0,0.8771511437943449,11890
1.506286441846544,1.2403225698869311,0.26947040498442365,8.378497120068676,0.9830817022149938,0.003115264797507788,0.6907781783071415,0.9984423676012462,0.0,0.9068899911195152,6270
1.0918686201362608,1.1378322164621275,0.3629283489096573,4.035678739966785,1.0763914491693143,0.001557632398753894,0.816536738296145,0.9984423676012462,0.0,0.9230105020844482,270
1.2410370552527885,1.2339911380381927,0.27258566978193144,5.741897435897436,1.024384824343163,0.003115264797507788,0.6589053708635806,0.9984423676012462,0.0,0.8508013471830104,600
0.9128184881552162,1.1470734154680258,0.3598130841121495,3.372499999999999,0.8473207381135998,0.004672897196261682,0.4017367411308489,0.985981308411215,0.0,1.2423554446444396,400
0.9188761786009919,1.2097530799684417,0.29283489096573206,4.298637695520554,0.6810106357030095,0.037383177570093455,0.29770058526034493,0.9735202492211839,0.0,1.1087215361556773,295
2.2064275034734755,1.4543229082211295,0.21806853582554517,14.207010712297501,0.9536600567855749,0.003115264797507788,0.522077649586651,0.9937694704049844,0.0,1.1969420660806678,260
1.1208601411825878,0.8308839556560862,0.7819314641744548,4.100640908029517,0.9834149277493764,0.003115264797507788,0.5921008850175743,0.9968847352024922,0.0,0.9784605957369626,455
1.012615177083604,1.214807701381043,0.2866043613707165,4.469563933213723,0.8194745048989361,0.009345794392523364,0.37926691424515896,0.985981308411215,0.0,1.2780639365017632,120
1.9889204944087995,1.294965775976245,0.2538940809968847,9.57732702205757,1.298032943432526,0.001557632398753894,1.0727815040924207,0.9984423676012462,0.0,0.9268959250610558,490
2.0860525393496325,1.64756711191582,0.16043613707165108,14.864749353703615,0.6960841511302218,0.03426791277258567,0.26322854545880847,0.9688473520249221,0.0,1.2109239373164116,575
0.806411630846918,0.9042511299302393,0.6635514018691588,2.857259558024741,0.7629973507311701,0.01557632398753894,0.39180011451431956,0.985981308411215,0.0,0.941278495516596,480
0.7110595538518865,0.9549758772226298,0.6199376947040498,2.4041407579322414,0.728020461163111,0.03115264797507788,0.38789320514159137,0.985981308411215,0.0,0.8728193628388341,11615
3.013399956530688,2.776904266902625,0.001557632398753894,10.20638759689921,1.5448937018426834,0.001557632398753894,1.1221880881425261,0.9984423676012462,0.0,1.6257466438848736,3005
2.3748244001251346,1.235960972269454,0.27102803738317754,9.41736229599725,1.6757677395117505,0.0,1.122013361387895,0.9984423676012462,0.0,1.1058554094411934,260
1.4686240426767523,1.2012254230199177,0.30218068535825543,7.406784497375918,0.9291307288271919,0.003115264797507788,0.466934645349398,0.9906542056074766,0.0,1.242774871928502,445
1.2810822160913422,1.122212069008038,0.37383177570093457,6.385778924949881,1.0466481603825815,0.003115264797507788,0.7570392517261748,0.9984423676012462,0.0,1.103020719745917,280
1.1262998449532762,1.1666155815403498,0.338006230529595,3.6319230769230773,1.1252216609476515,0.001557632398753894,0.8913871514256578,0.9984423676012462,0.0,0.832038574459446,530
2.4076916118444536,2.471524767453829,0.001557632398753894,7.901285714285715,1.344957191140958,0.001557632398753894,0.7539361803368099,0.9984423676012462,0.0,1.63573440358674,450
0.6295136358872224,0.884455152271648,0.67601246105919,2.5140766840082214,0.5922227733052673,0.1059190031152648,0.3136925975771596,0.9797507788161994,0.0,0.939937387940631,375
0.7821259446024442,0.9241245871024766,0.6417445482866043,4.676898701387155,0.7105613979406673,0.03426791277258567,0.4663674406529044,0.9906542056074766,0.0,1.1399053233237841,330
0.7741016186796144,0.8788071029530243,0.67601246105919,3.0701756129104716,0.6474546005517685,0.059190031152647975,0.2822817889480326,0.9719626168224299,0.0,1.0517964707305505,10865
0.9397041574172541,0.9774306652456416,0.5872274143302181,5.246607474505227,0.770960722796956,0.014018691588785047,0.3989596873927289,0.985981308411215,0.0,0.9757291950327844,25
1.0029735283786758,0.7797512842653306,0.8535825545171339,2.1658609791807826,1.0204554367520762,0.003115264797507788,0.6090195276369745,0.9968847352024922,0.0,1.011670381482978,425
1.2563105135556856,1.1792330893675158,0.32710280373831774,5.595434909048432,1.0822665850524957,0.001557632398753894,0.7032046370681336,0.9984423676012462,0.0,0.9244700694594317,535
0.7823637202964373,0.8016765030039547,0.8084112149532711,2.2610609828875345,0.7835452692427435,0.012461059190031152,0.3390830081183621,0.9844236760124611,0.0,0.9793269786761765,590
2.5106319277751137,2.0221126778673773,0.07009345794392523,17.125653792902654,0.7104552573602904,0.03426791277258567,0.38334908066219264,0.985981308411215,0.0,1.3414698245007748,25
2.127360168562408,1.6983980695039052,0.1526479750778816,15.111905264447984,0.6842192465304497,0.03582554517133956,0.34186141921456753,0.9844236760124611,0.0,1.3010282939968671,375
1.2004336276467085,0.9300676465569144,0.6386292834890965,4.256955863558953,1.1072732016149505,0.001557632398753894,0.7616169752347571,0.9984423676012462,0.0,0.9886886949521628,445
0.7329102758009944,0.8574930007902241,0.7071651090342679,2.7602615384615263,0.7832288361032356,0.012461059190031152,0.4627687374432601,0.9906542056074766,0.0,0.9796433850496413,5915
2.2949660162441847,1.7580492773363925,0.14018691588785046,8.083623076923045,1.5244486674385354,0.001557632398753894,1.0804827946145257,0.9984423676012462,0.0,1.2183424810049406,495
1.2202312370131414,1.205916113628826,0.29750778816199375,4.770376042648487,1.116830039082323,0.001557632398753894,0.7036082208756632,0.9984423676012462,0.0,0.8429863592495618,1195
1.3255002804123586,1.3412556804329154,0.2398753894080997,4.43556506411253,0.9961953023787397,0.003115264797507788,0.591308748745855,0.9968847352024922,0.0,1.1087448746171902,375
0.7914913704331702,0.8705955787284919,0.6884735202492211,2.516615585718268,0.7615878874815359,0.01557632398753894,0.41221975814919687,0.985981308411215,0.0,0.9456289106595706,11430
1.3247108749529939,1.1832625519210596,0.32710280373831774,4.047,1.2718710722644573,0.001557632398753894,0.8946547517534819,0.9984423676012462,0.0,0.8300730846220663,355
2.921440647084222,2.519158064579345,0.001557632398753894,8.073008121935958,1.6434497303018119,0.001557632398753894,1.369850271246712,0.9984423676012462,0.0,1.871245461564347,9290
1.5770850329308974,1.3454817719149472,0.2383177570093458,6.0645336012251425,1.1798530087001748,0.001557632398753894,0.929506695947672,0.9984423676012462,0.0,0.9519288267200401,530
0.7537821063264423,0.6669175735050356,0.9890965732087228,2.0235,0.7289051937387617,0.03115264797507788,0.4065659927063509,0.985981308411215,0.0,0.8858508153601697,9035
1.2343651271256344,1.1447127223810007,0.3598130841121495,3.937426867677685,1.0732765303808087,0.001557632398753894,0.6596895377957372,0.9984423676012462,0.0,0.9243029334929059,305
3.681475947142996,3.0241811588558614,0.001557632398753894,11.304410852713163,1.9935299350019189,0.0,1.3979663332633392,0.9984423676012462,0.0,1.6873026835859914,2615
1.1576347632090407,1.2468206443139136,0.26635514018691586,5.465179487179487,0.9616522411603837,0.003115264797507788,0.5925814354718622,0.9968847352024922,0.0,0.8724394988729377,5
3.4937498255277326,2.142786178546973,0.040498442367601244,14.134366667277398,1.9404441675877235,0.0,1.517050764658791,0.9984423676012462,0.0,1.2253917224346498,285
1.4874771917182632,1.1656224656600105,0.3395638629283489,5.56268915355144,1.1446098791443482,0.001557632398753894,0.7174248941656662,0.9984423676012462,0.0,0.9234401200879414,490
1.0036070112439528,1.1346489445683623,0.3644859813084112,3.3897948717948716,1.0672581977209854,0.001557632398753894,1.0020311572253453,0.9984423676012462,0.0,0.8198745899248503,460
1.1129235086381553,1.107229577545233,0.3862928348909657,5.45219248639118,0.9191286035670163,0.003115264797507788,0.4925975658027123,0.9922118380062306,0.0,1.2159301258585633,90
0.8850542933890777,1.0816297360250418,0.4174454828660436,4.244161538461532,0.8376597101092252,0.006230529595015576,0.5490540292411005,0.9953271028037384,0.0,1.2291302071497676,330
2.215209816150181,1.479754491269905,0.21651090342679127,11.761540944805994,1.1829594340475977,0.001557632398753894,0.6389746849329062,0.9984423676012462,0.0,1.2024379814399364,510
0.8174156444641121,1.0638509495162105,0.4454828660436137,3.7356923076923074,0.8874268839327532,0.003115264797507788,0.382215324680879,0.985981308411215,0.0,0.942072122543399,340
1.6099755468994226,1.241638470502592,0.26947040498442365,7.406784497375918,1.1883294239634854,0.001557632398753894,0.7973451764132142,0.9984423676012462,0.0,0.8635546838962159,555
0.9110229712130825,0.8732665286696643,0.6822429906542056,3.5334109858069955,0.8948268335379536,0.003115264797507788,0.604694007685282,0.9968847352024922,0.0,0.9885253618522931,515
1.424956211902487,1.2656447656631105,0.2616822429906542,7.714569281750623,0.9097406414972347,0.003115264797507788,0.46196054937637104,0.9906542056074766,0.0,1.250665620814175,7755
0.5859381355320008,0.8358781147194607,0.7679127725856698,2.2505638306100484,0.5761490934388459,0.11214953271028037,0.24230223956707303,0.9641744548286605,0.0,1.1842035292257918,620
0.859419441026224,0.8938986981298463,0.6697819314641744,3.233764530460131,0.8760677797672356,0.003115264797507788,0.44724624625877896,0.9890965732087228,0.0,0.9531688122048924,15
2.7064094125756677,1.777984783973139,0.13551401869158877,9.416637248419844,1.652979244776794,0.0,1.0913705029582548,0.9984423676012462,0.0,1.3471811077159646,395
2.3235068495978566,1.8351352791306974,0.11993769470404984,6.262086474332826,1.5983446894027198,0.001557632398753894,1.1458857873140118,0.9984423676012462,0.0,1.393937330440147,13240
1.748109586286799,1.3379472647783457,0.2398753894080997,5.548733108724198,1.4488373139026052,0.001557632398753894,0.8764571147295259,0.9984423676012462,0.0,0.8836138324300913,335
5.939301079781462,2.8358059147595447,0.001557632398753894,25.329822311821303,2.9266614495638565,0.0,2.443393603504599,1.0,0.0,0.8479860826485099,485
7.971322932804462,3.0033288873481223,0.001557632398753894,32.618835389525984,4.072264395083477,0.0,2.5945496819732226,1.0,0.0,1.0464552588869789,370
0.9333771093328114,0.7931644142000911,0.838006230529595,3.5601299194061107,0.8134433838566147,0.009345794392523364,0.45570525529483646,0.9890965732087228,0.0,0.9756483461461984,345
0.9594580349917019,0.7571123446619402,0.8940809968847352,1.9926068134812174,0.9633454053769049,0.003115264797507788,0.5411595934349024,0.9953271028037384,0.0,1.044314938666826,0
0.6919156692580413,0.873141386516485,0.6822429906542056,2.16469322433396,0.6739736227248564,0.04361370716510903,0.33969820947763835,0.9844236760124611,0.0,0.9608873184358414,610
0.9385425125107685,1.151672848399582,0.35514018691588783,3.3440999999999974,0.9280754790536045,0.003115264797507788,0.5004296388479668,0.9937694704049844,0.0,1.2701176570977435,340
1.8614600521209008,1.3662687795909951,0.2336448598130841,7.406784497375918,1.257516253047955,0.001557632398753894,0.7248715762985368,0.9984423676012462,0.0,1.2404530040692208,275
4.056943105551952,3.2270452067919955,0.001557632398753894,10.373705426356578,2.327306747221438,0.0,1.7262500800615463,0.9984423676012462,0.0,1.892662002674119,570
1.04526518346225,0.9037213030890748,0.6635514018691588,4.773428824604163,0.9056740635721781,0.003115264797507788,0.5319063550621476,0.9953271028037384,0.0,1.010635668847769,10
2.229530080057429,1.686837286099312,0.1542056074766355,10.640178173339873,1.2411706222747414,0.001557632398753894,0.8622422157013162,0.9984423676012462,0.0,1.3163999060422273,490
0.9764358549633062,0.9738606553880468,0.5934579439252337,4.063288103696236,0.9120287175539865,0.003115264797507788,0.5674226920357154,0.9968847352024922,0.0,1.006875318260183,575
0.9810272375474262,0.9582062913433032,0.618380062305296,3.566621801553953,1.0471113615764716,0.003115264797507788,0.8435913412078369,0.9984423676012462,0.0,0.903567343764296,20
1.913842805658339,1.5820947798586353,0.19937694704049844,14.448588857820733,0.6062250117802244,0.102803738317757,0.1929537486429683,0.9439252336448598,0.0,1.14545826132872,5180
3.296399410879106,2.291975097233297,0.003115264797507788,20.740949411120972,1.0100380940148288,0.003115264797507788,0.7594104943731378,0.9984423676012462,0.0,1.3619722983209088,800
2.0536341408692635,1.391114378919334,0.22741433021806853,11.352459360043643,1.1533376464847491,0.001557632398753894,0.8900991023980072,0.9984423676012462,0.0,1.0407758665834743,455
1.02789950014645,1.1205322719056152,0.37538940809968846,5.396,0.9064901682265609,0.003115264797507788,0.5110012495896481,0.9937694704049844,0.0,0.940283259304879,230
0.8815621142862513,1.0173880847363272,0.5280373831775701,3.0804440937317445,0.7907844634789112,0.012461059190031152,0.48057343072849545,0.9906542056074766,0.0,1.1622269901205313,220
1.6551846518789899,2.1122782842782217,0.04984423676012461,6.685964764685612,0.8623568684807017,0.003115264797507788,0.46700795063773615,0.9906542056074766,0.0,1.5105477084008256,595
2.6899637977014508,1.9834741506362268,0.07476635514018691,16.614301278291073,0.9512869025027423,0.003115264797507788,0.6733328944005462,0.9984423676012462,0.0,1.3267456443476995,335
4.935135995714036,2.42696270912931,0.001557632398753894,26.937557386472587,1.896149705474941,0.0,1.9999581036626923,1.0,0.0,0.9178647785149141,500
0.8441365470620854,0.8370603331007428,0.764797507788162,2.9394402919214153,0.7572966935231096,0.018691588785046728,0.3883137309483243,0.985981308411215,0.0,0.9412634306922071,595
2.5769741369003434,2.379677580064835,0.001557632398753894,10.750492307692301,1.2189923041890915,0.001557632398753894,1.0048513653553417,0.9984423676012462,0.0,1.6105028274922757,235
0.8044072302771594,1.0466552306348909,0.48130841121495327,4.12323365630127,0.8441709385458673,0.004672897196261682,0.4387468998583821,0.9875389408099688,0.0,0.9606407785832729,460
1.3951716584310658,1.2555799282622742,0.2632398753894081,4.65187316947231,1.2710655556139194,0.001557632398753894,0.7409338641526348,0.9984423676012462,0.0,1.018418140225357,450
1.4497614819325788,1.3588826218399,0.2367601246105919,4.450945116555397,1.2973018576522461,0.001557632398753894,0.8830551290359704,0.9984423676012462,0.0,1.0668182603313667,445
1.7413783991404255,1.395762300959878,0.22741433021806853,7.406784497375918,1.2201199490395636,0.001557632398753894,0.8286426389010297,0.9984423676012462,0.0,1.2029301817054268,340
1.7343576497797886,1.321333756427768,0.24610591900311526,7.406784497375918,1.2802090852220875,0.001557632398753894,0.8169927688144245,0.9984423676012462,0.0,0.8281129088738955,135
1.9771253704988963,2.252549905074769,0.004672897196261682,7.4194999999999975,1.0220797691959123,0.003115264797507788,0.7259354405540257,0.9984423676012462,0.0,1.743333167613927,290
1.2377586078013716,1.1180690643209135,0.37850467289719625,5.046614441880073,1.034262752593216,0.003115264797507788,0.558744753734099,0.9968847352024922,0.0,0.976226302647477,6390
1.553509543946027,1.5340448139699476,0.21495327102803738,4.34259504638306,1.1291048037818185,0.001557632398753894,0.6409981023697817,0.9984423676012462,0.0,1.454916724155689,45
0.6755947108336323,1.2029799226738875,0.29906542056074764,3.3489871553162294,0.5553695782416114,0.1261682242990654,0.23879357529198303,0.9626168224299065,0.0,1.3605722238759246,390
2.987922054667595,2.8523944025229038,0.001557632398753894,9.678339880314464,1.5314295194239405,0.001557632398753894,1.1773280611486114,0.9984423676012462,0.0,1.7694658423354468,3285
0.5584219448663373,0.9191286923930904,0.6464174454828661,2.753128510583204,0.5951848757702126,0.1043613707165109,0.22272900470878065,0.9595015576323987,0.0,0.9612350713443671,450
6.538086436574138,2.521328720498625,0.001557632398753894,27.562262049100926,3.3146171460385725,0.0,2.1321864830415795,1.0,0.0,1.2950201315018484,480
1.6140775981326585,1.1958945777988743,0.3161993769470405,7.406784497375918,1.0397779372517322,0.003115264797507788,0.5030248787085908,0.9937694704049844,0.0,1.1016669902902638,75
0.7956999103386336,1.0159608453468951,0.5311526479750779,2.9957702426642743,0.9257867286687712,0.003115264797507788,0.6940767609146152,0.9984423676012462,0.0,0.9262589927667039,385
0.7788102696360472,0.8941474844449354,0.6697819314641744,1.9271428571428566,0.7998009397064396,0.012461059190031152,0.44569096486697796,0.9890965732087228,0.0,0.9313032518082156,500
0.7056487919124037,0.793864116847384,0.8348909657320872,1.9833161601899798,0.6921605893734991,0.03426791277258567,0.4401420307739054,0.9875389408099688,0.0,0.9479354528318119,390
1.201535130983616,0.8139612349948029,0.7959501557632399,4.742255703932385,0.9833226493844288,0.003115264797507788,0.5632165573328762,0.9968847352024922,0.0,1.0093006347717366,235
1.011275754846338,1.35615645038866,0.2367601246105919,3.453745164751098,0.855397248576701,0.003115264797507788,0.5879844721509749,0.9968847352024922,0.0,1.3679101077095814,410
0.855327188312973,0.9988697467527813,0.5560747663551402,2.9978300320391593,0.7871033762935137,0.012461059190031152,0.49980577092430123,0.9937694704049844,0.0,1.0006730595208901,470
1.1256204113349868,1.0012225506505252,0.5514018691588785,4.177043815603275,1.0886942587730228,0.001557632398753894,0.7868834151096579,0.9984423676012462,0.0,0.9073526575167107,505
2.622179776338526,2.7008374614223833,0.001557632398753894,7.756749999999997,1.4368784685026375,0.001557632398753894,1.0239640874866611,0.9984423676012462,0.0,1.8167620944284717,550
2.6177825926437484,1.923519730721249,0.09345794392523364,14.275067856590292,1.1382125715087839,0.001557632398753894,0.8445667720762626,0.9984423676012462,0.0,1.358264102556664,260
1.763068226618355,1.2584430561355746,0.2616822429906542,8.692755906231337,1.1451869813572852,0.001557632398753894,0.6544941844404931,0.9984423676012462,0.0,1.2128640414536045,580
3.0550959757374545,2.259740377582001,0.003115264797507788,17.523994428846443,1.093161696274733,0.001557632398753894,0.8555756565192683,0.9984423676012462,0.0,1.2849004128693104,4215
1.625575272906897,1.511259518689641,0.21651090342679127,7.544023076923075,1.029400237928981,0.003115264797507788,0.5727022346888383,0.9968847352024922,0.0,1.3257949616519107,520
3.8562689191853985,2.037336966492503,0.06697819314641744,19.880141107181274,1.7592878908913379,0.0,1.6400436717196507,0.9984423676012462,0.0,0.9221215695998048,575
1.0157353940426452,0.8255446331945174,0.7897196261682243,2.3357762927458974,1.0083541544317725,0.003115264797507788,0.6600766448830255,0.9984423676012462,0.0,1.0998399934011756,360
2.9722100853314113,1.7261201017988168,0.14797507788161993,16.633573580450108,1.3599855894067487,0.001557632398753894,1.3936593809417008,0.9984423676012462,0.0,0.8845503610604067,475
1.0072939506462526,1.037987769827125,0.4937694704049844,6.188563085265361,0.7778682633811159,0.014018691588785047,0.4297765942101647,0.9875389408099688,0.0,1.1852130491833315,505
1.0528598823375726,0.7813612907460873,0.8489096573208723,4.009989560895725,0.8545162148271298,0.003115264797507788,0.46519567318598243,0.9906542056074766,0.0,1.0071318361157535,355
3.5884361115003727,1.861174969299271,0.11682242990654206,19.69318135781123,1.61052527690659,0.001557632398753894,1.5123268825364253,0.9984423676012462,0.0,0.9194299844224406,485
0.6015708726234241,0.8295957332835495,0.7850467289719626,1.7843415714285742,0.6285107408480006,0.08255451713395638,0.34060846069271306,0.9844236760124611,0.0,0.9341821922739546,11580
2.7983959323082694,1.5529065162596747,0.2102803738317757,11.497205751889576,1.7650650207151641,0.0,1.2557740733246514,0.9984423676012462,0.0,0.9235686180498033,540
3.2219227125527112,2.1835169749493737,0.024922118380062305,11.862095340469262,1.8829154028139157,0.0,1.2341091652337972,0.9984423676012462,0.0,1.4815833563976086,5035
1.9594494051586249,2.0041476716114026,0.07009345794392523,7.188989624999998,1.1819271805279956,0.001557632398753894,0.7683825180418773,0.9984423676012462,0.0,1.3387025556403953,515
0.5123351266913535,0.880518976691069,0.67601246105919,2.132927714106723,0.5870329009225207,0.10747663551401869,0.197786150252571,0.9439252336448598,0.0,0.8728573465917407,6450
0.7684443442082235,1.022427698866802,0.5186915887850467,4.0971024257322375,0.8003859698951529,0.012461059190031152,0.3955077044144653,0.985981308411215,0.0,0.8185370979715377,5
3.6299173031080576,2.951467140923778,0.001557632398753894,9.182520036866729,2.0325653569869737,0.0,1.8500193269998317,1.0,0.0,1.9858598540405183,315
1.7403843863427224,1.9400172064334869,0.08722741433021806,7.373994287743617,0.9649156407891697,0.003115264797507788,0.6292532412638967,0.9984423676012462,0.0,1.3452462098623374,510
2.4108494116932127,2.5018537380137027,0.001557632398753894,8.282232558139524,1.279161861060613,0.001557632398753894,0.8656392671824702,0.9984423676012462,0.0,1.5671102907089787,515
0.5015875577384595,0.9802111514369272,0.5825545171339563,3.2974396054022495,0.49068452542667523,0.32398753894080995,0.19509153116672684,0.9439252336448598,0.0,1.2458450506576721,570
1.825041711537257,2.062875814900377,0.06230529595015576,7.406784497375918,0.9687455153475384,0.003115264797507788,0.49325622219070664,0.9922118380062306,0.0,1.5893393045743054,5
2.6124817563886795,2.602939335710495,0.001557632398753894,7.901285714285715,1.4710550553242587,0.001557632398753894,0.799195410776818,0.9984423676012462,0.0,1.7307416607241426,430
0.8761006139339732,1.0304776602301382,0.5062305295950156,4.767976264789927,0.8488161046923,0.004672897196261682,0.4612204726487867,0.9906542056074766,0.0,0.8204917544442347,780
4.360550253266915,3.2562754220627617,0.001557632398753894,14.813568994751837,2.19988310512416,0.0,1.5140391740035504,0.9984423676012462,0.0,1.8567172960160967,305
1.05256815502142,1.0496690286507866,0.4766355140186916,5.067125176010474,0.9651465743526793,0.003115264797507788,0.5982116033275037,0.9968847352024922,0.0,0.7875939401051053,70
1.0280256336004592,1.1288555429998846,0.3691588785046729,3.3897948717948716,1.0847736536143502,0.001557632398753894,0.9156123347271686,0.9984423676012462,0.0,0.8402510936317926,365
2.278838469556496,1.6439793298093028,0.16043613707165108,12.577797348853112,1.1016973568843749,0.001557632398753894,0.6770049615796373,0.9984423676012462,0.0,1.3069007243561408,0
0.9874888415092751,1.0827692874852508,0.4174454828660436,4.419491832087934,0.9516655546795277,0.003115264797507788,0.5380438944710912,0.9953271028037384,0.0,0.8014194945919184,135
2.3425346464393244,2.526567588742543,0.001557632398753894,8.093999999999998,1.1856563130224966,0.001557632398753894,0.7243824964464917,0.9984423676012462,0.0,1.796951348274727,575
0.8689626039035694,0.9228915009910577,0.6417445482866043,3.973528791132483,0.7079311386466457,0.03426791277258567,0.31411333331230734,0.9797507788161994,0.0,0.9340577052162529,375
1.3508935024229929,1.0853094500256624,0.40965732087227413,8.272956096414273,0.9086954941520633,0.003115264797507788,0.6319992749775686,0.9984423676012462,0.0,1.0402430880305646,565
1.7764841330415984,2.14688490547115,0.040498442367601244,6.755376923076916,0.9343691822992275,0.003115264797507788,0.8030497504363783,0.9984423676012462,0.0,1.6517059542507042,370
2.7819631883791023,2.0022894554550077,0.07009345794392523,10.169384615384619,1.678791703855279,0.0,1.2701476176157473,0.9984423676012462,0.0,1.2282531340650529,450
0.7963809663294821,1.233720060744961,0.27258566978193144,3.4816640568720607,0.6264477657001166,0.08255451713395638,0.29433554370826615,0.9719626168224299,0.0,1.3788483614951348,11720
1.8923112435434692,1.6082827913199735,0.18691588785046728,9.291579975299227,1.11393397025641,0.001557632398753894,0.5058921260340811,0.9937694704049844,0.0,1.0611339447941133,2260
1.0825894602184323,1.2640828337547632,0.2616822429906542,4.182518586914246,0.821265012293362,0.009345794392523364,0.5011244706482861,0.9937694704049844,0.0,1.0693093095622557,11900
1.1072261645678638,0.844513854170297,0.7492211838006231,3.526688258671639,0.9951903900180985,0.003115264797507788,0.5529889462080805,0.9968847352024922,0.0,1.061364103505282,560
0.8073945303346407,1.1647445609190528,0.3395638629283489,3.823050831739786,0.6489489376858231,0.05763239875389408,0.3261820960072301,0.9813084112149533,0.0,1.1543885387726154,500
3.992944904195936,2.0996834486098592,0.0529595015576324,22.63673671528247,1.6106423884607044,0.001557632398753894,1.6945518477676673,0.9984423676012462,0.0,0.8586333985864737,335
1.1904043299183795,1.2129281938774796,0.29283489096573206,4.955402681731384,1.0553682047640727,0.001557632398753894,1.0596405205402948,0.9984423676012462,0.0,0.8364162892543314,380
2.1907145234143193,1.7156841203186801,0.14797507788161993,16.02432149067865,0.6440391801009044,0.06074766355140187,0.3319663782230082,0.9828660436137072,0.0,1.2088251814525999,10
0.7876991759469958,1.159400166716474,0.34579439252336447,3.36243716499204,0.7147911570776508,0.03115264797507788,0.3568738613847552,0.9844236760124611,0.0,1.303345502179212,25
0.9182663034388161,1.237461432994388,0.26947040498442365,3.5473620554563445,0.7772473257657142,0.014018691588785047,0.36827945247910027,0.9844236760124611,0.0,1.3391391327516362,160
1.1511168144484922,1.14453723245203,0.3598130841121495,3.1822564102564095,1.231439431807118,0.001557632398753894,0.8789488614892604,0.9984423676012462,0.0,0.8036051777924205,410
1.8136752784134056,1.8323561759466471,0.11993769470404984,7.398746153846149,1.0642063484842723,0.001557632398753894,0.5657663001233102,0.9968847352024922,0.0,1.468739032945507,545
1.0779832462238896,1.0986603749490036,0.3940809968847352,2.9337474474274856,1.041531355646919,0.003115264797507788,0.5919333078703491,0.9968847352024922,0.0,0.9189170740823164,535
4.032537680902976,2.021190893800715,0.07009345794392523,17.802784155299353,2.1550266020871414,0.0,1.5626876043719302,0.9984423676012462,0.0,1.0697959135299833,285
1.3252948425690079,1.465650590914994,0.21806853582554517,4.70477520871777,0.9437613897999755,0.003115264797507788,0.6620600493588954,0.9984423676012462,0.0,1.0899791294839083,12550
1.66800070706043,1.3477105658854598,0.2383177570093458,7.406784497375918,1.0561061358246455,0.001557632398753894,0.5856523675595787,0.9968847352024922,0.0,1.2797278902180995,8840
2.377190096020983,1.9007972288009831,0.11059190031152648,17.77468096221669,0.5655476706235892,0.11526479750778816,0.2822241024817779,0.9719626168224299,0.0,1.29684397039615,265
0.9967918754812501,0.9473832717415185,0.6292834890965732,3.639281048705503,0.9493704654451218,0.003115264797507788,0.6007999504677506,0.9968847352024922,0.0,1.0136061736469038,5
1.6379650395801137,1.5663507878838816,0.2087227414330218,4.9856413602865315,1.136012122043806,0.001557632398753894,0.8280677173023778,0.9984423676012462,0.0,1.2097407116794685,12365
1.5942592361114591,1.3034838283028394,0.2523364485981308,5.917626083355995,1.32649559694977,0.001557632398753894,0.9398777342231552,0.9984423676012462,0.0,0.7450682798701608,225
0.6601890173234239,0.8158878639281673,0.7959501557632399,2.1544540330644026,0.6210219430836867,0.09034267912772585,0.3128728398071459,0.9797507788161994,0.0,0.9837514480966035,540
0.8189403912919075,0.8098378705631571,0.7990654205607477,2.5744571766418733,0.8178254760014261,0.009345794392523364,0.5462250379700492,0.9953271028037384,0.0,0.9226793547609122,330
1.5246967848177875,1.3385602827298428,0.2398753894080997,4.773384615384615,1.31681304240475,0.001557632398753894,1.0577631162269825,0.9984423676012462,0.0,0.8240758059317528,575
2.3550737760756797,1.5596655475490935,0.2102803738317757,13.813805493738167,1.0645823263365977,0.001557632398753894,0.8694812733204798,0.9984423676012462,0.0,0.9623614167594404,350
2.1387913815040807,1.8708551430673694,0.11682242990654206,5.26305125257826,1.496403908578003,0.001557632398753894,1.1683426422167782,0.9984423676012462,0.0,1.6042437031115333,415
0.7825870946260629,0.9028019414489401,0.6635514018691588,2.227447563809287,0.7922646260312892,0.012461059190031152,0.4440124150919027,0.9890965732087228,0.0,0.8899055800404496,11760
3.196452411054261,2.2608985080800856,0.003115264797507788,18.87973920082745,1.104749755901738,0.001557632398753894,0.8025998003513783,0.9984423676012462,0.0,1.3466063619737172,15
1.385348773013105,1.103761418675005,0.3894080996884735,7.720098086186704,0.9866419734913965,0.003115264797507788,0.6158971313089777,0.9984423676012462,0.0,1.0224110173514354,470
1.7511006269606808,1.2433917009786142,0.26947040498442365,7.424561779139638,1.354954548406697,0.001557632398753894,0.8721544168536133,0.9984423676012462,0.0,0.8349554155124647,210
1.044873839402332,0.9998206554612467,0.5514018691588785,3.514356766659887,1.1237447806810503,0.001557632398753894,0.927944298294391,0.9984423676012462,0.0,0.9985220573870609,2140
0.5129865459488879,0.8601589170156728,0.6978193146417445,2.233306186793698,0.516903906324507,0.2398753894080997,0.2510037237037473,0.9672897196261683,0.0,1.2131931184554006,410
1.4396541137352674,1.0980797948089083,0.3940809968847352,7.501428607517135,0.9471377827350864,0.003115264797507788,0.6933947036019776,0.9984423676012462,0.0,0.9497238611694666,485
0.7948152017604616,1.3405122655772361,0.2398753894080997,3.418766394055348,0.5532571517563596,0.13239875389408098,0.19420764471412993,0.9439252336448598,0.0,1.443381577639402,475
2.7299611557235663,1.6000870658162192,0.19470404984423675,12.237977622662514,1.6474117172263525,0.001557632398753894,1.3097179818920828,0.9984423676012462,0.0,0.8602324014488955,310
1.0739096477708236,1.0706411009334815,0.4392523364485981,5.518690926588727,0.9554470518530545,0.003115264797507788,0.6733184539495721,0.9984423676012462,0.0,1.09336360898123,495
1.8352262918532791,1.4244731918299083,0.21962616822429906,7.838897497178322,1.1859979078880623,0.001557632398753894,0.8474275814648626,0.9984423676012462,0.0,1.0086839349303436,490
1.5779692780137302,1.135031819820168,0.3644859813084112,5.7308030018273755,1.3252779691623156,0.001557632398753894,0.9834833173949764,0.9984423676012462,0.0,0.9891553476390578,390
1.6776998712287847,1.257318893637516,0.2632398753894081,7.406784497375918,1.2447667471756,0.001557632398753894,0.8480661364060176,0.9984423676012462,0.0,0.7661832558056685,475
1.0176607697462576,1.0476108542064462,0.48130841121495327,3.113076923076923,1.1360999074182532,0.001557632398753894,0.7154142930128585,0.9984423676012462,0.0,0.885867107427505,595
1.3089615315781173,1.0955881778749534,0.3956386292834891,5.049667514058717,1.047206293681127,0.003115264797507788,0.6381991336816565,0.9984423676012462,0.0,0.9443915542878059,460
1.9500090926847142,1.5115800778742103,0.21651090342679127,5.845666666666666,1.566596478890394,0.001557632398753894,1.0001222431358017,0.9984423676012462,0.0,0.9063563541898652,475
2.5731736152009717,1.5182350588339792,0.21651090342679127,12.690560504604154,1.3380990449091852,0.001557632398753894,1.1747156457130046,0.9984423676012462,0.0,0.9319870939778154,15
1.113601877252814,1.2269883354082682,0.27414330218068533,6.537461538461538,0.8198314399434001,0.009345794392523364,0.45423311087899104,0.9890965732087228,0.0,0.6577211642397655,1100
1.0614336107935556,0.998428196680717,0.5560747663551402,4.296661400568522,1.0240541090881632,0.003115264797507788,0.583840934662681,0.9968847352024922,0.0,1.0319234357098346,370
2.288609722655473,2.5060072580405075,0.001557632398753894,7.571131782945724,1.1999938355339062,0.001557632398753894,0.7072343532613247,0.9984423676012462,0.0,1.7252475251255612,285
1.6239383290378668,1.3983586651102426,0.22741433021806853,7.713512820512821,1.1312896753834152,0.001557632398753894,0.9053624049577126,0.9984423676012462,0.0,0.7939591395916299,20
1.6231484036811952,2.131543508816026,0.045171339563862926,6.782109733628259,0.8076421448990508,0.010903426791277258,0.44558952625379006,0.9890965732087228,0.0,1.5302067416462006,465
0.8969887835013527,1.0595737171275714,0.45482866043613707,4.54187621529815,0.7362512135547274,0.028037383177570093,0.3743064424142982,0.9844236760124611,0.0,1.2455148040873611,570
0.8131134094469418,1.1209919194848375,0.37383177570093457,3.5291072792821065,0.7479983419297702,0.021806853582554516,0.34883856064801166,0.9844236760124611,0.0,1.2819203383629174,595
3.3575962481765487,2.5354795169987048,0.001557632398753894,8.536118956679218,2.017321740629326,0.0,1.4252560214598957,0.9984423676012462,0.0,1.8041900462268818,455
0.8967223455747007,0.9201993192591597,0.6448598130841121,3.038162891732902,0.8178834847740777,0.009345794392523364,0.44739525898455434,0.9890965732087228,0.0,0.9087383059244076,11740
0.7971670479558067,1.0359031385492978,0.4953271028037383,4.760193971985398,0.7697905010823466,0.014018691588785047,0.3394591874357005,0.9844236760124611,0.0,0.6515372523287266,740
0.6727764947956897,0.968863966955222,0.5965732087227414,3.350358297995691,0.6868444355280716,0.03582554517133956,0.33530057208056857,0.9828660436137072,0.0,1.257117692939577,13160
3.1251616730333382,1.8742469574276435,0.11682242990654206,13.711396800974233,1.7653685105118762,0.0,1.3901148399417966,0.9984423676012462,0.0,1.0608229595619276,470
2.14019375331131,1.6467328337484164,0.16043613707165108,14.491531671050955,0.7857066141442863,0.012461059190031152,0.4125477000174018,0.985981308411215,0.0,1.2379198722624782,280
1.6723317761208651,0.943202801304076,0.6292834890965732,6.889711111210014,1.2898239305254104,0.001557632398753894,0.8000584376680949,0.9984423676012462,0.0,1.0121480834906527,320
1.4925040619066539,1.2645582154011235,0.2616822429906542,4.982181810330455,1.171392221283238,0.001557632398753894,0.7498257355312778,0.9984423676012462,0.0,0.8561783217492551,355
1.4981634265530535,1.3874021071480351,0.22741433021806853,5.741897435897436,1.1955080176252844,0.001557632398753894,0.7323059407923344,0.9984423676012462,0.0,0.947895074186753,390
0.711444603698195,0.8451735155253041,0.7445482866043613,2.022746828286929,0.7259574303468145,0.03115264797507788,0.41790438211127606,0.9875389408099688,0.0,0.9395144506730464,450
0.7545850716175817,0.7077819489569432,0.9485981308411215,1.9551845219543145,0.8045445988984081,0.010903426791277258,0.5428361557151318,0.9953271028037384,0.0,0.9758807163338917,475
1.702974863127797,2.213066969155418,0.01557632398753894,7.555061854573963,0.76641124973361,0.01557632398753894,0.38765173388377366,0.985981308411215,0.0,1.5619387497186508,365
0.908277787891595,0.8513702264200144,0.7227414330218068,2.9747179487179487,0.957367703915596,0.003115264797507788,0.6294851055047859,0.9984423676012462,0.0,0.9296129047386984,390
3.209135280801099,1.6935710568801767,0.1542056074766355,18.09731036034936,1.462115230458293,0.001557632398753894,1.40289960942389,0.9984423676012462,0.0,0.9233981865156026,510
0.7958705142043735,1.0567511094043371,0.45794392523364486,4.654081158241107,0.7610771719699275,0.01557632398753894,0.3720764036041659,0.9844236760124611,0.0,0.7079316461512326,605
1.6876297729383003,1.1520036483316511,0.35358255451713394,7.406784497375918,1.180917737452214,0.001557632398753894,0.6824562456315705,0.9984423676012462,0.0,1.2046084755498296,390
3.1130456417045407,2.1566641722919377,0.03894080996884735,12.38326563377424,1.7164587991702174,0.0,1.1087968994010489,0.9984423676012462,0.0,1.5108798929517053,15
0.465279064666358,0.819946674607016,0.7912772585669782,1.834254571428577,0.46670356040429967,0.4766355140186916,0.1681459300394534,0.9221183800623053,0.0,0.9350996448778984,400
0.7173892472600353,1.0126874775540677,0.5358255451713395,3.977820512820513,0.7727467400508323,0.014018691588785047,0.34351674781460684,0.9844236760124611,0.0,0.832050425978814,1290
0.8838944264531621,0.9848322640167757,0.5747663551401869,5.059977316680253,0.8096175818885544,0.009345794392523364,0.5755192251373167,0.9968847352024922,0.0,1.0928540293040458,5
1.5644160062093164,1.1770122104912113,0.32866043613707163,6.370566646915978,1.0965343305307147,0.001557632398753894,0.6906269945321893,0.9984423676012462,0.0,1.2054315136341898,365
2.4857796427354573,1.610980806960824,0.1822429906542056,13.251374899850726,1.2742564114146047,0.001557632398753894,1.0241565085750004,0.9984423676012462,0.0,0.9286768678369867,475
0.7321287657172619,0.9921076077763965,0.5654205607476636,4.1046220761198695,0.7498724811996514,0.018691588785046728,0.4090391113221976,0.985981308411215,0.0,0.7937030163043544,0
0.8090531550403375,0.868623848076888,0.6884735202492211,2.863796684859281,0.6969148936879819,0.03426791277258567,0.35355759760856925,0.9844236760124611,0.0,1.0992174217970199,210
0.8857507705537297,1.0016927055213152,0.5514018691588785,3.4415291455192625,0.8619156345426459,0.003115264797507788,0.4544307971516963,0.9890965732087228,0.0,1.0207339681369227,605
1.3806544965584615,1.2339811258700266,0.27258566978193144,3.832187207040973,1.2142767497272475,0.001557632398753894,0.7809422829961425,0.9984423676012462,0.0,0.8184281607865821,430
0.8537123602263403,0.9246319693700586,0.6417445482866043,3.056215760260714,0.9490361946554329,0.003115264797507788,0.581618427755362,0.9968847352024922,0.0,0.8740314334663568,2130
0.8141221421883552,1.0431547313323777,0.48909657320872274,4.384597086308626,0.8033034683815217,0.012461059190031152,0.41273399637074687,0.985981308411215,0.0,0.7911418251404366,355
0.7486616272876723,1.015040318813187,0.5327102803738317,2.3817124180153124,0.8031916492496023,0.012461059190031152,0.4682020847462258,0.9906542056074766,0.0,0.8579848281808434,11780
1.0861020589759762,1.181668034186297,0.32710280373831774,5.17760315201405,0.8862098733962213,0.003115264797507788,0.5021339472334421,0.9937694704049844,0.0,1.2250768809210968,485
0.47358271657857176,0.7885991989938171,0.8442367601246106,1.8002632226153525,0.4860710000518091,0.3426791277258567,0.23951445903889515,0.9626168224299065,0.0,1.1772624553839954,570
1.0591632569333616,0.9631160962945665,0.602803738317757,3.540296417689865,1.0538759051517343,0.001557632398753894,0.7139410983698002,0.9984423676012462,0.0,0.9167138620416054,465
2.0297175041915287,1.9944582762583507,0.07009345794392523,6.0995580234528815,1.2066689009941152,0.001557632398753894,0.8339343482857458,0.9984423676012462,0.0,1.677702219661227,500
2.620230679614808,1.8930081343823806,0.11059190031152648,13.606007382768752,1.2370494008760873,0.001557632398753894,0.6959706083028379,0.9984423676012462,0.0,1.2807096237939248,5230
0.9219721333570436,0.7721562996512854,0.8691588785046729,3.1842466986267586,0.8370776296174901,0.006230529595015576,0.3596586574266271,0.9844236760124611,0.0,0.9845382790011811,525
1.2690359841920942,1.2692629349148854,0.2601246105919003,4.150769230769231,1.162423511572607,0.001557632398753894,0.9578319420839901,0.9984423676012462,0.0,0.833668925424974,265
0.7340671745597093,0.8006010580318828,0.8146417445482866,2.4960130535276304,0.6329365943338395,0.0763239875389408,0.2835523647874384,0.9719626168224299,0.0,1.047819227272771,300
0.8188076059831322,0.9051927965780583,0.661993769470405,3.6461094954731452,0.6781844812944309,0.040498442367601244,0.3854172157983026,0.985981308411215,0.0,0.9120813140853634,11895
1.063708325528475,1.0696501313094018,0.4392523364485981,4.598726977386426,1.0036403070802977,0.003115264797507788,0.5906355099955489,0.9968847352024922,0.0,0.8885464145740877,425
1.5563796365123923,1.1632738761808161,0.3442367601246106,6.611723613405386,1.2478308192416954,0.001557632398753894,0.9237249530784342,0.9984423676012462,0.0,0.9316457770572517,90
1.5058692621927898,1.5725633817428395,0.20249221183800623,6.191393454293231,1.0548634763180011,0.001557632398753894,0.5596099086661279,0.9968847352024922,0.0,1.121075194176417,245
1.4539279622044388,1.1222914709809177,0.37383177570093457,6.2812622676817425,1.1858465872748554,0.001557632398753894,0.9828156698332867,0.9984423676012462,0.0,0.8944010382732317,450
0.779042000182317,0.7871373828849445,0.8442367601246106,2.6634102564102564,0.8353910193171086,0.006230529595015576,0.6457367305404397,0.9984423676012462,0.0,0.9449269012681021,75
1.3140615062423249,1.0358269807259808,0.4953271028037383,3.566494657708295,1.3545655894615636,0.001557632398753894,0.7012724887563926,0.9984423676012462,0.0,0.974373173826105,5935
1.037287248768419,1.19206621926296,0.32242990654205606,4.295695385821529,0.7907073366066086,0.012461059190031152,0.23514549838567336,0.9610591900311527,0.0,1.3306218766044047,525
1.3866619029522738,1.271463595509089,0.2601246105919003,5.55161841657714,1.0507957651133564,0.003115264797507788,0.6181344025755906,0.9984423676012462,0.0,0.9926330621152759,305
2.2027232420677465,1.6655157184484624,0.1557632398753894,8.125903769828854,1.3538792657496481,0.001557632398753894,0.9511216302779387,0.9984423676012462,0.0,1.3327122884051725,390
1.1139506018204235,1.221246485579505,0.278816199376947,4.0272445983326195,0.9061375336429418,0.003115264797507788,0.43091025700627045,0.9875389408099688,0.0,1.1319239522669666,225
1.459663651803758,1.215626041139208,0.2850467289719626,7.406784497375918,0.9495695745005054,0.003115264797507788,0.5747115975596367,0.9968847352024922,0.0,1.270432773407285,30
3.3158509737685624,1.7337817213594249,0.14330218068535824,12.717067183002365,2.101123517131515,0.0,1.4147112568717684,0.9984423676012462,0.0,0.8826831613956242,360
0.9071626972677889,1.0143171850859813,0.5327102803738317,4.4813864437567705,0.8908846471705687,0.003115264797507788,0.5468592098250218,0.9953271028037384,0.0,0.9115148753783309,1925
0.8196925883149594,1.0872453292405466,0.40498442367601245,3.831223164246921,0.8699322191630532,0.003115264797507788,0.640253363155325,0.9984423676012462,0.0,1.0744646085259049,310
1.1051984997945024,1.1276377955166088,0.3691588785046729,5.303286522932788,0.8837971420265297,0.003115264797507788,0.46695528034263006,0.9906542056074766,0.0,1.2483583848934388,175
1.7777614068763148,2.1774340673070167,0.029595015576323987,7.406784497375918,0.8775720782642887,0.003115264797507788,0.3580625320924995,0.9844236760124611,0.0,1.6062943297520103,370
2.710808990774993,2.792897014991986,0.001557632398753894,8.093999999999998,1.4373421501779815,0.001557632398753894,1.146043371354695,0.9984423676012462,0.0,1.8904157830625026,595
1.851952899192329,1.9819089315721292,0.07476635514018691,8.51810328601014,0.9568748741054203,0.003115264797507788,0.42167113092041225,0.9875389408099688,0.0,1.3339698152354924,260
1.14696951703982,1.0020002018980643,0.5514018691588785,4.1020722766322075,1.1119965403902428,0.001557632398753894,0.6706294487298269,0.9984423676012462,0.0,1.0483128454820856,25
0.958035527783884,0.9836349010587856,0.5809968847352025,3.646504992885951,0.8587099733061816,0.003115264797507788,0.48120555916858976,0.9906542056074766,0.0,0.9573523712593839,405
0.9421587899835019,1.0767752729190632,0.42990654205607476,4.036623076923072,0.907764790430119,0.003115264797507788,0.6361737301741779,0.9984423676012462,0.0,1.1972041129292736,280
1.411815407163492,1.1956283713748828,0.3161993769470405,4.586768506765418,1.3079769894491347,0.001557632398753894,0.8410280096729944,0.9984423676012462,0.0,0.8233078532633463,65
0.7094521810507621,0.9953295152028759,0.559190031152648,3.770282051282051,0.7760755948920562,0.014018691588785047,0.31227353068256086,0.9797507788161994,0.0,0.9689657812790285,330
2.7423138733861827,2.0751628274888043,0.06074766355140187,17.230293788661402,0.9077729780254055,0.003115264797507788,0.7105593032231308,0.9984423676012462,0.0,1.3458404590244695,360
0.9628918032985003,1.1182791746435143,0.37850467289719625,4.929038461538446,0.8208781500386427,0.009345794392523364,0.5769627174330471,0.9968847352024922,0.0,1.2005988805545798,610
1.2380167884377848,1.7195085309497338,0.14797507788161993,6.108103374999997,0.6861197814096215,0.03582554517133956,0.28793368103196426,0.9719626168224299,0.0,1.5221850141284672,145
1.2699493210374244,1.069413157074057,0.4392523364485981,4.688049953590307,1.0767876136332155,0.001557632398753894,0.7160729507575568,0.9984423676012462,0.0,1.0242775969849554,430
4.386262223084492,2.2251956649149616,0.012461059190031152,24.488534628578222,1.7469609154847148,0.0,1.8290955690730346,1.0,0.0,0.8836213762614092,575
0.9907930924096702,1.0490949286242754,0.4781931464174455,2.8169223162223935,1.0001482731724545,0.003115264797507788,0.5345595553858804,0.9953271028037384,0.0,0.8713412570877442,455
1.1460157472170212,0.9529720189864704,0.6261682242990654,3.6873719838912717,1.1254466122434732,0.001557632398753894,0.5911792072488384,0.9968847352024922,0.0,1.1321322663158615,500
5.3559638091724,2.654091522634458,0.001557632398753894,31.142369416923387,1.80746783942672,0.0,2.0570984681497593,1.0,0.0,0.9608544667160016,445
1.9813649341763933,1.5497132475614823,0.2118380062305296,13.677181082493687,0.7558771265905085,0.018691588785046728,0.3349123559687645,0.9828660436137072,0.0,1.143154304000189,5080
0.7957290794737562,1.0728640355068868,0.43613707165109034,3.240712183722453,0.7755419987542045,0.014018691588785047,0.35102152545372844,0.9844236760124611,0.0,1.207154066328253,425
2.178924380386224,1.7362987595126522,0.14174454828660435,6.159976611575271,1.5071594977281735,0.001557632398753894,1.0571157617181544,0.9984423676012462,0.0,1.390901412146578,255
2.2510625428990507,1.7714647427723882,0.13707165109034267,9.245838461538458,1.354936566020159,0.001557632398753894,0.9987660823465335,0.9984423676012462,0.0,1.242711221381332,370
1.3596621020094768,1.145067965785911,0.3598130841121495,7.406784497375918,0.8716912806751586,0.003115264797507788,0.38956344944834886,0.985981308411215,0.0,1.2500044433223516,590
0.9239209101611103,1.0440622703196611,0.48753894080996885,3.519474103563109,1.0219823515966049,0.003115264797507788,0.8257641093124303,0.9984423676012462,0.0,0.8541629454414393,305
1.2962806604002644,1.1012533322305071,0.3909657320872274,4.552378484189586,1.0570757166722935,0.001557632398753894,0.672021009376162,0.9984423676012462,0.0,1.1965349189274526,535
0.9784871723371991,1.0578460325479262,0.45638629283489096,3.9949887496811107,1.0252634764535977,0.003115264797507788,0.9363783102596487,0.9984423676012462,0.0,0.8483182189236034,530
2.9148196247007605,2.098051469433509,0.0529595015576324,16.832410055763262,1.1059914897271566,0.001557632398753894,0.7670407695487793,0.9984423676012462,0.0,1.3569759036737057,550
1.4529350117929756,1.256408468301613,0.2632398753894081,4.840047147224733,1.257360320992087,0.001557632398753894,1.0187160864422657,0.9984423676012462,0.0,1.1747754895738236,260
0.8559595323246829,0.9694963078099045,0.5965732087227414,2.9446550080373743,0.7687732039674978,0.014018691588785047,0.3999705109847568,0.985981308411215,0.0,1.1623679121002084,445
1.9250032083661686,1.3394021317461857,0.2398753894080997,12.242807506030864,0.9288991497019988,0.003115264797507788,0.612002230129498,0.9968847352024922,0.0,1.1984141893322156,560
4.889212001510587,2.500875996464076,0.001557632398753894,28.87708737330222,1.634729868655521,0.001557632398753894,1.8780052688884463,1.0,0.0,0.9626009089363406,430
1.7363725500954472,1.4381004168047993,0.21806853582554517,3.7259839236653414,1.463745302415641,0.001557632398753894,0.9695355759262224,0.9984423676012462,0.0,0.8013577079349955,460
1.2472861178445893,1.0902750204282832,0.40031152647975077,4.100376781519527,1.1941558395177914,0.001557632398753894,0.6694139037382796,0.9984423676012462,0.0,1.0394922826619901,445
1.2425814546458362,1.2488721749747427,0.26479750778816197,4.386686870262659,0.9676068796227111,0.003115264797507788,0.5252414366233945,0.9937694704049844,0.0,1.1350403762957855,485
3.552655751524629,1.9315303077822827,0.09034267912772585,11.791465021259109,2.3247833467687404,0.0,1.7546110982137824,0.9984423676012462,0.0,1.021849541732702,120
1.1699415771026151,0.8653111517703712,0.6900311526479751,4.161708841983471,1.0164547657058862,0.003115264797507788,0.5056912877357153,0.9937694704049844,0.0,1.0021627137521554,490
0.6828284791038937,0.8286418433802949,0.7866043613707165,2.8890771734758602,0.6705255709203722,0.045171339563862926,0.27700677053523065,0.9719626168224299,0.0,1.0161777894399362,405
8.408461969962906,3.926405180873938,0.0,46.10208266341157,2.753532659694799,0.0,2.6475782368782794,1.0,0.0,1.2056532491331926,320
0.8750858605753247,1.1879770681767912,0.32554517133956384,4.236268400253788,0.6640224531484381,0.048286604361370715,0.31119386737959104,0.9781931464174455,0.0,1.0960289749417893,12500
1.5247577260503342,1.217601557706179,0.278816199376947,9.567791873541262,0.8922919316932013,0.003115264797507788,0.6533799379659473,0.9984423676012462,0.0,0.9434579592981748,415
0.785398390611663,0.9980654696459079,0.557632398753894,3.0093076923076922,0.9243813617699883,0.003115264797507788,0.5216786167090536,0.9937694704049844,0.0,0.986662731118295,1655
1.560299939566726,1.2982960980180887,0.2538940809968847,9.095907307687519,0.9211371516928408,0.003115264797507788,0.7109641078566268,0.9984423676012462,0.0,1.1892080154425102,320
1.2470520322289693,1.2391838005784293,0.26947040498442365,6.156974358974359,0.9886761879478987,0.003115264797507788,0.590658541356364,0.9968847352024922,0.0,0.9209725379693392,345
0.7744064094075432,1.0579369667429708,0.45638629283489096,4.392897435897436,0.7819666014045195,0.012461059190031152,0.40757793299528894,0.985981308411215,0.0,0.9496443398201178,1390
0.8657946514109781,1.0736000593915302,0.43457943925233644,4.62911291840553,0.821377383572323,0.009345794392523364,0.43066795330413166,0.9875389408099688,0.0,0.8563762566716274,860
0.9132642680090279,0.8854505239966375,0.6744548286604362,3.559033408333737,0.9068056921612492,0.003115264797507788,0.53745832696511,0.9953271028037384,0.0,0.9889455315798128,445
1.292951409316156,1.0078879438607684,0.5420560747663551,7.406784497375918,0.8025544859950698,0.012461059190031152,0.24046103023585924,0.9626168224299065,0.0,1.039938842715585,650
1.7225063278646635,2.1736489998796014,0.03271028037383177,7.534497766700387,0.8123003432644464,0.009345794392523364,0.41297528891902335,0.985981308411215,0.0,1.4736335774406129,440
2.4082052915789802,2.5834721338417155,0.001557632398753894,7.486950000000089,1.3025217649614609,0.001557632398753894,0.8168384129065287,0.9984423676012462,0.0,1.7931964499209363,15
2.643239595545083,1.9011104368887233,0.11059190031152648,13.53434249867079,1.25964361628953,0.001557632398753894,0.717222598857639,0.9984423676012462,0.0,1.418704258483528,495
0.734124581097732,1.0229385547201297,0.5186915887850467,3.977820512820513,0.7940831386092,0.012461059190031152,0.35102596684073567,0.9844236760124611,0.0,0.8437345938486693,1100
2.9146734473889375,1.6763746348810038,0.1542056074766355,14.777866857764002,1.5358106413282508,0.001557632398753894,1.365358151390588,0.9984423676012462,0.0,0.860837670956128,460
2.732764263820587,1.9340290272332155,0.08722741433021806,12.279654516676814,1.4483396313574544,0.001557632398753894,0.8628062088469242,0.9984423676012462,0.0,1.434994286023982,490
1.7474837784486965,1.7634563403672818,0.13862928348909656,6.073570219606596,1.03145449843073,0.003115264797507788,0.6041046477554488,0.9968847352024922,0.0,1.5470771588320589,9335
0.5893331992834394,0.974479651767483,0.5919003115264797,3.56274358974359,0.6673959127272816,0.04672897196261682,0.31221926222509827,0.9797507788161994,0.0,0.7849259622206176,1610
0.8292145458025818,1.044555961082434,0.48442367601246106,3.379597871915461,0.8676881078432197,0.003115264797507788,0.4959262474280773,0.9937694704049844,0.0,1.2439491943015408,465
0.6382092809489279,0.8278755851763145,0.7866043613707165,2.945032389847154,0.6460756307221563,0.059190031152647975,0.37443505942848015,0.9844236760124611,0.0,1.2047974158814314,545
0.8102857650374424,0.7635551091061725,0.8878504672897196,3.0194541418425933,0.7324645674116147,0.029595015576323987,0.24216510770403152,0.9641744548286605,0.0,1.0121892744279855,450
3.6670835929882277,2.5400141050101848,0.001557632398753894,9.226169202728242,2.4103975440325427,0.0,1.7909083938251256,1.0,0.0,1.7965789432230026,230
0.7106294777403432,0.946317257636992,0.6292834890965732,2.595971498542323,0.6954345447428586,0.03426791277258567,0.36682137135714193,0.9844236760124611,0.0,0.918910022997836,425
1.0696397972296205,1.0132390596083742,0.5358255451713395,4.987406777839098,0.9860350900194113,0.003115264797507788,0.6282718251159779,0.9984423676012462,0.0,0.9355932146899106,80
1.0073578730940573,1.1130217963295834,0.38006230529595014,3.7932907370721387,0.8924651022422319,0.003115264797507788,0.5025023705356393,0.9937694704049844,0.0,1.193944719688119,405
2.2359338089770473,1.3464171961561224,0.2383177570093458,7.671777598874068,1.7558159094266796,0.0,1.1296578950631877,0.9984423676012462,0.0,0.849537254380935,165
1.5817577947541444,1.2641099762321242,0.2616822429906542,4.304761300409811,1.3458536859457957,0.001557632398753894,0.8162626685941534,0.9984423676012462,0.0,0.8500476209788685,400
1.2352187701178523,0.8120390520515532,0.7975077881619937,4.6109525554728545,1.0412469181222006,0.003115264797507788,0.5152533572050136,0.9937694704049844,0.0,0.9668688809080401,375
1.1249350566485132,1.0887676922664715,0.40342679127725856,5.717584819779384,0.9705236765411018,0.003115264797507788,0.7060859575052597,0.9984423676012462,0.0,1.0891582005875924,230
1.502279981834384,1.6454911171182234,0.16043613707165108,5.163861989172475,1.0898653252356099,0.001557632398753894,0.763255943587624,0.9984423676012462,0.0,1.1451647612599347,2360
2.0892532750557153,1.4896545412799749,0.21651090342679127,7.703223725197849,1.4885183801075625,0.001557632398753894,1.0562053909202376,0.9984423676012462,0.0,0.9385745993525488,410
1.9401558863919264,1.416699567420378,0.22118380062305296,11.169192565484684,1.0312878889088897,0.003115264797507788,0.7508854760876872,0.9984423676012462,0.0,0.9409638902953572,480
0.7646001493995482,0.9117644549011098,0.6542056074766355,2.6693973169688867,0.7315595420108438,0.03115264797507788,0.381219305898259,0.985981308411215,0.0,0.8673886936873104,11505
2.124686119267347,2.167182710165794,0.03582554517133956,7.756749999999997,1.2125851353707997,0.001557632398753894,0.7960791999638914,0.9984423676012462,0.0,1.4418292830773898,630
1.72909569322954,1.2654989777168486,0.2616822429906542,6.349900702483049,1.4350675281406238,0.001557632398753894,1.1369880215775918,0.9984423676012462,0.0,0.864102931101673,430
1.239143423296364,1.1201182799842377,0.37538940809968846,4.440489584952864,1.0162271955180529,0.003115264797507788,0.5775917978307661,0.9968847352024922,0.0,0.9414294737851338,620
1.8150578057660793,2.157219622747969,0.03894080996884735,7.400565743504013,0.9459186593275853,0.003115264797507788,0.6291551708515974,0.9984423676012462,0.0,1.4860533449297697,425
0.7013142197741007,0.9661015352400103,0.5965732087227414,3.703392248687959,0.6053673679109041,0.102803738317757,0.19413866917019074,0.9439252336448598,0.0,1.2170295003345044,430
2.2874995036344195,1.3738901322047274,0.23208722741433022,10.202387189766942,1.5001894490448575,0.001557632398753894,1.13753596671131,0.9984423676012462,0.0,0.9179092052013897,570
1.2468470380902665,1.0866362911502634,0.40654205607476634,4.384098295197771,1.1829849509178867,0.001557632398753894,0.722710509365562,0.9984423676012462,0.0,1.003463712905445,535
1.5357384572846609,1.3198204164371539,0.24610591900311526,5.332403796357071,1.307412642488636,0.001557632398753894,0.8779346822848186,0.9984423676012462,0.0,0.8751230916035074,330
2.6550597984315076,2.718190171666056,0.001557632398753894,8.972418604651162,1.3421758254449705,0.001557632398753894,0.9452119152112811,0.9984423676012462,0.0,1.7226888953044124,2435
3.4235376843330654,1.8366633123495666,0.11993769470404984,18.140601536658455,1.6218213451185968,0.001557632398753894,1.4844364720761838,0.9984423676012462,0.0,0.8688112296864525,485
0.5701358087625965,0.9119967337716616,0.6542056074766355,2.7665542682406854,0.5219058770070596,0.2118380062305296,0.2885434699455353,0.9719626168224299,0.0,0.8692144001602103,11710
2.537941854356394,1.5766862112666267,0.20093457943925233,14.02816369847131,1.2915382537280964,0.001557632398753894,1.021058922223132,0.9984423676012462,0.0,1.0748866793981575,6885
1.507332783789222,1.280904783748675,0.2570093457943925,4.169142882424354,1.316297410909737,0.001557632398753894,0.8332234035694301,0.9984423676012462,0.0,0.9853642217901256,220
1.0662081838738338,1.062544302982069,0.4517133956386293,4.880485268283456,0.9785085469395429,0.003115264797507788,0.6586437740426287,0.9984423676012462,0.0,0.9256516516997407,385
3.1663403319956824,1.7967082324315475,0.1292834890965732,14.143765462618003,1.8286351535396466,0.0,1.4955642729284433,0.9984423676012462,0.0,0.8218286279358608,525
0.7654286802806228,0.8569199118138002,0.7071651090342679,3.3536199407618583,0.7647444477547238,0.01557632398753894,0.3851507394954593,0.985981308411215,0.0,1.0229836561928287,385
0.82815219753066,0.9891604957162883,0.5669781931464174,4.306769612980891,0.8051970678218835,0.010903426791277258,0.4767278807939717,0.9906542056074766,0.0,0.7776480890922944,245
1.1438828836856507,1.1050480712601478,0.3894080996884735,4.667956352712727,1.0754584428255087,0.001557632398753894,0.5381934533661475,0.9953271028037384,0.0,0.8581046382149682,210
1.956840775975457,1.6799649761575668,0.1542056074766355,8.467569230769223,1.191059824255008,0.001557632398753894,0.9925752211106479,0.9984423676012462,0.0,1.2414798047301676,520
1.7073402397626576,1.3503054296762549,0.2383177570093458,7.406784497375918,1.2525436439851152,0.001557632398753894,1.0641711709442456,0.9984423676012462,0.0,0.9324779967210582,300
0.6292994000774997,0.8957806310331607,0.6666666666666666,2.566006543520005,0.5752941965624269,0.11214953271028037,0.2372515809135917,0.9626168224299065,0.0,1.0212800633187051,320
2.3567668778717015,1.4680346479310085,0.21806853582554517,13.324793234722936,1.1372445869665924,0.001557632398753894,1.188015625112792,0.9984423676012462,0.0,0.9308945658985387,345
1.0894857534332283,1.1093692277993166,0.3847352024922118,3.5203850267379644,1.1525511719658283,0.001557632398753894,0.653553085487024,0.9984423676012462,0.0,0.8428315716524015,0
1.7834285178249856,1.3576263012515812,0.2367601246105919,3.8740512820512816,1.6525248005246134,0.0,0.9981276266179876,0.9984423676012462,0.0,0.8569799536600311,20
1.303117914024798,1.0578265094197097,0.45638629283489096,6.006040422901011,1.028115058798047,0.003115264797507788,0.7514285857111423,0.9984423676012462,0.0,0.9068183742800857,545
1.245340290779381,1.1214339518222405,0.37383177570093457,4.7773058307771326,1.144843023759507,0.001557632398753894,0.7578717854882283,0.9984423676012462,0.0,0.8170029859425858,560
1.0769902104235305,1.030884755819106,0.5046728971962616,3.234402419822136,1.191930564067993,0.001557632398753894,0.78141054183342,0.9984423676012462,0.0,0.8752588113890332,385
1.691613758370334,1.167893198748843,0.338006230529595,7.013821641553521,1.292852748727392,0.001557632398753894,1.062818807949519,0.9984423676012462,0.0,1.0203398160860973,475
1.0181043230627775,1.317069183731618,0.24610591900311526,4.668765537307064,0.6912420227186804,0.03426791277258567,0.25911346452039874,0.9688473520249221,0.0,1.0919728403666837,665
6.069215595515206,3.6474733127692076,0.0,14.027234968627837,3.6151841175941417,0.0,2.646757100943221,1.0,0.0,2.0713308122317775,300
1.1265854843162824,1.1756088709369303,0.3317757009345794,3.6319230769230773,1.1357022389417926,0.001557632398753894,1.0031343772398549,0.9984423676012462,0.0,0.8286315040672497,580
0.7582502422752881,1.2021656621162073,0.30218068535825543,3.3996173124416442,0.6218873782416632,0.08722741433021806,0.3205152443776385,0.9813084112149533,0.0,1.3927650045525088,370
2.87452282619415,1.788748817739669,0.1308411214953271,9.114372118966243,1.8829038159676155,0.0,1.1763565599397303,0.9984423676012462,0.0,1.3263972979062373,475
3.02219697379604,1.6837909464433725,0.1542056074766355,16.164398964116952,1.4692628566586352,0.001557632398753894,1.3250953009110926,0.9984423676012462,0.0,0.9188490099957752,230
0.9175961019932297,1.3413660442773463,0.2398753894080997,3.4045762023665382,0.6820809583788443,0.03582554517133956,0.32539376209987886,0.9813084112149533,0.0,1.4432424553785348,315
0.8965482286281424,1.222493402291377,0.2772585669781931,3.5048502037850118,0.7714458244336012,0.014018691588785047,0.32838257739557375,0.9828660436137072,0.0,1.323777057665239,425
1.947216354023896,1.3148299767705398,0.24610591900311526,7.4981091802134365,1.343606543439017,0.001557632398753894,0.7648026968065856,0.9984423676012462,0.0,1.2319811440297381,335
0.7298832434290744,0.9384921404315753,0.6308411214953271,3.031018519548424,0.6699340465561006,0.045171339563862926,0.38215063948378647,0.985981308411215,0.0,0.9266783007050344,415
1.7743828375702388,1.3246397915502919,0.24299065420560748,5.3359267089472775,1.3749405673984036,0.001557632398753894,0.8365657110977917,0.9984423676012462,0.0,1.3036555035184052,275
0.722591655651653,0.8976817107504764,0.6651090342679128,2.4126609458557593,0.6973295946495102,0.03426791277258567,0.3821525884307048,0.985981308411215,0.0,0.9381414200795579,470
0.8305962128809894,1.0719887291371164,0.43613707165109034,3.237089626221388,0.8245292173822226,0.009345794392523364,0.45237856456667547,0.9890965732087228,0.0,1.0156579854729455,490
1.104610595553378,1.23622619035766,0.26947040498442365,4.859178497427126,0.80430889710126,0.010903426791277258,0.41442284216078373,0.985981308411215,0.0,0.9840430046830725,12200
1.970440051626312,1.933226337325201,0.08722741433021806,6.390283420239564,1.1466387291424682,0.001557632398753894,0.7658674764565163,0.9984423676012462,0.0,1.633144338386064,35
3.9863956345726153,3.072648517988412,0.001557632398753894,13.07170542635657,2.0718175107335157,0.0,1.522220003941662,0.9984423676012462,0.0,1.8558791484917307,270
1.7234246896960095,1.921838705954608,0.09501557632398754,7.249189970367854,0.9765429817770629,0.003115264797507788,0.5991946379667107,0.9968847352024922,0.0,1.347624340359099,380
0.9191324906114134,1.0780259312902551,0.4252336448598131,4.579590749795553,0.8793124231512699,0.003115264797507788,0.4767117181079478,0.9906542056074766,0.0,0.8798558470930659,490
3.729154695032766,1.9716424351405641,0.0763239875389408,21.33057154089557,1.5159815930825136,0.001557632398753894,1.5850505151044174,0.9984423676012462,0.0,0.9141520067553678,535
1.8314168311531365,1.3258803635092875,0.24299065420560748,7.406784497375918,1.176483903918666,0.001557632398753894,0.7182319970894884,0.9984423676012462,0.0,1.1696595724382033,375
1.4567614762323475,1.0800948819389782,0.4190031152647975,7.449396152906922,1.0820932352081334,0.001557632398753894,0.9402069715349262,0.9984423676012462,0.0,0.9559963506211575,460
2.5148397116470185,2.583239506589416,0.001557632398753894,7.486950000000089,1.3727338207463764,0.001557632398753894,1.23359130860327,0.9984423676012462,0.0,1.790413084094277,245
2.5474878655834505,1.6152494977499305,0.17289719626168223,15.422549880891472,1.1038784853125168,0.001557632398753894,0.9784113320046036,0.9984423676012462,0.0,0.9382551371103344,10
2.7582927089726534,1.9762847337898874,0.07476635514018691,9.941092307692301,1.7056864295741663,0.0,1.2229653511064729,0.9984423676012462,0.0,1.2283507612795577,470
2.5302537825212394,1.8575245159468292,0.11838006230529595,14.520152752924277,1.0578681355733814,0.001557632398753894,0.7628305207203393,0.9984423676012462,0.0,1.3502015671942367,15
0.8918048382597551,1.0386100058646581,0.49065420560747663,3.6314125869258973,0.982736488075794,0.003115264797507788,0.6372206239070155,0.9984423676012462,0.0,1.0968011149688657,640
0.6863539105505553,0.816308473281005,0.7959501557632399,2.5576682520306093,0.7442915541696893,0.021806853582554516,0.41267437346164126,0.985981308411215,0.0,0.973735895388034,475
1.6444555301206305,1.6338574262047312,0.16199376947040497,7.157893172723681,1.0677221014552731,0.001557632398753894,0.523288678558027,0.9937694704049844,0.0,1.107888773815159,500
0.8019162326048795,0.9621994018847133,0.6059190031152648,4.2224333165287184,0.7845794581008829,0.012461059190031152,0.4532216804823958,0.9890965732087228,0.0,0.8338375208220692,175
0.9758965549566737,0.9804249704765687,0.5825545171339563,4.728947569844932,0.885754479316533,0.003115264797507788,0.5325695387902276,0.9953271028037384,0.0,1.0288231478713001,520
1.0186700596813292,1.0158335917511048,0.5327102803738317,4.786481981773238,0.9552855467455992,0.003115264797507788,0.5242572511574861,0.9937694704049844,0.0,0.8858200643568613,765
1.623743436080362,1.637032693063706,0.16043613707165108,4.909516874999998,1.2458296798438546,0.001557632398753894,0.8280601023428257,0.9984423676012462,0.0,1.1663645471745712,375
1.8191970905553891,1.317395928595503,0.24610591900311526,7.406784497375918,1.3696823631327721,0.001557632398753894,0.8970703851839823,0.9984423676012462,0.0,0.8304371031673545,100
1.6995920667346658,1.3576599355783494,0.2367601246105919,7.419287993440235,1.1569337001593853,0.001557632398753894,0.7964052233149423,0.9984423676012462,0.0,0.9543468524719876,385
1.966659334177681,1.6228992067990786,0.16666666666666666,15.018521279240622,0.5748619313572528,0.11370716510903427,0.2065901799441041,0.9548286604361371,0.0,1.2338814210846722,20
1.3672629319219678,1.1743557350268592,0.3317757009345794,4.961943220004183,1.22009409188875,0.001557632398753894,0.6934275425619261,0.9984423676012462,0.0,0.8893411380522784,105
2.277871031605714,1.6288153356218589,0.16666666666666666,7.389470217226174,1.6661726104946626,0.0,1.3446726285324628,0.9984423676012462,0.0,0.81776222316592,475
1.6509081225288569,1.3839553997539613,0.22897196261682243,6.455451486138546,1.1820920704592368,0.001557632398753894,0.83633594581495,0.9984423676012462,0.0,1.3444477285604544,205
2.0247374765666786,1.3731292206478616,0.23208722741433022,7.406784497375918,1.3260757574195752,0.001557632398753894,0.681647394701923,0.9984423676012462,0.0,1.1031244164211957,11195
0.9689622134743638,1.3080760531764442,0.2523364485981308,3.4515922161356207,0.7705731920308183,0.014018691588785047,0.4098289792671471,0.985981308411215,0.0,1.3929965980407688,340
0.9508529196293806,0.8292837395496595,0.7850467289719626,3.516308228880216,0.9470724362833683,0.003115264797507788,0.6267360578647551,0.9984423676012462,0.0,1.0588937618245726,1215
5.1401942173166795,3.7124038929612615,0.0,14.813568994751837,2.763319184079835,0.0,2.2141917556816244,1.0,0.0,1.8527512513845057,2330
0.9988722568279214,0.8091621143935982,0.7990654205607477,2.9850284900856225,0.9873239718062058,0.003115264797507788,0.5980510670911735,0.9968847352024922,0.0,1.040138390479584,0
0.813691311502343,1.1333903772769027,0.3644859813084112,3.4851814528614744,0.7793728367312519,0.014018691588785047,0.5368182397498265,0.9953271028037384,0.0,1.210024531220107,330
1.7652296537652974,1.4456720791773099,0.21806853582554517,6.260743589743589,1.3830319797413493,0.001557632398753894,0.7884484761337848,0.9984423676012462,0.0,0.9177309563262835,935
1.7936352161410103,1.2452614382110885,0.26635514018691586,6.404676522711799,1.3109399557006667,0.001557632398753894,0.9259209216843357,0.9984423676012462,0.0,1.159918289208062,280
0.9794022134674673,1.2054014529615376,0.29750778816199375,3.9643936579155064,0.7856273974488738,0.012461059190031152,0.4113772474966603,0.985981308411215,0.0,1.0146143414167121,12590
1.4682390582247293,1.3316174594440882,0.24143302180685358,5.892448358021129,1.1208686606165972,0.001557632398753894,0.7613362468918529,0.9984423676012462,0.0,1.3290713917268446,365
1.6080924427728627,1.2468793396112894,0.26635514018691586,9.369456591554252,0.9763709384831746,0.003115264797507788,0.7198693463807773,0.9984423676012462,0.0,1.138260735837532,485
2.5420629862434474,1.849129834190253,0.11838006230529595,6.359174524284692,1.7979713203436092,0.0,1.1814467616093558,0.9984423676012462,0.0,1.434474478943421,325
1.644015317794339,1.2071794025072369,0.29439252336448596,7.406784497375918,1.1018923015554314,0.001557632398753894,0.8669849031064951,0.9984423676012462,0.0,0.9212484642471551,450
0.8654558346152275,1.003591803958798,0.5467289719626168,4.063076195837009,0.7893957698661705,0.012461059190031152,0.4018400266050241,0.985981308411215,0.0,1.0011701822304924,20
0.9107788724526606,0.8210950111829192,0.7912772585669782,3.670790174010706,0.7862762588731367,0.012461059190031152,0.4034156002275256,0.985981308411215,0.0,0.979935046511635,295
1.601982856205932,1.288466021900921,0.2554517133956386,10.532828144580021,0.8179864098284136,0.009345794392523364,0.48712663096619124,0.9922118380062306,0.0,1.20923006587403,535
1.1146768148404962,0.932905333610134,0.6339563862928349,3.224720361637707,1.110888819870855,0.001557632398753894,0.6727019687844324,0.9984423676012462,0.0,1.0357505807971454,410
2.118283657680891,1.4896932592084318,0.21651090342679127,7.406784497375918,1.3651880674301495,0.001557632398753894,0.9383819354331319,0.9984423676012462,0.0,1.2480845049739213,10980
1.088438715334174,0.8931237760157146,0.6697819314641744,3.393099846561459,1.0524145473120916,0.001557632398753894,0.7127708659322564,0.9984423676012462,0.0,1.033843628521989,260
1.0971708166976348,1.08954899496173,0.40186915887850466,5.793103176065139,0.9418884106409059,0.003115264797507788,0.5782453001768187,0.9968847352024922,0.0,1.1384033243098788,360
4.648793704090264,2.3878307185198016,0.001557632398753894,19.290181031175262,2.4470459645834466,0.0,1.93778666281579,1.0,0.0,1.0362047647776846,450
0.6126784753449552,0.8296461708848665,0.7850467289719626,2.244052826456587,0.5467719668188487,0.14641744548286603,0.28850197280426426,0.9719626168224299,0.0,1.0879553991162487,270
0.7362455587241711,1.0213120156519813,0.5202492211838006,4.554346718780125,0.732424295359743,0.029595015576323987,0.3662297720446614,0.9844236760124611,0.0,0.8822888386945286,880
1.6939402121659088,1.1856219928288039,0.32554517133956384,7.406784497375918,1.1773005554716667,0.001557632398753894,0.7600108091047884,0.9984423676012462,0.0,1.1887980420279294,505
4.119968809817921,1.7693847310221391,0.13862928348909656,17.409115222502578,2.3036880655620786,0.0,1.4301602208195356,0.9984423676012462,0.0,1.2307937000149909,520
1.8076520881093872,1.344727471781635,0.2383177570093458,7.406784497375918,1.3521091168148742,0.001557632398753894,0.9582718314215196,0.9984423676012462,0.0,0.8210023999454378,575
1.649510382028616,1.258808959359659,0.2616822429906542,7.406784497375918,1.2201227828633092,0.001557632398753894,0.8344593242190939,0.9984423676012462,0.0,0.8510127779428981,120
1.8280984297496738,1.5990725149661928,0.19470404984423675,6.057627354504477,1.26750420502227,0.001557632398753894,0.8927084532240875,0.9984423676012462,0.0,1.5058317391032132,585
1.1749404209413183,1.146148442397362,0.3598130841121495,2.999397146725254,1.1382879825752383,0.001557632398753894,0.735950340649779,0.9984423676012462,0.0,0.8462968420091926,15
1.7838525687167137,1.4087494866595283,0.22274143302180685,7.406784497375918,1.1237368218624975,0.001557632398753894,0.6639516377915582,0.9984423676012462,0.0,1.2926724175191469,515
0.6924229523442594,0.8749103526422941,0.6806853582554517,2.666920746679045,0.6370223161289477,0.07009345794392523,0.3536813097220919,0.9844236760124611,0.0,0.9730042500176062,495
0.4757311714698291,0.8556730443639083,0.7118380062305296,2.144916155096046,0.46093572968960994,0.5311526479750779,0.1436890921003718,0.8785046728971962,0.0,0.90671751160771,11745
1.0912892076084304,1.1640107497966838,0.3442367601246106,5.124487514369437,0.8042478899662107,0.010903426791277258,0.4292753780457442,0.9875389408099688,0.0,1.1491879295563059,525
2.7252347913730883,1.9423127050638627,0.08566978193146417,13.758538933618604,1.305388756458434,0.001557632398753894,0.7650229082102994,0.9984423676012462,0.0,1.4154526769141327,485
1.8439134827585721,1.526390099296751,0.21651090342679127,7.406784497375918,1.2549083843042659,0.001557632398753894,0.8654733307419409,0.9984423676012462,0.0,1.2178678630247495,5
0.8187709205163471,1.0523363784617967,0.470404984423676,3.067328656931768,0.7384293597637295,0.0264797507788162,0.5465828720203155,0.9953271028037384,0.0,1.1987246425092362,250
1.2590559728258666,0.949596685849373,0.6292834890965732,5.354250391793755,1.0466857970630006,0.003115264797507788,0.6809629812973018,0.9984423676012462,0.0,0.9455717943664915,390
1.002967881187494,1.0005339269121274,0.5514018691588785,3.029839572192509,0.9744478430491471,0.003115264797507788,0.4791315982331207,0.9906542056074766,0.0,0.9399407743300622,490
0.7334647137847474,0.9480445976669122,0.6292834890965732,4.090875097913016,0.7314321536172529,0.03115264797507788,0.43427518597743775,0.9875389408099688,0.0,1.0907233067645163,320
0.777946362740843,0.8365644577144482,0.764797507788162,1.944013656683075,0.8137517706355216,0.009345794392523364,0.47965041530936753,0.9906542056074766,0.0,0.939100701585014,505
0.9555642147299339,0.9690625176524641,0.5965732087227414,3.8941793323829708,0.82498705881711,0.009345794392523364,0.5631682479165285,0.9968847352024922,0.0,0.9105611573519587,11620
1.5257710865544705,1.1689285175140967,0.3364485981308411,5.933631315205763,1.109611744292752,0.001557632398753894,0.8103988592497107,0.9984423676012462,0.0,1.1884566844190052,11505
1.8860230834984824,2.3141514094628794,0.003115264797507788,6.2728500000000205,1.0084659697013163,0.003115264797507788,0.8939960478374187,0.9984423676012462,0.0,1.741338100876331,115
3.824609372567215,3.1237951353688067,0.001557632398753894,11.110176746063877,2.082120518038753,0.0,1.5732512450935783,0.9984423676012462,0.0,1.9148497405345741,480
1.63037902981033,1.271128902479739,0.2601246105919003,6.4411796290527485,1.324271670874023,0.001557632398753894,0.8827009011375977,0.9984423676012462,0.0,0.9482470592861703,425
0.7808066534203455,1.2177509623023646,0.278816199376947,4.1935490991165105,0.5600743705669529,0.12149532710280374,0.20223793421260272,0.9532710280373832,0.0,1.1121540819587843,310
1.6398116705088501,1.1868034327149373,0.32554517133956384,6.924187091682613,1.2889438960026889,0.001557632398753894,0.8809222993609662,0.9984423676012462,0.0,0.9618758210598806,455
1.7793624283825082,1.2286846402947644,0.27414330218068533,5.851775786913306,1.5326910965817782,0.001557632398753894,0.9763332896202527,0.9984423676012462,0.0,0.8364356537384544,290
0.775547568801834,0.8787132487237742,0.67601246105919,3.150051320185202,0.6704693776776047,0.045171339563862926,0.30858543123360527,0.9781931464174455,0.0,0.8602953717915387,11845
3.362729506576431,1.84602742760063,0.11838006230529595,18.22228879006529,1.5274318792976866,0.001557632398753894,1.4773548662568017,0.9984423676012462,0.0,0.9144150755528274,465
1.3880641550775932,1.2054070835110398,0.29750778816199375,5.212867975106777,1.1446305991812644,0.001557632398753894,0.6411953761470299,0.9984423676012462,0.0,1.2506440767398705,245
1.8459525397308905,1.4011750667990976,0.22429906542056074,8.398765607530503,1.2749308321593709,0.001557632398753894,1.0903756618925966,0.9984423676012462,0.0,0.8131894784843297,440
0.9578700608989648,1.064366939532891,0.4454828660436137,4.889742323515418,0.8880525462574211,0.003115264797507788,0.4406582225830026,0.9875389408099688,0.0,0.7885106457167048,555
1.361161271397612,1.200654349994897,0.3052959501557632,7.978934787423954,0.8470096676965958,0.004672897196261682,0.5001559866690081,0.9937694704049844,0.0,0.95317055002083,535
3.3542254666345412,2.890501790784294,0.001557632398753894,10.478279069767428,1.8011864277433869,0.0,1.2135971938195915,0.9984423676012462,0.0,1.8259945532687236,525
2.507417696899786,2.6007105270033493,0.001557632398753894,8.093999999999998,1.3198657198466284,0.001557632398753894,0.9135910887872385,0.9984423676012462,0.0,1.7854407856945245,500
0.7979634972405381,0.9757924382889683,0.5903426791277259,3.1822564102564095,0.8916901786224436,0.003115264797507788,0.8359129611636233,0.9984423676012462,0.0,0.8664516490784432,560
2.4187898184142798,1.640526409532491,0.16043613707165108,8.001926642189684,1.6140472240376242,0.001557632398753894,0.9892141924283151,0.9984423676012462,0.0,1.3332026486311408,345
2.648642140829904,1.8715063771631657,0.11682242990654206,12.924484474258266,1.3260059293283264,0.001557632398753894,0.9649537317740096,0.9984423676012462,0.0,1.3656063690539193,590
5.1030621173718025,2.3330511852789213,0.001557632398753894,21.490289417534225,2.7175795005759653,0.0,1.9311256445670393,1.0,0.0,1.0654861553098802,415
3.0778932468210853,1.8852303574789249,0.11526479750778816,11.541281251437134,1.7415846758114886,0.0,1.1782685221918174,0.9984423676012462,0.0,1.3883407274847837,235
1.0218073274097283,1.1454940347894567,0.3598130841121495,4.783761538461523,0.8813703035810183,0.003115264797507788,0.617028223421457,0.9984423676012462,0.0,1.1939278958273292,420
2.043896979318856,1.5667857879870721,0.2071651090342679,7.406784497375918,1.3374913037896476,0.001557632398753894,0.9313699607305386,0.9984423676012462,0.0,1.279193891660064,460
1.1507767317410595,0.9455500118341599,0.6292834890965732,4.395461429331146,1.0596693909739094,0.001557632398753894,0.7298399822688472,0.9984423676012462,0.0,0.966699163897123,435
1.4468912240144263,1.3222784270959524,0.24610591900311526,6.741192425862674,0.9646265435001287,0.003115264797507788,0.6868429812771606,0.9984423676012462,0.0,1.0225171819155965,245
4.283177520129667,3.2125211897255266,0.001557632398753894,15.542673612717277,2.0522579297612333,0.0,1.797646806506723,1.0,0.0,1.8615700873656111,50
1.1168985377964629,1.1690863628967108,0.3364485981308411,3.8740512820512816,1.0896798006847577,0.001557632398753894,0.8779967653098862,0.9984423676012462,0.0,0.8359871648164859,500
1.259099749137879,1.1755677088909522,0.3317757009345794,3.5176234556391197,1.1877338043262096,0.001557632398753894,0.7562662478458896,0.9984423676012462,0.0,0.973218772242409,495
1.9236635274467622,1.524921737502197,0.21651090342679127,5.534358974358974,1.5627764334845489,0.001557632398753894,0.9757228989468175,0.9984423676012462,0.0,0.8202186646623809,815
0.8529488675785754,0.7248655515174217,0.9314641744548287,2.0657397460497418,0.833762092642622,0.006230529595015576,0.4196593785272386,0.9875389408099688,0.0,1.0018344467245295,315
1.8785784832961319,1.4109776698834349,0.22274143302180685,8.633692536077353,1.2736229659690597,0.001557632398753894,1.2314108708919669,0.9984423676012462,0.0,0.8256603353254318,350
0.7050250565669105,0.7652384798198738,0.883177570093458,3.3872829334361714,0.6117481228420346,0.09501557632398754,0.26021736928639116,0.9688473520249221,0.0,1.0050310418626847,6750
2.5625784626284487,1.4981190316525823,0.21651090342679127,10.837714616897705,1.5281036359042044,0.001557632398753894,0.9064265893491985,0.9984423676012462,0.0,1.2751061932966024,140
4.946244915712667,2.500962285646275,0.001557632398753894,28.87571117416762,1.6915850842279,0.0,1.8888291616462132,1.0,0.0,0.9607288867257983,0
1.9934381044362526,1.4792768591312253,0.21651090342679127,7.406784497375918,1.4402969712937745,0.001557632398753894,1.0280003517935963,0.9984423676012462,0.0,1.2262285186650004,515
1.3471355438229937,1.296733541584529,0.2538940809968847,6.0532051282051285,1.052392841842414,0.001557632398753894,0.881969543932888,0.9984423676012462,0.0,0.8181330519324651,20
0.8116506425504069,1.0692146920420342,0.440809968847352,2.6411492857142718,0.8677623378052881,0.003115264797507788,0.48122426438471017,0.9906542056074766,0.0,1.00378428840925,505
0.8500430060838656,0.7683253715984656,0.8785046728971962,2.8292096886814018,0.8886597273411586,0.003115264797507788,0.7280810378354324,0.9984423676012462,0.0,0.9534368082929129,525
1.1393617016999753,1.2524232797985055,0.2632398753894081,4.635025641025641,1.0270446747249065,0.003115264797507788,0.5557047080361537,0.9968847352024922,0.0,0.7736655757845323,1235
1.038202708218313,1.318988147751149,0.24610591900311526,4.702286060797947,0.7058077895999775,0.03426791277258567,0.34661037437081815,0.9844236760124611,0.0,1.0891881889522939,11740
0.9572324340932864,0.943010347399389,0.6292834890965732,2.728701128140486,0.8812716365755626,0.003115264797507788,0.5412156419044206,0.9953271028037384,0.0,1.1392195022639284,460
1.1732182047824704,1.2329385701609359,0.27258566978193144,3.946248622546116,1.0386058672557417,0.003115264797507788,0.6865906373974101,0.9984423676012462,0.0,0.9668961240555222,415
1.1837161801745333,1.2308990883844215,0.27414330218068533,4.116139796804665,1.1097888555018016,0.001557632398753894,0.8200105600978043,0.9984423676012462,0.0,0.7983970227191702,515
2.1968571429680854,1.4969884565927989,0.21651090342679127,13.735644639432122,1.0050142065657766,0.003115264797507788,0.881459089269915,0.9984423676012462,0.0,0.9492266167185177,25
1.2531193738585662,1.261545965550583,0.2616822429906542,4.087690720393944,0.9975364785527426,0.003115264797507788,0.582958004656786,0.9968847352024922,0.0,1.1206626915664355,525
2.075749797037921,2.3392212410907582,0.001557632398753894,7.4194999999999975,1.0796292628183408,0.001557632398753894,0.649556047064587,0.9984423676012462,0.0,1.7389514834404654,15
0.8914674626163397,1.2632334866271515,0.2616822429906542,4.374704991760097,0.6224210670595329,0.08722741433021806,0.26680760394877756,0.9688473520249221,0.0,1.10077120164052,410
0.8923431977089494,0.9857443138412783,0.573208722741433,3.255593953691639,0.8267891829413613,0.006230529595015576,0.43537398992698784,0.9875389408099688,0.0,0.8865791863688274,11870
1.9056113864122013,1.5936631878786016,0.19626168224299065,7.406784497375918,1.1698703169197624,0.001557632398753894,0.8479283632518652,0.9984423676012462,0.0,1.333665790361874,635
2.2292855572716936,1.7617721409012375,0.14018691588785046,15.35822020038318,0.7265285279274472,0.03115264797507788,0.45897186287692837,0.9906542056074766,0.0,1.3409685007763057,455
1.537986424638078,1.2869451573806163,0.2554517133956386,10.087440798082229,0.7973902793746487,0.012461059190031152,0.4819125994078478,0.9906542056074766,0.0,1.2205422704115483,615
0.9099375219583663,1.0927465859805787,0.3987538940809969,4.337553846153833,0.8389011785863384,0.004672897196261682,0.617238940806346,0.9984423676012462,0.0,1.2154269861452913,655
1.1146249456876878,1.2606112073322953,0.2616822429906542,4.284293550999504,0.8463613261420034,0.004672897196261682,0.44137292451761945,0.9875389408099688,0.0,1.048392142260069,12055
0.9107528993579398,0.8004738649649132,0.8146417445482866,2.6679966683825795,0.9812827056818096,0.003115264797507788,0.803578200745618,0.9984423676012462,0.0,0.9537106779709082,485
1.0885574029671718,1.087258495299261,0.40498442367601245,3.3404361521676473,0.9684344144337507,0.003115264797507788,0.6197257677702802,0.9984423676012462,0.0,1.2276178041720327,295
1.7771221377168394,1.374685871425785,0.23208722741433022,8.980000407088664,1.1271203175146478,0.001557632398753894,0.7157509645937218,0.9984423676012462,0.0,1.2255900212956323,15
3.3282741333111865,2.676487885546351,0.001557632398753894,8.53979954102992,1.9294957557748091,0.0,1.523083516859527,0.9984423676012462,0.0,1.9256297450608122,365
0.7044826102382686,0.8351215669540331,0.7725856697819314,2.6512922316274907,0.6348158178146727,0.07320872274143302,0.3301308178716711,0.9828660436137072,0.0,0.9347369011260431,555
1.0878257990648192,1.2157428919978115,0.2850467289719626,4.855915498003661,0.7948551384920888,0.012461059190031152,0.33788329789103394,0.9844236760124611,0.0,1.0889750845084858,545
0.8907043935179448,0.8844166628908497,0.67601246105919,3.008816973386405,0.8364153093228424,0.006230529595015576,0.5280239332093478,0.9937694704049844,0.0,0.9351364306434405,11630
1.8301780299227344,1.5360428516003395,0.21495327102803738,7.406784497375918,1.1124233067208877,0.001557632398753894,0.7891945805098863,0.9984423676012462,0.0,1.3315735740507046,430
1.6182329189236833,1.2056233960299059,0.29750778816199375,9.104369472338917,0.9459198762032738,0.003115264797507788,0.8554999303434311,0.9984423676012462,0.0,0.9243274708342148,490
2.021761909092477,2.4004132824331177,0.001557632398753894,7.407358999999996,1.0193368293895997,0.003115264797507788,0.5516510169083849,0.9953271028037384,0.0,1.5806119013478876,2355
1.7699144984835142,1.3846249746734967,0.22897196261682243,4.531849675194234,1.5496505119362813,0.001557632398753894,0.8709671591232452,0.9984423676012462,0.0,0.9168404372595146,35
1.5974242933184875,1.2301654854146582,0.27414330218068533,6.299473269037584,1.2207830979089602,0.001557632398753894,0.7055079168036132,0.9984423676012462,0.0,0.9677372506543461,485
1.5681824066507093,1.3816708065856402,0.23052959501557632,6.987128205128205,1.1571898607951518,0.001557632398753894,0.9250822823719013,0.9984423676012462,0.0,0.7878886360249546,480
1.001760027160921,1.3515812292445142,0.2383177570093458,3.496866314848573,0.8005265231803889,0.012461059190031152,0.6078824566425477,0.9968847352024922,0.0,1.2750160800386634,12750
1.0212237728413127,1.1341821862778996,0.3644859813084112,4.244161538461529,0.9421488465610399,0.003115264797507788,0.6368216130116118,0.9984423676012462,0.0,1.2111683499475263,35
0.6617366124698737,0.9597623040098199,0.6137071651090342,3.701102564102564,0.7168582734266327,0.03115264797507788,0.3138834229164699,0.9797507788161994,0.0,0.951607125630725,1575
1.203145124094804,1.151954951630084,0.35514018691588783,5.199861200372223,1.0256686010001763,0.003115264797507788,0.8954271837275183,0.9984423676012462,0.0,1.1605764059293482,360
0.9492013214231232,1.3464743894041458,0.2383177570093458,3.3546110857927247,0.725976644357936,0.03115264797507788,0.3581416825084866,0.9844236760124611,0.0,1.4320322726151584,290
1.020002112086281,1.0673607675852075,0.440809968847352,4.6940028266436915,0.9694046585315065,0.003115264797507788,0.47688128118209133,0.9906542056074766,0.0,0.7866893805439382,570
0.8126614512795692,1.2196338730793146,0.278816199376947,3.3721964328177463,0.6737236991365914,0.04361370716510903,0.324568744044588,0.9813084112149533,0.0,1.3588253583436578,9955
2.997170545869643,1.7798514677038615,0.13551401869158877,15.714228487699282,1.511855551391763,0.001557632398753894,1.4996296623507883,0.9984423676012462,0.0,0.7846892358905195,190
1.7495967659115148,1.2262310592005852,0.27414330218068533,9.035550775789739,1.029119058773537,0.003115264797507788,0.8450446342929598,0.9984423676012462,0.0,0.9136501541157954,11350
0.7379325673033895,0.9536578237086417,0.6246105919003115,3.5267062379417444,0.7909574441941597,0.012461059190031152,0.42655154173602006,0.9875389408099688,0.0,0.7980443992508114,305
1.8123962849687416,1.1996144964936866,0.3068535825545171,5.601128377648809,1.5371054375832907,0.001557632398753894,0.9557918280698997,0.9984423676012462,0.0,1.032344586722963,515
1.0762438803525949,1.0207446636003432,0.5202492211838006,3.3385954044178443,1.1289567981964357,0.001557632398753894,0.7870510302580503,0.9984423676012462,0.0,0.8878287779140691,380
3.603006789582763,2.008373959856856,0.07009345794392523,21.80397463400372,1.3263067206463097,0.001557632398753894,1.3755414267125634,0.9984423676012462,0.0,0.9586193295541048,415
1.919517149444014,1.4628159128125107,0.21806853582554517,7.406784497375918,1.2194382874966823,0.001557632398753894,0.8825698356056997,0.9984423676012462,0.0,0.94529407201482,12625
1.702229522379467,1.8841784914858268,0.11682242990654206,7.809732612623329,0.9305234085831632,0.003115264797507788,0.44339390724026645,0.9890965732087228,0.0,1.2719311773168502,425
1.8152045262397334,2.085918608801233,0.05763239875389408,8.149593341947599,0.8873666691368608,0.003115264797507788,0.4834769548798461,0.9906542056074766,0.0,1.4722481531401561,375
2.0314511197464626,1.3841914875403232,0.22897196261682243,11.648503470763359,1.0862674043737361,0.001557632398753894,0.8031416033372841,0.9984423676012462,0.0,0.9346279227697237,6340
0.929008674862297,0.9952935637984509,0.559190031152648,2.802262839937436,0.9689143781213384,0.003115264797507788,0.5588674172228582,0.9968847352024922,0.0,0.9974942430223654,605
1.980749407460809,1.6085191434369215,0.18691588785046728,6.1940385157672155,1.38270643668768,0.001557632398753894,0.9560052860164906,0.9984423676012462,0.0,1.463876453749539,75
1.0890486683275125,1.1896195138299892,0.32554517133956384,3.2085692198280262,1.0228864037774568,0.003115264797507788,0.6195032622104052,0.9984423676012462,0.0,1.0117322921388294,515
0.8229423940568953,0.9125703727897898,0.6542056074766355,2.876281677711947,0.7633779772442583,0.01557632398753894,0.43800514479788377,0.9875389408099688,0.0,0.943846400745147,460
2.8217972589125533,1.9453228143383554,0.08566978193146417,14.560040040472519,1.3062245894890825,0.001557632398753894,0.9091204786778886,0.9984423676012462,0.0,1.3843956636344528,545
1.1211836414188243,0.9664407325983432,0.5965732087227414,4.2610267870027005,1.0768002273742887,0.001557632398753894,0.8170140383922471,0.9984423676012462,0.0,0.9750745928826592,475
0.8943634152738823,1.1034240361685554,0.3894080996884735,4.201179310929456,0.8722587504825781,0.003115264797507788,0.46675364135079456,0.9906542056074766,0.0,0.7677862678243945,155
0.8550726818097998,1.020642583128747,0.5202492211838006,3.427951896786755,0.9572544110497392,0.003115264797507788,0.5198407334524763,0.9937694704049844,0.0,0.8704424394657416,475
1.9169097394589751,1.4750570191106431,0.21651090342679127,9.26487956175411,1.0882264917228226,0.001557632398753894,0.7005338451944735,0.9984423676012462,0.0,1.2518947923734245,395
1.059263842842491,1.0907513438200083,0.40031152647975077,6.69242455791572,0.7662723103585567,0.01557632398753894,0.42333130965779237,0.9875389408099688,0.0,1.1994165325151016,515
0.7594876720562218,0.8215743008010336,0.7912772585669782,3.418279129980024,0.7143714931801355,0.03115264797507788,0.3155817749337512,0.9797507788161994,0.0,1.0490892976082171,475
1.0311239791062754,0.9947451288106014,0.559190031152648,3.451396758425714,0.9471537456548711,0.003115264797507788,0.5172547073963698,0.9937694704049844,0.0,0.9401134915571459,430
0.8996995235977876,0.8818743999524447,0.67601246105919,4.252090471568576,0.8095952013686656,0.009345794392523364,0.4351001118497502,0.9875389408099688,0.0,1.0573136525230487,390
1.8253014591215666,1.9246140933621176,0.09345794392523364,6.098121934312374,1.0422065651633972,0.003115264797507788,0.7252682481021754,0.9984423676012462,0.0,1.6684890520337081,570
0.9943140145962556,0.8421366135111255,0.7554517133956387,3.672512239331219,0.9003503696150863,0.003115264797507788,0.6517940200131118,0.9984423676012462,0.0,0.9413208103560975,350
3.4323940679617975,2.2847203595149534,0.003115264797507788,16.618499277881117,1.5537332141940208,0.001557632398753894,1.0690945250837762,0.9984423676012462,0.0,1.4810867640062624,390
2.552955242985933,2.3059763530556876,0.003115264797507788,7.207840108979256,1.4831583866195335,0.001557632398753894,1.1973268678506266,0.9984423676012462,0.0,1.8800434308552627,630
1.3657244727345954,1.2087308260436456,0.29283489096573206,5.830332616781516,1.1441002898570738,0.001557632398753894,0.7841923474835776,0.9984423676012462,0.0,0.8132729964113776,455
4.431420572098069,2.3089496356767816,0.003115264797507788,26.128517052496125,1.5623593992524187,0.001557632398753894,1.6912261103749944,0.9984423676012462,0.0,0.9319980377936482,475
1.1321659619068727,1.0484183906421058,0.4797507788161994,4.911449094422277,1.0594165233834507,0.001557632398753894,0.5939790329051889,0.9968847352024922,0.0,0.8599905027368521,575
1.0943188212074373,1.1846766203992187,0.32554517133956384,4.146156166075933,1.0563649784257587,0.001557632398753894,0.832961059909368,0.9984423676012462,0.0,1.028117048726273,1970
0.7359277534713098,0.8576505808486853,0.7071651090342679,2.0102745098039216,0.7204649191874406,0.03115264797507788,0.37590807574049495,0.985981308411215,0.0,0.9773474296019612,585
0.8843964566812762,1.0766064155951474,0.43146417445482865,4.794716563834762,0.8216679248335386,0.009345794392523364,0.39479376907880315,0.985981308411215,0.0,0.8120988745143224,660
0.9328245835046806,0.9113052719608584,0.6542056074766355,3.113076923076923,0.9943432094963004,0.003115264797507788,0.695988144639188,0.9984423676012462,0.0,0.9379768567605349,365
1.3944229219966033,1.2472192134986086,0.26635514018691586,4.340188559920152,1.2679268824222194,0.001557632398753894,0.9737286059809815,0.9984423676012462,0.0,0.8573734542491425,255
1.8509470675508672,1.0805992986932542,0.4174454828660436,7.907410297344657,1.3627610286868297,0.001557632398753894,0.9647790100230984,0.9984423676012462,0.0,1.1247541701126773,510
2.199853912975221,1.4500000715861787,0.21806853582554517,11.156933124461993,1.2570283083295153,0.001557632398753894,0.9007456523933447,0.9984423676012462,0.0,1.1794173792593827,310
1.4361848918756852,1.3135594733234728,0.24922118380062305,5.141169850659416,1.2435029770104087,0.001557632398753894,0.7934760272975027,0.9984423676012462,0.0,0.8080177059326946,540
2.0340365605848163,1.5757912423935152,0.20093457943925233,7.406784497375918,1.309442494445446,0.001557632398753894,0.8661037654776006,0.9984423676012462,0.0,1.321854825599347,595
0.7866236473670086,0.7608875087579635,0.8925233644859814,2.490389531417778,0.7790058432881181,0.014018691588785047,0.44301026607505045,0.9890965732087228,0.0,0.9470518122930576,235
1.541901286982768,1.0970912372384587,0.3956386292834891,4.560514772191604,1.4648959173577651,0.001557632398753894,0.9309103954183318,0.9984423676012462,0.0,0.8826802212143148,535
3.005183756675234,2.118661772679025,0.048286604361370715,11.330979539538294,1.7336169413899356,0.0,1.1476108856577187,0.9984423676012462,0.0,1.4769491903690735,5275
1.3385665494341676,1.1639189516463333,0.3442367601246106,3.5536462541182754,1.2218520683729703,0.001557632398753894,0.7282175468534595,0.9984423676012462,0.0,0.8696058944458388,155
3.480284208349836,2.4029430706591093,0.001557632398753894,11.944498587390079,2.0074721498586414,0.0,1.4518146280750874,0.9984423676012462,0.0,1.544261423298672,500
2.3999942476027223,2.5852823934465254,0.001557632398753894,8.093999999999998,1.2249115283533603,0.001557632398753894,0.8198317107558791,0.9984423676012462,0.0,1.8180335504965623,275
1.9803146184612035,1.3612196716901428,0.2336448598130841,7.406784497375918,1.2956110949974144,0.001557632398753894,0.8368997616270969,0.9984423676012462,0.0,1.2047638392544782,35
0.9605601885174432,1.127255591623852,0.3691588785046729,5.257641025641026,0.8485200083883887,0.004672897196261682,0.4207272482174751,0.9875389408099688,0.0,0.9024716932214576,1665
2.704833060611012,1.9121198628162648,0.10124610591900311,14.093942521024552,1.2621014758532567,0.001557632398753894,0.6994566449580385,0.9984423676012462,0.0,1.4106575101101784,330
2.0538023712983606,2.3554779254343563,0.001557632398753894,7.407358999999996,1.069707507799359,0.001557632398753894,0.6202637267975055,0.9984423676012462,0.0,1.7201895542016796,500
0.8502973738154282,0.9631184217420877,0.602803738317757,3.1822564102564095,0.9354688164012742,0.003115264797507788,0.8066338891795065,0.9984423676012462,0.0,0.8639781011905724,360
1.4749091000696715,1.1919071730401305,0.32242990654205606,4.814045494848636,1.3521345996696905,0.001557632398753894,0.8944957971345348,0.9984423676012462,0.0,0.8361532208329849,535
1.4867693479746829,1.1401211027922802,0.3598130841121495,5.268269934403118,1.1763791813436093,0.001557632398753894,0.7289846711555358,0.9984423676012462,0.0,0.9291622179413198,335
0.6599579363895085,0.9854564585184494,0.5747663551401869,3.839461538461538,0.7158201523228772,0.03115264797507788,0.328297631735345,0.9828660436137072,0.0,0.8682725720761785,1585
2.300542375281546,1.4424031418592267,0.21806853582554517,9.032467113294022,1.4638606892832942,0.001557632398753894,1.03480543685889,0.9984423676012462,0.0,0.9319012896638634,605
0.9033856670052259,0.8738985934801997,0.6806853582554517,2.595965456244886,1.014140753154071,0.003115264797507788,0.8259939118040509,0.9984423676012462,0.0,0.9356175785507592,1870
1.1297661764871034,1.3659848873825589,0.2336448598130841,3.947896410556518,0.8737053358183338,0.003115264797507788,0.6124441030232574,0.9968847352024922,0.0,1.3310304909534232,385
1.2380715980640113,1.160135805076498,0.34579439252336447,2.8226505556983965,1.206319382454588,0.001557632398753894,0.7395898270715524,0.9984423676012462,0.0,0.8582303581664269,485
2.420914923164177,1.91868825062758,0.09501557632398754,18.372555712444253,0.5434578821286615,0.15109034267912771,0.2845856437414163,0.9719626168224299,0.0,1.3139268215300113,395
0.7200716520030053,0.7509386496890993,0.9003115264797508,3.109731377658136,0.6725392330390698,0.045171339563862926,0.26347250425502017,0.9688473520249221,0.0,1.0554040421214324,350
2.7342787955757735,1.8663444571278804,0.11682242990654206,7.612708583522234,1.8701028969373388,0.0,1.1966129572776358,0.9984423676012462,0.0,1.5318101336672427,645
2.2440973041852814,1.3772100325036305,0.23052959501557632,7.572913289826981,1.59003667263088,0.001557632398753894,0.9100917454096924,0.9984423676012462,0.0,0.9674054523940143,410
1.4836362930036822,1.1232621997238423,0.3707165109034268,6.60922354893358,1.1254863420407806,0.001557632398753894,0.6807490245816447,0.9984423676012462,0.0,0.9860462035697358,440
1.4700180723374603,1.4195306928674811,0.21962616822429906,5.025792337433272,1.0529432565717531,0.001557632398753894,0.7072489075303371,0.9984423676012462,0.0,1.2792290944437177,0
1.2235971138101487,0.8612084251012065,0.6962616822429907,3.372499999999999,1.0913271454205353,0.001557632398753894,0.5453431203486518,0.9953271028037384,0.0,1.0492269765094533,570
3.4719633942911035,2.8076169461548,0.001557632398753894,8.786991272406931,1.9861086066212497,0.0,1.6888236188059167,0.9984423676012462,0.0,1.838384499778784,9400
2.5153929322623925,2.7135446064487256,0.001557632398753894,8.093999999999998,1.284461430455665,0.001557632398753894,0.8709613486625754,0.9984423676012462,0.0,1.8567181447175527,5
0.6980818085823357,0.8947868584975566,0.6697819314641744,4.2729169025657985,0.6420417355568216,0.06542056074766354,0.30737763987441596,0.9781931464174455,0.0,1.0504113786405722,375
0.7572116401600775,0.8348770312974705,0.7725856697819314,3.531444437542281,0.741491551187006,0.02336448598130841,0.41604677754568026,0.9875389408099688,0.0,1.0855792617173885,385
2.6810836425444498,1.9379437808381184,0.08722741433021806,13.589399913863211,1.2730437511734274,0.001557632398753894,0.7469911136900264,0.9984423676012462,0.0,1.4567261090665726,435
1.1476558728895194,0.8237827797411696,0.7897196261682243,3.388260672422214,1.0390364345765546,0.003115264797507788,0.6668504031333741,0.9984423676012462,0.0,1.1163242985459285,485
1.7049759743117667,1.3831090734718057,0.22897196261682243,8.477659203666663,1.030615825857617,0.003115264797507788,0.7208152306102239,0.9984423676012462,0.0,0.9814818732304172,10
0.5400049011246013,1.0737849762074392,0.43457943925233644,3.4614137623340286,0.4808853375304632,0.37850467289719625,0.17312743027537159,0.9252336448598131,0.0,1.1569700391497542,375
1.805239724298407,1.9608407770178233,0.0794392523364486,8.59201422087127,0.9120945408557086,0.003115264797507788,0.4358433831808764,0.9875389408099688,0.0,1.347390435943313,455
0.8691922717897209,1.1968219613652122,0.3161993769470405,3.3724131155142545,0.7510178781098572,0.018691588785046728,0.3852387464139515,0.985981308411215,0.0,1.269791632981454,9770
0.7849506993720201,0.8561691902563714,0.7102803738317757,3.342118780091198,0.8156058524860547,0.009345794392523364,0.4965954671059886,0.9937694704049844,0.0,0.9507453349291185,485
0.7411030158570234,0.8672880958327234,0.6884735202492211,2.9747179487179487,0.8126345915001758,0.009345794392523364,0.7572842875820638,0.9984423676012462,0.0,0.8691980980422067,445
1.5096642620410181,1.366768561424221,0.2336448598130841,6.606641025641025,1.1441552209136234,0.001557632398753894,0.7858342929128989,0.9984423676012462,0.0,0.8310575166123114,335
1.8093092773196535,1.2382108134585705,0.26947040498442365,7.406784497375918,1.1979070213156462,0.001557632398753894,0.7301421925985198,0.9984423676012462,0.0,1.2143944059372325,70
0.9760322304521549,0.6979845635593964,0.9626168224299065,3.697527232538028,0.7866185157695306,0.012461059190031152,0.3884699442345814,0.985981308411215,0.0,1.0248601870273013,360
2.6024160645096117,1.6477589014504632,0.16043613707165108,16.37414588537042,1.0555127920036929,0.001557632398753894,1.0197255178011586,0.9984423676012462,0.0,0.9357424202815755,450
3.212638219463195,1.8290886172534666,0.12149532710280374,18.675135476752224,1.3156510312701242,0.001557632398753894,1.1980586089346246,0.9984423676012462,0.0,0.9587448429114475,495
1.9037370653717516,1.5604764010325625,0.2102803738317757,5.181579057625767,1.5663635089694978,0.001557632398753894,0.9800221792936625,0.9984423676012462,0.0,1.0104192479908691,520
0.7918852081420847,1.0415099526581093,0.49065420560747663,2.9857470688460963,0.9189282162819832,0.003115264797507788,0.5243382968333926,0.9937694704049844,0.0,0.7528418603517529,440
0.6033204146842224,0.8241502179064247,0.7897196261682243,2.402247095472999,0.6868187936068273,0.03582554517133956,0.2416718986016309,0.9641744548286605,0.0,1.1778752331941935,455
1.0998264599661423,0.845111138116192,0.7445482866043613,3.476699856183171,1.0395682242809783,0.003115264797507788,0.5888314342154033,0.9968847352024922,0.0,0.9537741389822084,9160
0.8229702948868627,0.904918828755709,0.6635514018691588,3.0932987549079116,0.733007302456576,0.029595015576323987,0.46116770306977867,0.9906542056074766,0.0,0.9773171595200196,495
1.0425670593478107,1.1203016625438964,0.37538940809968846,2.619658105861656,1.0371868812816687,0.003115264797507788,0.5923910438885054,0.9968847352024922,0.0,0.8905458599288597,590
1.2429066672034423,1.1530619443766137,0.35358255451713394,5.72354143719901,1.0553732759493524,0.001557632398753894,0.7795365046110846,0.9984423676012462,0.0,1.0744795847929587,280
0.9020473545608885,1.0950468586896551,0.3956386292834891,4.489229164661402,0.786623508266093,0.012461059190031152,0.37672936260087736,0.985981308411215,0.0,1.26277157964303,410
0.8390929575212486,0.904525376915681,0.6635514018691588,3.446496201139679,0.8824892202937119,0.003115264797507788,0.5375675246807655,0.9953271028037384,0.0,0.8355226310016967,1450
1.2234342664581728,1.0885493347718598,0.40342679127725856,3.645293317668682,1.0918577308282937,0.001557632398753894,0.5749526654572217,0.9968847352024922,0.0,0.9465727447331006,335
1.9505883107090536,2.3333749713797878,0.001557632398753894,7.4194999999999975,0.9601840065027449,0.003115264797507788,0.5854627901008377,0.9968847352024922,0.0,1.7538748708320133,40
1.0824240497123783,1.1566545529110828,0.35046728971962615,2.8225230769230683,0.9731999841268191,0.003115264797507788,0.7516039779799949,0.9984423676012462,0.0,1.2237514583222413,365
1.076362868083024,0.9796536937320575,0.5825545171339563,4.419928064685285,0.9671821450975732,0.003115264797507788,0.4976289123718983,0.9937694704049844,0.0,1.001194200505769,485
1.5793050070838326,2.1056047554616333,0.0514018691588785,6.364076124999997,0.8172930290400845,0.009345794392523364,0.3957793434598156,0.985981308411215,0.0,1.6180581369299605,405
1.1648024956212633,1.242728090564388,0.26947040498442365,5.373227898646705,0.8048336447386674,0.010903426791277258,0.43885312413935557,0.9875389408099688,0.0,1.0774337270265741,280
0.9938106083919607,0.8557433389267067,0.7118380062305296,2.816641265230265,1.0739666524569873,0.001557632398753894,0.7849299936474404,0.9984423676012462,0.0,1.0196983458816606,500
0.677924682097987,0.7558151158418484,0.8956386292834891,1.6851390687354462,0.6868534892448185,0.03582554517133956,0.3394611303435898,0.9844236760124611,0.0,0.9476336085502889,415
1.9779877158787706,1.54436655114128,0.21339563862928349,8.91247249633385,1.2624949581935618,0.001557632398753894,0.593361397816874,0.9968847352024922,0.0,1.033691908850842,410
1.1352171519861165,1.6232081885688492,0.16666666666666666,5.395999999999988,0.6972804046153324,0.03426791277258567,0.2571098665073851,0.9688473520249221,0.0,1.434439874485192,225
1.1063337436576646,1.0130689640512136,0.5358255451713395,4.744067470174186,0.9751180418212074,0.003115264797507788,0.5193704889757376,0.9937694704049844,0.0,0.9776771585175651,295
1.1643656221376981,1.0721066418981235,0.43613707165109034,4.232563665901706,0.9776560518168063,0.003115264797507788,0.6068621722830619,0.9968847352024922,0.0,1.212340754509103,320
1.3592200677242692,1.1416193123893048,0.3598130841121495,5.517522885003113,1.1918612570040057,0.001557632398753894,0.9274658904214557,0.9984423676012462,0.0,0.92093312291006,470
0.9231539049783277,1.182217728787746,0.32710280373831774,3.7993113101750073,0.7618746321023578,0.01557632398753894,0.3937515462527033,0.985981308411215,0.0,1.1351308201771917,465
1.159779437760991,1.266079069833694,0.2616822429906542,3.767085807297454,0.9863265358674943,0.003115264797507788,0.5874987675697553,0.9968847352024922,0.0,1.3627601131199691,315
1.026714752105883,0.7929835413016888,0.839563862928349,2.990119736946776,0.9365904716742964,0.003115264797507788,0.5459357085816837,0.9953271028037384,0.0,0.9707901676412453,445
0.8999587701573003,0.8498751633014793,0.7289719626168224,2.7262834259674595,0.9796139146830545,0.003115264797507788,0.585019737010774,0.9968847352024922,0.0,0.9879598355190308,1680
1.5992018386643636,1.1250590532179134,0.3691588785046729,7.406784497375918,1.1151445804446185,0.001557632398753894,0.754969880570899,0.9984423676012462,0.0,1.2231712596232696,560
1.0277676411726164,1.1823052131806862,0.32710280373831774,3.8225816659830363,1.0317550544918066,0.003115264797507788,0.6912550712243934,0.9984423676012462,0.0,1.0818550785278227,30
0.79119793105558,0.9855117677157573,0.5747663551401869,3.2175620466769095,0.8984357820294473,0.003115264797507788,0.4776470827761804,0.9906542056074766,0.0,0.8105075559026682,180
1.7148606143528702,1.4894824898161145,0.21651090342679127,6.552975405036027,1.2366819839257748,0.001557632398753894,1.017645737136161,0.9984423676012462,0.0,1.219311552117497,570
0.8963910544673074,1.0711328476284316,0.4392523364485981,3.344459725942868,0.8722592517025302,0.003115264797507788,0.3782796973772486,0.985981308411215,0.0,1.1975559035621761,520
0.6240000062332444,1.0124977778326911,0.5358255451713395,4.047,0.6717830856598616,0.045171339563862926,0.2856814003402581,0.9719626168224299,0.0,0.9633672815501599,495
1.5253559625394921,1.3715924327261748,0.23208722741433022,4.448104225120689,1.3615589915792867,0.001557632398753894,1.172196628181426,0.9984423676012462,0.0,0.8204652813548551,320
3.2591964382884355,2.781574392098091,0.001557632398753894,10.25867441860464,1.7935963194991822,0.0,1.1713059456292825,0.9984423676012462,0.0,1.6770411539726984,310
0.9223236616326569,1.4219967853546138,0.21962616822429906,3.3908860957236437,0.6454580573418757,0.059190031152647975,0.2739507200228668,0.9719626168224299,0.0,1.4755670549829933,685
0.7045180245004428,1.017659873173731,0.5280373831775701,3.7093360314655346,0.7883900780782105,0.012461059190031152,0.42939915894547087,0.9875389408099688,0.0,0.9729821148692773,1895
2.198532418902196,1.653752279212327,0.1588785046728972,14.16234769066164,0.8612987047002034,0.003115264797507788,0.40911802455208773,0.985981308411215,0.0,1.2972701146208454,405
1.0938014951680173,1.1740470586290916,0.3317757009345794,3.250209834168392,1.0323983525749691,0.003115264797507788,0.5457308181064036,0.9953271028037384,0.0,1.0087738269999764,385
0.7844909200579521,0.9511113504792242,0.6277258566978193,3.7145086252218165,0.8318743497008401,0.006230529595015576,0.5089078710906235,0.9937694704049844,0.0,1.0550071051588457,650
2.7111379221916,1.9489230214949849,0.08255451713395638,14.33597349892611,1.22432345520607,0.001557632398753894,0.6979994104291949,0.9984423676012462,0.0,1.3837506724864832,10
1.1705633823659456,0.9605973758812272,0.6105919003115264,4.025913080665661,1.0221423250380122,0.003115264797507788,0.6572446147882264,0.9984423676012462,0.0,0.9413748980375981,325
1.3985959046659338,1.2297843481621888,0.27414330218068533,3.39734048342337,1.2719788700734183,0.001557632398753894,0.7651873280114885,0.9984423676012462,0.0,0.8437467700478869,480
1.808875953840888,2.187407656560499,0.024922118380062305,7.406784497375918,0.9003874633870388,0.003115264797507788,0.40533610846207396,0.985981308411215,0.0,1.603503081504539,415
1.0839893883642082,1.0481166719110107,0.4797507788161994,5.8203659661327585,0.8647798184325315,0.003115264797507788,0.43113112583293645,0.9875389408099688,0.0,0.9526759322629711,435
1.6383639386073092,1.2846937138268792,0.2554517133956386,6.819063008966245,1.2437033032519367,0.001557632398753894,1.1380380614001044,0.9984423676012462,0.0,1.1719689846629315,260
1.0642592953251582,1.086549982870122,0.40654205607476634,2.820583190207072,1.0607107441334032,0.001557632398753894,0.6248860241717268,0.9984423676012462,0.0,0.8665600287296371,375
0.9202204965556107,0.8546448541151423,0.7180685358255452,3.566364975659853,0.871545161340547,0.003115264797507788,0.44859711376500766,0.9890965732087228,0.0,1.033988240035214,575
1.1248943961028155,1.0561943919171948,0.45950155763239875,4.002701086532723,0.9534988593324293,0.003115264797507788,0.45837154417289366,0.9906542056074766,0.0,1.1280874038617783,335
1.4852024682196834,1.2940886140177044,0.2538940809968847,4.09273417872261,1.3945639986365959,0.001557632398753894,0.9432082009494527,0.9984423676012462,0.0,0.8136756736070284,270
0.836496942769887,0.7035663718453684,0.9517133956386293,2.4518802049788953,0.7944411570019118,0.012461059190031152,0.39951618095987473,0.985981308411215,0.0,0.9809201433899062,305
1.111822463160393,0.9699980886135896,0.5965732087227414,3.9041790320794836,1.0718251900399152,0.001557632398753894,0.6707807904540894,0.9984423676012462,0.0,1.044908603650561,25
0.7707722351702962,0.8360773172332105,0.7663551401869159,4.2428441052502155,0.6981265064007686,0.03426791277258567,0.2854737576935242,0.9719626168224299,0.0,1.1436128345831593,285
1.4416417139946216,1.4998009815393472,0.21651090342679127,4.912464811888444,0.9988295132506897,0.003115264797507788,0.7222692386365654,0.9984423676012462,0.0,1.297232956415814,405
0.8844811511498575,0.8751305705872865,0.6806853582554517,4.165682003595364,0.8213537879042234,0.009345794392523364,0.42345138880615,0.9875389408099688,0.0,0.9968581189384149,5700
2.6287489082159388,1.8630923994557402,0.11682242990654206,14.230424681649962,1.1882516728652897,0.001557632398753894,0.8265122945064886,0.9984423676012462,0.0,1.3512274212281474,345
2.5530518194389353,2.106558628720231,0.0514018691588785,8.560961538461552,1.5491657296827475,0.001557632398753894,1.1125123896664517,0.9984423676012462,0.0,1.4845293968412352,10
1.661737743985737,1.236371459855293,0.26947040498442365,7.406784497375918,1.0911208980243416,0.001557632398753894,0.6020577245663641,0.9968847352024922,0.0,1.1996080395791295,8840
0.9692225817542142,1.2484331811376976,0.26479750778816197,3.553621221712857,0.8497268926185382,0.004672897196261682,0.5196106883085905,0.9937694704049844,0.0,1.3676544819603706,460
1.0957428299735517,0.9477807433005287,0.6292834890965732,3.045278783781988,1.1188622351450104,0.001557632398753894,0.7688064585617127,0.9984423676012462,0.0,0.9771559636403061,460
1.0934581592905523,1.6095801355179238,0.1838006230529595,5.252837374999999,0.6773620404196673,0.040498442367601244,0.255135523597762,0.9688473520249221,0.0,1.436303308069859,290
2.11090498072359,1.9279793705627541,0.09190031152647975,6.364071090866558,1.288742400021452,0.001557632398753894,0.7984046863896744,0.9984423676012462,0.0,1.7000969068004737,585
1.622573470246818,1.0344655475839344,0.4984423676012461,7.406784497375918,1.1759277500167284,0.001557632398753894,0.8084969308795723,0.9984423676012462,0.0,1.1408760921032268,555
3.139261934428622,1.7046929004156977,0.15109034267912771,14.65945177286388,1.753389221308734,0.0,1.422612423364716,0.9984423676012462,0.0,0.8812306190118745,360
3.691801009130148,2.296896408249872,0.003115264797507788,14.400207561378348,2.032589039202673,0.0,1.6362082487920737,0.9984423676012462,0.0,1.21802061075093,560
0.7579863331196796,0.8875711445379788,0.6713395638629284,3.251435897435898,0.800584429951646,0.012461059190031152,0.37205828811932756,0.9844236760124611,0.0,0.9616548341012365,545
3.11950348793389,2.1547303980690273,0.03894080996884735,11.306364292621504,1.8322144003242113,0.0,1.1861285096598881,0.9984423676012462,0.0,1.552705672271499,285
0.7369563088431877,0.8111886020685279,0.7990654205607477,2.3775118086920393,0.6815953180833708,0.03582554517133956,0.36710370176770557,0.9844236760124611,0.0,0.9794265095404486,465
1.5717542210264384,1.1391492962107561,0.3598130841121495,7.406784497375918,1.0254813337948612,0.003115264797507788,0.546007327467315,0.9953271028037384,0.0,1.1324706120510566,495
0.818100972175002,1.2071335346369196,0.29439252336448596,4.236403088203472,0.6055760077827759,0.102803738317757,0.21067588797050535,0.9548286604361371,0.0,1.1129244109092866,30
1.6734249643022956,1.529985962066614,0.21495327102803738,5.104559568210506,1.1744154320474613,0.001557632398753894,0.79007579511476,0.9984423676012462,0.0,1.2953543569552355,580
1.8406937562350736,1.744140291282754,0.14174454828660435,6.085118945830636,1.1491934753153616,0.001557632398753894,0.6823453939298542,0.9984423676012462,0.0,1.5511935334427542,10
1.952957328978461,1.602107715033921,0.19158878504672897,14.297354266292537,0.6427197993697651,0.06386292834890965,0.3007486255402833,0.9750778816199377,0.0,1.245733063210489,4810
1.9223005166986658,1.8089615594371404,0.1277258566978193,6.252513735041306,1.1890082062736729,0.001557632398753894,0.7333622569568662,0.9984423676012462,0.0,1.6824200787526737,390
0.9121043233210211,1.137834696597062,0.3629283489096573,5.568948717948717,0.7660830060674002,0.01557632398753894,0.369499242114875,0.9844236760124611,0.0,0.9414243761097411,500
1.1705712667595687,1.3262701601118378,0.24299065420560748,4.522434450939806,0.8540808737812842,0.003115264797507788,0.4753990701532515,0.9906542056074766,0.0,0.9228119402914653,12575
2.7137836466673066,1.988905644503771,0.07165109034267912,18.677113048967637,0.7681157819901577,0.014018691588785047,0.3800013996182584,0.985981308411215,0.0,1.305751705270697,260
0.761317316615646,0.9613244631183643,0.6090342679127726,3.673284567646995,0.7415770840850722,0.02336448598130841,0.5177338838250609,0.9937694704049844,0.0,1.0035574175050597,485
0.7673126502645236,1.1564787687879894,0.35046728971962615,3.4485790155451723,0.6761466671097607,0.04205607476635514,0.35292762876582173,0.9844236760124611,0.0,1.3078698241159732,640
2.5522356919578497,2.7185321114311645,0.001557632398753894,8.093999999999998,1.3116268748145457,0.001557632398753894,0.9011438044571083,0.9984423676012462,0.0,1.7948141491010061,2580
1.575716322486353,1.6916991044412708,0.1542056074766355,5.058749999999998,1.0191246555261166,0.003115264797507788,0.7091434819655887,0.9984423676012462,0.0,1.6119398833596006,440
2.7906986468417996,2.0299568088030377,0.06697819314641744,16.011019452521083,1.0943565407907865,0.001557632398753894,0.7651844007787645,0.9984423676012462,0.0,1.3330468319846074,305
0.8233063476780685,1.034979073901039,0.4968847352024922,6.741478903672882,0.544578825618453,0.14953271028037382,0.22499339853221623,0.9595015576323987,0.0,1.1950190569804158,520
0.9478697100747511,0.9529381147487085,0.6261682242990654,3.393771945487388,0.8078422187505645,0.010903426791277258,0.44275648944326895,0.9890965732087228,0.0,1.1327394125219192,630
0.6882733575087413,0.8382488542296432,0.7616822429906542,3.4696693855226997,0.6951324119877451,0.03426791277258567,0.4003670011256052,0.985981308411215,0.0,1.1252176467087582,290
1.6485387425242317,1.744980199261893,0.14174454828660435,5.8335392191747415,1.122153193728446,0.001557632398753894,0.711087762772349,0.9984423676012462,0.0,1.1858615155400323,315
2.079750141656224,1.6148681882301124,0.17289719626168223,14.575517764467916,0.7413288236948662,0.02336448598130841,0.3360274852468448,0.9828660436137072,0.0,1.2425358265881838,5155
4.116907554184249,2.139694508266494,0.040498442367601244,22.90133629926456,1.5817330235074658,0.001557632398753894,1.7159218577017579,0.9984423676012462,0.0,0.9113177606533919,11390
2.8902139739791393,1.973972821379873,0.07476635514018691,13.191940226466873,1.5119822810250465,0.001557632398753894,0.8992575342309544,0.9984423676012462,0.0,1.399571710837122,80
1.9794012060690838,1.5196591398378227,0.21651090342679127,13.062828299050881,0.8315013640414489,0.006230529595015576,0.4428658537599737,0.9890965732087228,0.0,1.279553128230673,470
0.8333848438721182,0.9723760236320446,0.5934579439252337,4.4135527954185845,0.8026405432772928,0.012461059190031152,0.39711793225529796,0.985981308411215,0.0,1.1572024088907513,470
1.9712498032717474,1.6978333831308148,0.1526479750778816,7.710053846153822,1.283162325984841,0.001557632398753894,1.076322603014817,0.9984423676012462,0.0,1.2158974989675948,330
1.5201218320348748,1.4587258937771597,0.21806853582554517,3.9800735172194397,1.2454385514863642,0.001557632398753894,0.7933053524087568,0.9984423676012462,0.0,1.332574166177787,405
1.6359663134865123,1.6994059112726856,0.1526479750778816,6.591075286521522,1.0593057743321979,0.001557632398753894,0.6244469904681352,0.9984423676012462,0.0,1.1939010495801037,385
0.8447972915769824,1.0620307318307969,0.4532710280373832,3.406436182135281,0.9514685847604982,0.003115264797507788,0.5779030910607692,0.9968847352024922,0.0,1.0176850410665454,1065
0.7825800505407824,0.8965818710503924,0.6651090342679128,2.8709487179487185,0.8796922148610825,0.003115264797507788,0.7607670932090158,0.9984423676012462,0.0,0.8807065400282807,365
1.116437474784371,0.8349679744864587,0.7725856697819314,2.7335211433947233,1.110905668319201,0.001557632398753894,0.5867596177340876,0.9968847352024922,0.0,1.009242975995845,225
0.6466812844615164,0.9852560950628549,0.5747663551401869,3.666512820512821,0.7185866987009354,0.03115264797507788,0.3246859857280716,0.9813084112149533,0.0,0.8209158440443942,1660
1.9339282481298412,1.4348091537538112,0.21806853582554517,10.863437982531346,0.979812097550441,0.003115264797507788,0.5845161243463243,0.9968847352024922,0.0,1.2591771132371172,260
2.525739869619319,1.8228264237938019,0.1261682242990654,10.991059281658556,1.4271308286058795,0.001557632398753894,0.8497437218405249,0.9984423676012462,0.0,1.4580129495793346,350
1.222412673489904,1.2932702939263723,0.2538940809968847,4.773384615384615,1.0774095030082962,0.001557632398753894,0.6996121479425087,0.9984423676012462,0.0,0.8123876358110224,640
1.076803410027584,1.0588989906439497,0.45482866043613707,3.718537992833669,0.9321405395583906,0.003115264797507788,0.42295178405097217,0.9875389408099688,0.0,1.098480306529878,520
1.3600576825708195,1.3065082464099576,0.2523364485981308,6.0532051282051285,1.0654766009026595,0.001557632398753894,0.7946821280281722,0.9984423676012462,0.0,0.8412156515445082,30
0.8351645112067615,0.9111029951750098,0.6542056074766355,4.471773449065978,0.7647298587755498,0.01557632398753894,0.4227697716741402,0.9875389408099688,0.0,1.133460221924863,430
2.058781643588564,2.358165165135218,0.001557632398753894,7.406784497375918,1.0630089194547834,0.001557632398753894,0.5577099084136541,0.9968847352024922,0.0,1.6837355580096849,465
0.5110452424732018,0.8118564003176936,0.7975077881619937,2.3641139555865474,0.5928700381735018,0.1043613707165109,0.193460141703384,0.9439252336448598,0.0,1.1728627742685778,380
3.054846697673115,1.9674107764228055,0.0763239875389408,8.31405197450717,2.0477840111891012,0.0,1.3350693317966422,0.9984423676012462,0.0,1.5082514365595183,525
1.5128854510982344,1.403199556767284,0.22274143302180685,4.880778093780762,1.189288555430838,0.001557632398753894,0.788543837965915,0.9984423676012462,0.0,1.4179876878122601,315
1.1548406527390156,1.1799839202017148,0.32710280373831774,5.492898803854435,0.9764768617572595,0.003115264797507788,0.5163439969588847,0.9937694704049844,0.0,0.8191357307994747,520
1.54439737804897,1.2342172036927885,0.27258566978193144,4.026555630482247,1.4890171187435743,0.001557632398753894,0.903898306458455,0.9984423676012462,0.0,0.8091934439267885,210
4.515607651202059,2.2593546152035255,0.003115264797507788,17.76911166043156,2.389124700241756,0.0,1.64977078880315,0.9984423676012462,0.0,1.300199560256142,8825
1.4234620663939028,0.8829293259173273,0.67601246105919,5.2520820823405865,1.177499149157967,0.001557632398753894,0.671917448174047,0.9984423676012462,0.0,1.0420164353847507,10
1.9663657436146886,1.458119829047726,0.21806853582554517,9.279273844600645,1.1600671005766674,0.001557632398753894,0.8580463654210295,0.9984423676012462,0.0,1.0016432015865464,435
1.2419882289335151,1.247611594621277,0.26635514018691586,5.776487179487179,1.0102151772164307,0.003115264797507788,0.7289087842044877,0.9984423676012462,0.0,0.7661176770711503,785
0.9845058335992908,0.9833762295515114,0.5825545171339563,4.54115624722968,0.9191835912414085,0.003115264797507788,0.6785725583022834,0.9984423676012462,0.0,1.0593992301017539,575
0.9673586902539131,1.0287674582818525,0.5109034267912772,4.663178766419681,0.9219770689176445,0.003115264797507788,0.5665509189845295,0.9968847352024922,0.0,1.147701711266241,265
0.9954912440430641,0.9077299943755303,0.660436137071651,3.0411346426660657,1.0781421930629143,0.001557632398753894,0.88038486677291,0.9984423676012462,0.0,1.0986522944661565,2135
3.3659636950801675,1.7991458025231901,0.1292834890965732,17.603611495609027,1.5623887158233574,0.001557632398753894,1.5643436284407677,0.9984423676012462,0.0,0.9281234857464289,325
1.8949985094117525,1.4278485231367217,0.21806853582554517,7.406784497375918,1.3924731346037134,0.001557632398753894,1.02490896461504,0.9984423676012462,0.0,0.8456232031553044,260
1.028218326179559,1.115012236889059,0.37850467289719625,4.2960461538461505,0.9478525057326278,0.003115264797507788,0.6536131108778401,0.9984423676012462,0.0,1.1925124888528813,490
0.9927802295221755,1.1152331588958149,0.37850467289719625,5.075964598990057,0.9038936416241081,0.003115264797507788,0.4417668939632044,0.9875389408099688,0.0,0.9076976459304397,1055
0.9575490230307652,0.687270925514038,0.9766355140186916,3.98181239618989,0.7473425394899023,0.021806853582554516,0.3032391550271599,0.9766355140186916,0.0,0.9523758567701923,9135
1.8228237227117796,1.847673519736275,0.11838006230529595,6.044102524573626,1.086728339290973,0.001557632398753894,0.7150618855870863,0.9984423676012462,0.0,1.6695299238068737,450
1.0246917907146749,0.834589248276443,0.7757009345794392,2.3404954044677777,1.067398806525111,0.001557632398753894,0.6808600632031416,0.9984423676012462,0.0,1.1584399482439942,10
0.6999070250817349,0.8165123411594118,0.7959501557632399,2.5585493013628042,0.645397189297736,0.059190031152647975,0.32299288849698127,0.9813084112149533,0.0,0.8792348441921995,11640
1.1592814939059797,1.5948069893182906,0.19626168224299065,5.252837374999999,0.7509498740298614,0.018691588785046728,0.3631940325477174,0.9844236760124611,0.0,1.435405483051598,390
5.0384046993781295,2.029645875556381,0.06853582554517133,21.044717329407085,2.705821374199645,0.0,1.7506522615932871,0.9984423676012462,0.0,0.9899660990485619,11500
0.9211473648479777,1.097210721851921,0.3956386292834891,4.591517493768865,0.866860617356201,0.003115264797507788,0.4136030123764213,0.985981308411215,0.0,0.7914304507421355,615
0.941977117621667,1.0249814839327795,0.514018691588785,4.871839523800147,0.8737679696202019,0.003115264797507788,0.5560373183362587,0.9968847352024922,0.0,0.8547590270866653,770
1.620104199816386,1.2300313142901957,0.27414330218068533,5.4123979041545205,1.261059607903407,0.001557632398753894,0.8522515844159269,0.9984423676012462,0.0,0.9529392990982973,470
1.034448255955189,1.0516855121675774,0.4719626168224299,3.8083545149651488,0.9450741999362606,0.003115264797507788,0.5943468528041821,0.9968847352024922,0.0,0.9039960921530908,510
0.9267479878183092,1.0226049019406567,0.5186915887850467,2.5052857142857143,0.950310746685647,0.003115264797507788,0.48463856030294883,0.9906542056074766,0.0,0.9330130024646012,205
1.4648396963695605,1.5250829345503107,0.21651090342679127,6.4077499999999965,0.9750732804649694,0.003115264797507788,0.5815971935456762,0.9968847352024922,0.0,1.3830120770343683,200
1.726962205765399,1.2592673222058761,0.2616822429906542,7.953951659266762,1.225573899869361,0.001557632398753894,1.0469527943594465,0.9984423676012462,0.0,0.885908756789919,475
0.6877332736276152,0.9352045020726157,0.632398753894081,3.866053125476262,0.6255637160819156,0.08255451713395638,0.2599243665735994,0.9688473520249221,0.0,0.9543784161531901,6355
0.7332973846806948,0.8348448220693805,0.7725856697819314,2.0823210121022537,0.7485272678151207,0.021806853582554516,0.418354773949016,0.9875389408099688,0.0,0.9465558995708466,11720
0.7875713775540352,1.0305274220660532,0.5062305295950156,4.45052672556488,0.8015120411451624,0.012461059190031152,0.41885028577017946,0.9875389408099688,0.0,0.9678774255212939,1680
1.0087898990568693,1.119884071358248,0.37538940809968846,3.072979211167643,1.0043490590082567,0.003115264797507788,0.5112789599248512,0.9937694704049844,0.0,0.9975033319740987,35
0.5497287017508798,0.7953516646652753,0.8271028037383178,3.022940541089926,0.5764620399240102,0.11214953271028037,0.21505678361400088,0.9579439252336449,0.0,1.1243485472507888,30
2.7683130546754433,2.3692479550190173,0.001557632398753894,8.52678711816541,1.5273521876855196,0.001557632398753894,1.2417055542272954,0.9984423676012462,0.0,1.8475898414975538,385
1.5292945863587823,1.9086208461667746,0.1043613707165109,6.233054499999996,0.8608391425711767,0.003115264797507788,0.5511611067284551,0.9953271028037384,0.0,1.5965402396000006,160
1.4147491733512565,1.1432983889650172,0.3598130841121495,5.788982985737033,1.1764341063505037,0.001557632398753894,0.629163504505861,0.9984423676012462,0.0,1.044508453736668,300
2.438065326831737,1.9452269026425808,0.08566978193146417,17.37934462427178,0.6506350282541751,0.05763239875389408,0.254858957886775,0.9688473520249221,0.0,1.3487149602626256,565
3.3403592883382025,2.3332035360424066,0.001557632398753894,12.421176923076937,1.8529818710195949,0.0,1.611104005255115,0.9984423676012462,0.0,1.2294781942600097,510
1.273929118944429,1.0167749146683374,0.5295950155763239,4.393811704534331,1.2742870467539693,0.001557632398753894,1.036416794837977,0.9984423676012462,0.0,1.0109134361323617,1820
0.5892563670694468,0.8662774268205793,0.6884735202492211,2.2556197620994296,0.5697224791607597,0.11526479750778816,0.2839404372114043,0.9719626168224299,0.0,0.7772545802478205,11360
0.8582918672135815,1.0084514647204785,0.5420560747663551,4.65290127810975,0.8239235332177264,0.009345794392523364,0.41043308615467444,0.985981308411215,0.0,0.9052524993726099,790
1.2038965295381192,0.8577220432552193,0.7071651090342679,3.1968252617183586,1.1718809835693418,0.001557632398753894,0.6682457356927795,0.9984423676012462,0.0,1.0183907356053366,350
1.1545830684111975,1.1719087034261328,0.3333333333333333,4.329708783415989,1.1134552408662834,0.001557632398753894,0.6303135398068951,0.9984423676012462,0.0,0.8431317721154077,840
2.4474979142972115,1.473402758946465,0.21651090342679127,12.65404006252985,1.340939364653744,0.001557632398753894,1.2065931599526307,0.9984423676012462,0.0,0.9373589643401443,335
0.597449833074791,0.9665069839962236,0.5965732087227414,3.353019529757579,0.6270908346694624,0.08255451713395638,0.3055686653562549,0.9781931464174455,0.0,1.250108961938141,495
2.0023672604049962,1.4097384267477049,0.22274143302180685,7.406784497375918,1.4908038278298008,0.001557632398753894,0.9974866365679733,0.9984423676012462,0.0,0.8630210642093411,525
2.7489133173514517,1.6008977437445508,0.19314641744548286,11.211192722977545,1.6380460832574635,0.001557632398753894,1.0146228767944627,0.9984423676012462,0.0,1.3086914469408157,455
1.2707701413593115,1.084669190348301,0.40965732087227413,5.36893473800746,1.1314557416705076,0.001557632398753894,0.722146763320492,0.9984423676012462,0.0,0.8860518559480871,900
1.3781105451620308,1.1674785611235095,0.338006230529595,4.60694909086783,1.1972549873418028,0.001557632398753894,0.7445201669339682,0.9984423676012462,0.0,0.9880844346271261,515
5.0720905552023785,2.4896624956246165,0.001557632398753894,28.15639034984766,1.9251617744307563,0.0,2.012543459474905,1.0,0.0,0.8899584194607555,510
2.6894269954968912,1.9086154259227406,0.1043613707165109,11.574982202471508,1.493628159942285,0.001557632398753894,0.9065279827650184,0.9984423676012462,0.0,1.4233969915641393,260
1.3654374372215212,1.2041803256435526,0.29750778816199375,8.11197611452584,0.8741244788439962,0.003115264797507788,0.5284617972099951,0.9953271028037384,0.0,1.1987733252228292,245
0.9088431219195685,1.0589259785719807,0.45482866043613707,2.8440950072131,0.852533570881638,0.004672897196261682,0.6245433105881383,0.9984423676012462,0.0,1.2052102397500202,340
0.8877229531265307,1.0526678840743218,0.4688473520249221,4.139986436150393,0.9081439867883943,0.003115264797507788,0.4781063247535784,0.9906542056074766,0.0,0.7322126880630604,605
0.5451124527770524,0.8856581183539592,0.6728971962616822,2.2832746864232556,0.5241311097456783,0.2087227414330218,0.2575971522328593,0.9688473520249221,0.0,0.9203304215547964,630
3.2720954716223285,2.280470847618663,0.003115264797507788,11.588360711146509,1.8974844440261414,0.0,1.2760558205424952,0.9984423676012462,0.0,1.6454638217554993,170
1.1294381969395753,0.9061282203173038,0.661993769470405,4.17306137096274,1.0543438583889566,0.001557632398753894,0.596257004766596,0.9968847352024922,0.0,1.0094078603857404,425
0.6675115747566738,1.136436527651793,0.3629283489096573,3.617664772135515,0.5498911822671649,0.14485981308411214,0.2500911866813097,0.9672897196261683,0.0,1.133356303376691,410
0.849990980000759,0.8432226346084423,0.7523364485981309,3.7529093926298644,0.7995047263073684,0.012461059190031152,0.3630395147820204,0.9844236760124611,0.0,1.033661289547456,550
1.3815569301456476,1.1425609448049345,0.3598130841121495,5.815360405181442,1.0287655431420142,0.003115264797507788,0.7010704024466304,0.9984423676012462,0.0,0.9214033744784499,50
2.22023030441207,1.408942607199389,0.22274143302180685,11.279279746923429,1.3044266700069853,0.001557632398753894,1.1797191816503054,0.9984423676012462,0.0,0.8798306168397028,420
0.7736170044277535,1.047737888288743,0.48130841121495327,4.012410256410257,0.8289938177771473,0.006230529595015576,0.3593966736208099,0.9844236760124611,0.0,0.9696101064454878,620
1.5040550447792365,1.1623925286189392,0.3442367601246106,5.982998501908507,1.2615384669058793,0.001557632398753894,0.769957613061045,0.9984423676012462,0.0,0.8747595546830864,0
2.8142561225581293,2.6506148702998864,0.001557632398753894,9.819465116279062,1.4606664688265563,0.001557632398753894,0.9755456784638353,0.9984423676012462,0.0,1.5734620372411432,2275
0.7374501123512284,0.8039787226079016,0.8021806853582555,2.509268532078336,0.637081378555084,0.07009345794392523,0.2946830511851276,0.9719626168224299,0.0,1.0333229047260424,645
2.7028531047682023,1.921047763709135,0.09501557632398754,13.944247720512845,1.2759955271317713,0.001557632398753894,0.7168717390063736,0.9984423676012462,0.0,1.4139722786855062,485
0.8152169545613823,0.8486898498596136,0.7336448598130841,2.6398249215197414,0.8823888031684973,0.003115264797507788,0.6678387921063681,0.9984423676012462,0.0,0.9556737050292252,405
2.4390048227659293,1.8624318081206708,0.11682242990654206,15.27895250402661,0.8999695558405054,0.003115264797507788,0.7089838432568483,0.9984423676012462,0.0,1.301176153853697,480
1.5156473264822166,1.9069117929355692,0.1043613707165109,6.233054499999996,0.846013919556852,0.004672897196261682,0.6116024534259688,0.9968847352024922,0.0,1.5568910305224355,350
2.0853062925226484,2.2169539463496934,0.01557632398753894,7.901285714285715,1.1343266698789465,0.001557632398753894,0.6702271678080702,0.9984423676012462,0.0,1.5456545105172663,560
1.6354628480150422,1.236288102175931,0.26947040498442365,7.406784497375918,1.2105026380280959,0.001557632398753894,0.851025549062046,0.9984423676012462,0.0,0.8349255733510063,715
1.1820026595347242,0.9611547434619407,0.6090342679127726,4.13189872268693,1.1190010095102905,0.001557632398753894,0.5071324872586223,0.9937694704049844,0.0,1.0194600541302326,390
1.957577338800704,1.5782245988589854,0.20093457943925233,6.0518533571818525,1.3576051588688838,0.001557632398753894,0.8858326166062109,0.9984423676012462,0.0,1.2683716555714302,65
1.4384478291204492,1.9351163793901507,0.08722741433021806,6.233054499999996,0.7613020218299972,0.01557632398753894,0.5172487226556856,0.9937694704049844,0.0,1.6008727740435937,560
0.9872613052345204,1.0665843530930927,0.4423676012461059,2.7077431393969245,0.9907096192171752,0.003115264797507788,0.5594771815437865,0.9968847352024922,0.0,0.9056580653193095,12055
1.0152795015669307,0.8025293628772836,0.8052959501557633,2.184956772886686,1.015895936849186,0.003115264797507788,0.5723983714910374,0.9968847352024922,0.0,1.0685614362113094,425
1.739091758781189,1.2723955084156233,0.2601246105919003,7.406784497375918,1.3023366892127015,0.001557632398753894,0.895508739023938,0.9984423676012462,0.0,0.8218290620633607,345
4.058696437500137,2.682018497909451,0.001557632398753894,24.711586178828327,1.1755735147111877,0.001557632398753894,1.0499943113648424,0.9984423676012462,0.0,1.3435018858350574,15
1.9284242296174616,1.4663398132227063,0.21806853582554517,11.15423165116869,0.9505123402052765,0.003115264797507788,0.5191398167765149,0.9937694704049844,0.0,1.2575687405068865,610
2.1132490642706823,1.3862451627892485,0.22897196261682243,9.429779703401616,1.3952968976005626,0.001557632398753894,0.8693700803735954,0.9984423676012462,0.0,1.046709689503365,515
0.6526431114610762,0.7699089848873912,0.8753894080996885,2.5026442661948343,0.6556343571199079,0.056074766355140186,0.28725662969056354,0.9719626168224299,0.0,1.018122358173623,35
1.8664602664182466,1.4937273281562964,0.21651090342679127,7.406784497375918,1.207312786335802,0.001557632398753894,0.8621979683916227,0.9984423676012462,0.0,1.290452138116754,465
3.579502441790854,1.9681904380143398,0.0763239875389408,19.696419538297324,1.603056059579099,0.001557632398753894,1.642760800515409,0.9984423676012462,0.0,0.8243433815041521,595
5.937172307155182,2.974951274380501,0.001557632398753894,25.4944129696169,2.8254765710652965,0.0,2.5245696383233542,1.0,0.0,1.0395758082863205,440
1.5749514527151645,1.9607517812056394,0.0794392523364486,7.406784497375918,0.7749993340879388,0.014018691588785047,0.23944737266663926,0.9626168224299065,0.0,1.568162023730769,630
1.1381837235537111,1.0307375907011287,0.5062305295950156,5.801759272634672,0.96076300028741,0.003115264797507788,0.5635076148791514,0.9968847352024922,0.0,1.0479496346974007,30
0.9906940723197211,0.8979761340077795,0.6651090342679128,3.3963489539858656,1.0336044231500547,0.003115264797507788,0.7151153067344106,0.9984423676012462,0.0,0.940835895188199,305
2.2491483332653575,1.439782206640152,0.21806853582554517,9.348447764085714,1.3935598462208936,0.001557632398753894,0.7877104804986161,0.9984423676012462,0.0,1.26928432876962,740
1.406529942046966,1.181914399807517,0.32710280373831774,6.44303589877328,1.0443874492410086,0.003115264797507788,0.617103316909458,0.9984423676012462,0.0,0.9441340106628495,485
2.594884996476488,1.6355076988507138,0.16199376947040497,12.558673657378456,1.4933084017358558,0.001557632398753894,1.403247886490645,0.9984423676012462,0.0,0.8477394136086802,525
1.6634794810667208,1.719037123686598,0.14797507788161993,6.088342148525594,0.9709710545960171,0.003115264797507788,0.5367986023544133,0.9953271028037384,0.0,1.6013919175563749,705
0.7469664401195624,0.8385774208515149,0.7616822429906542,2.5442761466111845,0.6875029103704047,0.03582554517133956,0.3242969131524884,0.9813084112149533,0.0,0.8965268202579766,12010
1.4837872475545295,1.1944708614561292,0.3161993769470405,7.406784497375918,1.1152045036229479,0.001557632398753894,0.7917078553576471,0.9984423676012462,0.0,0.7219349223261636,420
1.7060505166804647,1.4415801376506523,0.21806853582554517,6.537461538461538,1.2948706484881531,0.001557632398753894,0.7860914663937209,0.9984423676012462,0.0,0.9140997547631918,855
2.2748401706583032,2.371737730037585,0.001557632398753894,7.4194999999999975,1.2644948861285568,0.001557632398753894,0.8730184961699279,0.9984423676012462,0.0,1.7503399120498377,210
1.3133673185794041,1.1732597775007432,0.3317757009345794,5.555979866474423,1.0328993952831171,0.003115264797507788,0.6491367039120929,0.9984423676012462,0.0,0.9551806443543678,6550
0.6752645745412967,1.0819232544515893,0.4174454828660436,3.973103992532701,0.560877695313346,0.11993769470404984,0.3195277201102615,0.9813084112149533,0.0,1.1706585069709081,535
1.4287888045323347,1.5023109250346416,0.21651090342679127,6.661984615384598,0.9220396064429239,0.003115264797507788,0.5233818540252143,0.9937694704049844,0.0,1.3321450061512885,545
0.5679269570623955,0.9467200698380419,0.6292834890965732,3.421059042157353,0.5626578147186319,0.11838006230529595,0.284122027646063,0.9719626168224299,0.0,1.2691808547673564,350
0.5357944866976915,0.9540139843482378,0.6246105919003115,3.450126517129478,0.61367432280014,0.09345794392523364,0.2934500554436744,0.9719626168224299,0.0,0.966979131091402,620
1.0587195465388954,1.1412835799927303,0.3598130841121495,2.8784948233473555,1.0107234808217551,0.003115264797507788,0.5866482153452806,0.9968847352024922,0.0,0.8617225642225395,345
0.8526788893760809,1.3701546879624678,0.2336448598130841,3.496080420945495,0.5942680626230276,0.1043613707165109,0.3075279734751141,0.9781931464174455,0.0,1.4474511740239915,480
1.0761466848526402,1.1039178714250846,0.3894080996884735,4.034856389133684,0.8822868801473498,0.003115264797507788,0.5425405111104598,0.9953271028037384,0.0,1.1668354545745885,460
1.2831023858210748,1.3195619108118646,0.24610591900311526,5.869464132869509,0.9534700915450248,0.003115264797507788,0.9169823008374626,0.9984423676012462,0.0,1.2064114020947792,350
0.8995175957261674,1.0839637371460147,0.411214953271028,3.326668651646335,0.9736930922308995,0.003115264797507788,0.5248945687818981,0.9937694704049844,0.0,0.823296551194036,75
0.8414557956812622,0.74724841500862,0.9049844236760125,2.9360581468649527,0.7526323758995588,0.018691588785046728,0.25318739425789766,0.9688473520249221,0.0,1.005708966422714,405
1.696045523429403,1.519037585246112,0.21651090342679127,5.054806442007524,1.208985005773079,0.001557632398753894,0.8027201563525128,0.9984423676012462,0.0,1.2380525813392536,12830
2.4019894250167995,2.4205682728293856,0.001557632398753894,7.518844961240297,1.3737708575792558,0.001557632398753894,0.7925852793684767,0.9984423676012462,0.0,1.5604500549987288,280
0.9717453142987604,0.776499320118008,0.8644859813084113,2.475774524357039,0.916683454659372,0.003115264797507788,0.6477519152497297,0.9984423676012462,0.0,0.9829519160474365,645
3.4744723370646864,1.7616031594806558,0.14018691588785046,14.771196795704245,1.918541975160832,0.0,1.1991056565985725,0.9984423676012462,0.0,1.3005898013588455,440
0.9031448746809718,1.1118834199460088,0.38317757009345793,3.703392248687959,0.9398143790837851,0.003115264797507788,0.6138673773802854,0.9984423676012462,0.0,0.8557372373232937,80
1.2667723710411412,1.402179623852575,0.22274143302180685,4.527645677036305,0.9346122230878916,0.003115264797507788,0.6113477855533508,0.9968847352024922,0.0,1.3001562288902102,460
2.9922492774026055,2.090446830373603,0.056074766355140186,15.457680923283677,1.324924720288745,0.001557632398753894,0.8725341923512552,0.9984423676012462,0.0,1.4507069198905227,570
1.8310065801892692,1.3386444106563133,0.2398753894080997,7.406784497375918,1.346512627753121,0.001557632398753894,1.2557381802055048,0.9984423676012462,0.0,1.1742879998235725,375
1.9511151604285937,1.7937833659360993,0.1292834890965732,5.949336817105764,1.2355920027146374,0.001557632398753894,0.7628060954293521,0.9984423676012462,0.0,1.5836693779055395,515
1.7589045741451694,1.830079335741668,0.11993769470404984,6.043286053916361,1.0181538557367649,0.003115264797507788,0.6059476396853566,0.9968847352024922,0.0,1.59557547597996,635
3.7796007332544517,1.9903786846632565,0.07165109034267912,21.746820776515666,1.524282055020217,0.001557632398753894,1.621602947103315,0.9984423676012462,0.0,0.8973907206097139,555
0.8833721623997348,1.05701574429008,0.45638629283489096,4.4066299534932085,0.8655236170198618,0.003115264797507788,0.40291698357511857,0.985981308411215,0.0,0.8073966490703753,460
0.7242115695350915,0.878124899989304,0.67601246105919,2.8225230769230607,0.7735840634427691,0.014018691588785047,0.4010791117080415,0.985981308411215,0.0,1.0117615409615175,410
1.1604494630321907,1.3666114781956575,0.2336448598130841,3.9930350176561715,0.9010545642431768,0.003115264797507788,0.6769773409123265,0.9984423676012462,0.0,1.3267896314504735,435
3.3158213089400035,2.2628164430710966,0.003115264797507788,11.920829104072576,1.9150777631911793,0.0,1.29546221192733,0.9984423676012462,0.0,1.5658584904495596,105
2.677524329610459,2.0566190461596223,0.06386292834890965,17.670904433069424,0.8090567807003898,0.009345794392523364,0.379405734343345,0.985981308411215,0.0,1.3732306308743143,505
1.2373436766592045,1.7821677349035727,0.13551401869158877,6.108103374999997,0.6512239126731187,0.05763239875389408,0.1922793323911774,0.9439252336448598,0.0,1.5430819226978068,305
3.133164752002446,2.1682210215541042,0.03582554517133956,11.44748486513435,1.8257946053849534,0.0,1.1873249346959542,0.9984423676012462,0.0,1.5255539009801202,5210
1.8421234335555277,1.5334788044540384,0.21495327102803738,6.214515162505858,1.4246156544577906,0.001557632398753894,1.0522517474102329,0.9984423676012462,0.0,0.803212734564041,515
0.5352758032678803,0.976595722619472,0.5903426791277259,3.318373425957786,0.5513697778938904,0.14174454828660435,0.2502684041965872,0.9672897196261683,0.0,1.273931264285535,620
0.8631307327612586,0.9518395991253406,0.6277258566978193,4.192440731209016,0.8497365999634996,0.004672897196261682,0.40068235422412135,0.985981308411215,0.0,0.9655426095498417,30
2.212770771424708,2.066036766884654,0.06230529595015576,8.311915384615382,1.2544082074015286,0.001557632398753894,0.8214435102277194,0.9984423676012462,0.0,1.5462782198028056,290
3.786676345714,1.8617173873613342,0.11682242990654206,17.10694895357087,2.054880122498154,0.0,1.4378283854807026,0.9984423676012462,0.0,1.0847759394287462,570
3.522018145750543,1.8114784701111921,0.1277258566978193,14.766023690019104,1.9198049910980486,0.0,1.2132957456706641,0.9984423676012462,0.0,1.3270729516880977,420
0.8160903419393344,0.9171362196117332,0.6464174454828661,3.6012222602047617,0.7788295033022418,0.014018691588785047,0.42927485031395557,0.9875389408099688,0.0,0.9938258976841239,6730
0.5467932618778659,0.8106547802402629,0.7990654205607477,1.8179037433155067,0.5370086595404833,0.16510903426791276,0.2699917359374681,0.9688473520249221,0.0,0.9582600718538701,580
1.8277643658978373,1.4692000495814543,0.21651090342679127,7.406784497375918,1.1578178676241868,0.001557632398753894,0.7566012175617886,0.9984423676012462,0.0,1.3095592418111233,15
1.38591883250878,1.2086510666680859,0.29283489096573206,3.977820512820513,1.3347582240240687,0.001557632398753894,0.8565163327783398,0.9984423676012462,0.0,0.7697918962314493,50
0.7564554296215038,0.9626562992563509,0.6043613707165109,4.024755012509133,0.75077147313267,0.018691588785046728,0.4136001514461797,0.985981308411215,0.0,0.7065247935354441,430
1.1067613676190866,1.0427373604110475,0.48909657320872274,3.237247336530575,1.1647322811934377,0.001557632398753894,0.7074182692062504,0.9984423676012462,0.0,1.0437485983845278,470
0.8099759709479998,0.7596493737699929,0.8925233644859814,2.905538461538462,0.8207577328676778,0.009345794392523364,0.4947122333122244,0.9937694704049844,0.0,0.9442742694385204,1950
0.9142732861069316,1.0815037757331585,0.4174454828660436,3.4589743589743587,0.9765218673639917,0.003115264797507788,0.8814603257395918,0.9984423676012462,0.0,0.8406107541078716,365
1.0052837873633311,1.1065229764442384,0.3878504672897196,5.867133319400378,0.7452087490742045,0.021806853582554516,0.36181574563224833,0.9844236760124611,0.0,0.9764398420499956,630
1.10262986401914,1.1843412102845503,0.32554517133956384,4.241775401069515,1.055020646581547,0.001557632398753894,0.6330791048515543,0.9984423676012462,0.0,0.8787625440035909,565
2.8748478960391717,2.062808590710668,0.06230529595015576,17.2545313007519,1.0345640650505588,0.003115264797507788,0.7340639888501617,0.9984423676012462,0.0,1.3360959918936022,250
1.234055322257653,1.1257729376874066,0.3691588785046729,3.380678559965433,1.121952870419776,0.001557632398753894,0.7043665172949237,0.9984423676012462,0.0,1.2733886881376189,370
0.8761703195725121,1.2339774775900894,0.27258566978193144,3.4273658317136313,0.7838859228680196,0.012461059190031152,0.4840660719472445,0.9906542056074766,0.0,1.3694831279374642,80
1.8670525527300346,1.5855573737987538,0.19937694704049844,5.058749999999998,1.3780395492890216,0.001557632398753894,1.0273476986895222,0.9984423676012462,0.0,1.450606812151404,445
0.842753728423966,1.1799435687531306,0.32710280373831774,3.862197196908452,0.6710688905231659,0.045171339563862926,0.34049577208862447,0.9844236760124611,0.0,1.132612327455749,460
2.154762271011651,1.515738847687171,0.21651090342679127,11.450751815282961,1.2139414931640575,0.001557632398753894,1.2557931560918114,0.9984423676012462,0.0,0.8234988081941312,555
2.7182524615847785,2.737981147574416,0.001557632398753894,8.376348837209296,1.4589947022002625,0.001557632398753894,0.9223771132180018,0.9984423676012462,0.0,1.769459754265619,390
1.9820979368151121,1.2723826415943724,0.2601246105919003,7.406784497375918,1.367074567977597,0.001557632398753894,0.8509668915508516,0.9984423676012462,0.0,0.9616496387946298,375
1.2072259556549254,1.1799378659098936,0.32710280373831774,4.454315442310161,1.147495230709262,0.001557632398753894,1.0118044042692753,0.9984423676012462,0.0,0.85022944793809,425
3.6413951221406853,2.5322017894354882,0.001557632398753894,9.934614249402596,2.3182723533929384,0.0,1.6799890912623212,0.9984423676012462,0.0,1.6574326475877688,540
1.6160749313165217,1.26539184368326,0.2616822429906542,4.643809867963519,1.4849225215015442,0.001557632398753894,0.9431101190023158,0.9984423676012462,0.0,0.8082012776558781,270
0.8392020344874549,0.8628732792895822,0.6931464174454829,3.156844195334638,0.8481216375502932,0.004672897196261682,0.42107200361879993,0.9875389408099688,0.0,0.9454115041501824,5910
1.782461170340896,1.2767779892062725,0.2601246105919003,4.664860423912546,1.6407116474265684,0.001557632398753894,0.9165054819955588,0.9984423676012462,0.0,0.8566818501795167,565
1.0995989066395506,1.0687832884600315,0.440809968847352,4.149738090841984,0.9565209380520118,0.003115264797507788,0.5266514908857499,0.9937694704049844,0.0,0.9391769021220032,385
0.8487088785170622,1.0643248991571126,0.4454828660436137,3.5630180658289707,0.9324666610761616,0.003115264797507788,0.6432723204137185,0.9984423676012462,0.0,0.99494253850033,1815
0.7617843406252911,0.7439580613351763,0.9174454828660437,2.9283943581855265,0.6499025461012351,0.05763239875389408,0.2907012622362255,0.9719626168224299,0.0,1.1213207181776201,545
4.046006378529133,2.661049255372333,0.001557632398753894,25.21002302777728,1.1212290205087139,0.001557632398753894,1.02243006858246,0.9984423676012462,0.0,1.3382506549127402,320
2.5201747831329206,1.7732587024865034,0.13707165109034267,9.876708920383738,1.6122549518294171,0.001557632398753894,1.3723408080507438,0.9984423676012462,0.0,0.9395597549155159,380
2.517002376720272,1.823892971334547,0.12461059190031153,14.192016716093013,1.093768588082356,0.001557632398753894,0.7939456545304445,0.9984423676012462,0.0,1.363523549610334,540
0.9373947530121847,0.7264773623901842,0.9314641744548287,2.6342118449006415,0.8816446459730184,0.003115264797507788,0.4467253886639643,0.9890965732087228,0.0,1.0337446033190252,485
0.6589538765326928,1.055605435419711,0.46105919003115264,3.2520115972582544,0.6528747929745824,0.056074766355140186,0.28777486330090435,0.9719626168224299,0.0,1.2692940379820783,265
0.5425323481889364,0.7294929307589062,0.9299065420560748,2.3155682604412764,0.5675468346656903,0.11526479750778816,0.24571522396568415,0.9641744548286605,0.0,1.0672858175252002,490
1.8584002967995867,2.19469289792042,0.018691588785046728,9.12539307533601,0.782902333963446,0.012461059190031152,0.3694964299091138,0.9844236760124611,0.0,1.4541010443089475,315
1.634297947883933,2.0559313774140344,0.06386292834890965,6.364076124999997,0.8816666246943451,0.003115264797507788,0.6328300487262816,0.9984423676012462,0.0,1.6686891142178752,135
2.0685975210058176,1.4614684268355573,0.21806853582554517,6.266267685901149,1.6258972392879758,0.001557632398753894,1.1610122861686587,0.9984423676012462,0.0,0.8481136918882308,370
0.8883627011080673,0.9652283464625209,0.5981308411214953,3.293458705932522,0.9078661523361028,0.003115264797507788,0.7422646938558863,0.9984423676012462,0.0,0.9701865305416177,355
0.9313689143159615,0.742734615494235,0.9174454828660437,2.7103123812001075,0.852752288278527,0.004672897196261682,0.5846052008722366,0.9968847352024922,0.0,1.114614246135235,570
1.6497196114272163,1.353741824798249,0.2367601246105919,6.717935333026056,1.2165056644606376,0.001557632398753894,1.1266687791642138,0.9984423676012462,0.0,1.1776127772512748,530
0.9130082423836293,0.7593844868925557,0.8925233644859814,2.8921775297356245,0.8430327850667156,0.004672897196261682,0.44812710640663295,0.9890965732087228,0.0,0.956049669626823,310
0.7466086849230097,1.1722697048698594,0.3333333333333333,3.3612679710130196,0.6723754706769501,0.045171339563862926,0.3266435260345869,0.9813084112149533,0.0,1.3194047527707962,65
0.9883473949591941,0.9040151644317224,0.6635514018691588,3.2168461538461544,1.041072106159532,0.003115264797507788,0.6317777406154826,0.9984423676012462,0.0,0.926135696637409,65
1.8586704508891627,1.8987462531795185,0.11059190031152648,6.828015384615387,1.130759577165132,0.001557632398753894,0.7253931345188601,0.9984423676012462,0.0,1.5217619026415794,100
0.9897376484823418,1.2751203979326575,0.2601246105919003,4.805418351956326,0.6803845976381088,0.037383177570093455,0.2795831371422358,0.9719626168224299,0.0,1.0696282083664967,10
0.8027212568241475,0.8207101881447688,0.7912772585669782,3.3524250847140644,0.7618401942748614,0.01557632398753894,0.43666536273083895,0.9875389408099688,0.0,1.0693447697605938,465
1.495999645144405,1.332747079401894,0.24143302180685358,5.687852743851917,1.065161702096748,0.001557632398753894,0.6616020037109294,0.9984423676012462,0.0,1.030969630367981,380
1.456963022745817,1.311316666818208,0.2507788161993769,4.616200106524642,1.2128383698836516,0.001557632398753894,0.7991136643531225,0.9984423676012462,0.0,0.9591947601667321,420
1.0455463170883867,1.1164505900861619,0.37850467289719625,7.594832889940428,0.631926990422309,0.0778816199376947,0.3196800890263248,0.9813084112149533,0.0,0.9692184490341179,0
1.7169288310858772,1.29883649036816,0.2538940809968847,10.587948466701713,0.9298592788397619,0.003115264797507788,0.6198342264320201,0.9984423676012462,0.0,1.1954707042626866,10
3.1590264151309397,3.0064057336253938,0.001557632398753894,8.173978511677568,1.7821137699901255,0.0,1.3876735588055118,0.9984423676012462,0.0,1.903888766984585,20
1.7441266189991749,1.5171950699847678,0.21651090342679127,7.406784497375918,1.1632593613703563,0.001557632398753894,0.8900997812065253,0.9984423676012462,0.0,1.2243028353846988,380
0.9095353015411388,0.9158127147214191,0.6495327102803738,4.144805056312907,0.8626245551111363,0.003115264797507788,0.4999692809998143,0.9937694704049844,0.0,1.0865126263328422,50
1.1691928990678266,1.2201077259217903,0.278816199376947,5.396,0.994892586634893,0.003115264797507788,0.6545974406705695,0.9984423676012462,0.0,0.8029787139935609,740
1.7897508830862279,1.7304481879069227,0.14485981308411214,7.225822688916,1.148848698681835,0.001557632398753894,0.5818020782386166,0.9968847352024922,0.0,1.101966430176237,450
1.7646644921003878,1.366387912632146,0.2336448598130841,6.307528680831475,1.372620556951465,0.001557632398753894,0.9739155566978127,0.9984423676012462,0.0,0.8777292544216846,260
1.6153433068866985,1.740069191580938,0.14174454828660435,6.213771591150656,1.0758615201553308,0.001557632398753894,0.6208924652728927,0.9984423676012462,0.0,1.2029035283018585,240
2.260416331748466,1.755887350183348,0.14174454828660435,6.40622408508518,1.5360694650304816,0.001557632398753894,1.0711252223333552,0.9984423676012462,0.0,1.3856802616308945,12785
0.7834155665393713,0.9067803933962552,0.661993769470405,2.551740743326751,0.7507230086544805,0.018691588785046728,0.4022240586042167,0.985981308411215,0.0,0.92030145908206,360
0.838796491551835,0.6535764412459147,0.9906542056074766,2.0770740155769696,0.8429876212033733,0.004672897196261682,0.504251936818381,0.9937694704049844,0.0,1.008461318860804,325
0.8331868125745301,1.0242270893510887,0.5171339563862928,4.492498246623405,0.8094122080106636,0.009345794392523364,0.41586286101148023,0.9875389408099688,0.0,0.7994639040147373,375
1.5629844581942982,1.207971524065659,0.29283489096573206,7.994121703251343,1.0547557234606555,0.001557632398753894,0.6024230423047642,0.9968847352024922,0.0,0.9429942691931693,405
1.8664727492386355,1.4941579437937709,0.21651090342679127,5.741897435897436,1.5016043399403418,0.001557632398753894,0.9148441766974132,0.9984423676012462,0.0,0.9262819293764052,305
2.493823604698705,1.9264709285912522,0.09190031152647975,5.472175341197439,1.740687146798283,0.0,1.0741326035832492,0.9984423676012462,0.0,1.493940888235545,9270
0.7615916061063166,1.1942214496418333,0.3177570093457944,3.372232129146018,0.6469256047318679,0.059190031152647975,0.31193869656230355,0.9797507788161994,0.0,1.3543690677290054,365
0.8200905917453314,1.0507434348914917,0.4735202492211838,2.8028269431491193,0.963236510870241,0.003115264797507788,0.5766413808290081,0.9968847352024922,0.0,0.8617265366668342,0
1.8297655161631103,1.9337752156291173,0.08722741433021806,6.4077499999999965,1.121400118566114,0.001557632398753894,0.7057107496938392,0.9984423676012462,0.0,1.548103405453947,660
1.6610111465333675,2.1781963822625694,0.029595015576323987,7.427854134307854,0.7575431164412616,0.017133956386292833,0.3592854855999742,0.9844236760124611,0.0,1.571527576842306,505
1.8730983236600387,1.3883578191954964,0.22741433021806853,10.585661476894238,1.02930715834899,0.003115264797507788,0.6749606307209668,0.9984423676012462,0.0,1.2587380196721052,505
3.4184493474834574,1.8957626965462138,0.11059190031152648,14.681634133539148,1.9215884801502074,0.0,1.3294537425911452,0.9984423676012462,0.0,1.226702561047514,435
1.4145180283825136,2.109989781253478,0.04984423676012461,6.364076124999997,0.6470463442203526,0.059190031152647975,0.1818889957451729,0.9299065420560748,0.0,1.6378970357859732,395
1.295484135440515,1.0586526144638906,0.45638629283489096,3.982197734135987,1.1529677341196698,0.001557632398753894,0.5143761147523042,0.9937694704049844,0.0,0.9609778541431071,565
1.6275655539083407,1.1547322816343029,0.35202492211838005,7.406784497375918,1.1043088099544915,0.001557632398753894,0.8130965250958553,0.9984423676012462,0.0,1.0567357931491388,15
2.9241131225741976,2.0367411336125207,0.06697819314641744,14.796289104145304,1.3601694737771668,0.001557632398753894,0.7916463179872602,0.9984423676012462,0.0,1.3558468162578634,315
2.6885381094345076,2.801950029785001,0.001557632398753894,8.093999999999998,1.4096336170363364,0.001557632398753894,1.0369240920367373,0.9984423676012462,0.0,1.7591237715595984,2610
0.7456718460357548,0.9284005224175091,0.6401869158878505,3.627202308787357,0.6173534043678564,0.09190031152647975,0.3014355783905934,0.9766355140186916,0.0,0.9248409967226965,11830
1.7948115332035148,1.3341291593204951,0.24143302180685358,7.406784497375918,1.332044243690096,0.001557632398753894,0.8563855824034508,0.9984423676012462,0.0,0.8618261420728418,580
1.1005254232121635,0.9936491777767156,0.5607476635514018,2.9119554104759398,1.054378178990969,0.001557632398753894,0.5160749103650324,0.9937694704049844,0.0,0.9779350750119078,450
1.7722552941107812,1.5885552642818939,0.19937694704049844,6.002525513895723,1.2028075656907893,0.001557632398753894,0.8667009969968912,0.9984423676012462,0.0,1.2951151961064102,440
1.5223945857919003,1.2357804887135357,0.27102803738317754,4.309389346513783,1.4242936136938165,0.001557632398753894,0.8922146285322944,0.9984423676012462,0.0,0.821147212585386,485
1.8920037833668357,1.80774219253821,0.1277258566978193,6.064406476387272,1.1761639722209813,0.001557632398753894,0.7545906434426073,0.9984423676012462,0.0,1.4886319378570814,10025
1.7156120531654122,1.2039628835261336,0.29750778816199375,7.301258417074403,1.3054604878869096,0.001557632398753894,0.8146547735587063,0.9984423676012462,0.0,1.0703619060211538,555
2.270841771107056,1.5150574971746416,0.21651090342679127,11.88053306391604,1.1916650590399989,0.001557632398753894,0.8501513689064649,0.9984423676012462,0.0,0.9519980329732909,0
2.040378548704357,1.8548880104414867,0.11838006230529595,8.706238461538456,1.1552553819305451,0.001557632398753894,0.6988838650843974,0.9984423676012462,0.0,1.4225062041595116,470
0.905559272350613,1.1864314728388274,0.32554517133956384,4.073001418905767,0.7087611347094067,0.03426791277258567,0.338614253665809,0.9844236760124611,0.0,1.1302770279311902,630
1.0405944429736762,0.9016498502100342,0.6635514018691588,3.782159008280957,0.9967287075308673,0.003115264797507788,0.5358926612258943,0.9953271028037384,0.0,1.0112689910964998,515
1.9117497614474477,1.4709982065774039,0.21651090342679127,7.406784497375918,1.221066774059477,0.001557632398753894,0.7338693413449453,0.9984423676012462,0.0,1.3128817453233712,480
0.7154629257183686,0.7396925192340668,0.9205607476635514,2.111058956275542,0.6826166362723424,0.03582554517133956,0.25129776361244455,0.9688473520249221,0.0,1.1270712148830049,645
0.879646896601717,0.9828813194848603,0.5825545171339563,2.9279655205083066,0.8025962223115674,0.012461059190031152,0.42331404709759207,0.9875389408099688,0.0,1.1625282844084626,485
1.1507088803324925,1.2115274478595446,0.29283489096573206,3.3932538461538337,0.9925614664079254,0.003115264797507788,0.7326538332949681,0.9984423676012462,0.0,1.26820060085655,515
0.8974175367920023,1.0819432055929223,0.4174454828660436,2.5052857142857143,0.9122049445635775,0.003115264797507788,0.49756530057128406,0.9937694704049844,0.0,0.8802413288481474,5
1.2405071534543082,1.249488369382168,0.26479750778816197,4.7088967647195545,1.113047050708396,0.001557632398753894,0.7266360186465235,0.9984423676012462,0.0,1.0135903905240982,1490
2.1762819907848208,1.6701613335041998,0.1557632398753894,14.514959970826013,0.793686310288266,0.012461059190031152,0.4366147630713749,0.9875389408099688,0.0,1.3229539931324739,505
2.104356192413807,2.3506536977077306,0.001557632398753894,7.4194999999999975,1.1065001774326488,0.001557632398753894,0.6336003899439115,0.9984423676012462,0.0,1.7544046523654737,20
1.0853244486937024,0.9224796111256444,0.6417445482866043,3.5846840941420175,1.0089530475098174,0.003115264797507788,0.4203676747721233,0.9875389408099688,0.0,1.100625178183811,295
2.6639520205103446,1.9743741316819465,0.07476635514018691,16.570845763838626,0.934698993617723,0.003115264797507788,0.6711204667292062,0.9984423676012462,0.0,1.3372158334268747,415
1.4955422285394167,1.1911970074137155,0.32398753894080995,3.854338543347204,1.3244196729046447,0.001557632398753894,0.7495627234298448,0.9984423676012462,0.0,0.9287365293075275,445
1.358343936621251,1.1574467784071267,0.34890965732087226,8.94364349927409,0.7970945501290136,0.012461059190031152,0.4383135399021616,0.9875389408099688,0.0,1.2051113246888103,440
1.048011540530208,1.0376024555397154,0.4937694704049844,3.766676016479606,0.9096881324231634,0.003115264797507788,0.45421147643593257,0.9890965732087228,0.0,1.1240043057282254,315
0.9173824505062312,1.2361579918514627,0.26947040498442365,3.564483675502495,0.7473085518129186,0.021806853582554516,0.4018304599591164,0.985981308411215,0.0,1.3761614396309134,465
0.5902310617482396,0.913887097077018,0.6526479750778816,2.279875699391726,0.6714234266135336,0.045171339563862926,0.2402715628023641,0.9626168224299065,0.0,0.965634618651665,445
1.0956180941707778,1.3522084081408468,0.2383177570093458,5.298673462241773,0.6886479043949246,0.03582554517133956,0.30684054326203947,0.9781931464174455,0.0,1.0695131339500559,385
2.476577431853233,2.590234394545142,0.001557632398753894,7.4194999999999975,1.364696291692672,0.001557632398753894,0.915825239751068,0.9984423676012462,0.0,1.7845061009174277,395
1.3450512461107131,1.2167178619884154,0.2803738317757009,5.410881330371263,1.1587116726589568,0.001557632398753894,0.7864706025660829,0.9984423676012462,0.0,1.1115715725716961,490
2.616990084667057,1.8664680024856333,0.11682242990654206,14.631001152521861,1.1358587422783766,0.001557632398753894,0.8449892835098577,0.9984423676012462,0.0,1.3369400502879205,15
2.728010259637971,1.6484491406143897,0.1588785046728972,15.582779325865662,1.3031900495876774,0.001557632398753894,1.2031786983699655,0.9984423676012462,0.0,1.037493331801833,530
2.4442115483948323,2.5582509132956424,0.001557632398753894,7.895310077519375,1.323380401788874,0.001557632398753894,0.8377364057114652,0.9984423676012462,0.0,1.6603402280448951,555
1.6606819775565789,1.2431876532934278,0.26947040498442365,7.406784497375918,1.0397729779006917,0.003115264797507788,0.6501600782856247,0.9984423676012462,0.0,1.1656856135518707,480
0.7749822338396252,0.8472061390450515,0.7429906542056075,3.4818353393607437,0.768943932931342,0.014018691588785047,0.3632917296883624,0.9844236760124611,0.0,1.0717645554663349,280
1.8095919600947392,2.124551935147318,0.04672897196261682,7.406784497375918,0.9226757048746692,0.003115264797507788,0.40846991613406713,0.985981308411215,0.0,1.6192910110878411,515
2.3140456906796585,2.4851189638330053,0.001557632398753894,7.901285714285715,1.238082262202572,0.001557632398753894,0.7022121550884423,0.9984423676012462,0.0,1.714679463778027,330
0.5581241467835094,0.8316327336634133,0.7819314641744548,1.834254571428577,0.5644591372782981,0.11526479750778816,0.28853548582821914,0.9719626168224299,0.0,0.9243532015133842,11905
1.4771676776959788,1.3750608802845508,0.23208722741433022,4.335559978123446,1.1707126090874,0.001557632398753894,0.6697805919802908,0.9984423676012462,0.0,1.2959885998058007,390
3.660631911997977,2.7192110148024558,0.001557632398753894,9.09196456295236,2.1856238699710797,0.0,1.6015885782423467,0.9984423676012462,0.0,1.8052416803564222,10315
0.9048605025815557,0.8806736731499962,0.67601246105919,4.202889517978558,0.7043500026870659,0.03426791277258567,0.3891101215408029,0.985981308411215,0.0,0.9859702139101216,185
2.2483213967308764,1.7406704125337393,0.14174454828660435,7.406784497375918,1.4169887947909925,0.001557632398753894,1.0092815232169339,0.9984423676012462,0.0,1.3388586875456865,440
0.8267749823330139,0.829729424242934,0.7850467289719626,2.7219826610447466,0.7562206587855553,0.018691588785046728,0.43441370916560457,0.9875389408099688,0.0,0.9270205284407416,11695
0.8210294793738282,0.9411232607011534,0.6308411214953271,2.998662751695363,0.9061483260190439,0.003115264797507788,0.5686008661062211,0.9968847352024922,0.0,0.9654387894592968,215
1.640232099890446,1.677818123747963,0.1542056074766355,6.271529863532281,1.1058560356912266,0.001557632398753894,0.636228695269573,0.9984423676012462,0.0,1.1425841933430958,345
1.435156417046635,1.3136849866210434,0.24922118380062305,4.117460567073924,1.2345364934345802,0.001557632398753894,0.9035712770197664,0.9984423676012462,0.0,0.9768881392311762,365
1.5597105693470188,1.298299536786429,0.2538940809968847,8.14508691520363,0.957905499109635,0.003115264797507788,0.6739675057542552,0.9984423676012462,0.0,0.9793954711774171,425
0.9310833835795486,1.009430062841858,0.5420560747663551,3.39909236184364,1.0320297527515379,0.003115264797507788,0.8937967356489925,0.9984423676012462,0.0,0.8835071050145326,365
0.7947988287596537,1.0584657853933934,0.45638629283489096,4.307827917143149,0.8087606203433365,0.009345794392523364,0.426350748963363,0.9875389408099688,0.0,0.9911066332880695,625
0.6891160220614031,0.8882672100962924,0.6713395638629284,3.3576778604699173,0.6966970111181066,0.03426791277258567,0.427714287981848,0.9875389408099688,0.0,1.0314383554836393,580
1.1621350288971444,1.1336114061943605,0.3644859813084112,3.7782048986178984,0.9919218919559099,0.003115264797507788,0.6300308214291429,0.9984423676012462,0.0,1.2549475583096728,165
1.7343164521578522,1.3672624792473216,0.2336448598130841,4.7855931879389795,1.4977801976596778,0.001557632398753894,1.0731638134767798,0.9984423676012462,0.0,0.8449274323307884,220
0.8968738481282154,1.195912205177838,0.3161993769470405,4.133163483740362,0.698958432605776,0.03426791277258567,0.29007995035572626,0.9719626168224299,0.0,1.1070748748847667,290
0.951645609510667,1.2750042209599046,0.2601246105919003,5.157330769230752,0.7116191165260888,0.03426791277258567,0.23065891358688484,0.9610591900311527,0.0,1.2840682620038444,260
2.0219122295115532,1.9736851089800982,0.07476635514018691,6.017354084491174,1.2368576502144915,0.001557632398753894,0.8743311084496131,0.9984423676012462,0.0,1.696326063356935,20
1.3472741218707969,1.1709622249874516,0.3333333333333333,3.2977473906344317,1.2302203466947441,0.001557632398753894,0.6961497189548733,0.9984423676012462,0.0,0.8961967485908882,425
3.534298607748286,3.0090158953640236,0.001557632398753894,10.363248062015497,1.9500586370065962,0.0,1.2840512238583581,0.9984423676012462,0.0,1.8521969331998316,310
2.2451275883144453,1.7252703400087201,0.14797507788161993,9.079807692307698,1.4054068306058365,0.001557632398753894,1.0163067022176513,0.9984423676012462,0.0,1.2049708812094655,25
1.0819978549880587,0.9898601939237889,0.5669781931464174,5.171101582037057,0.9696288217969264,0.003115264797507788,0.6143417274262423,0.9984423676012462,0.0,0.8036462426047997,310
1.7378843288035906,1.2175034195273806,0.278816199376947,7.10736437247406,1.379451779576788,0.001557632398753894,0.9494816532595906,0.9984423676012462,0.0,0.8047845720139171,180
1.2012768383937453,1.0808090430394814,0.4174454828660436,4.194642157036892,1.215025799180764,0.001557632398753894,0.9575015504097015,0.9984423676012462,0.0,0.8651989157880492,490
0.9444790329997279,1.1787423629642548,0.32710280373831774,4.390509509067024,0.7145079820976717,0.03115264797507788,0.11337842036199464,0.780373831775701,0.0,1.1074231228545253,380
0.9416981744722683,0.97185687898296,0.5934579439252337,3.2168461538461544,1.0406976872837779,0.003115264797507788,0.7707893385409964,0.9984423676012462,0.0,0.8759229685637473,415
2.7438794471711474,1.9333068808674074,0.08722741433021806,14.405695005651111,1.247555317157465,0.001557632398753894,0.6978304411221521,0.9984423676012462,0.0,1.4090745998099334,245
0.9720293241945002,0.9250635993515675,0.6417445482866043,4.234702504876117,0.9042376372025341,0.003115264797507788,0.50000393740593,0.9937694704049844,0.0,1.0760121467417334,360
1.9973287703472695,1.4074049667980277,0.22274143302180685,9.691903067889251,1.209361843375861,0.001557632398753894,0.6401896999000447,0.9984423676012462,0.0,1.2210518097231284,410
1.1932086796460721,1.08046987746406,0.4174454828660436,4.1815238033846525,1.1409018014476524,0.001557632398753894,0.6674284900036394,0.9984423676012462,0.0,1.044551860188842,265
0.936172803937993,1.1868371917845595,0.32554517133956384,4.596157124012249,0.759175675961081,0.01557632398753894,0.4770358814849232,0.9906542056074766,0.0,1.2489172196936074,15
0.7860336122498679,0.9919999593980102,0.5654205607476636,4.132835792758866,0.7870413013920318,0.012461059190031152,0.438678468842417,0.9875389408099688,0.0,0.8636080735281424,460
1.0934212546397795,0.8204568928143585,0.7912772585669782,2.8121630406567775,1.0179551816744712,0.003115264797507788,0.5216138454601789,0.9937694704049844,0.0,1.0572722732244766,50
1.2418868351946641,1.2655055473622259,0.2616822429906542,4.63300816159681,1.0170314458111915,0.003115264797507788,0.7134841745826944,0.9984423676012462,0.0,1.2541091579808714,520
1.3086530607047844,1.033117012709461,0.5,5.237583769304424,1.1765578950198075,0.001557632398753894,0.8786895832802036,0.9984423676012462,0.0,0.9463171009927394,515
2.217338760274644,1.6898362484106286,0.1542056074766355,14.530953337354143,0.8215413323998371,0.009345794392523364,0.4515902989249956,0.9890965732087228,0.0,1.3268827653129127,550
1.5132134541751774,1.4148042674400911,0.22118380062305296,4.682638229278755,1.1830587935780592,0.001557632398753894,0.7800441710766082,0.9984423676012462,0.0,1.3586557550163465,315
0.9572135295604618,1.079901943544313,0.4190031152647975,2.7155897483871283,0.9493402440855361,0.003115264797507788,0.5466213971936974,0.9953271028037384,0.0,0.8675759904686351,500
0.8116183106256188,0.826301842135262,0.7881619937694704,2.522872131171578,0.7208166361225404,0.03115264797507788,0.32073161048633864,0.9813084112149533,0.0,1.053681808849086,580
1.4567958141478796,1.3141659666743126,0.24922118380062305,3.9581868204637405,1.1929729024450773,0.001557632398753894,0.7224624955394405,0.9984423676012462,0.0,1.333129729458554,340
2.5184040189800765,1.628867431827965,0.16666666666666666,12.72024989168058,1.3959129522206117,0.001557632398753894,1.3214763129769058,0.9984423676012462,0.0,0.8334618813217891,555
1.651529616686483,1.1344674868008187,0.3644859813084112,9.972017983544466,0.9932148923415421,0.003115264797507788,0.9516378710862161,0.9984423676012462,0.0,0.9310236816338052,240
0.8703743261741919,1.1425573695065008,0.3598130841121495,4.421090237604462,0.7117365490739771,0.03271028037383177,0.3024657067714104,0.9766355140186916,0.0,1.2793106727218366,605
0.7978247540069919,0.9407750361371292,0.6308411214953271,4.0554739995824125,0.7571653573772807,0.018691588785046728,0.4225275497734913,0.9875389408099688,0.0,0.9663981636190354,340
0.8670523735552287,0.8622321584545836,0.6931464174454829,2.9557309128189257,0.9392637323034756,0.003115264797507788,0.5700940991408098,0.9968847352024922,0.0,0.9416641834223329,1965
0.7996937223115826,0.9046614765053121,0.6635514018691588,3.6879372724713844,0.8067533281099214,0.010903426791277258,0.3202799115169913,0.9813084112149533,0.0,0.946389365887284,2000
4.769271363164493,2.21744410743241,0.01557632398753894,19.889933020399436,2.437558564261224,0.0,1.6572320684564876,0.9984423676012462,0.0,1.3798907699826828,600
1.9612966016484943,1.9176519501686913,0.09501557632398754,6.054338092511709,1.170239139894696,0.001557632398753894,0.7069078245066012,0.9984423676012462,0.0,1.6390888136317416,425
1.8130148500030627,1.4201619265114842,0.21962616822429906,9.43402765105881,1.0745082157661205,0.001557632398753894,0.6348121036081036,0.9984423676012462,0.0,1.21905062198434,485
2.657180712312051,1.6414795797481314,0.16043613707165108,12.59487892339192,1.5408166872412108,0.001557632398753894,1.3989252995508312,0.9984423676012462,0.0,0.7869920355678557,355
2.18994265895573,1.9814096503556056,0.07476635514018691,7.383437810885692,1.3970874804343307,0.001557632398753894,0.9901436491183023,0.9984423676012462,0.0,1.1561942489257149,320
1.93475006983076,1.6040370871393281,0.19158878504672897,7.429876923076909,1.3068919778917611,0.001557632398753894,0.9417984097815015,0.9984423676012462,0.0,1.1938705829855956,500
1.9297713703314054,1.2948004624722873,0.2538940809968847,7.406784497375918,1.293001515405445,0.001557632398753894,0.8171968823186789,0.9984423676012462,0.0,1.2096105347786008,535
0.6878450437668228,0.8973450257585137,0.6651090342679128,2.905538461538462,0.7804015345827792,0.014018691588785047,0.4474295955002073,0.9890965732087228,0.0,0.9152838524958615,1750
2.5354450829474287,2.536780093105859,0.001557632398753894,8.46000775193797,1.3487979844269975,0.001557632398753894,0.8732898875744923,0.9984423676012462,0.0,1.7358327231256954,240
1.0637683896149979,0.9258810211776639,0.6401869158878505,4.1787099855310785,0.9974867151122235,0.003115264797507788,0.6025954384350453,0.9968847352024922,0.0,1.0125464169224523,560
2.859180476501906,2.152497027223979,0.03894080996884735,18.450531137011772,0.8637110951256753,0.003115264797507788,0.4727828103665098,0.9906542056074766,0.0,1.3349941304650075,55
1.5416899969477167,1.1918202139955396,0.32242990654205606,7.947113436246688,0.9370370637646909,0.003115264797507788,0.7768612986210508,0.9984423676012462,0.0,0.9263745784778429,275
1.000805386053421,1.1010998495542792,0.3909657320872274,3.372499999999999,0.9669976595812566,0.003115264797507788,0.3633413219261019,0.9844236760124611,0.0,1.11036114795205,9340
1.1510044459433149,1.0255003798665465,0.5124610591900312,4.098609298954565,0.9863361509768563,0.003115264797507788,0.5397433926158723,0.9953271028037384,0.0,1.0050274690385979,500
7.20272719199583,3.37669802924988,0.001557632398753894,38.76781531195671,2.533141142838536,0.0,2.7663141827176316,1.0,0.0,0.9100452853798677,420
1.1518966481360324,1.1504601568364294,0.35514018691588783,4.338527348920198,1.111904856272782,0.001557632398753894,0.582280235766789,0.9968847352024922,0.0,0.9992788676155069,420
0.9747875097776694,1.052399064441308,0.470404984423676,3.554534368696024,0.9007018094341521,0.003115264797507788,0.4620496478894566,0.9906542056074766,0.0,0.8945668288743681,410
0.7200658651660197,0.9539236178658039,0.6246105919003115,2.7860730665657596,0.7634948617314421,0.01557632398753894,0.3390169952884991,0.9844236760124611,0.0,0.958722228617279,470
1.6891948367483394,1.7446616661861822,0.14174454828660435,5.834536544797416,1.1714966844259587,0.001557632398753894,0.7210278691659077,0.9984423676012462,0.0,1.133912780860622,455
0.8018833375638017,0.8990091835546052,0.6651090342679128,3.245485028369989,0.6987668300556229,0.03426791277258567,0.4370348080229775,0.9875389408099688,0.0,0.8462587433512665,11705
1.237333627991852,1.1879234007744885,0.32554517133956384,4.0087277422497385,1.201077507359009,0.001557632398753894,1.1073249749488396,0.9984423676012462,0.0,1.0986360207022432,1995
0.9717918646041672,1.11496847278339,0.37850467289719625,2.983832999964834,0.8961561004810084,0.003115264797507788,0.6014342696599264,0.9968847352024922,0.0,1.2687520100791259,430
1.0504384670791853,0.9524530349218974,0.6277258566978193,3.235971560559551,1.1305300248934271,0.001557632398753894,0.9537973372982167,0.9984423676012462,0.0,1.0808643879007964,2100
0.7092547366231506,0.839341545633559,0.7616822429906542,2.5063794084544924,0.6508775928382183,0.05763239875389408,0.2679305920034601,0.9688473520249221,0.0,0.9499453826676851,490
2.7480754531034655,2.3876245125030993,0.001557632398753894,8.343422405740002,1.5276187254492029,0.001557632398753894,1.2518896325420434,0.9984423676012462,0.0,1.8341725470947268,9700
0.7320152668653181,0.8345970676380371,0.7757009345794392,2.51648342103315,0.6851609998097492,0.03582554517133956,0.35940824862170995,0.9844236760124611,0.0,0.8281522911458333,11545
0.9150397262857538,1.0587398167889042,0.45638629283489096,3.2109744469567034,0.8317088921845548,0.006230529595015576,0.39819211870022264,0.985981308411215,0.0,1.2514746549278835,270
1.2185829568158149,1.2181389826578723,0.278816199376947,4.763068067268947,1.105453659818416,0.001557632398753894,0.6946324404921134,0.9984423676012462,0.0,1.0096473945147761,700
3.3338977788719135,2.9718390279340023,0.001557632398753894,9.840379844961232,1.812606323491759,0.0,1.2166164977323668,0.9984423676012462,0.0,1.849627865375585,555
0.8135485134883323,0.8934794251116949,0.6697819314641744,3.0784871794871793,0.869595229996848,0.003115264797507788,0.6658762151234168,0.9984423676012462,0.0,0.8978469099419715,20
2.718333375688455,1.7198419438599875,0.14797507788161993,16.10378895744713,1.146198680653186,0.001557632398753894,0.7675643987183659,0.9984423676012462,0.0,1.2249160461908375,345
1.1073512682145839,1.1170275952744615,0.37850467289719625,3.9359375614041965,1.1090969088711358,0.001557632398753894,0.8174549261900043,0.9984423676012462,0.0,0.9587619895473407,400
0.9596858924160558,0.9427889042989238,0.6292834890965732,3.2886521036727667,0.9690879303487576,0.003115264797507788,0.7297528617972646,0.9984423676012462,0.0,0.8967403177423223,450
1.200429084771728,1.0801295304432303,0.4190031152647975,4.1409569096870245,1.0379154109745898,0.003115264797507788,0.5809288984488455,0.9968847352024922,0.0,0.9227242085880909,490
0.7277365192329959,0.8857793769361302,0.6728971962616822,4.010000788391746,0.6879395485893367,0.03582554517133956,0.37115672285776047,0.9844236760124611,0.0,1.0761543507347435,135
1.9623826869432819,2.104508486343258,0.0514018691588785,8.795007124909414,0.970188706659067,0.003115264797507788,0.5440110913152425,0.9953271028037384,0.0,1.4058162362012665,335
1.9704135664128257,1.925967164222769,0.09190031152647975,6.0719337515154965,1.1949045303433181,0.001557632398753894,0.8165696848259962,0.9984423676012462,0.0,1.6455677815713303,9615
1.0431071202961544,0.9204527024133939,0.6448598130841121,4.434642417400723,0.954463504824376,0.003115264797507788,0.6287053967176621,0.9984423676012462,0.0,0.9816698252562117,520
0.9353019839413449,0.8861609259627373,0.6728971962616822,2.875731119489908,0.8364674166542562,0.006230529595015576,0.3572205288112261,0.9844236760124611,0.0,1.0017151980181547,11180
1.0668395258327434,0.9926105233875511,0.5623052959501558,4.325289243615899,0.9865333440469752,0.003115264797507788,0.6646396845686029,0.9984423676012462,0.0,1.0241981524745478,495
1.0371569900073856,1.158578981349317,0.34735202492211836,5.131948419220935,0.918303087952766,0.003115264797507788,0.6139416944226987,0.9984423676012462,0.0,0.8596393737376493,350
1.1458286077399888,0.802184297344525,0.8052959501557633,3.162166330230976,1.0674230173219503,0.001557632398753894,0.6724754331699392,0.9984423676012462,0.0,1.0217020740300988,485
0.9957122342808503,1.1357762401363924,0.3629283489096573,5.010391925490046,0.9007529528264612,0.003115264797507788,0.4438924793819083,0.9890965732087228,0.0,0.9077000167582491,505
1.1637019561494686,1.0700075824990958,0.4392523364485981,4.6092410003226485,1.0685472844893988,0.001557632398753894,0.8083818173600757,0.9984423676012462,0.0,0.9906794486503377,405
1.316918683722856,1.2323099501768744,0.27414330218068533,4.5227517311799375,1.1999037643864798,0.001557632398753894,1.0008162708175594,0.9984423676012462,0.0,0.8422829709109687,405
1.6477909677492184,1.24472006071404,0.26947040498442365,7.406784497375918,1.2179966329645595,0.001557632398753894,0.8493142608449261,0.9984423676012462,0.0,0.8907045230244423,560
1.1503439170002965,1.1317067704856503,0.3660436137071651,9.01508007571807,0.5711901999018542,0.11526479750778816,0.23590508262909998,0.9610591900311527,0.0,1.2113734215398813,395
0.8678737710071819,1.0487115543062537,0.4797507788161994,4.715219648927441,0.8232934203598895,0.009345794392523364,0.4393528129552151,0.9875389408099688,0.0,0.7567014771558089,355
0.834919824879114,0.8528841737066667,0.7227414330218068,2.5456195596221334,0.9405137659252896,0.003115264797507788,0.6829133173069348,0.9984423676012462,0.0,0.9210507913539172,525
1.001383770643039,1.3220785023090524,0.24610591900311526,3.487205024726315,0.8611344242308013,0.003115264797507788,0.6017040501432803,0.9968847352024922,0.0,1.365862443302506,260
0.9714165778530417,0.8316261319210355,0.7819314641744548,2.5951678960010733,0.991265176250878,0.003115264797507788,0.6102124569617533,0.9968847352024922,0.0,0.9828595192944948,275
1.057629144095566,1.2992435693126656,0.2538940809968847,4.40418983607168,0.76500851236279,0.01557632398753894,0.346647088814176,0.9844236760124611,0.0,1.0919459160834213,295
0.8869898636793825,0.8199853865313282,0.7912772585669782,2.569746514042457,0.9128508962039944,0.003115264797507788,0.5690883940770358,0.9968847352024922,0.0,0.9454968961431198,455
0.7908933434102376,0.8078291843336266,0.7990654205607477,2.8732680745929935,0.8114876943793771,0.009345794392523364,0.43749893985168903,0.9875389408099688,0.0,0.9525551703427191,310
2.12936549698931,2.4701168132241804,0.001557632398753894,7.406784497375918,1.093517498322379,0.001557632398753894,0.6392946735516436,0.9984423676012462,0.0,1.552936820521654,2325
1.33333751596063,1.10088778462541,0.3909657320872274,5.299883296294624,1.185213755387928,0.001557632398753894,0.7644903525261145,0.9984423676012462,0.0,0.9048131350763288,690
3.879077049716156,2.366624644465225,0.001557632398753894,15.727126225856729,2.044805214272852,0.0,1.6737109273081185,0.9984423676012462,0.0,1.244217438570703,510
0.8284035336339578,1.0508077842595271,0.4735202492211838,4.379794632926148,0.7370483496549245,0.028037383177570093,0.43602653003348013,0.9875389408099688,0.0,1.2697632599983812,285
2.012166693154504,1.4675990024456087,0.21806853582554517,7.406784497375918,1.4776550122746925,0.001557632398753894,1.0482706481206558,0.9984423676012462,0.0,1.2215404120512297,475
1.2338429457501774,1.3023006024863684,0.2538940809968847,3.973989183230174,0.9676972041969935,0.003115264797507788,0.5358005962380193,0.9953271028037384,0.0,1.123936324649797,30
1.8616526392568846,1.9435311852293575,0.08566978193146417,8.321231579824133,1.006081795198108,0.003115264797507788,0.4613140695076042,0.9906542056074766,0.0,1.3139468921555648,205
0.908872170358383,1.1059076269517942,0.3878504672897196,4.358307692307692,0.8971996501961947,0.003115264797507788,0.479270695156241,0.9906542056074766,0.0,0.9329438645820866,620
1.3650789636547047,1.0239073390215945,0.5171339563862928,7.406784497375918,0.9363374742612951,0.003115264797507788,0.46290824242241585,0.9906542056074766,0.0,1.2077455091877225,490
1.4926468514156357,1.2011152845473427,0.30218068535825543,8.08504251978945,1.013996390007661,0.003115264797507788,0.7193146387013463,0.9984423676012462,0.0,1.1300486175726165,405
1.0722632831434367,1.0454060898230024,0.48286604361370716,3.8786688235590843,0.9200505669626412,0.003115264797507788,0.4215458715132304,0.9875389408099688,0.0,1.0017577803790707,11165
1.0359038889933232,1.043720596414995,0.48909657320872274,5.194074054551482,0.9304359520699949,0.003115264797507788,0.6489035754654178,0.9984423676012462,0.0,0.9220210759401172,70
4.533528951246916,3.4002776383628284,0.001557632398753894,14.813568994751837,2.292367217052952,0.0,1.6932322881355792,0.9984423676012462,0.0,1.945057880871154,220
1.9960895042531732,1.3901557180926072,0.22741433021806853,7.406784497375918,1.5020557432522794,0.001557632398753894,0.9596568773398233,0.9984423676012462,0.0,0.8354546176883345,495
1.46732197315609,1.3303631152922766,0.24143302180685358,5.438426934304109,1.1974660486471416,0.001557632398753894,1.0534957214687672,0.9984423676012462,0.0,0.8284232859149917,490
2.433826044123794,1.908145189558794,0.1043613707165109,17.124241912669603,0.6935186143565829,0.03426791277258567,0.2655023216862834,0.9688473520249221,0.0,1.3419999516834131,40
0.7007631564263292,0.8905719019606776,0.6713395638629284,2.6557536665869805,0.6558799707646654,0.05451713395638629,0.39883876683497066,0.985981308411215,0.0,0.9381452727861498,420
2.673743169038585,1.9621287519701605,0.0794392523364486,17.86629080789337,0.8226640151772882,0.009345794392523364,0.3954918984435762,0.985981308411215,0.0,1.331454029612872,630
0.9228169140847872,1.0869652708067081,0.40654205607476634,3.8957356060746906,0.8089835409959686,0.009345794392523364,0.378849413284756,0.985981308411215,0.0,1.13862464318607,5
0.8242368750488264,1.2035947117632138,0.29750778816199375,3.9371468488237547,0.6275893164245686,0.08255451713395638,0.2663156910025956,0.9688473520249221,0.0,0.9762235400811845,12290
3.584423711091897,1.9991563557952678,0.07009345794392523,16.45798765022038,1.86796395835122,0.0,1.527863622338867,0.9984423676012462,0.0,1.0246857274160444,345
2.1443199023573176,1.497039434026262,0.21651090342679127,11.62014083263327,1.0925495444798665,0.001557632398753894,0.8138004251950065,0.9984423676012462,0.0,0.9924574457957207,255
0.9081200520962919,0.7527594701698814,0.897196261682243,2.605390342570804,0.8374719171040996,0.006230529595015576,0.4896370771028419,0.9922118380062306,0.0,0.9737548116229146,5
0.9621927787030914,0.8708081982836366,0.6884735202492211,4.153657468184613,0.8824603769184364,0.003115264797507788,0.47842764374240904,0.9906542056074766,0.0,1.0944737089442929,550
0.7854690789675399,0.8995655790636012,0.6635514018691588,2.9215001143580714,0.7056600749880801,0.03426791277258567,0.3995719915710824,0.985981308411215,0.0,0.964672088697824,495
1.1083915954105785,1.087008394513411,0.40654205607476634,2.9026128043696824,1.0941647233221232,0.001557632398753894,0.5686664725621755,0.9968847352024922,0.0,0.8795977861982252,430
1.3009838631629473,1.0540211047035788,0.4672897196261682,3.356450717599542,1.2931091979794451,0.001557632398753894,0.7399003425385764,0.9984423676012462,0.0,1.0073249544063065,410
0.49170932522516003,0.987098580840554,0.5700934579439252,3.291757095572768,0.4772529501306457,0.40498442367601245,0.19341242468890654,0.9439252336448598,0.0,1.2441959129432436,400
1.451418070871959,1.2062618531174036,0.29595015576323985,5.094431251863133,1.1498281650746383,0.001557632398753894,0.6701115335141332,0.9984423676012462,0.0,0.8823850349673965,460
0.9629882003632007,0.9394713220901831,0.6308411214953271,3.8426002039086606,0.9161226965270509,0.003115264797507788,0.5871128589764317,0.9968847352024922,0.0,0.989216770627798,585
3.473866925611867,2.343400320588382,0.001557632398753894,18.01302728285315,1.415994852624603,0.001557632398753894,1.0269717802490113,0.9984423676012462,0.0,1.4596570230915262,515
1.3535272449149138,1.1186448630421266,0.37850467289719625,4.855282131160314,1.10269725245015,0.001557632398753894,0.642626218490163,0.9984423676012462,0.0,1.0026311062130404,0
1.0958940277901863,1.0238806175867956,0.5171339563862928,4.8570104238962895,1.0235101067182903,0.003115264797507788,0.6512698028253885,0.9984423676012462,0.0,0.8500380375170455,390
1.4535942731803964,1.7054860120271904,0.15109034267912771,5.887291592229316,0.9653274839152184,0.003115264797507788,0.5112782076635904,0.9937694704049844,0.0,1.1772066703161168,280
0.6788207995812022,1.069570083439915,0.4392523364485981,3.3742340872045338,0.6282124993702117,0.08255451713395638,0.29778453390634557,0.9735202492211839,0.0,1.0761485037645038,12700
1.2961384277171542,1.0683350224872104,0.440809968847352,3.451764811757583,1.1869054369540208,0.001557632398753894,0.6849266362991681,0.9984423676012462,0.0,1.1844035240863042,475
1.0879775209810563,1.0878232749097385,0.40342679127725856,3.2900988942455127,1.0022954376243205,0.003115264797507788,0.5673004375842475,0.9968847352024922,0.0,1.2679220218582992,45
1.5082773303785957,1.4855956857723929,0.21651090342679127,4.687502494157393,1.0719431610313008,0.001557632398753894,0.7412514106885575,0.9984423676012462,0.0,1.2379961817446659,480
1.6620897163091202,1.2654339446101184,0.2616822429906542,7.406784497375918,1.232018229177381,0.001557632398753894,0.8132815875987254,0.9984423676012462,0.0,0.795730687729774,85
0.4888779349673686,0.6775668932604969,0.9828660436137072,1.5870588235294119,0.44917119086925295,0.6152647975077882,0.1381605594727218,0.8707165109034268,0.0,1.1257601685217182,35
1.4588358340036487,1.1898845998580487,0.32398753894080995,9.248754496977142,0.8646574412077549,0.003115264797507788,0.6532908379537601,0.9984423676012462,0.0,1.0499998304075449,205
1.6674143346933235,2.10232579446605,0.0529595015576324,6.364076124999997,0.8885525705534926,0.003115264797507788,0.6681479840601678,0.9984423676012462,0.0,1.7052476659882618,295
0.9605415793272756,1.0244241716391735,0.514018691588785,5.122169749031133,0.8746970965501819,0.003115264797507788,0.514045188539593,0.9937694704049844,0.0,0.7835874927907827,590
2.127006339253056,1.3815195571892134,0.23052959501557632,12.015648332462536,1.1129209184706905,0.001557632398753894,0.5981693167979377,0.9968847352024922,0.0,1.209462642715186,380
2.3397879267285453,1.3587024530854768,0.2367601246105919,8.077063133673644,1.8079012024537733,0.0,1.051579704206762,0.9984423676012462,0.0,0.8311652935128488,275
1.5542365875447124,1.30082079165282,0.2538940809968847,7.742427949788398,1.0480897496630306,0.003115264797507788,0.6224580376282637,0.9984423676012462,0.0,1.2470851882889606,190
2.3554735976469616,1.408812516402437,0.22274143302180685,11.29072922388219,1.4753814723126428,0.001557632398753894,1.0772825302883744,0.9984423676012462,0.0,1.070830629005802,455
2.3753179725306803,1.4909481666387334,0.21651090342679127,10.233325761266975,1.3951072891767922,0.001557632398753894,1.1047791340853395,0.9984423676012462,0.0,1.2176843378921602,0
1.7534288405623595,1.1784638846856101,0.32710280373831774,7.406784497375918,1.221271923060915,0.001557632398753894,0.706203239528961,0.9984423676012462,0.0,1.1892738826241274,8840
1.054952115971351,1.09685537436945,0.3956386292834891,4.450010581103544,1.0162874843866148,0.003115264797507788,0.516753755785594,0.9937694704049844,0.0,0.7760317016491926,715
0.9909005458585756,1.0319144338617348,0.5046728971962616,3.215610243306709,0.9308333875924849,0.003115264797507788,0.5428470088182282,0.9953271028037384,0.0,0.9360708518413601,275
0.6319296168654316,1.0810778197359385,0.4174454828660436,3.932688474760836,0.5585979196977461,0.12461059190031153,0.1948919141774751,0.9439252336448598,0.0,1.2756866358921464,640
1.7558153860877603,1.2455620356845405,0.26635514018691586,7.406784497375918,1.199558439702446,0.001557632398753894,0.6770737273958619,0.9984423676012462,0.0,1.2685212706921205,8935
0.9231159506938565,0.7348377440904998,0.9283489096573209,2.580480859427498,0.887469256023891,0.003115264797507788,0.4865171961288188,0.9922118380062306,0.0,0.9819099517648197,415
0.7825235600262067,1.0331705904351922,0.5,3.1424422553312343,0.9219704896148403,0.003115264797507788,0.8612455311854549,0.9984423676012462,0.0,0.8538168139845544,575
1.0086028421197417,1.0561256130752168,0.45950155763239875,4.3166212050684365,0.9046198986337918,0.003115264797507788,0.5078273383607964,0.9937694704049844,0.0,1.0217894549923432,480
0.9422785833170435,1.0658895395857673,0.4423676012461059,5.278462920878756,0.845700032608379,0.004672897196261682,0.6327541568200534,0.9984423676012462,0.0,1.134241918049279,580
0.8078851446107624,1.1778375374939818,0.32710280373831774,3.3741122268717345,0.7241031737547348,0.03115264797507788,0.3677312364609441,0.9844236760124611,0.0,1.3178815235299577,355
1.106824879503066,0.8673025591197577,0.6884735202492211,2.698,1.0556513108462418,0.001557632398753894,0.6166704054465151,0.9984423676012462,0.0,1.071776041251076,510
1.2408957205960947,1.204613584356492,0.29750778816199375,3.770282051282051,1.2074026051416458,0.001557632398753894,0.9247274226634561,0.9984423676012462,0.0,0.8350098540445301,400
2.283428717676349,1.4690632627225535,0.21651090342679127,14.003594542683164,1.0355746529668206,0.003115264797507788,0.6069646418327417,0.9968847352024922,0.0,1.2131469434277695,250
1.0958104708291958,1.1606074174408043,0.34579439252336447,4.213419125278473,0.9789424076650532,0.003115264797507788,0.5481167614666355,0.9953271028037384,0.0,1.1047811948447068,13285
1.811633698139971,1.2917221661869456,0.2538940809968847,4.761396671015157,1.6410449462443522,0.001557632398753894,1.0278392494265387,0.9984423676012462,0.0,0.8213420552673849,150
2.3356276858820486,1.5123886573656544,0.21651090342679127,10.202590409547048,1.4191670235733334,0.001557632398753894,0.9479226662440384,0.9984423676012462,0.0,0.96962873538013,515
0.6794114146913186,1.1814175572020686,0.32710280373831774,3.3485542994201554,0.5957504167464995,0.1043613707165109,0.2358779626185737,0.9610591900311527,0.0,1.317314441198971,85
1.2507135793336381,1.2310179639048173,0.27414330218068533,5.894092307692294,0.9657797955537187,0.003115264797507788,0.6982851246085078,0.9984423676012462,0.0,1.1911194035424109,265
2.609963291310392,1.8319914948499911,0.11993769470404984,14.26628270080179,1.1760197000331776,0.001557632398753894,0.6230747799854606,0.9984423676012462,0.0,1.198667726971822,5315
1.5182299968557973,1.4625196768580728,0.21806853582554517,6.4077499999999965,1.0558940272354524,0.001557632398753894,0.6435502562253153,0.9984423676012462,0.0,1.3745665393806465,375
1.2891842594697414,0.9378991618378522,0.6308411214953271,3.697360396845472,1.1660196203083122,0.001557632398753894,0.6561224423193512,0.9984423676012462,0.0,1.0535673289501846,10
1.5925399892116943,1.2849036891026353,0.2554517133956386,4.811443100526977,1.2985752591976425,0.001557632398753894,0.8345222505240314,0.9984423676012462,0.0,0.8531507836060923,220
0.5524728278107955,0.8386519697694608,0.7616822429906542,2.0061652147410527,0.5292905648818467,0.19003115264797507,0.2561796525384189,0.9688473520249221,0.0,0.9488144968867972,490
1.6315531851075753,1.3674306746925433,0.2336448598130841,7.021717948717948,1.2026410800187075,0.001557632398753894,0.8601800671777914,0.9984423676012462,0.0,0.8225278673663299,795
0.5592515138674341,0.7865385374276921,0.8442367601246106,2.2963335548974335,0.6588615395286086,0.05451713395638629,0.36750201614137845,0.9844236760124611,0.0,1.1469874903704778,365
0.8566279304917225,0.987528630249617,0.5700934579439252,4.891145879573536,0.7983429078747198,0.012461059190031152,0.5539270058990082,0.9968847352024922,0.0,1.120524858622025,245
1.8560220875169042,1.568270438093887,0.205607476635514,4.887304925036686,1.5539710490956558,0.001557632398753894,1.0919181638238467,0.9984423676012462,0.0,1.1053924467533571,340
1.4380961084987807,1.1703466242188691,0.3348909657320872,7.545735657646473,0.9229969890948805,0.003115264797507788,0.8128057397680591,0.9984423676012462,0.0,0.9060276636707094,11640
1.7428833022175592,1.7872573557646116,0.13239875389408098,6.047256856565905,1.0380103871952424,0.003115264797507788,0.6593094708590975,0.9984423676012462,0.0,1.6410517329880334,95
0.5796692636279536,0.9433066416147277,0.6292834890965732,3.4091444237907824,0.6543018124540367,0.056074766355140186,0.33842455432349794,0.9844236760124611,0.0,0.9705073246673902,420
2.286478359264461,2.4993422495617086,0.001557632398753894,7.406784497375918,1.2447271199809329,0.001557632398753894,0.7828790847987679,0.9984423676012462,0.0,1.636624756355357,550
1.6066098950098788,1.2640824611023467,0.2616822429906542,9.197961064416956,1.011902385906905,0.003115264797507788,0.723782627794218,0.9984423676012462,0.0,1.1422528068437072,510
1.2081337207542613,1.0435783881278757,0.48909657320872274,3.9619824413409876,1.0390967110715372,0.003115264797507788,0.5244936361572529,0.9937694704049844,0.0,1.1534318978080382,330
1.6650764268903087,1.5534138140041138,0.2102803738317757,6.246907692307681,1.1796839505755452,0.001557632398753894,1.0009778788195427,0.9984423676012462,0.0,1.239840766985287,500
0.8751694538531201,0.9686774025389449,0.5965732087227414,4.92650597495995,0.7621224510339807,0.01557632398753894,0.4890794020105314,0.9922118380062306,0.0,0.9584489759079734,465
2.2747941950178943,1.6988078722440252,0.1526479750778816,14.7019934541737,0.8706453556659387,0.003115264797507788,0.5226850417577529,0.9937694704049844,0.0,1.244972350326329,115
1.0738493167922116,1.2226308786561018,0.2772585669781931,3.878374999999998,0.9882502061558477,0.003115264797507788,0.6597421399502044,0.9984423676012462,0.0,1.2955496879506958,610
1.1655859880111132,1.1124818958257565,0.38161993769470404,4.417242344013954,1.117384915698669,0.001557632398753894,0.903609344907343,0.9984423676012462,0.0,0.85304132136084,460
1.5619453529851894,1.3425716209298393,0.2398753894080997,7.406784497375918,0.966606597866953,0.003115264797507788,0.6282723668279044,0.9984423676012462,0.0,1.270285394951133,475
1.9492260475183816,1.3063060570899452,0.2523364485981308,6.597831353746584,1.4453611527018142,0.001557632398753894,0.8893065836923522,0.9984423676012462,0.0,0.9139367560333901,655
0.4754229059810749,0.9731228727947584,0.5934579439252337,3.30979542907193,0.47692013469626504,0.40809968847352024,0.1147445786784337,0.7928348909657321,0.0,1.2495475627810277,35
1.0208981271641302,1.057173282333381,0.45638629283489096,6.1048341776370325,0.8121745479252707,0.009345794392523364,0.501698194198313,0.9937694704049844,0.0,1.156790651155443,540
0.6009135005279153,0.8164712855300134,0.7959501557632399,3.0056137380791945,0.6402131690200151,0.06697819314641744,0.3235215216586585,0.9813084112149533,0.0,1.1455641224572128,465
0.6212786231678936,0.7121150489227801,0.940809968847352,2.2218823529411766,0.5762321793810726,0.11214953271028037,0.22937216950637915,0.9595015576323987,0.0,1.08692050454372,315
0.8776809065839943,0.9204829313648341,0.6448598130841121,3.1639032537426903,0.9381989886780693,0.003115264797507788,0.612282055880233,0.9968847352024922,0.0,0.9732882639186109,390
2.3560417584767226,1.4447104247061764,0.21806853582554517,8.881026481742058,1.6053535884637053,0.001557632398753894,1.023933671067296,0.9984423676012462,0.0,0.9512554177545578,6325
1.1185454982629697,1.180644021805177,0.32710280373831774,5.08904651868145,0.8887153597731634,0.003115264797507788,0.5323395067845361,0.9953271028037384,0.0,0.9803970152060957,490
1.0219155420296575,0.9485271900714924,0.6292834890965732,4.712359302164945,0.7910925089745023,0.012461059190031152,0.41969256794580295,0.9875389408099688,0.0,0.9620016351876649,380
1.8284743184753807,1.3687641779629225,0.2336448598130841,7.406784497375918,1.355533731990145,0.001557632398753894,0.8660619527128652,0.9984423676012462,0.0,0.7081356375408309,80
0.8229216873632904,1.0377178502291933,0.4937694704049844,4.4015764326870634,0.8159251795780864,0.009345794392523364,0.3867111144370134,0.985981308411215,0.0,0.7938022893527459,265
3.47828419745381,1.9628618156136364,0.0794392523364486,19.430964045045574,1.477789900953506,0.001557632398753894,1.4112230784060518,0.9984423676012462,0.0,0.9398652491523194,530
0.9031756461256101,0.8585437192678421,0.705607476635514,2.8714048757300725,0.9763279075729854,0.003115264797507788,0.8102597022605244,0.9984423676012462,0.0,0.9734583700657383,370
4.767310576654829,2.5333551016878526,0.001557632398753894,19.710751814366834,2.452596903080786,0.0,1.8835908622263333,1.0,0.0,1.2480648899280458,455
1.112718257002658,1.0996522706538825,0.3909657320872274,2.7814674101787094,1.098200477695116,0.001557632398753894,0.5944268433317237,0.9968847352024922,0.0,0.8941313432121111,310
0.7548615111965462,0.8027860227889475,0.8052959501557633,3.104790816907629,0.7353184417193563,0.028037383177570093,0.275495216827253,0.9719626168224299,0.0,0.9030157961702524,5530
1.5561990244106338,1.3058513720283678,0.2523364485981308,6.54006275041044,1.1000014552367823,0.001557632398753894,0.6947839452068232,0.9984423676012462,0.0,1.2213283963646269,430
1.100882841517918,1.2837245814258205,0.2554517133956386,4.640930186768613,0.7878521699600372,0.012461059190031152,0.3714272504078174,0.9844236760124611,0.0,1.0894800717969815,85
1.7254843938521969,1.5052984988420248,0.21651090342679127,5.776487179487179,1.3616049581903784,0.001557632398753894,0.8283674392273349,0.9984423676012462,0.0,0.9664518247582542,1605
1.2423632824047248,1.27861736726842,0.2585669781931464,5.257641025641026,1.0569078908891083,0.001557632398753894,0.7214816070870618,0.9984423676012462,0.0,0.8198828068629362,520
1.5174562493920123,2.0477377956836524,0.06386292834890965,6.233054499999996,0.7820549424042659,0.012461059190031152,0.6459797568647441,0.9984423676012462,0.0,1.6497726919677438,470
1.0556208546653645,0.9289836352154893,0.6401869158878505,4.6364075045910536,0.9608942975985025,0.003115264797507788,0.5569442519493837,0.9968847352024922,0.0,1.1166024478422942,335
0.9306517480117991,0.8646272416493818,0.6900311526479751,3.6142674003292425,0.9447378512612165,0.003115264797507788,0.8464453583894351,0.9984423676012462,0.0,0.9304930452070724,485
0.8521099081636784,0.7696563744483964,0.8753894080996885,2.319019776677412,0.8478450380251052,0.004672897196261682,0.5274192285738343,0.9937694704049844,0.0,0.9418116509324017,410
2.861780055020437,1.475335431757395,0.21651090342679127,12.673494798741983,1.8105120350115411,0.0,1.251183723317965,0.9984423676012462,0.0,0.8519558796259797,260
2.03002743815069,1.4355731542435066,0.21806853582554517,10.644861958334424,1.1917966261998472,0.001557632398753894,0.7102327218404569,0.9984423676012462,0.0,1.1822711757321027,355
0.860753298744775,1.0452725359495936,0.48286604361370716,3.4589743589743587,0.9531018335881698,0.003115264797507788,0.8456826030296513,0.9984423676012462,0.0,0.7662814611108091,1965
2.1982453828281363,1.4976781821998215,0.21651090342679127,6.670243997977238,1.6260561163417067,0.001557632398753894,0.9602778034715523,0.9984423676012462,0.0,1.0399257448233734,570
3.096678645694977,2.127431829295873,0.045171339563862926,12.701353846153859,1.6922431634263564,0.0,1.4189628313958742,0.9984423676012462,0.0,1.233154805253885,340
0.8609823939733581,0.7724732516947909,0.8691588785046729,2.69756126521927,0.818699325078007,0.009345794392523364,0.3565099277891048,0.9844236760124611,0.0,0.8486034446785702,9010
2.392814249880273,2.190674804451356,0.020249221183800622,6.869254567068169,1.39521667044635,0.001557632398753894,1.0553935429992798,0.9984423676012462,0.0,1.7221693049682443,65
0.7433552160457559,0.7616644632504727,0.8909657320872274,3.3606447960972923,0.6778231526041048,0.040498442367601244,0.33685491405348467,0.9828660436137072,0.0,1.0194491131391623,395
2.0048779873439493,1.5960435167771143,0.19470404984423675,8.654353846153832,1.263684250299521,0.001557632398753894,1.002390118145857,0.9984423676012462,0.0,1.1865276937794305,370
1.0203581573960454,1.1922459805289611,0.32242990654205606,3.3823481071851154,0.9363530271613887,0.003115264797507788,0.40691879603432274,0.985981308411215,0.0,1.2840584094786487,5
1.7336628627044794,1.3390808797781302,0.2398753894080997,7.406784497375918,1.2641053364037949,0.001557632398753894,0.9277192768199719,0.9984423676012462,0.0,0.7675814196464857,520
0.5305631083511302,0.8162184095278199,0.7959501557632399,2.144926441970195,0.4988582986550011,0.30062305295950154,0.20577686274647294,0.9532710280373832,0.0,0.9688249366644552,305
0.7578877617688367,0.8588616919580663,0.7040498442367601,3.703392248687959,0.5655835910721807,0.11526479750778816,0.22141597795173223,0.9595015576323987,0.0,1.0321306219406905,365
1.1521239537810013,1.1012939874457859,0.3909657320872274,4.086221286863807,1.1683719037787064,0.001557632398753894,0.8232888598073069,0.9984423676012462,0.0,0.8051929072249097,195
0.624012607200567,0.6189935597659564,0.9984423676012462,2.4046384613720115,0.5881035486941754,0.10747663551401869,0.2963996611958014,0.9719626168224299,0.0,0.9790095404193443,5750
1.1865006755306542,1.2357144537706666,0.27102803738317754,4.874989131475614,0.9549181388647892,0.003115264797507788,0.667206555082792,0.9984423676012462,0.0,0.9709790213738537,500
1.0088925610891657,1.0528979487276562,0.4688473520249221,6.034834887269652,0.787660267440878,0.012461059190031152,0.4133054239127065,0.985981308411215,0.0,1.1947499709772789,275
1.08537966519222,1.243402880689962,0.26947040498442365,3.342160450653835,0.9407058095768975,0.003115264797507788,0.5020691312691676,0.9937694704049844,0.0,1.3802618227065129,420
1.101528325530724,1.1060327741038853,0.3878504672897196,3.8859405985763593,0.8988904358977393,0.003115264797507788,0.5035284200720895,0.9937694704049844,0.0,1.0539993381760835,11220
0.768663964519025,0.8617674329066524,0.6962616822429907,2.6411492857142718,0.7755685803658938,0.014018691588785047,0.407655219443309,0.985981308411215,0.0,1.0165184954839646,445
2.5687957697533514,2.2921314398201176,0.003115264797507788,8.418089897469336,1.3690433859717872,0.001557632398753894,1.1128744174271938,0.9984423676012462,0.0,1.8020743155634198,11805
2.2881374948050484,2.2768913736486556,0.003115264797507788,8.602469230769216,1.1912547294045084,0.001557632398753894,1.0676499086285562,0.9984423676012462,0.0,1.629736827182775,660
1.380987787416509,1.1521007870843285,0.35358255451713394,9.335301611770983,0.7904147904853778,0.012461059190031152,0.45285621922997504,0.9890965732087228,0.0,1.1717960165483545,415
1.2738827107982738,1.0896724267044136,0.40031152647975077,5.741509662711359,1.0989535210817682,0.001557632398753894,0.7529309714826564,0.9984423676012462,0.0,0.7434686009640182,625
1.6685756371884881,1.273926738244476,0.2601246105919003,6.982330152400766,1.2012660233880077,0.001557632398753894,0.6718927439680611,0.9984423676012462,0.0,0.9795466679490559,425
2.202044379200768,1.59301001506609,0.19626168224299065,7.406784497375918,1.4853484527310066,0.001557632398753894,0.9619740784547827,0.9984423676012462,0.0,1.3050320350492042,600
0.6495346690973357,0.8316780092424437,0.7819314641744548,2.241331022236798,0.5863998624462748,0.10747663551401869,0.30725446832735204,0.9781931464174455,0.0,1.041261146290869,10930
4.431894113990415,3.3079995130710933,0.001557632398753894,14.813568994751837,2.2421809021440184,0.0,1.6271607954768275,0.9984423676012462,0.0,1.8659519378553728,250
1.2233655903777796,1.1574582077378515,0.34890965732087226,4.6661087396044545,1.1143195348063164,0.001557632398753894,0.6674475120345565,0.9984423676012462,0.0,0.8730640623423837,275
4.298404050760383,1.8700784649990925,0.11682242990654206,18.413701191954612,2.331566542805607,0.0,1.5237367124527559,0.9984423676012462,0.0,0.8893040820091934,490
0.6442202867691357,1.013224949462379,0.5358255451713395,4.116179487179487,0.6857453060128917,0.03582554517133956,0.32383487947779316,0.9813084112149533,0.0,0.9175248865503988,1295
0.8135332402363981,0.7364634698826974,0.9252336448598131,2.4891781548121874,0.7499966576082284,0.018691588785046728,0.4749178745186664,0.9906542056074766,0.0,1.0712408106811049,45
1.8574646526611127,2.213410445359177,0.01557632398753894,7.406784497375918,0.930307554538198,0.003115264797507788,0.43731848424748365,0.9875389408099688,0.0,1.6299771251705775,440
0.8467824613714792,0.8785983973437238,0.67601246105919,2.396945053434205,0.8434874450884841,0.004672897196261682,0.5606636333317556,0.9968847352024922,0.0,1.1623141386849491,9000
3.6055101619138323,3.1891351204654157,0.001557632398753894,9.463914728682164,2.019713353708949,0.0,1.4584242629438655,0.9984423676012462,0.0,1.91053194745298,380
1.046330312582633,1.1716572115996833,0.3333333333333333,4.600003390205256,0.9043656707693972,0.003115264797507788,0.5622630073422262,0.9968847352024922,0.0,1.2223378827614568,460
1.055799685148059,1.0457345493362542,0.48130841121495327,4.10803993926786,0.9840694632674005,0.003115264797507788,0.5026102034268127,0.9937694704049844,0.0,0.9934433651249329,410
0.9249853129073063,0.8218929352593678,0.7912772585669782,2.804952480365828,0.8783072482492535,0.003115264797507788,0.44756831151329085,0.9890965732087228,0.0,0.9998554837446838,355
1.8657378358446488,1.3112042323772992,0.2507788161993769,11.578429523979267,0.970874263274999,0.003115264797507788,0.6251722955185304,0.9984423676012462,0.0,1.1920449274359486,520
1.7237149613915808,1.2828471224101499,0.2570093457943925,7.406784497375918,1.289733910636819,0.001557632398753894,0.8730720554107639,0.9984423676012462,0.0,0.8708006247754326,600
0.7574885212129971,1.2408517605994578,0.26947040498442365,3.383962867432168,0.5935679824581078,0.1043613707165109,0.3300552324429193,0.9828660436137072,0.0,1.392749186534553,575
1.945729700628527,2.3903029225020305,0.001557632398753894,7.407358999999996,0.9416336293683748,0.003115264797507788,0.46099704550622966,0.9906542056074766,0.0,1.7432830180101355,480
1.515981119777486,1.230536684955337,0.27414330218068533,7.406784497375918,1.1145059996549178,0.001557632398753894,0.7381406620869386,0.9984423676012462,0.0,0.7854119151268425,620
1.3495340430949465,1.9187291860050089,0.09501557632398754,6.364076124999997,0.672544674080722,0.045171339563862926,0.28661674820534466,0.9719626168224299,0.0,1.5900736023147644,500
2.2625486976062743,1.7511960452618474,0.14174454828660435,16.236513320382297,0.6927348091464404,0.03426791277258567,0.22474259454805845,0.9595015576323987,0.0,1.084026353541548,5265
1.805412794076004,1.5639423148142018,0.2102803738317757,13.947020130896147,0.5448193431375442,0.14953271028037382,0.19873266023402422,0.9470404984423676,0.0,1.2499601790744486,515
2.2420902793963684,1.4463211833103535,0.21806853582554517,10.560390532160225,1.3945562284219153,0.001557632398753894,1.1659570633599265,0.9984423676012462,0.0,0.8616436374771035,460
1.2598501252155798,1.0850939413238845,0.40965732087227413,5.4619465831625185,1.1016684976072246,0.001557632398753894,0.8701243476786782,0.9984423676012462,0.0,0.9772339936021216,20
1.10391703189924,1.160585754579726,0.34579439252336447,3.7978530287206804,0.9944754253119747,0.003115264797507788,0.58296020003347,0.9968847352024922,0.0,1.0028778095420101,445
1.2635399982215372,1.3992981073603443,0.22585669781931464,3.2490080018036083,1.0097138432194133,0.003115264797507788,0.4900161972870292,0.9922118380062306,0.0,1.4561185080497456,620
2.639312872870319,1.5245428410098507,0.21651090342679127,12.895348138270075,1.5212717354815952,0.001557632398753894,1.2573931980721162,0.9984423676012462,0.0,0.8777302774991287,245
2.272994639128197,1.3679623794446436,0.2336448598130841,11.943338635281632,1.2981306396327135,0.001557632398753894,1.1180580232046695,0.9984423676012462,0.0,0.9444794911899709,295
3.4880539565717132,1.8654350970866496,0.11682242990654206,19.043768326397313,1.5773018165316404,0.001557632398753894,1.521031017422089,0.9984423676012462,0.0,0.8807376491051833,405
2.765854073799165,2.104480572526307,0.0514018691588785,19.04807720009812,0.7394563579521364,0.024922118380062305,0.3811491901131619,0.985981308411215,0.0,1.3463293552600706,415
1.2029464158093683,1.103370692045386,0.3894080996884735,7.812024026804952,0.801640193902483,0.012461059190031152,0.4612809042725668,0.9906542056074766,0.0,1.1582220340804439,295
1.3274938425313936,1.2624797883294148,0.2616822429906542,6.295333333333334,1.0387068633051884,0.003115264797507788,0.5787455933719072,0.9968847352024922,0.0,0.9159332489856196,10
2.6946214917004467,1.9437223787196407,0.08566978193146417,12.857512993630436,1.3560931182920828,0.001557632398753894,0.8124712316522914,0.9984423676012462,0.0,1.4532785606852505,355
0.9334611284391746,1.103340128596782,0.3894080996884735,3.0009146896097647,0.8617993072388137,0.003115264797507788,0.5229714237274034,0.9937694704049844,0.0,1.2786516563165418,500
1.8086612087710001,1.9104116144837795,0.102803738317757,6.085217704021453,1.0361204888777087,0.003115264797507788,0.7238245893336677,0.9984423676012462,0.0,1.6743543762935182,225
8.189947056893176,3.8066052405706836,0.0,44.60398524366498,2.700770271899913,0.0,2.7645430112309173,1.0,0.0,0.9338558583792663,205
1.1505099883054672,1.166788192355002,0.338006230529595,3.355205128205128,1.2091687385566001,0.001557632398753894,0.8677057640768059,0.9984423676012462,0.0,0.810802123019741,265
0.7124762771529531,0.8416127240118735,0.7585669781931464,1.5996500604625186,0.7670895823965237,0.01557632398753894,0.4692667290296415,0.9906542056074766,0.0,0.8580620824698133,11600
2.1468894081870733,1.3772623772269026,0.23052959501557632,11.632539235641785,1.2123657969071207,0.001557632398753894,1.1303114139053834,0.9984423676012462,0.0,0.9055223871769802,55
1.0081561654229152,0.8585145541512514,0.705607476635514,3.182427068029198,0.9763301660051797,0.003115264797507788,0.6344512214439367,0.9984423676012462,0.0,0.9695501611418423,9210
1.1006396092672086,1.2815923498287685,0.2570093457943925,4.686315580586013,0.786164881198559,0.012461059190031152,0.3718080540770812,0.9844236760124611,0.0,1.1313622168727786,610
0.979297900280503,1.4195006815444031,0.21962616822429906,3.379870297037156,0.7049158918312776,0.03426791277258567,0.3070459525410431,0.9781931464174455,0.0,1.471354978300058,11890
1.6717880566123677,1.493384699881269,0.21651090342679127,7.243092307692288,1.1162343667465215,0.001557632398753894,0.8324635934659383,0.9984423676012462,0.0,1.2262506241285303,490
2.4332512963161843,1.9101258500149327,0.102803738317757,18.189721220801882,0.5765435658418567,0.11214953271028037,0.3060338950706058,0.9781931464174455,0.0,1.3068118108250566,380
0.8595750364755221,0.8259165563262248,0.7897196261682243,3.010174098304557,0.8661770532511367,0.003115264797507788,0.4295459861392439,0.9875389408099688,0.0,0.9949265880518819,410
1.3404115037677784,1.165832315472856,0.3395638629283489,3.642300000000007,1.3122642454653104,0.001557632398753894,0.9047156557614177,0.9984423676012462,0.0,0.9974700792001621,405
2.6780207829051457,1.9882086690924723,0.07165109034267912,15.707753440444929,1.0298637604854886,0.003115264797507788,0.7597873601325841,0.9984423676012462,0.0,1.3404927562086355,520
1.0892146044132383,1.0289315951218456,0.5093457943925234,3.813503173076364,0.9406131937354428,0.003115264797507788,0.6285716061247528,0.9984423676012462,0.0,1.1808940537262844,390
1.2978130371409031,1.1978467985721548,0.3161993769470405,4.081589743589744,1.238972255916171,0.001557632398753894,0.9038302072703365,0.9984423676012462,0.0,0.8356421894827222,30
0.9993563578153188,1.0681156833309544,0.440809968847352,4.542656445722524,0.9519147329741757,0.003115264797507788,0.5323588036770367,0.9953271028037384,0.0,0.8414442243771957,615
1.10002181450127,1.237115250348131,0.26947040498442365,5.326820512820513,0.9186362098010723,0.003115264797507788,0.5922068092960325,0.9968847352024922,0.0,0.7709309149520619,905
0.8847342456941351,1.0297233835658068,0.5093457943925234,5.0692499251821355,0.8117225925534817,0.009345794392523364,0.43840773094739954,0.9875389408099688,0.0,0.9391644397999047,300
0.8782903442810469,0.8422003643482373,0.7554517133956387,4.013999306683374,0.7818203396583794,0.012461059190031152,0.39488025631973034,0.985981308411215,0.0,1.0402671031434017,495
1.8677940258779366,1.6692220469577186,0.1557632398753894,5.236361765433418,1.2919950516736323,0.001557632398753894,0.7233143916096125,0.9984423676012462,0.0,1.5035668168082301,320
2.324367969209896,1.7929972038150268,0.1292834890965732,9.6297846153846,1.386364447864377,0.001557632398753894,1.0598252875286114,0.9984423676012462,0.0,1.222911061094735,510
2.0690117765668883,1.497244151302884,0.21651090342679127,7.406784497375918,1.3994531654577462,0.001557632398753894,0.856622648202915,0.9984423676012462,0.0,1.2689928727353563,645
1.2542660351443997,1.4137276834987016,0.22118380062305296,4.650351068592749,0.8882095579797978,0.003115264797507788,0.6117198945029668,0.9968847352024922,0.0,1.2912142531520439,515
3.5632497372331344,2.8559610792962937,0.001557632398753894,12.574496310658398,1.7934770174217527,0.0,1.5312823097249197,0.9984423676012462,0.0,1.8390088887583267,395
1.1149881507561612,1.0750508524847078,0.43146417445482865,5.0975337499999975,0.9854781971613802,0.003115264797507788,0.9122753741096847,0.9984423676012462,0.0,1.2377261021724337,255
0.789726994709339,0.9271734566392561,0.6401869158878505,2.698,0.7100473523797904,0.03426791277258567,0.38748698015046346,0.985981308411215,0.0,1.1473706239032009,380
0.7030273933488413,0.8292562587687893,0.7850467289719626,3.282329061680791,0.6936849446112651,0.03426791277258567,0.4045438836938601,0.985981308411215,0.0,1.04425538576197,435
2.321776746739298,1.8140327793793565,0.1277258566978193,6.547571671196695,1.5503186773856559,0.001557632398753894,1.1538230289396316,0.9984423676012462,0.0,1.282489172723085,12240
2.065767088517319,1.4354196015608351,0.21806853582554517,7.406784497375918,1.3429332456022056,0.001557632398753894,0.898709629797629,0.9984423676012462,0.0,1.2064559378707571,445
1.1851699845682753,1.220404481394256,0.278816199376947,6.0877948717948716,0.9463233251494308,0.003115264797507788,0.48678983508730755,0.9922118380062306,0.0,0.9155770799836028,415
2.852642630545874,2.0389785060275663,0.06697819314641744,17.78806526819584,0.9704688871989018,0.003115264797507788,0.6721859055397947,0.9984423676012462,0.0,1.2977345445665642,515
1.292888933947227,1.2164846571020285,0.2834890965732087,5.897294729693451,0.9650470498804088,0.003115264797507788,0.5566753254380857,0.9968847352024922,0.0,0.9573174387009845,430
1.8225779902335735,1.4102685982386338,0.22274143302180685,5.728109635984737,1.3798373348600421,0.001557632398753894,0.8271278243909492,0.9984423676012462,0.0,1.2529427394722767,480
1.1497752055435655,1.1636498505412343,0.3442367601246106,5.974091255960004,0.8392039848320663,0.004672897196261682,0.5118080562518336,0.9937694704049844,0.0,1.2349173658206116,375
1.760334777695122,1.271743324635973,0.2601246105919003,7.406784497375918,1.1838168756785878,0.001557632398753894,0.6914917554412356,0.9984423676012462,0.0,1.267591117081824,0
0.8393538562716344,0.9230489113653375,0.6417445482866043,2.9011275579629365,0.7701645170482192,0.014018691588785047,0.44451585025413404,0.9890965732087228,0.0,0.9373811622662971,460
1.8738134727305171,1.357846353044257,0.2367601246105919,7.406784497375918,1.3704882875408797,0.001557632398753894,1.220282098328047,0.9984423676012462,0.0,1.1628769373095018,610
0.9597230890157067,1.0073675236172877,0.5420560747663551,4.900453311993402,0.9104320564975437,0.003115264797507788,0.6543170569281569,0.9984423676012462,0.0,1.1036754918585217,305
1.9010717065788725,1.5009023254322547,0.21651090342679127,7.406784497375918,1.1870712526603637,0.001557632398753894,0.7248310867880919,0.9984423676012462,0.0,1.334072685621122,220
0.8080738060826654,0.6712800639916138,0.985981308411215,2.58956236944298,0.7170324892391441,0.03115264797507788,0.4382466239815175,0.9875389408099688,0.0,1.0188457396391202,400
0.8500659541769983,0.8520745137508643,0.7227414330218068,3.5509899303327592,0.8056965456234022,0.010903426791277258,0.553760102887542,0.9968847352024922,0.0,1.055137054865003,50
3.2479475809608123,2.286326601100179,0.003115264797507788,10.775276574965394,1.9504048151614612,0.0,1.3849220918649698,0.9984423676012462,0.0,1.5720281228160722,15
1.1480378134207327,1.2564748574493148,0.2632398753894081,2.936669230769225,1.004517782494977,0.003115264797507788,0.6862306618480629,0.9984423676012462,0.0,1.3309617161479248,9190
1.151057303183317,1.018720336803272,0.5249221183800623,4.10077997592783,1.0946745440684218,0.001557632398753894,0.745012509474188,0.9984423676012462,0.0,1.0621956775890704,410
1.6241637972461804,1.1723347653337899,0.3333333333333333,5.492683055158806,1.410630686642265,0.001557632398753894,0.8909712050114773,0.9984423676012462,0.0,0.9187064815969874,645
1.104490951378181,1.0163077673672396,0.5295950155763239,4.1775554715890735,0.9290209506949425,0.003115264797507788,0.579386251421108,0.9968847352024922,0.0,1.1367448859418758,10780
1.352003872437571,1.1752579213178822,0.3317757009345794,4.2757815622221536,1.3026102172754173,0.001557632398753894,0.7596711225461381,0.9984423676012462,0.0,0.8393030547709569,280
1.0407159025674846,1.2693017060557275,0.2601246105919003,3.9370028422037158,0.8191540426834774,0.009345794392523364,0.4370336909625045,0.9875389408099688,0.0,1.3843375961731588,480
0.7842622758725792,1.0849603404915429,0.40965732087227413,4.081589743589744,0.8059168237711504,0.010903426791277258,0.4969158784053563,0.9937694704049844,0.0,0.9962073170430856,565
1.053721396484464,1.029825236023324,0.5077881619937694,5.382236639484454,0.9433744896163777,0.003115264797507788,0.5654158852971765,0.9968847352024922,0.0,0.8438336441373501,585
1.5157749468648019,1.278470771613802,0.2585669781931464,4.33646423604811,1.3741966494594355,0.001557632398753894,0.9782401025231774,0.9984423676012462,0.0,0.8480670507412871,465
1.601739745779585,1.192443569446747,0.32242990654205606,7.406784497375918,1.0663857997607844,0.001557632398753894,0.5833404795965706,0.9968847352024922,0.0,1.2523213901140857,340
1.618069333678283,1.5398599624685219,0.21495327102803738,4.923482876934723,1.20621428586305,0.001557632398753894,0.8440955943052001,0.9984423676012462,0.0,1.2826744619387014,445
2.5268644788620116,1.5041039788682475,0.21651090342679127,10.840366247137762,1.49564158645284,0.001557632398753894,1.2221635520988843,0.9984423676012462,0.0,0.9565602948806384,615
0.845266139272874,1.036034411795312,0.4953271028037383,3.2320869515442343,0.815245207778723,0.009345794392523364,0.4773927294167748,0.9906542056074766,0.0,0.9016311293614034,460
1.676269214794492,1.2937780915673318,0.2538940809968847,7.406784497375918,1.2269518764552452,0.001557632398753894,0.8413038266984262,0.9984423676012462,0.0,0.7624557201292588,60
1.539589902104574,1.0791854095374231,0.4236760124610592,7.406784497375918,1.0800950832790688,0.001557632398753894,0.6613955064223176,0.9984423676012462,0.0,1.178753727566585,500
1.4467753247026685,1.3397212330308053,0.2398753894080997,7.160076923076923,1.0364698881383387,0.003115264797507788,0.6474993862392061,0.9984423676012462,0.0,0.8826871293649645,455
2.1706575648152575,2.0466595821984663,0.06386292834890965,6.352185904013097,1.3051296712737857,0.001557632398753894,0.9242358583820861,0.9984423676012462,0.0,1.769507318985888,250
2.290774475006562,1.5695738980916312,0.205607476635514,13.684744595901726,1.0497621310588352,0.003115264797507788,0.6714601976712744,0.9984423676012462,0.0,1.201994512045355,25
0.7112026672814659,0.9756511020911456,0.5919003115264797,3.7189574407148225,0.7576648160191055,0.017133956386292833,0.46202206138785545,0.9906542056074766,0.0,0.8611715258721647,355
0.8552132439535622,0.9341639146591958,0.632398753894081,2.834725794570094,0.7680400784352981,0.014018691588785047,0.396254957361087,0.985981308411215,0.0,1.138536112308748,480
1.194013959580626,1.1012386865034507,0.3909657320872274,7.12865503968555,0.861941480627909,0.003115264797507788,0.5185824615735469,0.9937694704049844,0.0,1.1367831545091605,6925
1.1459671380309528,0.9442008583481314,0.6292834890965732,4.2492507353250435,1.036345206510127,0.003115264797507788,0.48912914048879547,0.9922118380062306,0.0,0.9599999089360545,505
2.333475844341049,1.4351871476569165,0.21806853582554517,12.602155295880884,1.1926412227834817,0.001557632398753894,1.1925086584840485,0.9984423676012462,0.0,0.9132227123719198,545
2.1185074889428925,2.055869925249148,0.06386292834890965,6.798558768152983,1.1994439353936193,0.001557632398753894,0.8787542037756036,0.9984423676012462,0.0,1.671997388451614,0
4.718290486475013,3.5094823621901705,0.001557632398753894,13.071705426356573,2.5989525949906565,0.0,2.0065956790535964,1.0,0.0,1.8962535605750892,355
2.0800293095268128,2.040185057928054,0.06697819314641744,6.269287897857912,1.2048611375208487,0.001557632398753894,0.8350763194838413,0.9984423676012462,0.0,1.6411457103083,525
1.2892516770885143,1.265136258951218,0.2616822429906542,4.718166487089337,1.1106199329443778,0.001557632398753894,0.9114361799616548,0.9984423676012462,0.0,1.1911686395974868,30
1.12382258124354,1.1873225400421754,0.32554517133956384,5.512531592522666,0.8832180969313902,0.003115264797507788,0.5202047871124964,0.9937694704049844,0.0,1.2384702229124518,440
1.1066580172994926,1.1267325945415718,0.3691588785046729,4.794138461538455,0.9779675839204072,0.003115264797507788,0.7482538640876631,0.9984423676012462,0.0,1.169872803270607,575
1.175126178146854,1.1925789400639963,0.32242990654205606,4.798666716503958,1.0259038672225838,0.003115264797507788,0.6126609856628144,0.9968847352024922,0.0,1.2335194854630094,405
1.1071988730527438,1.225218404755202,0.27414330218068533,4.607705167531082,0.8307286234262037,0.006230529595015576,0.20587886718010343,0.9532710280373832,0.0,1.08654966552039,565
1.579306750144661,1.9478612341008932,0.08255451713395638,6.364076124999997,0.8823656416778426,0.003115264797507788,0.6191388565256984,0.9984423676012462,0.0,1.5759979436286347,255
1.4966779545739304,1.2568230363326094,0.2632398753894081,10.616599005292668,0.6799746223552161,0.037383177570093455,0.2159418013146311,0.9579439252336449,0.0,1.2543413939094594,270
3.3728148653874337,1.952985249226442,0.08099688473520249,20.942074173431255,1.2188724257574342,0.001557632398753894,1.3210256091904917,0.9984423676012462,0.0,0.9099221801112913,6035
1.271640752495687,1.3543052681224594,0.2367601246105919,4.535108487994377,0.9355620060304055,0.003115264797507788,0.48646997142855963,0.9922118380062306,0.0,1.0279653020595072,12685
1.2432375508209725,1.2231478952087644,0.2772585669781931,7.330034519767533,0.7698514148625096,0.014018691588785047,0.3916371836294376,0.985981308411215,0.0,1.2578816487652078,310
0.7082794655794714,0.9967357712096573,0.557632398753894,3.9244208717800144,0.7587922743262124,0.017133956386292833,0.37851035610023476,0.985981308411215,0.0,0.9265743512334743,1890
0.9686489402644968,0.8027852498099141,0.8052959501557633,2.698,0.9303719180605566,0.003115264797507788,0.46218557940889177,0.9906542056074766,0.0,0.9464577347803808,0
0.7733915774373201,0.9102813297547329,0.6557632398753894,3.1629353485524074,0.844977590074026,0.004672897196261682,0.5064871917669587,0.9937694704049844,0.0,1.0372028139630955,585
0.9083874654336598,0.816641751226552,0.7959501557632399,2.6777560694794835,0.9754072582560379,0.003115264797507788,0.7105021648374795,0.9984423676012462,0.0,1.0023032991810972,450
0.848089910909401,0.7167205146489641,0.9361370716510904,2.0406640290435374,0.8604604953104504,0.003115264797507788,0.4162781709118358,0.9875389408099688,0.0,0.9845802907308622,600
0.624113637087773,0.8156350620734818,0.7959501557632399,2.41679920561243,0.7209817507139868,0.03115264797507788,0.3610546176924934,0.9844236760124611,0.0,1.13227633180963,275
2.867702412865857,1.628711396673643,0.16666666666666666,13.533940825466367,1.4960636034539159,0.001557632398753894,1.3207127504403617,0.9984423676012462,0.0,0.9298073536041083,410
1.141241260419043,1.2204846871964607,0.278816199376947,4.063439272121043,1.0521576517474356,0.001557632398753894,0.967111847973938,0.9984423676012462,0.0,1.1609719736609383,320
1.3854548747577697,1.1782085701156435,0.32710280373831774,3.7651257926655886,1.3712514604014687,0.001557632398753894,0.8050890703231646,0.9984423676012462,0.0,0.8365263998876986,480
2.3698772504122054,1.8310124997109625,0.11993769470404984,6.599598204895525,1.6017461097658088,0.001557632398753894,1.1345320497463742,0.9984423676012462,0.0,1.4111959978913762,30
1.0920818921362476,1.2717909418897102,0.2601246105919003,4.2649153846153816,0.9419859924872422,0.003115264797507788,0.576363034082836,0.9968847352024922,0.0,1.3057371920437544,535
1.4622115746827837,1.237726187433184,0.26947040498442365,5.707593737580096,1.238375143753926,0.001557632398753894,0.897416200386169,0.9984423676012462,0.0,0.9248848682528695,500
2.7329153054804483,1.9445506132252544,0.08566978193146417,14.307840888012256,1.2501580608720693,0.001557632398753894,0.7082719764052637,0.9984423676012462,0.0,1.393036011492425,410
1.159199535290812,1.6222782072844675,0.16666666666666666,5.252837374999999,0.74378528903326,0.021806853582554516,0.4242834675249289,0.9875389408099688,0.0,1.493892848960588,625
1.852165878996084,2.1995014458676354,0.018691588785046728,7.6458927778158925,0.9219438701687668,0.003115264797507788,0.47929838932221785,0.9906542056074766,0.0,1.4943754141220043,410
1.0539976124526937,1.0393246507226432,0.49065420560747663,3.8907260639002903,0.9774990705846943,0.003115264797507788,0.6654404290606485,0.9984423676012462,0.0,0.8902209814339013,11455
1.703305542990771,1.3672027842634367,0.2336448598130841,7.265472230196705,1.2542501788596219,0.001557632398753894,1.0177118474942393,0.9984423676012462,0.0,0.8217617809311392,215
1.1597653370615015,1.2151830515251434,0.2866043613707165,4.462076923076923,1.0736529336225236,0.001557632398753894,0.6516624478750617,0.9984423676012462,0.0,1.0073213577306104,1615
0.8921354023819718,0.8794594401038526,0.67601246105919,4.172060325570387,0.7657063894487821,0.01557632398753894,0.36152941510943537,0.9844236760124611,0.0,1.0436042904435834,500
0.7770167987658542,0.9189508136288586,0.6464174454828661,3.3082801617037525,0.8409159947538225,0.004672897196261682,0.5743551716025904,0.9968847352024922,0.0,1.0733469209165172,405
3.3415827851632405,1.67770288935787,0.1542056074766355,12.776957998421706,2.0570713741210636,0.0,1.3360070186701154,0.9984423676012462,0.0,0.8409925090459707,490
1.1549215659944676,1.1509975504662644,0.35514018691588783,3.462578395700988,1.2130160480857404,0.001557632398753894,1.0237085767549605,0.9984423676012462,0.0,0.8462793707981177,420
2.850001263749757,2.027552625922282,0.06853582554517133,13.59642019953503,1.3906599022396733,0.001557632398753894,0.8961897384496853,0.9984423676012462,0.0,1.3742402197099322,5065
3.2457009568301234,2.247341000156125,0.004672897196261682,11.265733559253889,1.918692804028802,0.0,1.3143342959069957,0.9984423676012462,0.0,1.5461958941895035,4625
3.1357733532095335,2.276918955317603,0.003115264797507788,17.879161130811845,1.1347919835242857,0.001557632398753894,0.8649701271251103,0.9984423676012462,0.0,1.373059356776965,205
2.0084239292584667,1.4704560020981043,0.21651090342679127,7.406784497375918,1.2558818134643845,0.001557632398753894,0.864277738856766,0.9984423676012462,0.0,1.1918777958964482,305
1.4664231636078369,1.1278178153811862,0.3691588785046729,6.892262439969805,1.1066842059385096,0.001557632398753894,0.6356887792985145,0.9984423676012462,0.0,1.0672763526251112,375
0.6707152847880224,0.8164846892993898,0.7959501557632399,1.620891472868216,0.7174857592199391,0.03115264797507788,0.4340316705202056,0.9875389408099688,0.0,0.9306426395429525,11590
5.876239961624909,2.82455822936723,0.001557632398753894,28.909849534264644,2.525155107709443,0.0,2.441382252868757,1.0,0.0,0.8185107858766633,375
0.8396941634902645,0.9879980189347726,0.5700934579439252,3.273948965780156,0.923085241069801,0.003115264797507788,0.5095843893003946,0.9937694704049844,0.0,0.8528856648327504,135
1.2648076940888713,1.089545452705356,0.40186915887850466,5.3854526510249885,0.989747156126314,0.003115264797507788,0.5490692737577265,0.9953271028037384,0.0,0.9497803819828884,245
1.8228745011161498,1.4793078214128286,0.21651090342679127,5.952059986791225,1.412018161220134,0.001557632398753894,1.0692437639709444,0.9984423676012462,0.0,1.2083711177835939,310
0.7827176251549101,0.9754393370639872,0.5919003115264797,3.0738792667141537,0.8376637605580014,0.006230529595015576,0.4998890102806458,0.9937694704049844,0.0,1.2160656199279034,475
1.1010045585688475,1.1018803242626558,0.3909657320872274,3.7173679794317307,0.9842805999843733,0.003115264797507788,0.5580911459491273,0.9968847352024922,0.0,0.8708036308335858,390
1.083582755914351,1.1139565825041098,0.38006230529595014,3.2205994578019337,0.9501371627410342,0.003115264797507788,0.6402211562096868,0.9984423676012462,0.0,1.214926152003498,255
0.7872041960342606,0.9486866781296178,0.6292834890965732,3.1830226193558784,0.8786064871959776,0.003115264797507788,0.7260417912425396,0.9984423676012462,0.0,0.8921337315276816,535
2.082466228797264,1.4287328323535957,0.21806853582554517,7.406784497375918,1.3595243974317275,0.001557632398753894,0.9643723826674085,0.9984423676012462,0.0,1.1778954859023572,420
1.6135657050628827,1.2955086999176273,0.2538940809968847,7.020353693010551,1.1955059453876855,0.001557632398753894,0.7227416982841528,0.9984423676012462,0.0,1.2243958396928218,470
5.033346289297546,2.5090618591222915,0.001557632398753894,28.02596575986339,1.886821025168501,0.0,2.045460819794787,1.0,0.0,0.894163822840327,475
1.08389614506296,1.2437198060627581,0.26947040498442365,4.140557190617962,0.8380020037145816,0.006230529595015576,0.4638986630880328,0.9906542056074766,0.0,1.1328574439419932,55
1.3452610111431507,1.0199348633996974,0.5233644859813084,4.680041531864802,1.2589888552690038,0.001557632398753894,0.649701160742761,0.9984423676012462,0.0,1.0485518717761513,445
1.2111582083525916,1.1977126169459005,0.3161993769470405,4.012410256410257,1.1527049443672988,0.001557632398753894,0.9007946875479281,0.9984423676012462,0.0,0.8309500625152729,475
1.2305891475950532,1.2296831443100993,0.27414330218068533,5.2566469197139085,1.0665227901924128,0.001557632398753894,0.6842808448479198,0.9984423676012462,0.0,0.8331811589188165,500
2.044791043240871,2.1747166488326406,0.03271028037383177,7.363685124999996,1.1752257530791677,0.001557632398753894,0.752999713113516,0.9984423676012462,0.0,1.4641846500683815,300
0.8830652511610323,0.989826958924298,0.5669781931464174,3.3035004899382097,0.9802976179725978,0.003115264797507788,0.6915947753408188,0.9984423676012462,0.0,1.0681160631201378,445
1.0010927766638398,1.1098088066956313,0.3847352024922118,2.7912993009587255,0.9516020792904056,0.003115264797507788,0.5450511579194209,0.9953271028037384,0.0,1.299885997068656,415
0.8479797607697678,1.0987292084291385,0.3925233644859813,3.977820512820513,0.879489728017502,0.003115264797507788,0.4035984835707095,0.985981308411215,0.0,0.6419496581914265,1480
0.8559380500995807,0.7321682496008899,0.9283489096573209,3.087132779515422,0.7624961658493044,0.01557632398753894,0.2960973193236721,0.9719626168224299,0.0,0.9986923974332537,555
1.6131681945979417,1.3496546719148779,0.2383177570093458,5.588292246257768,1.3506148699191132,0.001557632398753894,0.9178204878841234,0.9984423676012462,0.0,0.8538984874400295,425
2.448486916309614,1.7148690251435095,0.14797507788161993,7.406784497375918,1.6655426096255557,0.0,1.0618278166457646,0.9984423676012462,0.0,1.326985165624692,510
0.9288493320613425,0.9688370041113926,0.5965732087227414,3.310026639993314,0.9126638985830762,0.003115264797507788,0.5188927601683038,0.9937694704049844,0.0,0.9461852890259689,6655
1.3565470349453757,1.260918890275762,0.2616822429906542,4.323717948717949,1.2394129028034813,0.001557632398753894,0.9555400759895564,0.9984423676012462,0.0,0.8264792867269563,635
1.6925138655725662,1.441214202777723,0.21806853582554517,7.1254871794871795,1.2259218577402606,0.001557632398753894,0.7556921417654766,0.9984423676012462,0.0,0.8736223641863724,570
2.24905240326678,1.4065511951910747,0.22274143302180685,7.50233876674566,1.6048780182603346,0.001557632398753894,0.9813755221755268,0.9984423676012462,0.0,0.9033802549362178,635
1.7211583440180223,1.3283859331652217,0.24299065420560748,10.03080015444697,0.9216983976601487,0.003115264797507788,0.503758046851978,0.9937694704049844,0.0,1.2281278760217265,50
0.5234663796007393,0.7506112110690918,0.9003115264797508,2.198471643179733,0.5582361347114762,0.1261682242990654,0.1407956184908379,0.8769470404984424,0.0,0.9548348162911616,450
1.1304832744570077,0.9774191470401563,0.5887850467289719,4.067914728682164,1.093080767743985,0.001557632398753894,0.6256196017217098,0.9984423676012462,0.0,1.1157012682392549,435
2.0927920689409327,1.3687851577890133,0.2336448598130841,7.406784497375918,1.4548332388847083,0.001557632398753894,0.8334717196064975,0.9984423676012462,0.0,1.2846553361784032,370
1.5373370940296374,1.144929046303236,0.3598130841121495,4.998986393770006,1.363209149328355,0.001557632398753894,0.7598667668039316,0.9984423676012462,0.0,1.0598877837277747,350
0.8572007857003157,1.0309313815442767,0.5046728971962616,3.814066747099203,0.926575269372091,0.003115264797507788,0.6472235551686436,0.9984423676012462,0.0,1.0032063817716044,1990
2.3143146801694416,1.5728938932629466,0.20093457943925233,7.406784497375918,1.5258801144192613,0.001557632398753894,1.1529416321142987,0.9984423676012462,0.0,1.3159445087395736,440
1.95519007716105,1.974458545638467,0.07476635514018691,8.287542667529463,1.0747723996236476,0.001557632398753894,0.582291214734804,0.9968847352024922,0.0,1.3092809175392257,265
2.849535373172946,2.472897107981453,0.001557632398753894,8.925228770963411,1.5116568636309884,0.001557632398753894,1.2930372183896357,0.9984423676012462,0.0,1.8656442687763188,345
1.811568270957615,1.4371211049355477,0.21806853582554517,11.873569661581916,0.785720587237225,0.012461059190031152,0.43297533653759124,0.9875389408099688,0.0,1.2359949132653856,585
1.1337518103858415,1.25833923270596,0.2616822429906542,4.506210227850644,0.8457340795816521,0.004672897196261682,0.3936803295763792,0.985981308411215,0.0,1.135615578016889,580
1.3589614858263555,1.0215860912908172,0.5202492211838006,7.406784497375918,0.9283448518994487,0.003115264797507788,0.4835920927921065,0.9906542056074766,0.0,1.2025535440286736,505
0.9533009119369049,0.8670485362991555,0.6884735202492211,2.395109227301772,1.0129794996608306,0.003115264797507788,0.6187723982497555,0.9984423676012462,0.0,0.9181486953796599,520
0.8753232438957465,0.9933710138632562,0.5607476635514018,3.4271201706520054,0.8564589592063253,0.003115264797507788,0.4643135372748292,0.9906542056074766,0.0,0.9951000497390272,50
1.1951529556078626,1.1198112672265443,0.37538940809968846,4.379820224549743,1.0764124781968756,0.001557632398753894,0.7456251450392645,0.9984423676012462,0.0,0.9581352885362882,575
1.528493754637174,1.4181542832102128,0.22118380062305296,5.165375809472033,1.1654339017216864,0.001557632398753894,0.7944499770443559,0.9984423676012462,0.0,1.347234332212492,340
1.0901787469998765,1.1246426012632655,0.3691588785046729,5.249502011670322,0.9783306553276966,0.003115264797507788,0.5998538280080732,0.9968847352024922,0.0,0.8801436477892426,810
1.0796421599090813,1.060935826011617,0.45482866043613707,3.1307870299279363,1.013260156865221,0.003115264797507788,0.5964999801963384,0.9968847352024922,0.0,1.2428777430982338,520
0.8681334556161182,1.0536779403276246,0.4672897196261682,4.753999431489709,0.8388104513558391,0.004672897196261682,0.4229270710984838,0.9875389408099688,0.0,0.8917157129049957,1040
1.8934541141497283,1.6978697261750004,0.1526479750778816,9.097550757927248,1.0748645626423665,0.001557632398753894,0.5390032169045876,0.9953271028037384,0.0,1.0537167755124417,430
1.732431262494756,1.2489351594712335,0.26479750778816197,7.406784497375918,1.1190327632083445,0.001557632398753894,0.6231537915964493,0.9984423676012462,0.0,1.178915306719008,505
0.8862689843832076,1.132489902043335,0.3660436137071651,3.8983027823421352,0.7839256065540156,0.012461059190031152,0.4149239915693235,0.985981308411215,0.0,1.2808221298286953,600
1.397851201280532,1.4563686886086307,0.21806853582554517,4.280018466070163,1.0314110202051847,0.003115264797507788,0.6917368233450627,0.9984423676012462,0.0,1.2518119148005005,440
2.0557543538958787,1.321151617679152,0.24610591900311526,9.070648164075752,1.4101539708644253,0.001557632398753894,1.1347190029333398,0.9984423676012462,0.0,0.8759531058257504,455
1.5946040534757515,1.249447410188188,0.26479750778816197,7.406784497375918,1.1664416327434146,0.001557632398753894,0.8304863513051864,0.9984423676012462,0.0,0.7566316890460395,605
1.5680937795479364,1.127973883291819,0.3691588785046729,8.362337553367336,1.0672179287518355,0.001557632398753894,0.9734422653368114,0.9984423676012462,0.0,0.9339722628208674,310
0.8480999547682853,0.7399779454368772,0.9205607476635514,4.006635639031378,0.7190749651013687,0.03115264797507788,0.29662556666983086,0.9719626168224299,0.0,0.9063061638850854,5710
2.3281401596561104,1.6535659266222966,0.1588785046728972,13.034319176871449,1.0610520100318737,0.001557632398753894,0.7235529421039921,0.9984423676012462,0.0,1.2455822429153858,445
1.0441184091260993,1.1957005369142861,0.3161993769470405,5.153871794871795,0.9027033620701771,0.003115264797507788,0.4830636859648221,0.9906542056074766,0.0,0.9741367107424544,70
1.725349817419223,2.0820206502458847,0.059190031152647975,7.159900521771108,0.9046978150231924,0.003115264797507788,0.4809892060410477,0.9906542056074766,0.0,1.4576005687293836,255
0.9947935752440412,1.1356139255007975,0.3629283489096573,3.4803641981812294,1.0445203869456297,0.003115264797507788,0.8986853180416561,0.9984423676012462,0.0,1.135128259503899,10
3.184625318085501,1.7823873047834995,0.13551401869158877,17.02249862516798,1.5199332048319303,0.001557632398753894,1.4641467515982127,0.9984423676012462,0.0,0.8821007395536735,385
2.009837381180142,1.5586217520262875,0.2102803738317757,7.511510952109511,1.2757665645357714,0.001557632398753894,0.844600520350767,0.9984423676012462,0.0,1.3032021772539004,310
3.3424443793728815,2.330982087796957,0.003115264797507788,11.531371382663421,1.950698861465279,0.0,1.4214366010329968,0.9984423676012462,0.0,1.600065412622261,480
2.480722021483291,1.5818898881458554,0.19937694704049844,14.710229707398126,1.0914217699086066,0.001557632398753894,0.8901683983340285,0.9984423676012462,0.0,0.9527771588683887,570
2.537158637871867,1.5951976978924216,0.19470404984423675,13.253888572933029,1.271244076911311,0.001557632398753894,0.9239988784472716,0.9984423676012462,0.0,0.9887930068387115,485
0.7454586216287088,0.9222107174499952,0.6417445482866043,2.798284914227134,0.658744372182451,0.05451713395638629,0.25357352803007444,0.9688473520249221,0.0,1.0046598531707396,10720
1.733199803712097,1.3635344570767143,0.2336448598130841,5.611807314422877,1.464837605347954,0.001557632398753894,1.0479422825535332,0.9984423676012462,0.0,0.8771157527414798,205
1.3757899332586379,1.0423290773635558,0.48909657320872274,7.406784497375918,0.9216947516753097,0.003115264797507788,0.6696879740169044,0.9984423676012462,0.0,0.9644932386250049,475
0.8224395599502552,0.8105517503635901,0.7990654205607477,2.063277179987307,0.8252003328802962,0.00778816199376947,0.46601636596350204,0.9906542056074766,0.0,0.9146539398896598,11550
0.5864796657948665,0.7900256897714378,0.839563862928349,2.3204564775144014,0.6496183897374523,0.05763239875389408,0.4162367281639621,0.9875389408099688,0.0,0.9729855727458337,325
1.7810852475678127,1.233567308718896,0.27258566978193144,7.406784497375918,1.1735062841769017,0.001557632398753894,0.623972964429496,0.9984423676012462,0.0,1.1267066700495225,480
1.6141101212763374,1.5149008839947498,0.21651090342679127,5.075652709269591,1.124340472644071,0.001557632398753894,0.7885604203647527,0.9984423676012462,0.0,1.2970396143242873,495
0.997392946596524,1.2006115738517675,0.3052959501557632,4.368013943349565,0.7402700700360244,0.024922118380062305,0.24567010291768343,0.9641744548286605,0.0,1.3586276764892027,515
3.621364302407809,2.03270507276329,0.06697819314641744,16.148874171470755,1.8986900784506406,0.0,1.51077311329907,0.9984423676012462,0.0,1.0397509461433487,85
0.7443245538260744,1.0236142222378453,0.5171339563862928,3.010647352445903,0.7001370858266704,0.03426791277258567,0.2834829622173166,0.9719626168224299,0.0,1.2871121587596766,555
1.2943746290197429,0.9591682070167001,0.6137071651090342,4.280144683709818,1.213385864704063,0.001557632398753894,0.7314578943903558,0.9984423676012462,0.0,0.9581612122233586,495
0.8707015189864729,1.0099504774741725,0.5404984423676013,4.381451883764157,0.8775190772977097,0.003115264797507788,0.4814605342374204,0.9906542056074766,0.0,0.941758807469226,300
2.989120218281464,2.1166207430617154,0.048286604361370715,10.677853846153855,1.7963302584226049,0.0,1.3897756276589595,0.9984423676012462,0.0,1.2053761013752673,330
1.125989065033501,1.1283878871787654,0.3691588785046729,3.355205128205128,1.1738635801854185,0.001557632398753894,0.8580668674182452,0.9984423676012462,0.0,0.8358256618654911,380
2.4226536318261673,2.2780022095725725,0.003115264797507788,6.703862348864165,1.405736074005409,0.001557632398753894,1.107016242081867,0.9984423676012462,0.0,1.6785705440593137,9805
2.7566129024844246,1.6994262400797482,0.1526479750778816,14.217334467520644,1.3342371527836037,0.001557632398753894,1.0466211496375288,0.9984423676012462,0.0,1.0240583369458107,565
1.3081900629059162,1.32388970425003,0.24299065420560748,5.909532640112288,0.8602351824497381,0.003115264797507788,0.472378348188755,0.9906542056074766,0.0,1.069803880150114,370
1.1056913137919708,0.85624493027109,0.7102803738317757,3.1087050519211394,1.1529091942521223,0.001557632398753894,0.937862254517482,0.9984423676012462,0.0,0.9984302905606212,495
3.2299381823665905,2.172236496594584,0.03271028037383177,13.686410322429214,1.702621886102941,0.0,1.0637045298663166,0.9984423676012462,0.0,1.5052990816229153,40
1.5657560653349731,1.1956334952122807,0.3161993769470405,8.60191070232878,1.0360829388626853,0.003115264797507788,0.7567355739502678,0.9984423676012462,0.0,1.0398999025247082,485
3.5648373591384033,1.9391411928830216,0.08722741433021806,19.35243352313776,1.579318403544707,0.001557632398753894,1.4174780002823426,0.9984423676012462,0.0,0.9319687866627262,600
2.4183150924642978,1.7528877159226242,0.14174454828660435,7.406784497375918,1.613912893524767,0.001557632398753894,1.127549611370179,0.9984423676012462,0.0,1.3088721070735474,415
0.7843862481672994,0.7000594643760552,0.9595015576323987,2.182300883495019,0.811479504971382,0.009345794392523364,0.5219522784802446,0.9937694704049844,0.0,0.9777930607169644,620
1.212408687360531,1.3022703689458548,0.2538940809968847,5.364869230769215,0.9419816785732935,0.003115264797507788,0.8042898972629136,0.9984423676012462,0.0,1.2230466782006242,665
0.773371149155711,0.9413324947831734,0.6308411214953271,4.4617446263927025,0.6763379821455258,0.04205607476635514,0.32886846519031104,0.9828660436137072,0.0,0.9575962230424765,460
1.6393024099589657,1.3831897174351147,0.22897196261682243,9.782507002579232,0.898288044895943,0.003115264797507788,0.6272632037920446,0.9984423676012462,0.0,1.314957173234455,235
0.6742391562670933,0.8719825173833451,0.6869158878504673,2.415647555783502,0.6648683608520537,0.048286604361370715,0.2880222426849386,0.9719626168224299,0.0,1.1823969999765198,495
0.790677230641437,0.9350235573506718,0.632398753894081,4.245101190823338,0.7689660549954667,0.014018691588785047,0.4930684257087347,0.9922118380062306,0.0,1.1052211713054452,45
1.7409137722826808,1.2250265379716962,0.27414330218068533,7.406784497375918,1.200733513148164,0.001557632398753894,0.6590979653018604,0.9984423676012462,0.0,1.2309953933284183,380
0.7012306235093201,1.01757558375441,0.5280373831775701,3.233310027993072,0.8256985739070285,0.00778816199376947,0.4760686169690201,0.9906542056074766,0.0,0.975608392225791,1760
2.687345800641615,1.7971336760538106,0.1292834890965732,9.405737368206179,1.6488653049538369,0.001557632398753894,1.1075601966917508,0.9984423676012462,0.0,1.34573407148825,300
0.8440149164464713,1.171762680960814,0.3333333333333333,3.8233806597169795,0.6899862575075179,0.03582554517133956,0.33151536324420217,0.9828660436137072,0.0,1.132699996478658,565
0.7712985839722692,0.6641085957749931,0.9906542056074766,2.594622116059378,0.7304171574256674,0.03115264797507788,0.3723583838113714,0.9844236760124611,0.0,1.0704939468315535,395
1.0163664425389125,0.9071230425615225,0.660436137071651,4.470628747823987,0.9451979605891226,0.003115264797507788,0.4991895470352771,0.9937694704049844,0.0,0.9598194280085389,0
1.9221738912244302,1.5069044228933675,0.21651090342679127,7.406784497375918,1.2371161265398307,0.001557632398753894,0.8157429672306146,0.9984423676012462,0.0,1.2987617779099823,0
3.255723649563542,2.294567389185431,0.003115264797507788,11.137202823962754,1.9267640080642594,0.0,1.3528025359505997,0.9984423676012462,0.0,1.5656549165467826,200
0.9717880781084846,0.8496397027753738,0.7320872274143302,3.035211635416211,0.9735849178333302,0.003115264797507788,0.5698409309822093,0.9968847352024922,0.0,1.0264745999971092,485
1.825865214386427,1.2995223644516183,0.2538940809968847,7.406784497375918,1.1713039616094445,0.001557632398753894,0.5915789509375631,0.9968847352024922,0.0,1.1268864213928844,470
0.6558141392759186,1.0327636048367062,0.5,3.3516095156068295,0.640658011202568,0.06697819314641744,0.3082988781831598,0.9781931464174455,0.0,1.1800226485423972,530
1.0470755242825436,1.2736885220033296,0.2601246105919003,4.126742666053498,0.7868742727287701,0.012461059190031152,0.36886895612652437,0.9844236760124611,0.0,1.125864558759141,11865
0.8042516104829383,1.042557320203833,0.48909657320872274,4.738294981943231,0.7743032675088751,0.014018691588785047,0.35329748178412723,0.9844236760124611,0.0,0.855547121174181,730
0.5492176643211208,0.8776503150300172,0.677570093457944,2.210068324791271,0.5307467920836779,0.19003115264797507,0.1999633106258567,0.9501557632398754,0.0,0.944378822246925,360
0.8658176767778242,1.0855520083162915,0.40809968847352024,5.188461538461538,0.7804010183549777,0.014018691588785047,0.35274636021793165,0.9844236760124611,0.0,0.9486149024488181,520
0.7018704667319126,0.8879870880868742,0.6713395638629284,2.7199426204757917,0.7209609176592547,0.03115264797507788,0.3655670918154648,0.9844236760124611,0.0,0.9726162265872937,90
0.8148854065361145,0.8826620761480187,0.67601246105919,2.9401282051282056,0.8861454332524414,0.003115264797507788,0.4315144930385898,0.9875389408099688,0.0,0.9186097950726038,2090
0.8695307126397996,0.881113387663842,0.67601246105919,3.087947244371877,0.7647449672791196,0.01557632398753894,0.44121476917664687,0.9875389408099688,0.0,0.9562936864157465,0
1.4489581037445214,1.245924179029926,0.26635514018691586,8.402733311479478,0.8881839909200214,0.003115264797507788,0.5571582714705865,0.9968847352024922,0.0,1.2052462180930577,310
0.7066462670770022,0.8879823193347322,0.6713395638629284,2.06906383928157,0.7104719828731956,0.03426791277258567,0.42004001310844197,0.9875389408099688,0.0,0.9404218907830063,11595
0.9271191048712403,1.2481637265698362,0.26635514018691586,5.176152320128296,0.5850369966407173,0.10747663551401869,0.2687538276302699,0.9688473520249221,0.0,0.838410343451454,12480
1.9323985018203902,1.5737527356333507,0.20093457943925233,7.406784497375918,1.2120963192897696,0.001557632398753894,0.8623306610992844,0.9984423676012462,0.0,1.3397358295032866,490
1.0962850171684497,0.8019213578534814,0.8084112149532711,2.5085443874046947,1.0723098369489272,0.001557632398753894,0.6556554364423878,0.9984423676012462,0.0,1.0781419749703975,55
2.1530265086026423,1.6455760957089882,0.16043613707165108,14.765782063284782,0.7675559909688773,0.014018691588785047,0.42360453813700244,0.9875389408099688,0.0,1.2601496846322404,500
0.9161463815544761,0.8419580203899762,0.7554517133956387,3.2178643156222173,0.8860366172168518,0.003115264797507788,0.5378169462882965,0.9953271028037384,0.0,0.9269533445971193,560
1.034887115754278,1.0089237487304947,0.5420560747663551,3.0784871794871793,1.1614251568149798,0.001557632398753894,0.7036819507221862,0.9984423676012462,0.0,0.8977727754306953,375
0.9685473852035181,1.0861624124031193,0.40654205607476634,4.852690890100766,0.88843335130839,0.003115264797507788,0.4380384103005524,0.9875389408099688,0.0,0.7923981855236703,745
1.4813262457141239,1.3316951927743095,0.24143302180685358,6.675820512820513,1.1069895853703209,0.001557632398753894,0.8256913906081823,0.9984423676012462,0.0,0.8307392905712363,320
0.8362698975718638,0.9993990531072712,0.5529595015576324,3.60143537614207,0.9077029752322424,0.003115264797507788,0.6033383188542455,0.9968847352024922,0.0,1.0798523834633986,385
2.020563226882871,1.637243691211659,0.16043613707165108,14.24071655198065,0.6910057996009594,0.03426791277258567,0.3689043858319782,0.9844236760124611,0.0,1.2298171459525553,205
2.4954677792677065,1.8126519134841879,0.1277258566978193,6.493601152755348,1.7618899277332951,0.0,1.2058139669175076,0.9984423676012462,0.0,1.3669926113941988,500
0.8290313097015418,0.9690733345909011,0.5965732087227414,2.254203750476532,0.8544259923011581,0.003115264797507788,0.5419411057974612,0.9953271028037384,0.0,0.8818475573260327,11625
2.2676745757399326,1.4025049796772908,0.22274143302180685,11.830030680772172,1.2890781837705816,0.001557632398753894,1.1479881197947956,0.9984423676012462,0.0,0.9176118322022575,505
1.7362157107139933,1.4038572970209147,0.22274143302180685,7.367615384615384,1.2572140462976567,0.001557632398753894,0.8276908375180757,0.9984423676012462,0.0,0.8484440778246587,565
0.9831197286950393,1.1215158457094643,0.37383177570093457,3.545291798313709,0.8369561846249904,0.006230529595015576,0.5740833570449165,0.9968847352024922,0.0,1.272971197227611,465
2.496483917004873,2.620790887235012,0.001557632398753894,7.4194999999999975,1.377447290866037,0.001557632398753894,0.9562533282884215,0.9984423676012462,0.0,1.8034996902048714,470
0.6977218820979043,0.7811367066545224,0.8520249221183801,2.3535298192431844,0.6034567510646353,0.102803738317757,0.31247726995638786,0.9797507788161994,0.0,1.0441091169249623,550
0.9597494561382349,1.0227024373452012,0.5186915887850467,2.72630011114448,1.0486734757861218,0.003115264797507788,0.6762603116463642,0.9984423676012462,0.0,1.191357589821778,380
0.6858298164877134,0.9959096271774605,0.557632398753894,3.8048717948717945,0.7466054530259867,0.021806853582554516,0.39690740056587365,0.985981308411215,0.0,0.9690723503517444,565
0.8686465463030344,0.8655125951993368,0.6900311526479751,3.151927605055646,0.7355806866442225,0.028037383177570093,0.38176967612637974,0.985981308411215,0.0,0.9897526555253705,11065
2.029526783800262,1.5741066600919174,0.20093457943925233,14.143805535041,0.7469475633733785,0.021806853582554516,0.3555962139566295,0.9844236760124611,0.0,1.2669259029709181,360
0.8533396752644791,0.8730000269899568,0.6822429906542056,2.8281979751169577,0.9428885939798283,0.003115264797507788,0.747290860223757,0.9984423676012462,0.0,1.0095242896693877,1135
1.1848470170206495,0.9008500512501774,0.6635514018691588,3.4406458617480475,1.1053106652126048,0.001557632398753894,0.6981998810729535,0.9984423676012462,0.0,1.1153137129775574,385
0.6345410111866879,0.8584734605251788,0.705607476635514,1.9032403100775164,0.6569674127930929,0.05451713395638629,0.37556274658436106,0.985981308411215,0.0,0.9027263045356793,11410
2.695344670716676,2.071450310688197,0.06230529595015576,18.465514768460785,0.7356028207997359,0.028037383177570093,0.38632446410153753,0.985981308411215,0.0,1.300056096424544,4415
0.8354072588466758,1.1657571252714425,0.3395638629283489,3.433539483975233,0.757601560926456,0.017133956386292833,0.36731744720149756,0.9844236760124611,0.0,1.2995047679553469,415
0.8434098230145026,0.9513954449580138,0.6277258566978193,3.4874946799300175,0.9049623945521437,0.003115264797507788,0.4955064095624048,0.9937694704049844,0.0,0.8200633091003211,155
1.7342309758736505,1.2279327210611322,0.27414330218068533,9.082640289523365,0.9848993071255783,0.003115264797507788,0.8948352761632695,0.9984423676012462,0.0,1.2136816468534009,495
1.4137690124825477,1.2174520124962271,0.278816199376947,9.300696531033235,0.7771868184848235,0.014018691588785047,0.38472233679603485,0.985981308411215,0.0,1.2067960391542762,25
1.8818830853338655,1.4064558371283649,0.22274143302180685,5.060164597578858,1.5968714835651021,0.001557632398753894,1.1516879612752258,0.9984423676012462,0.0,0.8467010709928373,10
1.4720899048231393,1.167063577875219,0.338006230529595,4.759572262534636,1.1767960607014543,0.001557632398753894,0.7390271465092779,0.9984423676012462,0.0,1.1957198614217572,420
0.8293398353692988,1.0191122333055758,0.5249221183800623,4.06806850988159,0.8639452041426754,0.003115264797507788,0.41863814973701896,0.9875389408099688,0.0,0.7246084507338055,20
1.6542332555737933,1.2805511618586756,0.2570093457943925,8.362969422532483,1.1077915252505885,0.001557632398753894,0.5976950011075941,0.9968847352024922,0.0,1.1832097788794511,40
1.1176879701663807,1.0583805119771652,0.45638629283489096,4.04972851770618,0.9266598428812542,0.003115264797507788,0.5457504892289845,0.9953271028037384,0.0,1.1067981104895246,50
1.979720835174574,1.6268071708313399,0.16666666666666666,7.406784497375918,1.3397206841947447,0.001557632398753894,0.9518740281768361,0.9984423676012462,0.0,1.2196080954891344,500
1.4281661737947735,1.3453311669215833,0.2383177570093458,6.175708103107705,0.934609629830196,0.003115264797507788,0.473917625040381,0.9906542056074766,0.0,1.045418423537732,250
1.2443580660318962,1.0702717872645386,0.4392523364485981,6.825920719267478,0.9506058390886679,0.003115264797507788,0.6089230665229627,0.9968847352024922,0.0,1.035054095528257,450
1.756701528781007,2.0167743622399095,0.07009345794392523,5.823183333333353,1.082547477625365,0.001557632398753894,0.599813037742106,0.9968847352024922,0.0,1.6576500391592515,570
0.8069741276312755,0.9851156115558902,0.5747663551401869,2.3571245170896966,0.8437015336927611,0.004672897196261682,0.47068857081496046,0.9906542056074766,0.0,0.8920908736769239,480
0.9852736275953646,1.167803940518915,0.338006230529595,3.569566429441355,1.0232054823911534,0.003115264797507788,0.6332192388301668,0.9984423676012462,0.0,1.037559310834267,1865
5.812333694763803,2.303080659622131,0.003115264797507788,23.529930746223364,3.1095017628986823,0.0,2.081034306331715,1.0,0.0,0.9393024547922023,645
1.4647402698917333,1.3511704779855742,0.2383177570093458,6.606641025641025,1.0975297783030167,0.001557632398753894,0.6937762553226982,0.9984423676012462,0.0,0.8324301920679917,895
0.9243796074158842,0.852710342904502,0.7227414330218068,3.9685068297857953,0.8567527540774716,0.003115264797507788,0.4598689374917188,0.9906542056074766,0.0,1.0045634134636454,570
0.7279048528463511,1.1737726759603013,0.3317757009345794,3.3761330625232446,0.6423178261135452,0.06542056074766354,0.3131564696473979,0.9797507788161994,0.0,1.3305351617047338,135
0.5276075613422413,0.7505294654606788,0.9003115264797508,1.804497387229785,0.5787236945331887,0.11214953271028037,0.2449590481440975,0.9641744548286605,0.0,1.0160305063266224,640
1.0223818520810428,0.8176090559495596,0.794392523364486,3.751642274471614,0.8899650667256993,0.003115264797507788,0.4848275452321661,0.9906542056074766,0.0,0.9753606534906182,545
2.9847984633906415,2.1059108366002306,0.0514018691588785,11.579731369830759,1.7111817203974027,0.0,1.1419195598937077,0.9984423676012462,0.0,1.4728736768262949,5255
2.0589766088776544,1.6643367097709418,0.1557632398753894,15.065289423596724,0.6378942298645428,0.06853582554517133,0.30520777959412176,0.9781931464174455,0.0,1.272272463126957,415
0.8858320485316135,0.9757435525435307,0.5903426791277259,4.201473883122978,0.8578144674866797,0.003115264797507788,0.3963364661631299,0.985981308411215,0.0,1.0223135197354631,425
1.218983390629325,1.3241131130373833,0.24299065420560748,4.4060860079485344,0.9084434757114791,0.003115264797507788,0.483120728098414,0.9906542056074766,0.0,1.0182217723097688,12605
1.8703689649304325,1.369876979393904,0.2336448598130841,7.406784497375918,1.3963917525297878,0.001557632398753894,0.8821672875794135,0.9984423676012462,0.0,0.8604359028672799,480
0.8893090307762379,0.801533033822319,0.8084112149532711,2.9747179487179487,0.9110670353942388,0.003115264797507788,0.6703070705563693,0.9984423676012462,0.0,0.9287986871193965,285
2.4613472242441596,1.5796277650526342,0.20093457943925233,14.24256359918324,1.1540947675852629,0.001557632398753894,0.6623135916756167,0.9984423676012462,0.0,1.2184272653497257,375
0.5955424097420614,0.7068628004331157,0.9485981308411215,2.0102745098039216,0.5702143583971949,0.11526479750778816,0.22027015337618605,0.9595015576323987,0.0,1.005182358541136,8830
1.9357305537635225,1.9432037599067604,0.08566978193146417,6.041846359950577,1.1661362467236551,0.001557632398753894,0.8640392351454893,0.9984423676012462,0.0,1.721395468766942,10
0.6557770174998574,0.8452243647607197,0.7445482866043613,2.591415680128752,0.557874487985991,0.1261682242990654,0.29286921557784346,0.9719626168224299,0.0,1.0587370169022725,10825
2.102378951325196,1.3913496512424137,0.22741433021806853,12.470687181522882,0.980200571692086,0.003115264797507788,1.0568474904447591,0.9984423676012462,0.0,0.9111675680789066,11425
0.739352387726212,0.9624815701626165,0.6059190031152648,3.996945800505978,0.7349585159701849,0.028037383177570093,0.37976330160260313,0.985981308411215,0.0,1.0583173913248025,35
2.1348686544326054,1.6389638999240719,0.16043613707165108,13.051258321761363,0.9154343074279971,0.003115264797507788,0.5278885585335497,0.9937694704049844,0.0,1.3409289840899832,260
1.0231639128406171,1.1485609222615483,0.35669781931464173,3.990767400157202,0.9268017560149396,0.003115264797507788,0.5886876329740929,0.9968847352024922,0.0,1.1246118979533355,13305
0.6985128070936444,0.8604869666827002,0.6978193146417445,2.199289729010037,0.703301564201491,0.03426791277258567,0.38126762881289344,0.985981308411215,0.0,1.1662670701348412,610
1.5209491826494992,1.1965915900296422,0.3161993769470405,9.92513165198994,0.8363457771444179,0.006230529595015576,0.4751676689851254,0.9906542056074766,0.0,1.1868774585276718,335
0.9613753194663535,0.8392700674604023,0.7616822429906542,2.856705882352941,0.8781663273793547,0.003115264797507788,0.4571860934233173,0.9906542056074766,0.0,1.1047251921544496,8680
1.2737500229245466,1.2485520538920547,0.26479750778816197,4.874550895145002,1.0670941306887292,0.001557632398753894,0.6677682246067139,0.9984423676012462,0.0,1.2572001028397524,385
0.6887694238089055,0.8630598746440998,0.6915887850467289,3.243867050489773,0.7040290432746885,0.03426791277258567,0.3889134424236072,0.985981308411215,0.0,1.0440353442963997,325
1.3478324374152786,1.1745762304360128,0.3317757009345794,4.719114599085552,1.0436473116129734,0.003115264797507788,0.7736661265122226,0.9984423676012462,0.0,1.219942829045001,75
1.1502721150328876,1.1099576504238637,0.3847352024922118,4.77990093202342,1.0687023173166896,0.001557632398753894,0.5881924878321813,0.9968847352024922,0.0,0.8791145508405177,265
1.7714762229182424,1.375407775845297,0.23052959501557632,9.132016017943325,1.10950170930764,0.001557632398753894,0.8971451381980784,0.9984423676012462,0.0,0.9516234062119221,410
0.7787099029386543,1.2582411300650562,0.2616822429906542,3.3658834654712786,0.6087227853003998,0.09968847352024922,0.2673289539418229,0.9688473520249221,0.0,1.383596185546508,615
3.359391389353952,1.615350069278605,0.17289719626168223,13.059388113031904,2.052840763971199,0.0,1.2963704548784882,0.9984423676012462,0.0,0.9120615513581894,15
0.9237959030938577,1.014062348065031,0.5327102803738317,3.251435897435898,1.0234402944597865,0.003115264797507788,0.7253756989836757,0.9984423676012462,0.0,0.8783422505122603,240
2.731414794245871,1.9481233017741153,0.08255451713395638,14.233930492366504,1.2446461793908936,0.001557632398753894,0.7012646917414774,0.9984423676012462,0.0,1.3405772534947797,4480
2.8054337887320555,2.019196147911095,0.07009345794392523,13.921403788822952,1.3238284327941454,0.001557632398753894,0.8986925269738013,0.9984423676012462,0.0,1.4630258722159395,640
3.641407469809528,2.920070309370653,0.001557632398753894,10.329985247518277,1.9519848038124732,0.0,1.8191198461294547,1.0,0.0,1.8927971429150456,9485
1.9692319950085013,1.359974286817816,0.235202492211838,7.339135491586676,1.5058998933216883,0.001557632398753894,1.182286067840511,0.9984423676012462,0.0,0.8237084352881656,500
1.8727619561130084,2.1443134508100807,0.040498442367601244,7.406784497375918,0.9946978360149324,0.003115264797507788,0.7027114305571869,0.9984423676012462,0.0,1.48287872199358,505
2.035646989693343,2.271035082888214,0.003115264797507788,7.406784497375918,1.0935484218339244,0.001557632398753894,0.7003639523049439,0.9984423676012462,0.0,1.5103304926867605,310
3.71106295951453,2.9156718364995142,0.001557632398753894,9.3838606761685,2.1023308657582587,0.0,1.7594897508979506,0.9984423676012462,0.0,2.0010047300961102,575
1.1043759392003973,0.9436638721563018,0.6292834890965732,3.718610731324752,1.0779750512572115,0.001557632398753894,0.6183175778635743,0.9984423676012462,0.0,1.0399022172670653,45
2.6560488969812877,1.4366068529862008,0.21806853582554517,11.337971636880294,1.7310369529827194,0.0,1.248349691030916,0.9984423676012462,0.0,0.889305728139938,395
1.6393685924796924,1.3878646963743488,0.22741433021806853,7.22925641025641,1.1882478499497884,0.001557632398753894,0.8768545202627137,0.9984423676012462,0.0,0.8353103451705938,365
0.9503792490129364,1.1933695323517655,0.3177570093457944,4.1980532842843985,0.7325510447799142,0.029595015576323987,0.3076130919725444,0.9781931464174455,0.0,0.8358733683359285,12155
2.4700488257299074,1.5236436287355473,0.21651090342679127,7.406784497375918,1.7344652215158078,0.0,1.3413011825077703,0.9984423676012462,0.0,0.9643317377065264,415
0.8258298498752762,0.9379691130308784,0.6308411214953271,3.180600735388387,0.7592826733297683,0.01557632398753894,0.338769145308611,0.9844236760124611,0.0,0.9155567081097044,565
2.081223097020912,1.7243283187246081,0.14797507788161993,6.091829252311692,1.394276120120507,0.001557632398753894,0.8919654589814878,0.9984423676012462,0.0,1.4840589161240365,520
1.0543275686682831,1.1471410155067223,0.3582554517133956,4.706720761215258,0.9061358100345391,0.003115264797507788,0.50794745220714,0.9937694704049844,0.0,1.243791018825723,475
2.426416506114228,1.5548064495710787,0.2102803738317757,8.244679273214324,1.7299777830553955,0.0,1.398930588428635,0.9984423676012462,0.0,0.892100583993061,330
1.885797741895252,1.5900646233247098,0.19781931464174454,14.745725455319562,0.5364459018814994,0.16666666666666666,0.1877846815245756,0.9376947040498442,0.0,1.2408646843568572,495
0.7146551620302605,1.187506663304551,0.32554517133956384,3.9843221129561868,0.5173348600424854,0.2367601246105919,0.16875754051583264,0.9236760124610592,0.0,0.9254550608828281,12215
1.1225217157154057,1.272545104420517,0.2601246105919003,4.0929619693049855,0.867571383765804,0.003115264797507788,0.5166838095787815,0.9937694704049844,0.0,1.1189204705489193,340
1.1672530488459099,0.9589263530627786,0.6137071651090342,5.017570913709152,1.0136918526190286,0.003115264797507788,0.6264402836786502,0.9984423676012462,0.0,1.0229659930855717,265
0.8499946486746345,0.7302258813286492,0.9299065420560748,1.9248783519212027,0.8169406481602309,0.009345794392523364,0.5131538263488549,0.9937694704049844,0.0,0.9558644752972068,545
0.713755848271243,1.0208924508917046,0.5202492211838006,4.392897435897436,0.7296111156130672,0.03115264797507788,0.4047523554273777,0.985981308411215,0.0,0.9583803412672117,555
1.1611394139854088,1.1650441984009123,0.3395638629283489,3.156067267309953,1.086453700460466,0.001557632398753894,0.6241487124201676,0.9984423676012462,0.0,0.8494406140400771,260
0.7425395388949095,0.7731844829196519,0.867601246105919,2.8242911147395513,0.7477966898370503,0.021806853582554516,0.4042595265800278,0.985981308411215,0.0,0.9000899878029086,5780
0.7818286148074385,1.020305727132387,0.5218068535825545,3.930887660463716,0.811285724586024,0.009345794392523364,0.421317293424734,0.9875389408099688,0.0,0.7619922401700061,370
1.747293381290708,1.7593928643941332,0.14018691588785046,5.058749999999998,1.167868967069734,0.001557632398753894,0.7952033273679026,0.9984423676012462,0.0,1.5946728189808264,15
0.814288724682233,0.7587776140997619,0.8940809968847352,3.0304027723169766,0.6974804960578985,0.03426791277258567,0.32972396177180985,0.9828660436137072,0.0,1.1502822312485228,450
0.8509914409395279,1.0583623929504398,0.45638629283489096,4.129980234210823,0.8878194566751587,0.003115264797507788,0.38685317241009776,0.985981308411215,0.0,0.9634187559734628,550
1.135554488148912,1.2183010966493626,0.278816199376947,3.3796979407138568,1.1591933115866053,0.001557632398753894,0.8519679639638474,0.9984423676012462,0.0,1.1313545152078286,325
0.9089044400025642,0.8413437500715185,0.7585669781931464,2.5699118463671593,0.8922481591234945,0.003115264797507788,0.4784951580105472,0.9906542056074766,0.0,0.9902259179789229,35
0.460599501685641,0.9054813848250937,0.661993769470405,1.8243976576281533,0.4994860683614251,0.29906542056074764,0.29835861415841686,0.9735202492211839,0.0,0.8325789052747541,11670
2.1749131698798947,1.8074155004597146,0.1277258566978193,7.398746153846149,1.4589457624384854,0.001557632398753894,1.2575685559550116,0.9984423676012462,0.0,1.220671576703146,270
1.0515564104328128,1.4476184485132484,0.21806853582554517,3.9184218528652015,0.7080616873427773,0.03426791277258567,0.3149207751954652,0.9797507788161994,0.0,1.4601707794272791,640
2.4102732193574345,1.834078461986606,0.11993769470404984,6.5623651919976,1.6593198386490258,0.0,1.149168258070185,0.9984423676012462,0.0,1.412682430335373,355
0.8907651573554094,1.1131428328970212,0.38006230529595014,3.3067125585350943,0.8702123784468215,0.003115264797507788,0.3615328436963917,0.9844236760124611,0.0,0.9319281472853034,9330
1.0511045142044382,1.39095148405496,0.22741433021806853,3.366201947397262,0.8100171998845905,0.009345794392523364,0.4421678859359153,0.9890965732087228,0.0,1.4316791934864301,485
1.8330201959700358,1.2580812751814707,0.2616822429906542,7.406784497375918,1.218248582691149,0.001557632398753894,0.6125935624609495,0.9968847352024922,0.0,1.1525217978523328,10840
2.1604315974083,1.505669872597031,0.21651090342679127,12.702145543527841,1.0063579408659666,0.003115264797507788,0.5356500079912673,0.9953271028037384,0.0,1.239231844074091,285
1.5687937162158252,1.5335063841298162,0.21495327102803738,6.07049999999999,1.115568201184919,0.001557632398753894,0.9231152687935001,0.9984423676012462,0.0,1.2218365304880308,375
1.0471459361319968,1.6119419223128588,0.1791277258566978,5.252837374999999,0.6297755763293054,0.08255451713395638,0.21034162021559194,0.9548286604361371,0.0,1.367711126779179,3735
1.5407780475348116,1.1056772171527256,0.3894080996884735,7.406784497375918,1.0460365504022235,0.003115264797507788,0.8196816291580918,0.9984423676012462,0.0,0.9977882441231672,615
0.9563334924361999,0.9285700161518702,0.6401869158878505,3.343827324308857,0.8908623525783738,0.003115264797507788,0.47131840547788434,0.9906542056074766,0.0,1.1365812537196114,340
2.1629821578773285,2.429421099248739,0.001557632398753894,7.4194999999999975,1.1343616699137076,0.001557632398753894,0.5931571284278823,0.9968847352024922,0.0,1.7424538751033631,580
1.7844707216249442,1.426913683726503,0.21806853582554517,7.406784497375918,1.1388528704046679,0.001557632398753894,0.6988269359164727,0.9984423676012462,0.0,1.3006731605280688,525
1.7227892287708875,1.218541943336716,0.278816199376947,7.2476060724043645,1.2532138911914448,0.001557632398753894,0.7157973740153852,0.9984423676012462,0.0,0.9952587322432014,460
1.6181667021271255,1.9767867978642253,0.07476635514018691,6.239124999999997,0.916964292503501,0.003115264797507788,0.5211515871559833,0.9937694704049844,0.0,1.6030743116714556,405
0.9408759927299218,1.004539834136785,0.543613707165109,3.1351830269996026,0.8464547386914365,0.004672897196261682,0.4386512466238002,0.9875389408099688,0.0,1.1167488338981162,380
1.776637115794364,1.2879220903627755,0.2554517133956386,7.406784497375918,1.326405214679363,0.001557632398753894,0.9864582285347763,0.9984423676012462,0.0,0.9394307943760555,725
0.9504332389760877,1.1414143588843366,0.3598130841121495,3.6223504070983146,0.983741909717221,0.003115264797507788,0.7388796440049435,0.9984423676012462,0.0,1.0808491074409894,1540
0.9229910554520646,1.0355920912722778,0.4953271028037383,3.4193549566182146,1.0354574671003691,0.003115264797507788,0.9296444109595707,0.9984423676012462,0.0,0.8559815536841897,575
0.610530987090195,0.8727445892293213,0.6822429906542056,2.124930478171676,0.6315035352840779,0.0778816199376947,0.293547198371556,0.9719626168224299,0.0,1.2052089684862943,500
1.6467157545186022,1.212113414236927,0.29283489096573206,7.406784497375918,1.0480209111250924,0.003115264797507788,0.566422683432019,0.9968847352024922,0.0,1.096419237671378,385
2.0925170243347564,1.5038441848093043,0.21651090342679127,7.406784497375918,1.5569561422093148,0.001557632398753894,1.1478032968644674,0.9984423676012462,0.0,0.8215109984119882,490
2.034601534166749,1.6957801536405648,0.1542056074766355,15.045071203273281,0.5997773584872519,0.102803738317757,0.28338311108548847,0.9719626168224299,0.0,1.3170422732790354,500
2.01765299883287,2.116083893959922,0.048286604361370715,8.187392307692308,1.0453665057320223,0.003115264797507788,0.805822043538524,0.9984423676012462,0.0,1.5859278173864388,590
3.5186464890622164,1.6611885510324864,0.1573208722741433,14.800371645136167,2.0339744802324846,0.0,1.327813425440985,0.9984423676012462,0.0,0.8516920264962656,380
0.613004313513996,0.8457557520537379,0.7445482866043613,2.290490447322402,0.6026205525071797,0.102803738317757,0.26806392385472283,0.9688473520249221,0.0,1.183129421275397,560
1.9994839759222356,2.3887093123946483,0.001557632398753894,7.406784497375918,0.9900126609791097,0.003115264797507788,0.48962240008593444,0.9922118380062306,0.0,1.5921009691697579,3320
0.9076728768705669,1.4543453858450792,0.21806853582554517,3.4086138195722904,0.611964018225995,0.09501557632398754,0.20479376386061446,0.9532710280373832,0.0,1.4567857005262053,640
0.6873540440131739,0.7949851049895156,0.8271028037383178,3.237830052546111,0.6603610006651722,0.0529595015576324,0.23909327559676585,0.9626168224299065,0.0,0.9938979713471692,505
0.9958162144958572,1.2321107219423277,0.27414330218068533,3.707342493873333,0.8104486003589629,0.009345794392523364,0.4495328461446794,0.9890965732087228,0.0,1.1348177329617541,410
1.2062314385665474,1.1084362822899234,0.3862928348909657,5.547130839330003,1.0498987317719013,0.003115264797507788,0.5673551210536765,0.9968847352024922,0.0,0.7924730452962832,360
1.0590406045503402,1.23984262409277,0.26947040498442365,4.052795433689106,0.8237187152523708,0.009345794392523364,0.5178372942289696,0.9937694704049844,0.0,1.1376582787058191,210
1.1985180370429016,1.223009252598282,0.2772585669781931,5.326820512820513,1.0302063015924554,0.003115264797507788,0.571716249045307,0.9968847352024922,0.0,0.9106786088677105,380
1.406247402917224,1.0640912722960212,0.4454828660436137,7.406784497375918,0.9549708611865168,0.003115264797507788,0.541091571581147,0.9953271028037384,0.0,1.2302371232919431,300
1.076874784468962,1.2499475881320827,0.26479750778816197,3.5282544375298897,0.940622808717159,0.003115264797507788,0.5221828387527577,0.9937694704049844,0.0,1.356579159168492,375
1.7476260704055107,1.3412562394949175,0.2398753894080997,7.290932685334223,1.286732090325543,0.001557632398753894,0.9955731904903118,0.9984423676012462,0.0,0.9706824040801244,515
0.6753347776989567,0.8173078858811288,0.7959501557632399,2.46485686913277,0.7163167102161515,0.03115264797507788,0.3532347590622762,0.9844236760124611,0.0,0.9507037491637506,515
3.0916344666095,1.8354911113142662,0.11993769470404984,12.326778461099648,1.7317460320984794,0.0,1.171528158143091,0.9984423676012462,0.0,1.331903340733931,615
2.4468215049551327,1.4694148130210456,0.21651090342679127,9.826935262728634,1.5277936306513389,0.001557632398753894,0.8876311660364288,0.9984423676012462,0.0,1.2834030907145633,80
0.9448816104776497,0.9075863523660176,0.660436137071651,4.489327166103665,0.7311683416861255,0.03115264797507788,0.34028170254644735,0.9844236760124611,0.0,0.9378273462744313,485
0.6140206521835009,0.7611066157951946,0.8925233644859814,2.6376659545508914,0.6311222229054757,0.0794392523364486,0.2559942346975306,0.9688473520249221,0.0,0.9942804950411662,0
0.9212795657386479,0.9741217388766228,0.5919003115264797,3.7051171879984577,0.7977769432639331,0.012461059190031152,0.4605775629900487,0.9906542056074766,0.0,0.9961478405360574,415
1.1029174502707386,1.0934433904752607,0.397196261682243,3.424384615384615,1.1810537715573617,0.001557632398753894,0.8983060828198974,0.9984423676012462,0.0,0.8399936933278139,445
0.7415665850515851,1.1705953139518923,0.3348909657320872,3.9819541009531765,0.5544659084192121,0.1292834890965732,0.1648032299276916,0.9143302180685359,0.0,1.0970813488829427,625
2.4256738171032763,1.7441154616494565,0.14174454828660435,12.733048237790255,1.1916446440011776,0.001557632398753894,0.8045077273096701,0.9984423676012462,0.0,1.3745090974001575,340
1.794781880750149,1.3415223438204527,0.2398753894080997,5.443477903296023,1.5056816405373759,0.001557632398753894,0.8786384571067152,0.9984423676012462,0.0,0.884548165931523,15
1.6361712673176645,1.4632654923687962,0.21806853582554517,5.058749999999998,1.1960993706860203,0.001557632398753894,0.84084920428474,0.9984423676012462,0.0,1.4649394290481992,275
2.0448213246244933,1.3243876003522246,0.24299065420560748,10.896002007718929,1.2101521099758152,0.001557632398753894,1.05914092605145,0.9984423676012462,0.0,0.9157489536642782,420
3.5458963955280978,2.4690018115476926,0.001557632398753894,21.378390426587988,1.1054128386826159,0.001557632398753894,0.9264892897026311,0.9984423676012462,0.0,1.3447754596043489,395
0.8507483148951065,1.2094811336782771,0.29283489096573206,4.554928610964796,0.5986195927406908,0.1043613707165109,0.2383876246325409,0.9626168224299065,0.0,0.8778930736109967,12470
1.2445189071794867,1.1350442757735757,0.3644859813084112,3.493759267927062,1.1477855336188743,0.001557632398753894,0.6748230019836675,0.9984423676012462,0.0,0.901727265669652,495
1.1234643193736404,1.0017093993695578,0.5514018691588785,4.14007743389682,1.0465963810502434,0.003115264797507788,0.5793597473506209,0.9968847352024922,0.0,0.9823702647018526,380
0.9868534844407355,1.4206771142764907,0.21962616822429906,3.4816151601729097,0.7051625336584941,0.03426791277258567,0.37755346528292316,0.985981308411215,0.0,1.4762015705454816,440
5.775555986675734,2.817124156633165,0.001557632398753894,33.25138353790724,1.937822079366217,0.0,2.2268049489651913,1.0,0.0,0.9717319096557359,320
1.42482048252395,1.0684539503004171,0.440809968847352,7.406784497375918,0.9190267577639826,0.003115264797507788,0.36447741837876557,0.9844236760124611,0.0,1.004447625444654,11350
3.1104963974801834,2.042197836895554,0.06542056074766354,7.88341947675095,2.1165161280639864,0.0,1.4558631425973982,0.9984423676012462,0.0,1.3402655864871749,490
0.6294851605630731,0.8189907654903863,0.7912772585669782,1.9044705882352897,0.6303305579019989,0.0794392523364486,0.2779027280226959,0.9719626168224299,0.0,0.9177717021649725,520
2.0266452135162485,1.3554050678712397,0.2367601246105919,7.406784497375918,1.5427081549685848,0.001557632398753894,1.0352988081992773,0.9984423676012462,0.0,0.9176595629180163,605
1.1604938895127737,1.1863478762666901,0.32554517133956384,3.493564102564102,1.1811760110317182,0.001557632398753894,1.0105043256628672,0.9984423676012462,0.0,0.8443860037511723,565
1.4742942118252127,1.0052241796863983,0.543613707165109,7.406784497375918,1.021625245995856,0.003115264797507788,0.6740651426421737,0.9984423676012462,0.0,1.183938677205736,115
1.3304084711071447,1.3267934542517956,0.24299065420560748,6.710410256410256,0.9711016573959386,0.003115264797507788,0.6347380604521822,0.9984423676012462,0.0,0.8737183505922953,375
0.8466266624174644,0.8978139907583471,0.6651090342679128,3.294272402069642,0.7032369286201038,0.03426791277258567,0.3174593118384021,0.9813084112149533,0.0,1.0995347436333225,490
4.451150411816939,2.2523704788758385,0.004672897196261682,23.89543371602883,1.8638051342694453,0.0,1.8610137512285445,1.0,0.0,0.8594170752090341,625
2.095670922316238,2.002832823162456,0.07009345794392523,7.188989624999998,1.3160339389059537,0.001557632398753894,0.9313614147129827,0.9984423676012462,0.0,1.3439852698454657,270
2.6988864113463937,2.6056688664764396,0.001557632398753894,8.585496124031005,1.4901582134476141,0.001557632398753894,0.9762430608626465,0.9984423676012462,0.0,1.6590359581755014,10
2.120299305707151,1.4877448803369666,0.21651090342679127,9.290346107887073,1.294001831091608,0.001557632398753894,0.7614154948195799,0.9984423676012462,0.0,1.2414778911019817,565
0.9467761944746095,0.8449010250007927,0.7461059190031153,2.8071258917422024,1.024015443149931,0.003115264797507788,0.8355098286926588,0.9984423676012462,0.0,0.94176609038944,305
2.3575572667588114,2.135994387419982,0.04361370716510903,6.519661367474676,1.4219985156688337,0.001557632398753894,0.9679706423462603,0.9984423676012462,0.0,1.6991345941232783,455
0.8060388468886356,0.915426960003922,0.6495327102803738,2.3244428199080023,0.8039973967369278,0.012461059190031152,0.5047309319418801,0.9937694704049844,0.0,0.9287687720611444,570
0.995766020333243,1.2053256780499548,0.29750778816199375,4.18406417112299,0.9506854456643592,0.003115264797507788,0.6062155335140914,0.9968847352024922,0.0,0.9690751376981398,1660
0.7652014915865842,0.8669942805165496,0.6884735202492211,3.0438974358974358,0.8270211249378017,0.006230529595015576,0.5449074197148646,0.9953271028037384,0.0,0.8733327435095083,2140
1.8728351756647348,1.3788259568599683,0.23052959501557632,7.406784497375918,1.236989031688991,0.001557632398753894,0.7257717022921494,0.9984423676012462,0.0,1.2963470087804183,345
1.7421881417982465,1.24889534476353,0.26479750778816197,7.406784497375918,1.1129948569493855,0.001557632398753894,0.6399410832584874,0.9984423676012462,0.0,1.0478266337102933,10970
1.3624117451561697,1.182645611675574,0.32710280373831774,3.539950040775155,1.246685934132206,0.001557632398753894,0.7534771690643809,0.9984423676012462,0.0,0.8765576027401253,385
1.1549054336732545,0.9184947070667461,0.6464174454828661,3.595602314773375,1.1136619227794544,0.001557632398753894,0.7144497174968064,0.9984423676012462,0.0,0.9991640377513075,55
1.2259550869651847,1.068531586654597,0.440809968847352,4.789329206996832,1.1571022637116373,0.001557632398753894,0.7922995769831559,0.9984423676012462,0.0,0.9712115623460155,325
0.7961897929582638,1.0373997873220069,0.4937694704049844,4.815160399914355,0.7615344663586376,0.01557632398753894,0.3389609482467584,0.9844236760124611,0.0,0.8896711021653417,730
1.4153956683697597,1.1863023011186757,0.32554517133956384,5.809777787018319,1.2189090239061786,0.001557632398753894,0.7664614527681828,0.9984423676012462,0.0,0.8210613368872473,210
2.7015717367505805,1.6381304313127203,0.16043613707165108,16.058295572631494,1.1629374421385434,0.001557632398753894,0.9647160548482718,0.9984423676012462,0.0,0.9695075630316894,550
1.3178195384596294,1.1895813909196875,0.32554517133956384,3.372499999999999,1.1337649250050763,0.001557632398753894,0.749754683243095,0.9984423676012462,0.0,1.2406958051982129,430
2.2930396582174555,2.6708701676816644,0.001557632398753894,7.4194999999999975,1.1448176007850333,0.001557632398753894,0.74467784212896,0.9984423676012462,0.0,1.8145875697630371,65
1.198422666465823,0.9311242275249035,0.6355140186915887,3.0280728068236122,1.1550348607278291,0.001557632398753894,0.7164870138968987,0.9984423676012462,0.0,1.1130515368962552,515
1.8644788546039315,1.9302478739353286,0.09034267912772585,6.102112791432309,1.063954808971545,0.001557632398753894,0.7288871290554655,0.9984423676012462,0.0,1.6678230261867124,765
0.6535419370150897,0.8236994136597764,0.7897196261682243,2.7845959595889265,0.5415662762965986,0.1588785046728972,0.20872336858492804,0.9548286604361371,0.0,1.0057473458228214,10
2.2509171788010223,1.5852154868731432,0.19937694704049844,7.406784497375918,1.4548270182968088,0.001557632398753894,1.0884269344221287,0.9984423676012462,0.0,1.3044534139797916,560
1.5005710486084438,1.263805553544074,0.2616822429906542,4.304012748601775,1.3671188776880212,0.001557632398753894,0.8062280473011965,0.9984423676012462,0.0,0.8903097973822554,265
4.366058622174112,2.7757000647316485,0.001557632398753894,10.203649305788053,2.7340098495020047,0.0,1.7602151002600972,0.9984423676012462,0.0,1.8019864897804252,630
1.7847669572449496,1.3477273209002834,0.2383177570093458,7.406784497375918,1.1803252806682594,0.001557632398753894,0.6399049808907815,0.9984423676012462,0.0,1.2950803085084492,335
0.9936067446687457,1.02062228677005,0.5202492211838006,5.1987518297364534,0.8901457629929052,0.003115264797507788,0.5426203644186217,0.9953271028037384,0.0,0.84889481371486,10
0.694433447355254,0.7410478201626316,0.9190031152647975,3.671438701749289,0.5756222567092592,0.11214953271028037,0.22582310730849606,0.9595015576323987,0.0,0.9904608855144476,575
1.6802105912527805,1.3176806860905297,0.24610591900311526,7.406784497375918,1.1854078493540583,0.001557632398753894,0.7771497123778309,0.9984423676012462,0.0,1.2236002468286584,490
1.6582492092541814,1.3704267995536514,0.2336448598130841,5.3696575496849634,1.3880854685880903,0.001557632398753894,1.0023530915224004,0.9984423676012462,0.0,0.8034743711030995,415
2.026917449373862,1.7599894697280862,0.14018691588785046,7.169812160899522,1.3518292126952314,0.001557632398753894,0.9215861190138338,0.9984423676012462,0.0,1.126421011666974,535
3.3109573248448165,2.719182302928293,0.001557632398753894,11.701790697674397,1.7201762270930485,0.0,1.1931893981752693,0.9984423676012462,0.0,1.5962301672403587,250
0.5932188818052954,0.8632914351419017,0.6915887850467289,2.929340523476645,0.5776996342916395,0.11214953271028037,0.25732854217411233,0.9688473520249221,0.0,0.979090053650636,510
1.6077744110277798,1.398923418910857,0.22741433021806853,5.928570208610189,1.152261521208057,0.001557632398753894,0.775123125507481,0.9984423676012462,0.0,1.2337606639700052,320
0.8326742985136603,1.0300721146398049,0.5077881619937694,3.646799721616613,0.9223206417998582,0.003115264797507788,0.6514992081939835,0.9984423676012462,0.0,0.9995120186606804,1940
1.4266776089766877,1.8818519927829853,0.11682242990654206,6.108103374999997,0.79468481582156,0.012461059190031152,0.4367545800082127,0.9875389408099688,0.0,1.5972309153482853,445
0.9723518036632819,1.0207385499503063,0.5202492211838006,2.9039231233953413,1.029888378552222,0.003115264797507788,0.6216445265886208,0.9984423676012462,0.0,0.9854336232193041,530
1.479409918199185,1.2101408768918804,0.29283489096573206,4.185364038953979,1.3817576749248925,0.001557632398753894,1.00520471059774,0.9984423676012462,0.0,0.8625525764837857,260
2.2459274447371946,1.5765772079465508,0.20093457943925233,9.258632160943602,1.4860181285097722,0.001557632398753894,1.259014485298977,0.9984423676012462,0.0,0.807670251830853,375
2.2801803677333305,2.4836370816548365,0.001557632398753894,7.901285714285715,1.1877898623770284,0.001557632398753894,0.7055353329023761,0.9984423676012462,0.0,1.7502681869065855,3055
1.8355662234966332,1.4784870447264011,0.21651090342679127,6.1600976511735555,1.3292472059803995,0.001557632398753894,0.9662297778023059,0.9984423676012462,0.0,1.1692393874234177,250
1.943603178015734,2.0224560595137793,0.07009345794392523,7.363685124999996,1.1419200497408253,0.001557632398753894,0.7597382144121265,0.9984423676012462,0.0,1.4100073891574754,360
0.7944231098836841,0.9556287145941237,0.6199376947040498,2.534870185812079,0.7902462314913887,0.012461059190031152,0.4275336389654388,0.9875389408099688,0.0,0.9309216765315845,270
0.869263510368768,1.0544997123803617,0.46417445482866043,3.131138418915114,0.7739693051925378,0.014018691588785047,0.5150936757498358,0.9937694704049844,0.0,1.1159621762019363,10935
1.388842761057406,0.927219094022724,0.6401869158878505,4.872341729124873,1.2441717471363964,0.001557632398753894,0.6653929194457158,0.9984423676012462,0.0,1.1274229616387534,385
1.3885722740443731,1.2449652282119374,0.26947040498442365,3.666512820512821,1.3469175883968403,0.001557632398753894,0.9287067128209779,0.9984423676012462,0.0,0.8328631011452927,620
2.8178452377041885,1.9413067320232331,0.08566978193146417,12.83611765766599,1.4660526150039688,0.001557632398753894,0.843131210284236,0.9984423676012462,0.0,1.3936400413125145,5310
0.8292006595457105,0.9918419331894838,0.5654205607476636,4.06975093921938,0.856782325919999,0.003115264797507788,0.5346708564708005,0.9953271028037384,0.0,1.0621133094617503,425
0.7323052392566131,1.2314382121962582,0.27414330218068533,3.357487898782279,0.5982148469260203,0.1043613707165109,0.293228063826695,0.9719626168224299,0.0,1.3535911506359823,395
1.0279801983610413,0.8973704021661733,0.6651090342679128,3.9302200195503603,0.8293138745856798,0.006230529595015576,0.3596507307506981,0.9844236760124611,0.0,1.1671512637679542,410
3.902915092022055,2.6073507139453715,0.001557632398753894,24.96744120271145,1.033835668782199,0.003115264797507788,0.8895578442474914,0.9984423676012462,0.0,1.3444328831269294,0
0.5065139001935681,0.861084723106054,0.6962616822429907,1.8385260808750152,0.5314611333243081,0.1853582554517134,0.25543499752416654,0.9688473520249221,0.0,0.9178514658561386,425
1.8163652268713588,1.7893975501864021,0.1308411214953271,7.202629170154908,1.1440017225015817,0.001557632398753894,0.6540389640264705,0.9984423676012462,0.0,1.1711797317465231,370
1.3099801352109182,1.2722489054591264,0.2601246105919003,5.30176781215534,1.1063987421123058,0.001557632398753894,1.0920668717866788,0.9984423676012462,0.0,0.8240280033635645,450
1.148301362526712,1.1676881256742337,0.338006230529595,2.9401282051282056,1.229481877620153,0.001557632398753894,0.7368647045733837,0.9984423676012462,0.0,0.7535381029738829,0
1.7473228645927634,1.3622126864702966,0.2336448598130841,5.8084280717368335,1.452031746757196,0.001557632398753894,1.0450533126185324,0.9984423676012462,0.0,0.8782366650536918,245
1.9160793614533858,1.8765822933831375,0.11682242990654206,5.19566643559668,1.2463570356663722,0.001557632398753894,0.7737858135123908,0.9984423676012462,0.0,1.6959531581078822,545
1.620292027727283,1.2894874250354915,0.2554517133956386,4.285767738412026,1.4828946507224872,0.001557632398753894,0.9581938692826427,0.9984423676012462,0.0,0.8108684845685531,110
1.6424252125278844,1.0647486392120489,0.4454828660436137,8.007919404328636,1.2236515656332612,0.001557632398753894,0.6938532017986848,0.9984423676012462,0.0,1.0770799547661325,455
2.6380257089121195,2.012197195988549,0.07009345794392523,10.41843076923074,1.5104071154325498,0.001557632398753894,1.3273973369025227,0.9984423676012462,0.0,1.2305832581085712,470
1.600366153482804,1.2430745807166494,0.26947040498442365,7.592410300079497,1.1430860168425725,0.001557632398753894,0.7510024719370307,0.9984423676012462,0.0,1.046391899627684,395
0.8773869183522288,0.8583725865569811,0.705607476635514,3.5945325017753307,0.8179858815516763,0.009345794392523364,0.4968469318161717,0.9937694704049844,0.0,1.0365949691544505,600
1.0150630640225888,0.9654642530773255,0.5981308411214953,4.0011843889780065,1.026787547025222,0.003115264797507788,0.7389965102634664,0.9984423676012462,0.0,0.8993795203015831,20
2.216248924086058,1.5881803038261348,0.19937694704049844,10.615921544095102,1.3129956260694073,0.001557632398753894,1.1459318617237126,0.9984423676012462,0.0,0.9214719121058008,485
1.2384531696712207,1.077347168450868,0.42679127725856697,4.4903499176460935,1.0129046181259738,0.003115264797507788,0.5639679625930908,0.9968847352024922,0.0,1.1832440991868853,355
0.6921577019231993,0.8346045530166982,0.7757009345794392,2.7129509365701723,0.5893166596956856,0.10747663551401869,0.20351437560265911,0.9532710280373832,0.0,1.0469069469444123,475
0.8642999809472053,0.960447944751358,0.6121495327102804,3.8528503248663286,0.7108805453571452,0.03426791277258567,0.20556888108587423,0.9532710280373832,0.0,1.0373385369488124,290
2.2523831604531517,1.7085483029045263,0.15109034267912771,7.406784497375918,1.4261582600071845,0.001557632398753894,1.1060205608491698,0.9984423676012462,0.0,1.1544823687440737,12110
1.049470866672069,1.187631340824492,0.32554517133956384,4.669615384615384,0.9587629457302256,0.003115264797507788,0.5381569723190184,0.9953271028037384,0.0,0.9887888179279394,400
1.8090609639882607,1.387688931239603,0.22741433021806853,10.488933922499344,0.9255547407912539,0.003115264797507788,0.557005623500924,0.9968847352024922,0.0,1.2562367239775039,585
2.0432741883281293,2.3684699078965696,0.001557632398753894,7.4194999999999975,1.0338056925997505,0.003115264797507788,0.5749901609247292,0.9968847352024922,0.0,1.754799030693468,755
1.808370448672128,1.1839652356823283,0.32554517133956384,8.945383883737168,1.2212436742578388,0.001557632398753894,1.001412706910684,0.9984423676012462,0.0,0.961899283464608,395
2.0140005876365557,1.7226540138720503,0.14797507788161993,6.599723076923081,1.4109774899406644,0.001557632398753894,1.1368113191105849,0.9984423676012462,0.0,1.217400197009819,390
0.8134069952568632,0.8729743967091435,0.6822429906542056,2.471569292256806,0.7865482786262569,0.012461059190031152,0.48885959391301825,0.9922118380062306,0.0,0.92959449117967,410
0.7193854686960827,0.7930548120455777,0.838006230529595,2.148608420351701,0.6804133085337741,0.037383177570093455,0.39301539829431476,0.985981308411215,0.0,0.9615087314019407,395
1.1391017215057906,1.0870635018450174,0.40498442367601245,4.672192040830024,1.0670024593494625,0.001557632398753894,0.6378332643508601,0.9984423676012462,0.0,0.8867882361349286,680
0.7898784380996913,1.2107445694127357,0.29283489096573206,3.394669998533209,0.6484439086418974,0.05763239875389408,0.3261855547259395,0.9813084112149533,0.0,1.3807223519795557,410
0.7078259924867549,0.9100068957750186,0.6557632398753894,2.106459893048126,0.7333686813455734,0.029595015576323987,0.32351713669423443,0.9813084112149533,0.0,0.9204715220059284,405
0.5862002321796351,0.8811298965027387,0.67601246105919,2.4289531005921288,0.5596543087004932,0.12461059190031153,0.26806395546399725,0.9688473520249221,0.0,0.9273378277988429,475
2.372426497822337,1.5212313955239165,0.21651090342679127,9.726801195292754,1.4443964840602288,0.001557632398753894,0.8539802289105841,0.9984423676012462,0.0,1.3051990059499299,355
3.969713737984425,2.2152718894644305,0.01557632398753894,21.65646052213899,1.6521830782242566,0.0,1.708215649329819,0.9984423676012462,0.0,0.9232876642535719,570
5.103690616075288,2.6444115390278244,0.001557632398753894,24.151754378512685,2.2894282870611953,0.0,2.209466751468267,1.0,0.0,1.0271067055259853,375
1.290394839469962,1.470861824899927,0.21651090342679127,3.7326058750332916,1.0452726892023474,0.003115264797507788,0.7674196168632965,0.9984423676012462,0.0,1.3622193395824034,510
0.6527400772151041,0.8881917234922113,0.6713395638629284,2.266053070321158,0.6468082009204204,0.059190031152647975,0.28093025540040945,0.9719626168224299,0.0,0.9210280113605475,525
1.7804483800318947,1.4584691495345683,0.21806853582554517,7.748102564102564,1.2426743512358869,0.001557632398753894,0.923866606842671,0.9984423676012462,0.0,0.8176569984087976,580
1.266408085024615,1.0653043510878855,0.4439252336448598,3.3724999999999996,1.2505349898963611,0.001557632398753894,0.6610226758704797,0.9984423676012462,0.0,1.0099803762814865,285
1.8375016028640878,1.2410989337280343,0.26947040498442365,9.645674464069733,1.101305705014961,0.001557632398753894,0.9731338174623861,0.9984423676012462,0.0,0.9126926681049802,400
1.2263953438984956,1.1943899328750969,0.3161993769470405,4.775485744772487,0.9525032004628632,0.003115264797507788,0.5664268339072052,0.9968847352024922,0.0,1.107575417321616,565
2.1920686718662457,1.4323543617962629,0.21806853582554517,10.024424230828016,1.3423183455843644,0.001557632398753894,0.8645386842571602,0.9984423676012462,0.0,0.9763914989653344,430
0.6997014463363672,0.96175484822137,0.6090342679127726,4.04037652270319,0.7213088344335131,0.03115264797507788,0.37132043002487825,0.9844236760124611,0.0,0.9807191316329947,390
0.8467730576255306,0.7527287093983203,0.897196261682243,2.781676670869115,0.8766119959739409,0.003115264797507788,0.6809742837695537,0.9984423676012462,0.0,1.00541806488567,575
2.006659656972804,1.9318245228521806,0.09034267912772585,6.623405121498073,1.1684798850254856,0.001557632398753894,0.80060040075591,0.9984423676012462,0.0,1.638684974490141,10
2.2233454173331944,2.512838466034458,0.001557632398753894,7.7384496124031035,1.1418995712978062,0.001557632398753894,0.7915338753008097,0.9984423676012462,0.0,1.4245246861683745,2455
1.149032393926247,1.0201917534444127,0.5218068535825545,4.359512548723267,1.162973088465533,0.001557632398753894,0.9367364119200736,0.9984423676012462,0.0,0.9787358367696076,440
2.415589750473038,1.4634648668959414,0.21806853582554517,12.091410113597796,1.3599674094286995,0.001557632398753894,0.8804364374083495,0.9984423676012462,0.0,0.9523796201437242,520
1.7073331412859567,1.2597601764333368,0.2616822429906542,7.406784497375918,1.0969437593890825,0.001557632398753894,0.5649683444055299,0.9968847352024922,0.0,1.093488841196849,11070
3.011236703572419,2.138442193740623,0.04205607476635514,12.006099999999993,1.6620692033779074,0.0,1.3868128023561739,0.9984423676012462,0.0,1.2209501008390802,490
1.6304466759397702,1.1969120695734847,0.3161993769470405,8.943306653873298,0.9715012234637164,0.003115264797507788,0.8870541123948195,0.9984423676012462,0.0,0.9124082832169161,11650
2.610110377533385,1.600956221698284,0.19158878504672897,15.779662893205971,1.1212707415360188,0.001557632398753894,0.9280831671912162,0.9984423676012462,0.0,0.9533142309388845,455
1.2741188575648674,1.2654148380150858,0.2616822429906542,5.403250874999997,1.013263629128536,0.003115264797507788,0.5042479702770343,0.9937694704049844,0.0,1.265225478231548,525
1.1159036287602055,0.999198322648506,0.5545171339563862,3.3992721165949042,1.004522228488012,0.003115264797507788,0.43764646064624146,0.9875389408099688,0.0,0.9751722410682601,235
2.002297039677851,1.6606224612359242,0.1573208722741433,9.696436669442745,1.1531313216292653,0.001557632398753894,0.5519020917191343,0.9968847352024922,0.0,1.0693529384412657,440
1.6393341689994345,1.4161687898629052,0.22118380062305296,6.468282051282051,1.2611785122610513,0.001557632398753894,0.9340103599835455,0.9984423676012462,0.0,0.8058170744474848,510
2.5932692168270353,2.00756800027906,0.07009345794392523,18.341481713517698,0.6819637612783762,0.03582554517133956,0.3463047838004757,0.9844236760124611,0.0,1.3297197501861084,245
3.427503633997381,2.9842960343772207,0.001557632398753894,10.530565891472857,1.8210755768704234,0.0,1.2714696559133118,0.9984423676012462,0.0,1.808843255164936,575
1.3516565520460146,1.1729687491907386,0.3317757009345794,5.054252945773562,1.1280357131784668,0.001557632398753894,0.6155578799987018,0.9984423676012462,0.0,0.9700577245370272,310
1.4612406604496306,1.2455172375177197,0.26635514018691586,7.406784497375918,0.9149183162496616,0.003115264797507788,0.4992742081194393,0.9937694704049844,0.0,1.2599046083353052,450
0.7473728236791055,0.8757638500571164,0.6791277258566978,2.68528029573027,0.8243740251154563,0.009345794392523364,0.5111046198260619,0.9937694704049844,0.0,0.993278456612403,495
1.1346392728092578,0.9980567561361697,0.557632398753894,4.701681332917952,0.9265987632626262,0.003115264797507788,0.5230008590967469,0.9937694704049844,0.0,0.906668356273119,11705
2.3659980930214775,1.6195095137251228,0.17133956386292834,10.189885357621618,1.4886936314334585,0.001557632398753894,0.6772188572326581,0.9984423676012462,0.0,0.9902546234225708,430
0.5917674506469844,0.7934011568178435,0.8364485981308412,1.7568372093023215,0.591574828726675,0.10747663551401869,0.26684968096607553,0.9688473520249221,0.0,0.9166266699248495,11380
0.731191124733434,0.9578082425417963,0.618380062305296,3.2888527573628332,0.8182672960657239,0.009345794392523364,0.4726539162901311,0.9906542056074766,0.0,0.9553336162907026,600
1.1119790543596482,1.0517794715066737,0.470404984423676,3.5930222699517906,0.9804425316522587,0.003115264797507788,0.48155524788341025,0.9906542056074766,0.0,1.0623415381581442,400
1.8713392877935744,1.5503037194290137,0.2118380062305296,6.176007581692181,1.2989542460499006,0.001557632398753894,0.8465949361909975,0.9984423676012462,0.0,1.3094171824567549,465
2.7309935515298744,1.8625058266492422,0.11682242990654206,8.129131891502217,1.8035098179730502,0.0,1.2775254735584698,0.9984423676012462,0.0,1.2353026961050655,12545
0.9282024645260882,0.9185294109430545,0.6464174454828661,3.6220412889241462,0.7924166031284186,0.012461059190031152,0.49746536033836836,0.9937694704049844,0.0,0.987735260541282,11535
1.3981493366951359,1.2541576490705069,0.2632398753894081,4.183001584084884,1.0982335037735145,0.001557632398753894,0.8942424266052696,0.9984423676012462,0.0,1.235127904210764,465
1.9483747893841856,1.6049698540913078,0.19158878504672897,14.307844756064714,0.6323790172634068,0.0778816199376947,0.21011918958685954,0.9548286604361371,0.0,1.2476469426128682,390
1.1845595271068317,1.0920063066911012,0.3987538940809969,4.657527629134725,1.14557258392445,0.001557632398753894,0.7563245565574588,0.9984423676012462,0.0,1.093174326097797,130
0.7167463735290669,0.8198931880642449,0.7912772585669782,2.545046290720101,0.7791128277897116,0.014018691588785047,0.42088125262859694,0.9875389408099688,0.0,0.9892262903063137,0
1.6359109112231973,1.9628672631984594,0.0794392523364486,7.406784497375918,0.8378107049770749,0.006230529595015576,0.2963884359829489,0.9719626168224299,0.0,1.558722347897815,605
0.7873647799704393,0.8156683862583802,0.7959501557632399,3.703392248687959,0.6301796741025438,0.08099688473520249,0.36929700017815403,0.9844236760124611,0.0,1.1607638380457834,475
3.145160815214636,2.167143000000154,0.03582554517133956,12.172130769230776,1.7659406366086843,0.0,1.4085576470299015,0.9984423676012462,0.0,1.2187502344699959,380
2.0821468920439883,1.63640055485563,0.16043613707165108,6.181432949378797,1.4831517805787853,0.001557632398753894,0.9659748491795707,0.9984423676012462,0.0,1.4788793317582745,610
0.8218582905347556,0.7402010125946124,0.9190031152647975,1.97818112146579,0.8007413588333482,0.012461059190031152,0.48799046725752426,0.9922118380062306,0.0,0.9949678928602196,550
0.7389606733973006,0.8071089675518371,0.8006230529595015,1.9669036816311565,0.7495871335959482,0.020249221183800622,0.3763261397532311,0.985981308411215,0.0,0.95133537126116,425
0.7453596274840872,0.7384045396952459,0.9221183800623053,3.277979754955155,0.666558763116039,0.04672897196261682,0.3147570221634376,0.9797507788161994,0.0,0.9592165374684339,6030
1.0490640408146825,1.1202338851007563,0.37538940809968846,5.880256410256409,0.8790692176073079,0.003115264797507788,0.5330805387152556,0.9953271028037384,0.0,0.9129665638338694,315
1.777811297768832,1.5420004374168519,0.21339563862928349,13.595625624069827,0.5651786059795347,0.11526479750778816,0.22328115756908026,0.9595015576323987,0.0,1.2762427313799127,645
1.5487432349832864,1.2312717002909066,0.27414330218068533,4.678583464312456,1.4246264616951774,0.001557632398753894,1.002639926171251,0.9984423676012462,0.0,0.8069188831250229,50
0.9203291733563038,1.147967218592106,0.35669781931464173,4.773384615384615,0.8448799948024179,0.004672897196261682,0.49561178857475147,0.9937694704049844,0.0,0.7195546556226299,1390
2.7702383620221593,2.1286018884269438,0.045171339563862926,18.44964780420742,0.7933535188524052,0.012461059190031152,0.47749723304768776,0.9906542056074766,0.0,1.3636447860517535,205
1.6424972002206826,1.3483820113861826,0.2383177570093458,7.406784497375918,1.1846886376835684,0.001557632398753894,0.9942149645534977,0.9984423676012462,0.0,0.9326391327541532,350
1.5180159689271724,1.5469048421680367,0.21339563862928349,6.4077499999999965,1.0093163806119196,0.003115264797507788,0.6658933221978821,0.9984423676012462,0.0,1.4115435895748074,105
0.9280347590048019,0.9090070120170788,0.6573208722741433,4.0169545713300145,0.8923713218269691,0.003115264797507788,0.5205890197449429,0.9937694704049844,0.0,1.106867345993652,520
1.2121526152676352,1.0568132028462751,0.45794392523364486,3.703392248687959,1.0742916462142504,0.001557632398753894,0.565584063153807,0.9968847352024922,0.0,0.9778239125181282,350
0.8271115013562305,1.0160840640389903,0.5311526479750779,4.714599439039038,0.7811534605785709,0.014018691588785047,0.43720188042049496,0.9875389408099688,0.0,0.8813081369171887,375
1.6570906912908496,2.0984780837373367,0.0529595015576324,6.233054499999996,0.9016312447394172,0.003115264797507788,0.6255551397128819,0.9984423676012462,0.0,1.6712072199804395,105
0.8351834665615604,1.2128493732798786,0.29283489096573206,4.396574243751079,0.6078085100305098,0.102803738317757,0.22999917405399972,0.9610591900311527,0.0,1.0708490963010244,12570
1.7342571890576388,1.2364404156951383,0.26947040498442365,6.0436401040722965,1.3169930901884213,0.001557632398753894,0.8426376975134291,0.9984423676012462,0.0,0.9213740675122315,12005
2.1517573501463882,1.7247057742890446,0.14797507788161993,6.150043428380514,1.5086615037388413,0.001557632398753894,1.038588684509034,0.9984423676012462,0.0,1.4056216894340912,12165
2.452108641553594,1.7109199017393306,0.14953271028037382,13.227959619163673,1.1711305305954096,0.001557632398753894,0.7123368494191933,0.9984423676012462,0.0,1.3280517009258255,155
2.8458570293535477,1.9700289780456428,0.0763239875389408,13.35583983063732,1.4406747318691993,0.001557632398753894,0.8474228207947362,0.9984423676012462,0.0,1.4090818665105294,640
0.9643402125541001,1.0749663306323745,0.43302180685358255,3.9844161123615094,0.9653024947405603,0.003115264797507788,0.6337141124037915,0.9984423676012462,0.0,0.8035965157782117,485
1.9855600203652555,1.4269591667455404,0.21806853582554517,8.17059645601338,1.4265562823681335,0.001557632398753894,1.096603956933115,0.9984423676012462,0.0,0.8475152276879703,475
1.4994610207707668,1.4466807310153902,0.21806853582554517,4.735849865512637,1.276575151278452,0.001557632398753894,0.9568125069802682,0.9984423676012462,0.0,1.119021344333289,635
0.7696465873897372,0.7853401704805082,0.8442367601246106,3.1925577808719208,0.7280456248565134,0.03115264797507788,0.433878670264169,0.9875389408099688,0.0,1.0723324693110816,200
2.85485558359611,2.0389018272343478,0.06697819314641744,10.37661890782425,1.712474294747679,0.0,1.1541763868061243,0.9984423676012462,0.0,1.5493848867657152,5285
0.9668915305192587,1.0390138052546645,0.49065420560747663,2.953599999999996,1.0670872596780223,0.001557632398753894,1.0449079310817289,0.9984423676012462,0.0,1.178869190825475,650
0.7431094211982516,1.27916683779702,0.2585669781931464,3.3798890585969086,0.5560123267353698,0.1261682242990654,0.2941457058603521,0.9719626168224299,0.0,1.4415853475434557,350
0.684308157254711,0.8811053921220766,0.67601246105919,1.834254571428577,0.7132581872730589,0.03271028037383177,0.3597976408287668,0.9844236760124611,0.0,0.9229836635261214,70
2.2966871184724575,1.715902349699843,0.14797507788161993,12.814542442723736,1.0642881115102314,0.001557632398753894,0.6895630028706007,0.9984423676012462,0.0,1.3567880769880942,505
1.1076303434969703,1.2393055403867308,0.26947040498442365,4.153792010905418,0.8756748770197665,0.003115264797507788,0.4536722086423487,0.9890965732087228,0.0,1.1283331023123149,540
3.1266021899709253,2.191483592980862,0.020249221183800622,11.15160733677828,1.835092668154277,0.0,1.4787260602267835,0.9984423676012462,0.0,1.248048100039956,470
1.4028964064660339,1.0931796918384524,0.397196261682243,5.426239577450176,1.226444097763332,0.001557632398753894,0.6398790665281302,0.9984423676012462,0.0,1.0630173421720588,375
1.0662175814732677,0.9258743045724745,0.6401869158878505,4.624235424146406,0.9578423330876994,0.003115264797507788,0.5973136522767707,0.9968847352024922,0.0,0.9990463963142415,260
2.126153612282841,1.640746544550882,0.16043613707165108,7.406784497375918,1.3678862683049908,0.001557632398753894,0.9719810760223768,0.9984423676012462,0.0,1.3214003641614487,265
2.5106535561902183,1.858571105045889,0.11838006230529595,6.75178323127284,1.707248843400237,0.0,1.1795565139806186,0.9984423676012462,0.0,1.4186077713268892,565
0.8828843115392391,1.1464574299010675,0.3598130841121495,4.511942608683076,0.7425206671108494,0.02336448598130841,0.3418104781760158,0.9844236760124611,0.0,1.2690130898536522,535
0.9476909345802857,1.1455512489858704,0.3598130841121495,4.614689573549575,0.7906617751000408,0.012461059190031152,0.4146219988269308,0.985981308411215,0.0,1.2580681934950773,490
1.4454848678055456,1.339261973224408,0.2398753894080997,5.326385161876295,1.1674231517919618,0.001557632398753894,1.063791060828751,0.9984423676012462,0.0,1.2065220827372773,310
0.593038555378131,1.208502784800723,0.29283489096573206,3.357589879378862,0.46268670414518565,0.5124610591900312,0.16172147724796457,0.9112149532710281,0.0,1.3518910949890999,325
1.3706382598633653,1.7510410372750387,0.14174454828660435,6.233054499999996,0.7788954203117595,0.014018691588785047,0.5117053009642748,0.9937694704049844,0.0,1.5402798379292784,295
1.0382677781531786,1.1467957500689334,0.3598130841121495,5.132473843136062,0.8184874796160293,0.009345794392523364,0.5101296179953095,0.9937694704049844,0.0,1.2279614165052126,290
0.7393405169129496,0.8364732327082006,0.764797507788162,1.8391050451610986,0.7785421375936056,0.014018691588785047,0.5189357749735806,0.9937694704049844,0.0,0.933462065712035,255
2.225318586645155,1.580883159973667,0.19937694704049844,7.797051950560814,1.6245333574370098,0.001557632398753894,1.2740810806055247,0.9984423676012462,0.0,0.803079914864385,35
0.718880233989957,1.067412514769328,0.440809968847352,4.501433163466368,0.6294914827727206,0.08255451713395638,0.2762699951091013,0.9719626168224299,0.0,1.2733177634343575,30
1.2349871824681822,1.1461425654498345,0.3598130841121495,7.395834737489267,0.8448201675806882,0.004672897196261682,0.5617489099293826,0.9968847352024922,0.0,0.9458583009530447,390
0.6009249496039712,1.1989096421947447,0.3130841121495327,3.3669571244558023,0.4914759735712763,0.32087227414330216,0.16197998776612707,0.9143302180685359,0.0,1.3563558156217794,450
1.0858677153126215,1.5227518782869969,0.21651090342679127,5.281853846153832,0.7115404419624398,0.03426791277258567,0.2881642320566967,0.9719626168224299,0.0,1.3823873763242125,255
2.306970316037331,2.3617389270039726,0.001557632398753894,8.477946153846156,1.180600524828189,0.001557632398753894,1.122703009358908,0.9984423676012462,0.0,1.6945892986617146,440
1.4386377815339022,1.1822254169314268,0.32710280373831774,4.160905522982784,1.2532507677698186,0.001557632398753894,0.7313286024465578,0.9984423676012462,0.0,0.8725187185317579,525
0.7564856305271975,0.807338162645864,0.7990654205607477,2.239359044400152,0.8451255337239251,0.004672897196261682,0.5138265167119447,0.9937694704049844,0.0,0.9824816607364871,510
2.9482047032751257,2.834470413450477,0.001557632398753894,8.093999999999998,1.6542962926502511,0.0,1.18464123887945,0.9984423676012462,0.0,1.814190845335211,265
2.5673113606224884,1.5714330198614535,0.20404984423676012,10.041930406982031,1.717914330940219,0.0,1.2962862015180074,0.9984423676012462,0.0,0.8881066741612188,370
0.9227401973534819,1.106541488680767,0.3878504672897196,4.518656414813337,0.8052709293779561,0.010903426791277258,0.40867558990574243,0.985981308411215,0.0,1.2441458923626292,5
1.2029883775797834,1.148322887356335,0.35669781931464173,4.652663337889942,1.0176301853812362,0.003115264797507788,0.45948203910062124,0.9906542056074766,0.0,1.1811794212663722,225
2.0861431766346588,1.3686715408430419,0.2336448598130841,7.5398752029264555,1.5031338820811138,0.001557632398753894,0.8971426135178724,0.9984423676012462,0.0,1.0063151818675464,30
2.7159452935599715,2.6775494655217704,0.001557632398753894,7.901285714285715,1.5442310618018718,0.001557632398753894,0.8551997322795423,0.9984423676012462,0.0,1.7878652184951573,250
2.989859866135483,1.7214183093769593,0.14797507788161993,14.570024223231272,1.6189585300003075,0.001557632398753894,1.3925179145241877,0.9984423676012462,0.0,0.8284641712532272,0
0.7558721742003496,0.993976895101029,0.5607476635514018,3.5544094032603493,0.788831050905955,0.012461059190031152,0.4243299609038957,0.9875389408099688,0.0,1.1849510735038915,440
0.9292481644355467,1.0644572239850512,0.4454828660436137,3.4947147312447076,1.011657844955041,0.003115264797507788,0.8900117049041154,0.9984423676012462,0.0,1.1090495231899697,1390
1.0247461670989932,1.151337001866942,0.35514018691588783,4.420569230769219,0.9299054212091089,0.003115264797507788,0.7254234885326123,0.9984423676012462,0.0,1.1999984249937456,60
0.6947727067474814,0.8314028651098598,0.7819314641744548,2.0859875885918173,0.676405906970405,0.04205607476635514,0.3363784961710044,0.9828660436137072,0.0,0.922517032761394,520
0.7190371764411221,0.8095573154711444,0.7990654205607477,2.1597273455202446,0.7170699019063043,0.03115264797507788,0.40189442217994586,0.985981308411215,0.0,0.9583251216108903,455
1.0833055876328221,1.047537308183709,0.48130841121495327,4.0991141716024915,1.1272311603654013,0.001557632398753894,0.9403850751660063,0.9984423676012462,0.0,0.8707551238408504,440
2.4611332860856123,2.656745383860646,0.001557632398753894,7.633875968992247,1.315825606374598,0.001557632398753894,0.8333382200526012,0.9984423676012462,0.0,1.7327408818623367,335
0.6524489890171119,0.8827845108071954,0.67601246105919,2.8721824265794322,0.558093276127648,0.1261682242990654,0.25133191746166317,0.9688473520249221,0.0,1.0337548384206527,365
0.8742066614345103,0.8677167217221479,0.6884735202492211,2.773154062510912,0.9366008657613538,0.003115264797507788,0.6168331342916056,0.9984423676012462,0.0,0.9869813245387912,540
3.328701026299161,2.317190509590571,0.003115264797507788,11.912707692307695,1.8940647513715916,0.0,1.5723929587412737,0.9984423676012462,0.0,1.248354676439474,520
0.8693132669243532,1.2839713610166996,0.2554517133956386,4.721499999999987,0.6688056032586853,0.04672897196261682,0.2595746776771232,0.9688473520249221,0.0,1.2849037092113154,380
0.5725393298860513,0.8291580884338445,0.7850467289719626,2.4881855291265906,0.4913951854222381,0.32087227414330216,0.13918249848966496,0.8707165109034268,0.0,0.813804287966585,11230
2.210407638682461,1.48423181531234,0.21651090342679127,8.705745132258388,1.4628141742743108,0.001557632398753894,1.0071301489452822,0.9984423676012462,0.0,0.9812010468111223,310
1.670460975671341,1.8671338357755445,0.11682242990654206,7.575089011164885,0.9303312581151274,0.003115264797507788,0.4729975465057575,0.9906542056074766,0.0,1.272257997587117,45
2.304532392849727,2.1623680959140006,0.037383177570093455,6.6737630091377715,1.3524639543360755,0.001557632398753894,0.9890657409019848,0.9984423676012462,0.0,1.7665062696671363,820
1.1423903154108888,1.147628690782406,0.3582554517133956,3.5089004752328004,0.9769366398608177,0.003115264797507788,0.7115520462671056,0.9984423676012462,0.0,1.2305255468667409,360
1.345772588795038,1.3010511722863771,0.2538940809968847,5.046985635278562,1.1431203241683794,0.001557632398753894,1.085755722902825,0.9984423676012462,0.0,0.8255508488366073,575
1.8760616792571387,1.435481433702597,0.21806853582554517,7.972893216371057,1.2051347032473427,0.001557632398753894,0.797816953957492,0.9984423676012462,0.0,1.2261258001184343,580
1.8979797505870155,1.4505950226497368,0.21806853582554517,7.406784497375918,1.3882605833140071,0.001557632398753894,1.0726580029971824,0.9984423676012462,0.0,0.8018405191251358,55
1.1906925309685275,1.190035799953828,0.32398753894080995,5.157411101013299,1.0540404807258124,0.001557632398753894,0.6424669520333621,0.9984423676012462,0.0,0.8681337725575775,510
1.3924168834419204,1.2670512100317577,0.2616822429906542,4.5926579790701325,1.1704162051943945,0.001557632398753894,0.7931671722321897,0.9984423676012462,0.0,0.9618773540841785,505
1.2606424458232228,1.3920510404596922,0.22741433021806853,3.4372237143920827,1.083146969225961,0.001557632398753894,0.6641742806849913,0.9984423676012462,0.0,1.3668832801651531,395
0.8166321623822255,0.9347922269820754,0.632398753894081,2.5224168594495664,0.8827565200142173,0.003115264797507788,0.4493233511707253,0.9890965732087228,0.0,0.9714291011200658,460
1.7747124448891327,1.292363589821104,0.2538940809968847,7.698522292393341,1.336424707301924,0.001557632398753894,1.138534100606811,0.9984423676012462,0.0,0.8852783288014348,495
0.6006032121992966,0.7860534489848423,0.8442367601246106,2.6431050786430643,0.5882646613212311,0.10747663551401869,0.22219083937837025,0.9595015576323987,0.0,1.007963788263744,360
1.2219382156948015,1.182486582885848,0.32710280373831774,5.703064602663962,0.982045147022078,0.003115264797507788,0.5974953836241783,0.9968847352024922,0.0,1.2115255064969317,570
0.5939551290344145,0.877058842572551,0.677570093457944,2.5970053475935777,0.544301637701303,0.14953271028037382,0.26100077215588036,0.9688473520249221,0.0,0.9657215328813492,320
1.4496200222925644,1.2808789294157166,0.2570093457943925,6.226153846153846,1.1494663097161562,0.001557632398753894,0.7878377629547421,0.9984423676012462,0.0,0.8664809312675396,30
2.533071034038837,1.9246070535488247,0.09345794392523364,9.951469230769208,1.5012848240618175,0.001557632398753894,1.1970440005519183,0.9984423676012462,0.0,1.2438620962456937,585
1.7374681469180697,1.4195174749372859,0.21962616822429906,6.84876923076923,1.3052618754334606,0.001557632398753894,0.8662474515598328,0.9984423676012462,0.0,0.8201236145114768,1315
1.6992903525271421,1.4360362090569179,0.21806853582554517,7.406784497375918,1.14909172082884,0.001557632398753894,0.8076835731952445,0.9984423676012462,0.0,1.2317278172283668,385
2.975901011881326,2.0818500685493913,0.059190031152647975,12.974190547793734,1.5576181000739837,0.001557632398753894,1.091883394586957,0.9984423676012462,0.0,1.4813858031306466,560
1.8539183429289068,1.4924656985502809,0.21651090342679127,7.14550221632818,1.2398724872435782,0.001557632398753894,0.7744054914635174,0.9984423676012462,0.0,1.258890195603855,330
1.5192745536088834,1.7924078261880962,0.1292834890965732,6.939986605066193,0.8777602860869397,0.003115264797507788,0.4456771585495629,0.9890965732087228,0.0,1.2335048983528274,25
1.0949952028643373,1.167801929326499,0.338006230529595,3.1503008979302436,0.9820662617745866,0.003115264797507788,0.7205288760701453,0.9984423676012462,0.0,1.2982022986226749,490
0.5362040738636716,0.858467706609616,0.705607476635514,2.164171122994651,0.5241567355250742,0.2087227414330218,0.17021901777867635,0.9252336448598131,0.0,0.9219275700154953,510
1.8672046404565648,1.7482066568552022,0.14174454828660435,5.9833128894890395,1.1885407728946515,0.001557632398753894,0.7863277386452376,0.9984423676012462,0.0,1.5619559042063116,580
2.6591150160715777,1.6984897908019034,0.1526479750778816,15.661411806458833,1.0972073534393463,0.001557632398753894,0.6989953882045618,0.9984423676012462,0.0,1.232584582657453,500
1.6765299418643873,2.1769941754188062,0.029595015576323987,6.233054499999996,0.870023869748271,0.003115264797507788,0.7520165650208234,0.9984423676012462,0.0,1.6822288412324446,600
